claim_id,rider_id,trigger_type,duty_on_minutes_before_trigger,orders_last_60min,gps_accuracy_m,velocity_kmh_last_ping,gps_coordinate_jump_km,co_claimants_same_event,rider_claim_frequency_z_score,days_active_last_30,is_fraud
CLM20260403000000,RID36680,severe_pollution,59.7,2,39.0,35.3,6.77,11,0.26,16,0
CLM20260403000001,RID44987,civic_unrest,98.2,6,16.4,38.0,0.52,9,-0.83,20,0
CLM20260403000002,RID94678,extreme_heat,29.0,1,22.5,6.3,1.38,8,1.22,13,0
CLM20260403000003,RID43612,extreme_heat,15.6,4,44.8,80.0,2.22,11,-2.29,21,1
CLM20260403000004,RID63197,extreme_heat,37.5,4,40.1,64.8,2.86,9,-0.27,18,0
CLM20260403000005,RID24884,extreme_heat,107.9,4,9.8,18.2,1.91,6,-0.38,7,0
CLM20260403000006,RID35154,heavy_rainfall,8.1,4,146.6,25.2,0.32,7,0.2,10,0
CLM20260403000007,RID42189,civic_unrest,39.6,2,28.8,80.0,0.14,2,-0.27,28,0
CLM20260403000008,RID70838,severe_pollution,112.0,3,44.7,1.9,1.25,7,-0.4,24,0
CLM20260403000009,RID83377,severe_pollution,13.1,1,30.5,34.0,1.88,2,-1.08,9,0
CLM20260403000010,RID65314,heavy_rainfall,34.4,3,32.4,42.7,1.93,5,1.59,11,0
CLM20260403000011,RID36475,extreme_heat,39.9,3,12.0,38.1,1.38,8,-0.4,9,0
CLM20260403000012,RID45744,extreme_heat,46.1,3,42.5,34.5,0.32,2,-1.2,10,0
CLM20260403000013,RID13819,civic_unrest,159.1,1,39.4,34.8,2.15,5,-0.27,9,0
CLM20260403000014,RID46408,extreme_heat,91.7,1,15.3,64.6,6.79,13,-1.63,27,0
CLM20260403000015,RID94448,heavy_rainfall,87.3,2,90.1,5.3,0.07,5,0.73,29,0
CLM20260403000016,RID73680,heavy_rainfall,8.7,3,137.5,15.7,0.3,9,0.43,16,0
CLM20260403000017,RID17251,heavy_rainfall,29.6,3,20.3,20.0,0.26,7,-0.46,22,0
CLM20260403000018,RID51144,civic_unrest,103.3,1,58.8,33.6,0.25,6,-1.31,9,0
CLM20260403000019,RID18333,severe_pollution,117.4,2,17.8,2.0,0.36,13,0.22,25,0
CLM20260403000020,RID57636,heavy_rainfall,19.2,4,92.2,19.2,0.2,8,1.36,20,0
CLM20260403000021,RID62021,extreme_heat,3.5,0,5.2,14.5,7.37,45,2.63,8,1
CLM20260403000022,RID40938,heavy_rainfall,7.0,0,124.4,8.3,13.65,27,3.77,3,1
CLM20260403000023,RID84838,heavy_rainfall,53.5,0,32.1,18.5,3.06,9,0.86,10,0
CLM20260403000024,RID78414,civic_unrest,3.2,0,158.8,13.4,19.78,35,2.97,1,1
CLM20260403000025,RID75070,heavy_rainfall,15.6,5,103.8,20.0,2.85,8,-0.06,10,0
CLM20260403000026,RID41205,heavy_rainfall,47.1,1,20.6,16.3,0.13,9,0.27,29,0
CLM20260403000027,RID51079,civic_unrest,109.9,4,50.0,12.5,2.33,2,0.32,13,0
CLM20260403000028,RID86588,severe_pollution,28.8,1,8.8,19.2,0.06,6,0.59,8,0
CLM20260403000029,RID40924,severe_pollution,2.3,0,10.0,13.6,15.0,38,4.25,2,1
CLM20260403000030,RID38574,extreme_heat,6.1,0,106.0,11.1,18.35,26,3.63,5,0
CLM20260403000031,RID24000,extreme_heat,43.1,3,26.8,24.2,0.37,6,0.69,9,0
CLM20260403000032,RID38063,civic_unrest,36.6,1,20.9,18.7,1.33,9,1.03,26,0
CLM20260403000033,RID67602,severe_pollution,0.8,0,75.1,5.8,11.7,40,2.3,1,1
CLM20260403000034,RID43332,heavy_rainfall,101.0,1,129.4,21.0,0.56,8,-0.13,23,0
CLM20260403000035,RID74272,civic_unrest,10.7,4,9.3,4.7,0.08,9,-0.89,28,1
CLM20260403000036,RID24806,civic_unrest,49.7,2,45.3,30.7,1.18,5,-0.64,28,1
CLM20260403000037,RID81531,severe_pollution,39.4,2,37.7,38.5,1.6,9,1.88,16,0
CLM20260403000038,RID72240,extreme_heat,1.6,0,192.9,3.5,9.59,24,2.44,3,1
CLM20260403000039,RID46403,extreme_heat,5.6,0,6.4,2.8,17.22,30,2.51,3,1
CLM20260403000040,RID57578,severe_pollution,17.8,3,48.2,33.1,0.35,11,1.39,21,0
CLM20260403000041,RID58200,civic_unrest,65.9,2,58.9,16.5,0.02,12,2.31,12,0
CLM20260403000042,RID12762,heavy_rainfall,46.7,2,32.2,41.0,0.04,7,0.5,15,0
CLM20260403000043,RID96798,heavy_rainfall,64.1,3,64.5,15.3,0.49,8,-0.34,10,1
CLM20260403000044,RID98027,extreme_heat,67.4,3,29.1,5.3,5.17,9,-0.68,20,0
CLM20260403000045,RID43158,severe_pollution,50.0,0,45.0,2.0,0.51,6,-1.8,18,0
CLM20260403000046,RID50536,civic_unrest,6.8,0,6.5,10.6,15.26,32,3.11,1,1
CLM20260403000047,RID99816,heavy_rainfall,35.5,4,117.3,29.8,4.31,6,0.05,25,0
CLM20260403000048,RID80111,extreme_heat,11.2,4,57.9,32.4,2.2,10,2.37,28,0
CLM20260403000049,RID67986,severe_pollution,60.1,4,45.2,80.0,0.08,13,-1.79,13,0
CLM20260403000050,RID11031,severe_pollution,30.7,0,58.2,61.2,0.37,6,-0.75,21,0
CLM20260403000051,RID43493,civic_unrest,3.0,2,24.8,25.7,5.9,6,-0.52,13,0
CLM20260403000052,RID21829,extreme_heat,59.3,5,51.1,48.0,2.55,3,0.28,20,0
CLM20260403000053,RID48983,extreme_heat,59.0,4,36.3,18.4,0.15,7,0.88,12,0
CLM20260403000054,RID31001,severe_pollution,21.9,2,22.8,22.7,0.09,7,-0.95,10,0
CLM20260403000055,RID92752,civic_unrest,3.7,0,8.5,7.8,8.52,46,2.87,1,1
CLM20260403000056,RID94466,severe_pollution,24.9,3,45.1,21.6,1.3,8,-0.48,9,0
CLM20260403000057,RID14440,civic_unrest,53.5,4,47.5,17.6,0.37,11,-3.24,22,0
CLM20260403000058,RID20498,severe_pollution,64.9,1,30.1,9.2,1.37,8,-0.9,25,0
CLM20260403000059,RID71746,severe_pollution,24.3,4,24.8,32.8,0.22,10,0.61,12,0
CLM20260403000060,RID53610,severe_pollution,88.8,5,29.4,44.5,0.92,5,-1.97,18,0
CLM20260403000061,RID23159,extreme_heat,17.8,2,14.1,48.5,3.27,12,1.78,23,0
CLM20260403000062,RID44205,heavy_rainfall,24.7,0,55.6,12.2,0.28,7,-0.41,13,0
CLM20260403000063,RID56118,severe_pollution,31.9,0,46.4,14.9,0.01,6,-0.99,9,0
CLM20260403000064,RID88920,civic_unrest,77.4,4,54.4,21.7,2.9,8,0.28,7,0
CLM20260403000065,RID69409,heavy_rainfall,10.2,2,95.0,26.5,0.64,8,-0.95,18,0
CLM20260403000066,RID16828,extreme_heat,65.0,3,12.7,15.6,1.37,15,0.65,10,0
CLM20260403000067,RID92595,severe_pollution,33.3,2,19.8,19.4,0.52,6,0.26,7,0
CLM20260403000068,RID94030,extreme_heat,2.5,0,6.0,14.6,1.19,35,2.58,1,1
CLM20260403000069,RID10403,severe_pollution,36.2,4,31.3,16.0,2.68,9,0.55,8,0
CLM20260403000070,RID36224,civic_unrest,9.7,0,5.3,9.8,9.15,47,3.05,3,1
CLM20260403000071,RID51120,heavy_rainfall,33.9,1,91.2,19.1,1.99,11,-1.46,27,0
CLM20260403000072,RID24526,extreme_heat,77.5,5,24.4,23.5,0.87,3,-0.14,22,0
CLM20260403000073,RID42716,extreme_heat,17.6,1,43.0,11.7,0.79,6,0.99,16,0
CLM20260403000074,RID87858,severe_pollution,28.3,4,8.5,56.3,3.85,8,-0.3,10,0
CLM20260403000075,RID51864,severe_pollution,56.2,3,26.9,12.2,3.76,7,-1.32,28,0
CLM20260403000076,RID72700,extreme_heat,5.4,5,9.0,18.0,0.15,11,1.89,23,0
CLM20260403000077,RID44167,extreme_heat,72.0,2,52.4,62.1,0.88,7,-1.48,12,0
CLM20260403000078,RID87728,civic_unrest,42.3,4,14.1,69.7,0.73,10,0.24,22,0
CLM20260403000079,RID46935,extreme_heat,82.2,5,46.7,35.6,0.48,6,-0.3,9,0
CLM20260403000080,RID21062,severe_pollution,44.0,4,21.4,11.8,0.73,10,-1.51,25,0
CLM20260403000081,RID58182,extreme_heat,82.5,7,56.7,66.8,1.72,11,-1.44,9,0
CLM20260403000082,RID61576,severe_pollution,30.3,4,24.7,8.0,1.61,10,-1.16,26,0
CLM20260403000083,RID84762,extreme_heat,78.0,4,28.0,7.0,2.14,7,-0.2,20,0
CLM20260403000084,RID12717,heavy_rainfall,42.1,7,36.2,35.4,2.93,9,-0.2,18,0
CLM20260403000085,RID83207,extreme_heat,116.2,4,36.9,41.7,1.55,7,-0.25,21,0
CLM20260403000086,RID21662,severe_pollution,30.4,2,48.8,14.7,0.62,10,0.15,18,0
CLM20260403000087,RID35987,civic_unrest,81.3,2,38.6,17.4,1.65,7,-0.27,10,0
CLM20260403000088,RID32119,heavy_rainfall,60.8,3,111.0,23.3,2.03,4,-2.21,16,0
CLM20260403000089,RID62564,severe_pollution,46.9,5,40.8,67.0,1.06,8,0.42,19,0
CLM20260403000090,RID88694,civic_unrest,119.4,4,19.6,16.5,4.05,9,0.97,11,0
CLM20260403000091,RID29562,heavy_rainfall,29.6,3,63.7,56.4,1.34,9,-0.24,22,0
CLM20260403000092,RID58224,extreme_heat,37.8,4,18.1,6.4,2.04,5,-0.7,20,0
CLM20260403000093,RID84349,heavy_rainfall,21.2,1,37.5,28.6,1.48,8,2.42,7,0
CLM20260403000094,RID11850,severe_pollution,23.2,7,35.9,49.0,0.65,8,2.13,19,0
CLM20260403000095,RID69468,severe_pollution,42.9,4,46.4,29.0,0.41,4,-0.15,25,0
CLM20260403000096,RID25533,extreme_heat,4.3,4,40.5,7.2,0.86,9,0.04,24,0
CLM20260403000097,RID36626,extreme_heat,57.7,4,24.1,6.6,1.02,8,0.64,23,0
CLM20260403000098,RID44891,civic_unrest,134.5,1,35.3,21.9,0.03,6,-2.0,24,0
CLM20260403000099,RID74771,severe_pollution,16.2,4,30.0,19.2,1.57,7,-0.94,23,0
CLM20260403000100,RID27065,severe_pollution,38.5,0,12.2,39.4,0.93,8,-1.15,7,0
CLM20260403000101,RID37080,extreme_heat,1.5,0,125.1,4.1,8.8,38,3.14,1,1
CLM20260403000102,RID47089,extreme_heat,103.9,1,12.2,15.0,1.22,5,-0.62,25,0
CLM20260403000103,RID64831,extreme_heat,44.1,1,55.3,20.7,2.97,6,1.22,17,0
CLM20260403000104,RID63546,extreme_heat,66.0,4,8.6,24.0,0.45,2,0.55,8,0
CLM20260403000105,RID13771,civic_unrest,3.7,0,2.8,5.6,7.59,34,4.59,3,1
CLM20260403000106,RID44314,extreme_heat,13.8,3,23.0,30.1,0.39,10,-1.95,17,0
CLM20260403000107,RID90960,severe_pollution,6.7,0,6.9,12.0,7.73,34,2.35,2,1
CLM20260403000108,RID42547,civic_unrest,26.6,6,43.1,35.0,2.54,10,1.73,18,0
CLM20260403000109,RID86402,severe_pollution,34.9,5,19.4,24.8,5.29,4,-0.89,27,0
CLM20260403000110,RID21237,heavy_rainfall,20.3,5,97.8,2.1,1.41,9,-0.22,27,0
CLM20260403000111,RID71457,extreme_heat,28.4,2,44.6,3.9,0.2,3,1.07,19,0
CLM20260403000112,RID52368,severe_pollution,60.3,1,22.2,9.9,0.88,5,-1.44,18,0
CLM20260403000113,RID37815,severe_pollution,36.5,2,19.8,7.0,0.93,6,0.77,21,0
CLM20260403000114,RID65481,civic_unrest,19.4,2,47.5,65.9,3.83,9,0.34,29,0
CLM20260403000115,RID19575,heavy_rainfall,11.5,2,133.5,34.2,1.04,7,1.53,28,0
CLM20260403000116,RID83007,heavy_rainfall,29.6,4,48.2,80.0,1.49,6,1.34,23,0
CLM20260403000117,RID16830,civic_unrest,104.8,3,58.6,3.6,0.25,2,-1.14,12,0
CLM20260403000118,RID40781,severe_pollution,65.4,2,34.4,32.4,0.3,11,-1.57,9,0
CLM20260403000119,RID56439,heavy_rainfall,7.2,2,8.1,6.6,13.62,26,1.88,1,1
CLM20260403000120,RID10702,civic_unrest,50.5,3,54.0,64.2,0.08,12,0.05,16,0
CLM20260403000121,RID76131,severe_pollution,0.5,0,3.3,1.1,10.46,38,1.31,3,1
CLM20260403000122,RID49650,severe_pollution,123.0,3,36.4,14.9,0.47,14,0.89,9,0
CLM20260403000123,RID97983,civic_unrest,53.9,6,16.7,42.9,2.38,8,-2.47,20,0
CLM20260403000124,RID27332,heavy_rainfall,101.4,1,119.2,37.1,1.27,3,0.94,8,0
CLM20260403000125,RID86085,extreme_heat,177.3,3,54.4,66.7,0.15,9,-0.55,7,0
CLM20260403000126,RID44116,extreme_heat,81.0,0,20.6,27.4,0.09,6,-2.74,8,0
CLM20260403000127,RID76027,severe_pollution,44.4,1,44.9,7.9,0.13,5,-1.77,18,0
CLM20260403000128,RID54456,severe_pollution,3.5,0,5.1,7.9,9.83,51,2.29,1,1
CLM20260403000129,RID27290,heavy_rainfall,50.9,0,47.3,32.4,1.47,6,-0.86,20,0
CLM20260403000130,RID51591,severe_pollution,86.6,3,34.0,10.9,2.6,4,1.28,11,0
CLM20260403000131,RID28585,civic_unrest,19.5,1,28.5,25.3,0.28,10,-0.53,7,0
CLM20260403000132,RID25314,civic_unrest,95.7,4,27.4,8.5,2.7,6,0.19,22,0
CLM20260403000133,RID15788,extreme_heat,18.3,4,59.3,7.4,0.4,12,-0.3,24,0
CLM20260403000134,RID75432,civic_unrest,117.0,4,51.8,50.8,0.05,7,0.56,27,0
CLM20260403000135,RID57263,severe_pollution,66.7,3,56.3,37.3,0.34,10,0.86,12,0
CLM20260403000136,RID47083,civic_unrest,84.5,1,11.7,21.2,3.26,10,-0.24,23,0
CLM20260403000137,RID90338,civic_unrest,127.7,2,8.9,41.6,0.77,9,0.75,23,0
CLM20260403000138,RID77760,civic_unrest,3.6,0,7.5,1.4,17.78,30,1.21,8,1
CLM20260403000139,RID67117,extreme_heat,68.0,3,34.2,79.8,0.53,8,0.13,15,0
CLM20260403000140,RID51358,severe_pollution,17.4,4,48.9,17.2,0.41,11,-1.47,19,0
CLM20260403000141,RID29826,severe_pollution,16.7,3,25.7,15.8,0.77,11,-1.27,12,0
CLM20260403000142,RID16975,extreme_heat,40.0,3,43.3,45.2,0.35,4,0.11,20,0
CLM20260403000143,RID29480,heavy_rainfall,73.6,1,81.6,80.0,1.71,10,-0.14,18,0
CLM20260403000144,RID40128,extreme_heat,2.1,0,2.3,10.7,16.72,30,2.97,8,1
CLM20260403000145,RID14700,severe_pollution,29.4,7,13.0,43.1,2.1,7,-0.81,20,0
CLM20260403000146,RID44108,extreme_heat,68.0,5,29.5,12.4,0.5,8,0.82,26,0
CLM20260403000147,RID71228,severe_pollution,63.8,5,24.7,48.2,3.42,4,-1.55,22,0
CLM20260403000148,RID25207,severe_pollution,40.5,5,50.5,20.3,1.13,9,-2.22,18,0
CLM20260403000149,RID15346,severe_pollution,10.0,0,8.6,28.0,1.0,7,0.29,17,0
CLM20260403000150,RID56729,severe_pollution,27.4,4,28.6,34.8,1.97,9,-0.28,16,0
CLM20260403000151,RID69999,severe_pollution,48.7,4,28.6,59.5,0.28,6,-0.24,10,0
CLM20260403000152,RID24744,extreme_heat,40.1,1,31.2,18.1,2.52,4,-1.15,20,0
CLM20260403000153,RID26207,civic_unrest,29.1,5,56.4,16.8,0.39,9,-1.1,19,0
CLM20260403000154,RID22265,extreme_heat,43.2,3,47.0,37.3,1.82,7,-0.35,18,0
CLM20260403000155,RID47239,extreme_heat,91.8,2,15.5,25.4,1.17,11,-0.6,21,0
CLM20260403000156,RID32058,civic_unrest,76.0,5,56.1,47.8,0.62,12,1.01,14,0
CLM20260403000157,RID83825,extreme_heat,77.3,9,35.0,33.5,2.98,9,0.51,19,0
CLM20260403000158,RID86486,heavy_rainfall,135.6,3,78.9,24.4,0.69,6,0.01,8,0
CLM20260403000159,RID78945,extreme_heat,41.8,2,11.1,27.2,0.34,5,-0.8,21,0
CLM20260403000160,RID64580,heavy_rainfall,76.8,6,71.0,48.9,0.88,9,-0.45,7,0
CLM20260403000161,RID42264,severe_pollution,47.2,6,56.7,8.4,2.15,11,-2.33,22,0
CLM20260403000162,RID98723,heavy_rainfall,87.2,4,99.5,19.5,0.97,7,-0.62,16,0
CLM20260403000163,RID53077,heavy_rainfall,147.4,4,89.4,78.4,0.45,8,0.27,15,0
CLM20260403000164,RID47261,heavy_rainfall,5.4,6,75.3,34.9,0.83,7,-1.14,27,1
CLM20260403000165,RID61664,civic_unrest,31.4,4,10.4,28.7,0.42,9,-0.57,16,0
CLM20260403000166,RID87376,heavy_rainfall,57.3,5,135.4,9.7,0.04,3,0.5,23,0
CLM20260403000167,RID52406,extreme_heat,72.8,7,37.1,40.4,1.65,17,-2.42,25,0
CLM20260403000168,RID13784,heavy_rainfall,60.0,2,115.5,24.7,0.29,4,-0.32,15,0
CLM20260403000169,RID70323,severe_pollution,33.5,1,47.0,23.9,4.91,6,0.77,23,0
CLM20260403000170,RID69513,civic_unrest,37.1,2,30.6,42.1,0.89,11,-2.7,14,0
CLM20260403000171,RID87883,heavy_rainfall,47.0,1,125.2,31.7,0.36,9,-1.68,9,0
CLM20260403000172,RID53178,heavy_rainfall,21.5,1,83.2,17.3,0.16,7,0.8,23,0
CLM20260403000173,RID96005,severe_pollution,127.0,2,18.4,19.0,1.99,4,-0.55,17,0
CLM20260403000174,RID52587,extreme_heat,12.2,3,13.2,15.9,1.5,5,-0.5,21,0
CLM20260403000175,RID37704,heavy_rainfall,47.5,4,117.5,20.7,0.4,4,-0.34,13,0
CLM20260403000176,RID94363,civic_unrest,98.2,2,28.0,13.1,0.1,11,1.1,15,0
CLM20260403000177,RID52358,heavy_rainfall,4.3,1,7.3,6.8,19.28,28,2.84,3,1
CLM20260403000178,RID19269,severe_pollution,48.4,1,59.5,41.1,0.34,6,1.73,13,0
CLM20260403000179,RID22130,severe_pollution,65.6,2,33.0,58.7,4.02,9,-2.37,13,0
CLM20260403000180,RID43444,extreme_heat,17.4,2,11.5,9.3,0.89,4,-1.03,21,0
CLM20260403000181,RID41467,severe_pollution,6.5,0,5.2,7.4,9.71,30,2.85,1,1
CLM20260403000182,RID21690,heavy_rainfall,36.9,6,113.0,40.7,0.17,4,1.35,27,0
CLM20260403000183,RID37292,extreme_heat,63.3,5,57.7,27.9,0.14,14,-1.73,23,0
CLM20260403000184,RID60921,severe_pollution,71.3,0,22.1,12.7,3.49,8,2.04,8,0
CLM20260403000185,RID47347,extreme_heat,60.2,3,56.7,23.0,0.73,10,-0.88,22,0
CLM20260403000186,RID25807,civic_unrest,115.6,1,15.4,80.0,1.45,3,-0.61,19,0
CLM20260403000187,RID74336,severe_pollution,34.8,4,43.8,6.6,1.39,4,-0.3,14,0
CLM20260403000188,RID50645,extreme_heat,7.2,3,54.7,28.8,0.98,7,1.77,27,0
CLM20260403000189,RID57060,heavy_rainfall,14.8,1,113.1,48.5,1.49,5,1.63,18,0
CLM20260403000190,RID58163,extreme_heat,48.5,4,21.5,55.6,2.75,11,-0.63,15,0
CLM20260403000191,RID74175,severe_pollution,103.0,7,36.8,22.1,0.99,8,0.69,23,0
CLM20260403000192,RID60867,severe_pollution,57.3,0,50.5,56.4,0.31,11,0.47,29,0
CLM20260403000193,RID45190,severe_pollution,145.7,1,47.8,20.6,1.85,8,-1.09,7,0
CLM20260403000194,RID21825,severe_pollution,53.5,2,39.1,39.5,1.68,3,-0.89,21,0
CLM20260403000195,RID58265,extreme_heat,77.7,2,59.4,35.1,0.26,7,-0.16,13,0
CLM20260403000196,RID66899,severe_pollution,124.6,5,51.0,9.3,0.6,9,0.68,23,0
CLM20260403000197,RID22182,heavy_rainfall,8.9,1,115.2,34.1,0.93,8,-1.14,25,1
CLM20260403000198,RID77284,civic_unrest,49.7,1,16.5,13.9,3.98,6,0.09,26,0
CLM20260403000199,RID70755,extreme_heat,60.3,4,20.3,37.2,0.05,4,0.43,25,0
CLM20260403000200,RID94883,extreme_heat,27.9,1,42.9,5.9,0.69,7,0.7,8,0
CLM20260403000201,RID74922,heavy_rainfall,91.9,5,26.4,23.4,3.19,6,-0.36,29,0
CLM20260403000202,RID48103,severe_pollution,52.7,7,47.6,23.2,0.35,6,1.24,18,0
CLM20260403000203,RID67325,heavy_rainfall,22.4,2,104.7,3.3,0.99,8,-1.22,29,0
CLM20260403000204,RID72601,civic_unrest,45.6,3,28.1,28.8,0.98,6,0.44,28,0
CLM20260403000205,RID29478,extreme_heat,24.5,0,59.8,11.4,0.21,16,-1.48,23,0
CLM20260403000206,RID99694,civic_unrest,85.7,5,52.8,25.5,0.8,7,0.1,12,0
CLM20260403000207,RID42591,severe_pollution,19.7,2,36.7,8.5,1.6,8,-1.76,27,0
CLM20260403000208,RID48729,heavy_rainfall,94.3,0,110.4,57.9,0.26,7,-0.14,13,0
CLM20260403000209,RID82219,heavy_rainfall,23.0,1,21.7,40.2,1.08,12,1.66,9,0
CLM20260403000210,RID15910,heavy_rainfall,18.0,1,113.4,34.7,2.63,6,1.19,11,0
CLM20260403000211,RID76932,severe_pollution,43.3,3,56.5,25.4,0.03,8,0.2,19,0
CLM20260403000212,RID64135,heavy_rainfall,8.9,0,149.8,0.2,6.2,35,3.83,2,1
CLM20260403000213,RID70903,civic_unrest,20.4,3,10.2,38.0,0.4,7,-1.07,16,0
CLM20260403000214,RID56590,civic_unrest,14.7,3,41.1,28.9,2.06,9,-0.67,9,0
CLM20260403000215,RID86751,heavy_rainfall,97.1,2,92.0,41.2,1.38,5,1.85,27,0
CLM20260403000216,RID75987,heavy_rainfall,7.1,3,146.2,24.3,2.2,10,1.01,10,0
CLM20260403000217,RID24933,severe_pollution,151.7,2,47.5,28.5,0.97,12,1.33,16,0
CLM20260403000218,RID33534,extreme_heat,43.3,5,31.2,40.4,2.7,14,1.23,15,0
CLM20260403000219,RID61505,heavy_rainfall,74.4,0,92.4,65.2,0.85,8,1.92,29,0
CLM20260403000220,RID20917,severe_pollution,61.8,1,28.2,16.2,1.33,6,-0.9,18,0
CLM20260403000221,RID49013,civic_unrest,6.4,0,39.7,29.2,1.33,8,-0.36,13,0
CLM20260403000222,RID86966,severe_pollution,36.1,1,53.0,35.4,0.63,6,-0.51,15,0
CLM20260403000223,RID97852,severe_pollution,162.0,5,53.6,29.5,2.47,8,0.06,25,0
CLM20260403000224,RID91764,civic_unrest,41.0,7,26.1,18.8,0.49,6,0.45,16,0
CLM20260403000225,RID54739,extreme_heat,35.7,4,54.3,5.3,0.05,7,0.47,20,1
CLM20260403000226,RID37665,extreme_heat,9.4,1,13.3,23.9,3.01,11,0.97,14,0
CLM20260403000227,RID20252,civic_unrest,46.7,3,50.9,11.7,2.07,7,-1.57,27,0
CLM20260403000228,RID98265,heavy_rainfall,74.1,3,106.3,23.0,0.2,2,-0.55,16,0
CLM20260403000229,RID66858,heavy_rainfall,37.8,2,53.0,8.0,2.69,12,1.4,13,0
CLM20260403000230,RID10766,severe_pollution,6.2,0,80.9,2.6,14.87,34,2.76,2,1
CLM20260403000231,RID25293,heavy_rainfall,30.2,2,60.8,29.9,0.39,16,0.96,7,0
CLM20260403000232,RID32509,severe_pollution,76.8,4,22.7,13.3,0.51,8,-2.72,21,0
CLM20260403000233,RID70314,severe_pollution,13.9,2,29.7,40.3,0.34,10,-0.56,10,0
CLM20260403000234,RID96208,severe_pollution,98.7,7,16.2,13.6,5.44,9,-1.68,28,0
CLM20260403000235,RID49688,civic_unrest,67.5,4,49.4,80.0,0.13,6,2.2,11,0
CLM20260403000236,RID98316,severe_pollution,67.6,2,13.0,22.7,3.78,12,0.76,15,0
CLM20260403000237,RID49669,heavy_rainfall,5.4,6,59.8,10.2,0.53,10,0.35,27,0
CLM20260403000238,RID26395,extreme_heat,122.6,5,16.5,38.9,0.13,7,0.56,17,0
CLM20260403000239,RID11818,extreme_heat,23.6,3,33.9,55.5,2.0,7,0.25,9,0
CLM20260403000240,RID24668,heavy_rainfall,75.2,3,46.1,50.8,7.07,5,1.59,16,0
CLM20260403000241,RID34670,heavy_rainfall,43.0,3,114.6,18.9,0.43,8,0.46,18,0
CLM20260403000242,RID37424,severe_pollution,61.7,5,39.5,16.4,1.21,11,-0.44,17,0
CLM20260403000243,RID95016,extreme_heat,7.9,2,35.7,5.7,2.96,9,1.97,22,0
CLM20260403000244,RID95162,extreme_heat,55.2,4,19.5,24.2,3.01,10,0.9,14,0
CLM20260403000245,RID67119,extreme_heat,3.0,0,5.5,6.1,8.46,36,2.27,4,1
CLM20260403000246,RID21284,civic_unrest,52.3,0,53.1,27.3,8.82,8,-1.25,23,0
CLM20260403000247,RID70742,extreme_heat,32.5,1,21.1,32.5,2.17,8,-1.07,16,0
CLM20260403000248,RID72126,severe_pollution,76.3,2,53.6,38.1,0.75,8,-0.9,13,0
CLM20260403000249,RID12859,heavy_rainfall,35.7,3,108.5,20.2,1.03,10,-1.39,16,0
CLM20260403000250,RID31771,extreme_heat,62.7,5,48.6,4.8,0.12,7,1.94,19,0
CLM20260403000251,RID68361,severe_pollution,35.8,6,47.5,2.4,1.14,8,-0.97,8,0
CLM20260403000252,RID71799,heavy_rainfall,67.6,1,75.7,29.8,2.32,7,-0.36,27,0
CLM20260403000253,RID68918,extreme_heat,5.5,1,45.0,21.3,0.41,10,1.48,14,0
CLM20260403000254,RID36389,civic_unrest,12.1,3,49.8,39.4,2.82,9,0.89,28,0
CLM20260403000255,RID84636,severe_pollution,105.1,1,34.2,17.6,1.44,14,0.53,26,0
CLM20260403000256,RID16674,civic_unrest,8.2,6,59.1,7.1,0.09,5,-1.03,27,1
CLM20260403000257,RID11032,heavy_rainfall,131.6,2,54.6,24.9,0.51,14,0.66,7,0
CLM20260403000258,RID92629,severe_pollution,80.7,4,56.1,26.2,0.96,10,0.17,13,0
CLM20260403000259,RID64484,severe_pollution,4.7,0,9.6,10.3,5.22,39,3.91,1,0
CLM20260403000260,RID85846,civic_unrest,205.0,2,27.1,39.2,0.37,4,-1.12,28,0
CLM20260403000261,RID14851,severe_pollution,240.0,5,56.6,50.6,0.33,7,-0.06,22,0
CLM20260403000262,RID62386,severe_pollution,47.7,1,51.9,7.9,0.81,10,0.12,8,0
CLM20260403000263,RID77286,severe_pollution,80.2,2,13.3,4.7,3.2,4,-0.27,28,0
CLM20260403000264,RID40396,heavy_rainfall,38.1,2,141.7,64.7,1.09,9,-0.09,27,0
CLM20260403000265,RID79246,heavy_rainfall,25.9,4,128.1,80.0,3.94,10,1.27,29,0
CLM20260403000266,RID65312,civic_unrest,72.9,0,25.1,21.9,0.17,7,-0.62,14,0
CLM20260403000267,RID82516,heavy_rainfall,46.3,4,84.5,54.6,0.23,7,-1.22,13,0
CLM20260403000268,RID45107,severe_pollution,112.3,7,48.1,34.6,0.59,9,-0.53,14,0
CLM20260403000269,RID72041,heavy_rainfall,50.3,5,109.3,68.0,0.85,9,3.27,8,0
CLM20260403000270,RID74852,civic_unrest,65.3,0,11.3,50.0,0.35,7,0.11,11,0
CLM20260403000271,RID68762,severe_pollution,151.8,2,34.2,27.8,0.32,6,0.73,20,0
CLM20260403000272,RID12727,extreme_heat,16.5,3,10.2,25.2,0.42,6,-1.03,13,1
CLM20260403000273,RID47750,extreme_heat,100.7,3,55.3,21.4,1.62,12,-0.02,29,0
CLM20260403000274,RID71504,civic_unrest,40.8,3,17.0,7.4,0.81,4,0.03,17,0
CLM20260403000275,RID67424,extreme_heat,75.0,2,32.4,14.6,2.14,2,0.21,15,0
CLM20260403000276,RID76536,extreme_heat,30.2,2,32.7,64.5,0.03,11,-0.22,19,0
CLM20260403000277,RID87025,civic_unrest,17.8,2,31.1,44.8,0.82,8,-1.37,28,0
CLM20260403000278,RID88918,severe_pollution,106.6,4,58.5,27.2,1.91,6,-0.73,21,0
CLM20260403000279,RID27191,civic_unrest,32.3,6,26.2,7.8,2.09,8,0.72,22,0
CLM20260403000280,RID61166,severe_pollution,93.3,3,27.6,57.0,0.05,7,-1.46,17,0
CLM20260403000281,RID98225,civic_unrest,41.4,1,55.8,42.4,0.03,9,-0.23,20,0
CLM20260403000282,RID71908,extreme_heat,99.2,2,52.4,41.9,0.41,10,-1.62,8,0
CLM20260403000283,RID91506,extreme_heat,72.2,2,28.7,24.0,0.35,7,0.08,29,0
CLM20260403000284,RID47022,heavy_rainfall,52.1,4,88.4,34.1,0.26,9,-1.2,7,1
CLM20260403000285,RID97432,severe_pollution,13.1,5,36.1,14.6,0.13,7,-1.9,25,0
CLM20260403000286,RID26920,extreme_heat,16.0,3,14.1,17.2,0.46,7,-0.05,11,0
CLM20260403000287,RID36146,extreme_heat,88.9,4,57.1,5.9,5.0,6,-0.53,9,0
CLM20260403000288,RID89396,severe_pollution,42.8,2,18.7,8.0,0.51,5,-1.08,19,0
CLM20260403000289,RID23225,severe_pollution,15.1,0,5.8,14.0,7.97,49,3.1,1,1
CLM20260403000290,RID74713,civic_unrest,17.3,4,18.1,44.1,1.39,8,0.07,24,0
CLM20260403000291,RID40765,extreme_heat,15.8,4,37.2,80.0,1.36,10,1.9,13,0
CLM20260403000292,RID82984,heavy_rainfall,123.5,0,127.5,15.2,1.01,7,-0.75,11,0
CLM20260403000293,RID12376,civic_unrest,26.3,1,11.8,3.0,0.67,3,-1.88,20,0
CLM20260403000294,RID44184,civic_unrest,20.3,3,36.5,59.0,1.29,9,-0.83,20,0
CLM20260403000295,RID98726,extreme_heat,157.1,5,28.3,35.2,0.53,10,0.51,9,0
CLM20260403000296,RID32900,heavy_rainfall,22.4,3,122.7,52.3,0.99,5,-1.3,24,0
CLM20260403000297,RID18344,civic_unrest,88.7,0,58.1,10.2,0.18,4,2.12,20,0
CLM20260403000298,RID66442,heavy_rainfall,90.9,3,84.7,37.4,0.38,5,0.14,17,0
CLM20260403000299,RID90945,extreme_heat,30.7,4,11.0,26.8,3.41,9,-0.67,21,0
CLM20260403000300,RID25818,extreme_heat,209.7,4,17.3,36.6,0.14,9,-0.05,21,0
CLM20260403000301,RID73748,civic_unrest,147.5,3,8.6,44.2,1.52,10,2.13,16,0
CLM20260403000302,RID54606,civic_unrest,19.6,6,52.6,62.9,0.14,5,-2.13,22,0
CLM20260403000303,RID16117,civic_unrest,20.1,1,21.8,6.5,0.62,5,-0.75,11,0
CLM20260403000304,RID29815,heavy_rainfall,43.7,6,31.2,32.2,1.32,3,1.63,25,0
CLM20260403000305,RID16608,severe_pollution,43.0,1,36.1,17.5,3.05,9,-2.16,10,1
CLM20260403000306,RID69917,heavy_rainfall,15.3,4,126.2,9.2,0.82,8,-0.77,7,0
CLM20260403000307,RID23879,heavy_rainfall,31.0,1,41.3,36.4,2.0,7,-0.13,12,0
CLM20260403000308,RID83724,heavy_rainfall,33.5,1,133.3,71.0,0.74,6,0.04,23,0
CLM20260403000309,RID76493,heavy_rainfall,91.1,7,137.5,17.8,1.41,9,0.63,15,0
CLM20260403000310,RID31895,heavy_rainfall,16.3,2,111.8,49.1,2.1,9,-0.12,24,0
CLM20260403000311,RID36920,civic_unrest,24.8,2,8.9,9.0,3.36,9,0.81,20,0
CLM20260403000312,RID30582,civic_unrest,42.0,3,39.6,10.5,1.02,8,-2.22,13,0
CLM20260403000313,RID67870,severe_pollution,146.5,2,13.3,43.2,0.55,10,-1.46,15,0
CLM20260403000314,RID23014,extreme_heat,70.9,2,11.2,9.0,1.01,10,-0.47,23,0
CLM20260403000315,RID94815,civic_unrest,9.2,1,18.6,22.2,1.53,12,2.26,18,0
CLM20260403000316,RID53857,extreme_heat,51.4,5,55.7,39.0,1.48,8,0.91,13,0
CLM20260403000317,RID26119,extreme_heat,1.2,0,182.6,9.8,1.61,26,3.29,3,1
CLM20260403000318,RID67554,severe_pollution,44.1,3,25.7,9.3,2.92,10,1.11,10,0
CLM20260403000319,RID10863,extreme_heat,24.2,6,20.7,36.1,0.29,9,1.78,27,0
CLM20260403000320,RID72084,civic_unrest,29.8,5,23.9,0.8,2.9,8,1.58,19,1
CLM20260403000321,RID47585,extreme_heat,202.2,0,25.9,4.3,0.43,10,-0.72,8,0
CLM20260403000322,RID21171,civic_unrest,110.9,3,13.9,17.6,2.76,9,-0.56,27,1
CLM20260403000323,RID58815,severe_pollution,5.7,2,21.0,39.4,0.51,10,0.29,22,0
CLM20260403000324,RID57270,extreme_heat,75.7,2,51.0,4.5,0.02,11,-0.39,10,0
CLM20260403000325,RID29871,severe_pollution,82.6,1,24.8,29.3,2.79,8,-0.53,23,0
CLM20260403000326,RID39908,extreme_heat,45.4,1,23.6,14.7,0.8,5,-0.69,14,0
CLM20260403000327,RID66206,severe_pollution,11.1,3,43.3,24.1,0.31,8,0.18,29,0
CLM20260403000328,RID63648,severe_pollution,100.0,2,35.1,18.0,4.62,12,-0.11,28,0
CLM20260403000329,RID77653,civic_unrest,42.3,2,38.4,27.8,1.46,9,-1.37,14,0
CLM20260403000330,RID13901,severe_pollution,36.3,2,54.2,51.3,2.27,5,1.36,27,0
CLM20260403000331,RID29082,heavy_rainfall,27.3,2,78.5,30.2,0.71,7,-2.29,23,0
CLM20260403000332,RID77809,heavy_rainfall,21.9,2,49.1,5.2,0.25,4,1.24,23,0
CLM20260403000333,RID21112,civic_unrest,57.4,1,26.2,48.5,0.12,12,2.34,12,0
CLM20260403000334,RID51262,severe_pollution,15.7,2,35.8,5.9,0.19,3,2.57,26,0
CLM20260403000335,RID31538,severe_pollution,69.6,4,52.1,18.0,1.38,15,0.54,12,0
CLM20260403000336,RID18056,severe_pollution,38.3,3,14.3,11.1,1.11,6,-1.7,28,0
CLM20260403000337,RID14861,extreme_heat,137.6,4,33.6,75.1,0.92,7,-1.91,14,0
CLM20260403000338,RID85308,heavy_rainfall,39.7,2,94.2,80.0,0.14,9,-1.71,8,0
CLM20260403000339,RID92786,civic_unrest,91.9,1,13.6,4.3,1.61,3,0.58,8,0
CLM20260403000340,RID64959,severe_pollution,58.9,3,43.6,4.7,0.13,5,0.75,25,1
CLM20260403000341,RID99243,civic_unrest,3.5,2,12.5,53.6,1.94,6,-0.69,23,0
CLM20260403000342,RID51116,civic_unrest,16.9,7,9.0,11.7,1.58,11,-0.4,22,0
CLM20260403000343,RID11035,civic_unrest,181.3,1,58.8,77.1,2.93,6,-1.2,12,0
CLM20260403000344,RID79178,extreme_heat,41.7,5,10.7,27.1,0.81,10,-0.2,9,0
CLM20260403000345,RID62944,severe_pollution,92.4,3,22.4,13.3,2.18,11,-3.33,24,0
CLM20260403000346,RID94394,extreme_heat,42.5,2,13.4,34.4,4.4,8,0.65,14,0
CLM20260403000347,RID81358,severe_pollution,20.2,4,26.3,33.1,0.49,12,-0.84,20,0
CLM20260403000348,RID55252,severe_pollution,98.1,2,25.1,8.6,0.06,5,-1.95,9,0
CLM20260403000349,RID35859,civic_unrest,86.9,4,36.4,67.1,2.57,8,1.36,28,0
CLM20260403000350,RID21046,heavy_rainfall,121.7,7,125.6,28.9,0.35,3,-0.91,8,0
CLM20260403000351,RID80442,civic_unrest,124.1,4,21.6,44.4,1.04,12,0.56,26,0
CLM20260403000352,RID61117,extreme_heat,87.4,4,11.2,31.6,0.41,3,0.54,14,0
CLM20260403000353,RID78219,civic_unrest,33.0,2,22.3,32.6,2.69,6,-0.19,26,1
CLM20260403000354,RID38014,heavy_rainfall,52.6,2,46.6,26.5,0.26,13,0.88,14,0
CLM20260403000355,RID77065,civic_unrest,128.4,4,51.5,31.0,1.95,9,2.23,9,0
CLM20260403000356,RID78332,civic_unrest,28.3,3,17.3,29.6,1.64,8,1.09,20,0
CLM20260403000357,RID93320,extreme_heat,41.1,8,29.3,25.4,1.25,10,-0.82,10,0
CLM20260403000358,RID13069,heavy_rainfall,132.6,2,143.0,31.3,2.45,8,-2.89,14,0
CLM20260403000359,RID80770,civic_unrest,66.8,2,27.9,17.7,2.42,7,0.16,15,1
CLM20260403000360,RID41632,civic_unrest,14.5,4,37.6,27.7,0.04,5,-1.97,27,0
CLM20260403000361,RID65410,heavy_rainfall,9.3,4,23.4,13.5,1.87,7,-0.3,7,0
CLM20260403000362,RID17857,civic_unrest,39.7,1,12.2,8.0,1.36,7,1.47,15,0
CLM20260403000363,RID44046,civic_unrest,54.1,2,40.3,38.0,1.8,9,-0.54,24,0
CLM20260403000364,RID26228,heavy_rainfall,22.6,3,82.5,67.3,0.89,5,-1.9,10,0
CLM20260403000365,RID95322,heavy_rainfall,93.2,3,147.7,13.1,6.79,3,1.1,11,0
CLM20260403000366,RID68816,civic_unrest,3.9,0,7.9,6.3,15.18,34,2.94,2,1
CLM20260403000367,RID85030,heavy_rainfall,66.9,2,38.7,18.5,1.47,4,0.76,29,0
CLM20260403000368,RID69394,civic_unrest,51.3,7,19.9,67.6,2.52,6,0.69,22,1
CLM20260403000369,RID40945,extreme_heat,29.7,5,20.0,17.2,2.41,7,1.6,14,0
CLM20260403000370,RID55919,civic_unrest,79.2,4,33.7,39.2,0.39,7,-1.01,29,0
CLM20260403000371,RID47294,extreme_heat,47.3,6,56.9,35.7,0.08,4,2.2,14,0
CLM20260403000372,RID59501,extreme_heat,36.9,7,14.4,62.2,0.03,6,-1.2,27,0
CLM20260403000373,RID23792,civic_unrest,38.0,7,10.6,43.0,1.33,14,0.56,15,0
CLM20260403000374,RID77692,extreme_heat,56.0,2,21.3,77.3,0.63,8,-2.08,21,0
CLM20260403000375,RID57352,severe_pollution,21.6,4,53.5,23.1,2.06,7,-0.48,20,0
CLM20260403000376,RID22843,extreme_heat,21.8,2,20.5,14.4,0.76,9,-0.59,19,0
CLM20260403000377,RID65796,severe_pollution,23.7,2,23.8,39.4,0.5,7,-1.85,20,1
CLM20260403000378,RID20740,heavy_rainfall,19.7,3,143.2,56.5,3.49,6,-2.06,12,0
CLM20260403000379,RID18151,severe_pollution,223.9,1,21.5,7.4,3.45,11,1.97,26,0
CLM20260403000380,RID27047,severe_pollution,76.5,5,17.2,7.3,0.49,11,-1.65,15,0
CLM20260403000381,RID38152,severe_pollution,101.9,4,36.0,80.0,0.3,13,-0.82,14,0
CLM20260403000382,RID20233,civic_unrest,32.3,1,46.2,43.2,1.18,4,0.5,19,0
CLM20260403000383,RID98712,severe_pollution,22.3,2,40.5,53.7,0.61,4,0.16,13,0
CLM20260403000384,RID87101,severe_pollution,2.3,4,15.9,60.0,0.62,12,0.19,19,0
CLM20260403000385,RID44562,severe_pollution,83.0,3,50.7,27.8,1.15,7,-0.1,18,0
CLM20260403000386,RID93422,severe_pollution,47.4,2,28.0,51.2,0.11,8,0.1,7,0
CLM20260403000387,RID67682,severe_pollution,86.2,4,30.1,43.5,1.62,9,0.69,15,0
CLM20260403000388,RID64646,extreme_heat,121.7,4,14.9,10.3,1.15,7,-1.42,25,0
CLM20260403000389,RID28919,extreme_heat,79.2,3,26.5,2.6,0.17,7,0.15,11,0
CLM20260403000390,RID73539,severe_pollution,81.6,3,21.1,4.1,8.42,8,2.7,12,0
CLM20260403000391,RID26958,heavy_rainfall,30.2,5,22.2,8.8,1.63,9,0.79,17,0
CLM20260403000392,RID37871,severe_pollution,49.1,2,28.8,30.8,0.26,8,-1.74,23,0
CLM20260403000393,RID72043,heavy_rainfall,81.0,1,90.0,16.0,0.76,9,-0.57,10,0
CLM20260403000394,RID30557,civic_unrest,82.7,6,22.7,32.3,0.63,14,-0.33,20,0
CLM20260403000395,RID25566,severe_pollution,18.7,2,42.6,63.2,0.81,10,0.76,8,0
CLM20260403000396,RID24461,heavy_rainfall,57.1,2,41.3,11.7,1.07,2,-0.28,13,0
CLM20260403000397,RID58442,civic_unrest,5.7,1,32.3,21.4,0.74,10,0.82,10,0
CLM20260403000398,RID15279,extreme_heat,51.8,5,53.5,26.8,0.59,11,-0.64,10,0
CLM20260403000399,RID25432,civic_unrest,33.8,4,17.7,11.4,0.44,7,1.28,8,0
CLM20260403000400,RID49967,civic_unrest,130.7,5,58.7,37.4,3.75,12,-0.41,22,0
CLM20260403000401,RID49748,civic_unrest,76.8,3,56.3,16.0,0.22,8,0.94,28,0
CLM20260403000402,RID73691,heavy_rainfall,32.5,3,59.1,31.0,1.68,5,-0.05,21,0
CLM20260403000403,RID28726,extreme_heat,96.4,3,52.3,64.2,0.35,12,1.13,19,0
CLM20260403000404,RID87283,severe_pollution,48.2,3,42.8,9.6,0.4,13,3.12,23,0
CLM20260403000405,RID16376,civic_unrest,99.8,4,12.5,18.9,2.39,10,0.13,13,0
CLM20260403000406,RID47156,extreme_heat,39.1,3,33.4,12.4,2.39,6,0.21,19,0
CLM20260403000407,RID33996,severe_pollution,30.0,4,58.6,20.9,1.96,10,-0.84,17,0
CLM20260403000408,RID10273,heavy_rainfall,20.5,0,48.3,39.0,0.2,9,-0.02,25,0
CLM20260403000409,RID81766,civic_unrest,116.8,2,28.1,22.3,0.93,8,-1.61,10,0
CLM20260403000410,RID18855,heavy_rainfall,1.7,0,75.8,9.7,1.34,34,3.56,2,1
CLM20260403000411,RID64732,severe_pollution,31.7,2,59.3,57.4,0.8,7,-1.88,18,0
CLM20260403000412,RID85112,civic_unrest,4.9,0,107.0,11.7,13.45,34,2.84,3,1
CLM20260403000413,RID84155,severe_pollution,63.4,1,45.4,21.8,0.18,9,-2.19,20,0
CLM20260403000414,RID54279,severe_pollution,28.0,4,36.9,28.9,0.85,4,2.46,24,0
CLM20260403000415,RID72289,extreme_heat,71.4,4,12.6,4.2,1.53,13,-2.37,13,0
CLM20260403000416,RID28156,severe_pollution,2.9,0,5.9,4.8,15.46,31,2.36,3,1
CLM20260403000417,RID68973,severe_pollution,10.4,2,55.0,10.7,2.03,8,0.57,12,0
CLM20260403000418,RID29527,civic_unrest,40.9,3,49.4,16.6,0.92,7,0.77,8,0
CLM20260403000419,RID21706,severe_pollution,69.8,3,32.4,10.6,1.81,8,2.2,27,0
CLM20260403000420,RID60755,extreme_heat,0.5,0,142.6,6.2,0.87,34,1.39,8,1
CLM20260403000421,RID61825,civic_unrest,24.4,5,25.7,29.4,3.13,5,-3.59,26,0
CLM20260403000422,RID80909,heavy_rainfall,39.8,5,40.6,28.7,0.54,9,0.2,11,0
CLM20260403000423,RID97876,severe_pollution,53.4,3,19.6,53.8,0.57,8,-0.13,17,0
CLM20260403000424,RID46356,heavy_rainfall,43.9,1,119.6,26.1,1.39,12,-0.25,8,0
CLM20260403000425,RID31707,heavy_rainfall,9.5,4,57.3,35.4,2.3,9,1.83,18,0
CLM20260403000426,RID84972,civic_unrest,114.2,3,56.8,12.4,1.36,7,0.09,7,0
CLM20260403000427,RID83537,heavy_rainfall,53.3,2,146.4,10.8,3.86,4,-1.33,13,0
CLM20260403000428,RID94399,heavy_rainfall,39.4,3,91.1,25.7,3.22,9,-2.17,11,0
CLM20260403000429,RID35221,heavy_rainfall,156.2,5,118.6,48.2,0.66,10,0.75,20,0
CLM20260403000430,RID84743,extreme_heat,0.5,0,8.0,6.9,18.69,29,3.36,1,1
CLM20260403000431,RID72368,heavy_rainfall,7.7,0,169.4,1.3,9.59,41,3.61,5,1
CLM20260403000432,RID25765,extreme_heat,35.6,0,2.4,1.0,7.62,35,1.94,3,1
CLM20260403000433,RID12486,civic_unrest,70.8,1,55.1,18.5,0.47,6,-0.54,29,0
CLM20260403000434,RID36975,extreme_heat,56.7,2,41.3,17.8,0.58,12,1.89,19,0
CLM20260403000435,RID85963,severe_pollution,26.6,3,36.3,7.2,0.11,8,-0.12,16,0
CLM20260403000436,RID21094,civic_unrest,49.9,3,11.1,8.0,3.33,6,0.29,25,0
CLM20260403000437,RID62664,heavy_rainfall,59.3,2,65.5,15.7,1.46,8,-2.25,17,0
CLM20260403000438,RID74418,heavy_rainfall,93.6,1,140.1,31.1,0.46,9,1.2,19,0
CLM20260403000439,RID54558,severe_pollution,70.7,2,15.1,59.2,1.67,5,0.62,17,0
CLM20260403000440,RID33659,severe_pollution,23.4,2,12.6,13.8,0.08,8,-0.51,26,0
CLM20260403000441,RID13153,civic_unrest,8.3,2,40.3,58.4,3.55,2,-1.93,21,0
CLM20260403000442,RID60070,civic_unrest,94.1,4,53.4,7.6,2.33,8,0.37,19,0
CLM20260403000443,RID21930,heavy_rainfall,42.0,3,135.4,15.2,1.62,9,1.39,27,0
CLM20260403000444,RID23019,extreme_heat,70.5,4,51.5,18.8,0.66,2,1.17,11,0
CLM20260403000445,RID47401,extreme_heat,29.8,1,58.1,18.0,0.34,11,1.05,26,0
CLM20260403000446,RID33942,civic_unrest,99.3,3,54.4,11.6,1.2,14,-1.97,14,0
CLM20260403000447,RID21747,extreme_heat,28.0,1,9.4,4.1,0.45,11,1.42,21,0
CLM20260403000448,RID50212,severe_pollution,11.4,2,26.9,11.0,0.18,6,0.32,17,0
CLM20260403000449,RID98946,extreme_heat,128.9,3,37.7,12.2,0.8,6,0.33,7,0
CLM20260403000450,RID17721,civic_unrest,89.7,1,25.8,40.5,2.64,9,-0.93,21,0
CLM20260403000451,RID33784,heavy_rainfall,80.7,3,117.6,27.1,0.77,8,1.81,24,0
CLM20260403000452,RID17667,civic_unrest,52.3,1,32.0,17.1,0.65,10,-2.84,23,0
CLM20260403000453,RID61110,heavy_rainfall,158.7,3,138.3,42.5,0.63,5,1.06,14,0
CLM20260403000454,RID51948,extreme_heat,29.7,0,53.7,24.2,3.04,6,-0.45,22,0
CLM20260403000455,RID64109,civic_unrest,54.7,4,18.4,6.9,1.1,9,0.86,20,0
CLM20260403000456,RID43807,severe_pollution,75.5,6,37.4,11.6,4.91,10,-0.94,11,0
CLM20260403000457,RID25855,heavy_rainfall,1.4,0,50.4,4.8,6.57,34,2.56,3,1
CLM20260403000458,RID36549,extreme_heat,17.0,4,10.2,19.7,0.05,5,1.59,7,0
CLM20260403000459,RID88250,extreme_heat,22.7,4,14.4,7.7,0.41,9,0.72,24,0
CLM20260403000460,RID74615,severe_pollution,79.4,5,28.1,52.2,0.6,9,1.3,21,0
CLM20260403000461,RID25083,civic_unrest,66.3,2,48.0,30.8,0.03,6,-1.35,26,0
CLM20260403000462,RID17947,civic_unrest,42.0,6,57.1,38.7,2.78,11,-1.1,15,0
CLM20260403000463,RID70925,severe_pollution,67.9,2,15.3,35.0,1.57,4,1.9,21,0
CLM20260403000464,RID18579,severe_pollution,51.3,3,32.2,60.7,1.77,13,-0.27,13,0
CLM20260403000465,RID13788,severe_pollution,5.3,4,14.4,34.0,0.39,10,0.11,28,0
CLM20260403000466,RID93039,extreme_heat,131.5,3,13.7,38.4,3.94,17,-2.41,9,1
CLM20260403000467,RID12440,civic_unrest,95.8,1,21.3,17.6,2.2,8,-0.34,8,0
CLM20260403000468,RID82623,heavy_rainfall,42.6,2,27.7,48.5,2.39,9,1.77,26,0
CLM20260403000469,RID42285,extreme_heat,87.1,1,25.1,31.6,0.44,6,1.12,10,0
CLM20260403000470,RID49926,severe_pollution,35.2,3,28.5,15.6,3.94,8,-0.38,12,0
CLM20260403000471,RID68455,heavy_rainfall,210.6,1,29.5,28.6,1.09,13,1.44,20,0
CLM20260403000472,RID93335,extreme_heat,101.0,5,13.9,5.1,0.29,3,-0.16,20,0
CLM20260403000473,RID28660,civic_unrest,31.2,1,33.0,19.9,1.19,11,0.87,19,0
CLM20260403000474,RID80836,extreme_heat,71.9,3,19.9,11.3,0.59,7,0.56,16,0
CLM20260403000475,RID42133,severe_pollution,55.9,2,52.9,10.2,2.86,5,-1.06,7,0
CLM20260403000476,RID82764,severe_pollution,50.4,4,46.4,42.9,1.12,8,-0.05,22,0
CLM20260403000477,RID15477,heavy_rainfall,51.7,6,148.9,63.6,0.21,6,-1.09,22,0
CLM20260403000478,RID70902,civic_unrest,51.2,2,31.6,25.0,1.6,10,-1.9,8,0
CLM20260403000479,RID95597,extreme_heat,10.8,4,31.2,44.0,0.33,6,-0.67,15,0
CLM20260403000480,RID10071,heavy_rainfall,50.9,3,119.8,53.9,0.84,6,0.22,28,0
CLM20260403000481,RID73201,civic_unrest,52.6,3,23.4,30.7,0.99,10,0.73,13,1
CLM20260403000482,RID88363,civic_unrest,91.2,2,53.5,24.4,2.65,4,0.52,24,0
CLM20260403000483,RID99128,severe_pollution,30.9,2,12.7,50.6,4.8,6,0.04,10,0
CLM20260403000484,RID56061,extreme_heat,82.5,3,26.7,10.1,0.03,9,2.71,15,0
CLM20260403000485,RID86697,civic_unrest,240.0,3,12.6,51.4,0.26,7,-0.02,12,0
CLM20260403000486,RID15961,extreme_heat,26.6,6,50.9,20.9,0.08,6,-0.3,24,0
CLM20260403000487,RID80004,heavy_rainfall,38.9,2,93.3,20.5,0.62,10,-1.05,14,0
CLM20260403000488,RID49405,heavy_rainfall,66.0,2,26.9,34.2,1.94,3,1.23,9,0
CLM20260403000489,RID61813,heavy_rainfall,9.2,3,148.8,35.7,1.86,10,-1.77,9,0
CLM20260403000490,RID28304,civic_unrest,2.5,0,143.6,12.5,0.19,34,2.89,1,1
CLM20260403000491,RID66618,extreme_heat,6.2,1,10.3,31.6,0.02,6,1.03,19,0
CLM20260403000492,RID90012,civic_unrest,21.1,4,56.9,51.7,0.04,11,0.06,19,0
CLM20260403000493,RID99404,civic_unrest,47.8,0,40.5,38.1,0.67,11,-1.86,27,0
CLM20260403000494,RID93252,civic_unrest,72.0,1,56.2,11.9,4.37,8,-0.4,7,0
CLM20260403000495,RID69338,civic_unrest,19.6,4,43.8,11.4,1.58,7,-0.77,8,0
CLM20260403000496,RID42234,civic_unrest,3.6,0,9.5,10.1,6.59,35,2.73,1,1
CLM20260403000497,RID54778,extreme_heat,16.2,2,42.8,19.1,1.14,11,-1.06,9,0
CLM20260403000498,RID70266,civic_unrest,99.6,2,24.3,38.4,0.31,9,-0.39,9,0
CLM20260403000499,RID12080,extreme_heat,81.6,5,37.7,20.0,0.91,7,-0.09,23,0
CLM20260403000500,RID94730,heavy_rainfall,33.0,6,149.6,30.2,1.82,7,0.63,15,0
CLM20260403000501,RID89794,severe_pollution,39.2,3,32.9,21.5,0.31,9,3.22,10,0
CLM20260403000502,RID10560,heavy_rainfall,130.8,3,94.2,29.1,0.9,7,1.19,13,0
CLM20260403000503,RID98172,extreme_heat,0.5,0,4.0,9.6,12.67,43,3.34,1,1
CLM20260403000504,RID64154,severe_pollution,24.9,3,32.4,6.4,2.12,9,-0.22,17,0
CLM20260403000505,RID61483,heavy_rainfall,2.6,0,3.2,13.5,13.82,35,1.88,12,1
CLM20260403000506,RID95078,heavy_rainfall,60.4,3,114.9,14.4,1.56,10,0.29,18,0
CLM20260403000507,RID80601,heavy_rainfall,42.7,4,115.4,16.6,1.21,7,-0.05,23,0
CLM20260403000508,RID98029,severe_pollution,13.9,5,30.0,3.9,0.47,10,0.09,15,0
CLM20260403000509,RID98112,heavy_rainfall,85.5,5,148.9,49.9,1.64,3,0.13,9,0
CLM20260403000510,RID56267,severe_pollution,95.9,3,43.0,22.7,1.54,7,1.85,24,0
CLM20260403000511,RID88815,civic_unrest,55.7,2,9.5,25.3,4.74,7,-0.78,20,0
CLM20260403000512,RID60692,extreme_heat,65.9,2,59.9,30.8,0.66,10,-2.22,10,0
CLM20260403000513,RID11105,heavy_rainfall,24.9,4,99.6,50.4,3.2,2,0.3,14,0
CLM20260403000514,RID70646,civic_unrest,91.2,4,39.3,45.7,0.02,4,-1.41,18,0
CLM20260403000515,RID35295,severe_pollution,98.6,7,46.3,60.4,0.42,6,1.39,25,0
CLM20260403000516,RID11227,extreme_heat,15.7,1,57.3,18.7,2.1,8,-0.27,13,0
CLM20260403000517,RID12592,civic_unrest,101.4,4,13.2,24.0,0.82,9,1.35,10,0
CLM20260403000518,RID99201,civic_unrest,131.6,3,33.0,43.5,1.63,9,0.67,14,0
CLM20260403000519,RID35101,heavy_rainfall,19.3,2,68.2,27.2,2.48,5,0.01,7,0
CLM20260403000520,RID90405,civic_unrest,69.5,1,35.2,64.9,0.61,6,-0.27,21,1
CLM20260403000521,RID38986,extreme_heat,84.3,1,23.3,38.2,0.59,5,0.76,13,0
CLM20260403000522,RID74724,civic_unrest,72.5,7,46.8,51.1,4.13,11,-0.11,27,0
CLM20260403000523,RID14822,civic_unrest,39.4,4,35.4,8.6,0.62,5,1.1,22,0
CLM20260403000524,RID74597,extreme_heat,57.4,4,34.4,23.6,0.97,19,1.22,21,0
CLM20260403000525,RID10935,extreme_heat,48.7,5,37.6,19.2,2.09,8,-0.26,10,0
CLM20260403000526,RID93681,severe_pollution,34.7,2,26.1,10.4,2.12,7,0.77,17,0
CLM20260403000527,RID24541,civic_unrest,33.1,3,23.9,29.4,7.14,10,-1.22,11,1
CLM20260403000528,RID84593,severe_pollution,51.4,3,15.9,12.2,0.18,8,-1.74,15,0
CLM20260403000529,RID32344,extreme_heat,26.2,1,34.9,18.8,4.05,7,-0.16,27,0
CLM20260403000530,RID96486,extreme_heat,19.3,6,43.1,20.0,0.27,5,1.31,25,0
CLM20260403000531,RID18566,extreme_heat,3.6,0,6.8,1.2,9.24,37,4.59,1,1
CLM20260403000532,RID18526,extreme_heat,53.9,2,26.3,79.8,0.09,8,-0.07,17,0
CLM20260403000533,RID44029,extreme_heat,36.0,3,50.4,42.5,0.02,9,0.93,19,0
CLM20260403000534,RID78561,civic_unrest,3.4,0,95.7,8.2,1.21,43,4.06,1,0
CLM20260403000535,RID35146,heavy_rainfall,95.3,2,92.9,3.9,1.88,10,-0.06,21,0
CLM20260403000536,RID98832,civic_unrest,12.4,3,51.1,60.3,0.11,12,0.08,24,1
CLM20260403000537,RID99218,severe_pollution,21.4,2,10.7,31.5,1.66,10,1.78,10,0
CLM20260403000538,RID10256,severe_pollution,48.4,5,18.2,11.9,0.8,9,0.97,27,0
CLM20260403000539,RID94012,heavy_rainfall,92.6,1,142.8,25.7,1.75,7,1.32,20,0
CLM20260403000540,RID52336,severe_pollution,9.5,0,52.5,4.9,16.09,37,2.12,3,1
CLM20260403000541,RID63330,civic_unrest,65.3,4,47.9,14.6,0.56,6,0.47,17,0
CLM20260403000542,RID25953,severe_pollution,62.4,2,16.3,9.0,1.58,1,0.1,7,0
CLM20260403000543,RID74955,civic_unrest,21.1,0,32.9,10.0,0.49,8,-0.83,12,0
CLM20260403000544,RID77797,heavy_rainfall,11.6,5,119.8,21.4,0.18,7,-0.77,24,0
CLM20260403000545,RID39431,heavy_rainfall,36.3,3,136.7,58.5,0.47,8,-0.03,11,0
CLM20260403000546,RID46429,severe_pollution,91.8,4,26.5,23.8,2.3,9,1.22,16,0
CLM20260403000547,RID79784,severe_pollution,195.6,6,50.9,16.0,1.2,7,-2.6,10,0
CLM20260403000548,RID51450,heavy_rainfall,24.5,6,31.4,69.0,3.84,5,-0.37,25,0
CLM20260403000549,RID61361,extreme_heat,24.9,1,54.3,22.6,2.66,15,0.86,11,0
CLM20260403000550,RID53870,heavy_rainfall,23.0,3,144.0,15.8,2.61,5,-0.39,22,0
CLM20260403000551,RID84949,heavy_rainfall,30.6,3,118.6,6.9,0.91,9,0.19,7,0
CLM20260403000552,RID39573,severe_pollution,13.7,1,30.8,11.5,3.37,10,0.12,16,0
CLM20260403000553,RID19757,extreme_heat,18.9,3,23.5,28.0,1.03,12,-0.55,14,1
CLM20260403000554,RID35805,extreme_heat,89.4,2,25.3,56.4,0.4,6,2.49,28,0
CLM20260403000555,RID53152,civic_unrest,11.2,4,25.7,4.1,0.05,7,-0.18,8,0
CLM20260403000556,RID18237,heavy_rainfall,52.8,5,57.0,28.7,0.24,8,-0.76,11,0
CLM20260403000557,RID13653,severe_pollution,43.0,4,51.6,14.4,0.87,5,1.81,25,0
CLM20260403000558,RID66616,heavy_rainfall,20.8,2,103.6,80.0,0.4,5,-0.46,22,0
CLM20260403000559,RID87664,civic_unrest,17.8,3,12.8,12.7,0.16,6,2.94,12,0
CLM20260403000560,RID42821,extreme_heat,19.1,5,58.5,80.0,0.6,6,-0.63,9,0
CLM20260403000561,RID24134,severe_pollution,131.1,4,44.3,20.6,0.2,4,-2.25,21,0
CLM20260403000562,RID41242,civic_unrest,44.0,4,15.1,4.6,0.39,2,1.18,26,0
CLM20260403000563,RID17134,civic_unrest,7.9,2,51.5,6.9,2.97,6,-0.14,20,0
CLM20260403000564,RID78114,extreme_heat,149.3,0,45.7,31.5,0.16,6,0.48,10,0
CLM20260403000565,RID19556,severe_pollution,84.6,4,23.5,80.0,1.37,8,0.41,29,0
CLM20260403000566,RID22539,severe_pollution,79.0,1,50.2,9.5,0.09,8,-0.46,8,0
CLM20260403000567,RID85882,heavy_rainfall,12.7,2,40.6,16.0,0.54,6,0.21,15,0
CLM20260403000568,RID21211,heavy_rainfall,101.3,3,106.9,11.4,1.75,10,-0.77,21,0
CLM20260403000569,RID14370,severe_pollution,30.2,3,16.4,29.4,0.49,12,1.87,8,0
CLM20260403000570,RID51062,heavy_rainfall,74.6,4,52.9,48.4,1.92,9,-2.59,26,0
CLM20260403000571,RID26716,heavy_rainfall,57.0,4,34.6,19.3,0.5,13,2.63,15,0
CLM20260403000572,RID67923,heavy_rainfall,57.9,2,127.5,61.1,0.06,7,1.08,9,0
CLM20260403000573,RID49514,severe_pollution,50.0,1,13.0,12.9,0.28,11,0.2,28,0
CLM20260403000574,RID18623,heavy_rainfall,55.6,10,121.6,28.0,2.97,9,-0.55,17,0
CLM20260403000575,RID98809,heavy_rainfall,75.8,4,128.6,35.3,0.39,10,2.15,10,0
CLM20260403000576,RID83303,heavy_rainfall,16.7,2,75.8,19.3,0.2,7,-0.88,23,0
CLM20260403000577,RID48655,severe_pollution,43.4,0,22.5,27.6,2.04,7,-0.3,7,0
CLM20260403000578,RID62649,heavy_rainfall,102.4,2,140.3,2.5,0.17,11,-2.12,23,0
CLM20260403000579,RID90911,severe_pollution,79.8,3,37.7,31.1,1.97,12,1.61,27,0
CLM20260403000580,RID40554,heavy_rainfall,96.4,5,40.8,13.6,1.4,8,0.49,18,0
CLM20260403000581,RID69429,severe_pollution,42.3,7,38.2,38.3,1.44,7,1.15,18,0
CLM20260403000582,RID70844,severe_pollution,181.1,4,38.3,12.5,0.04,6,2.12,27,0
CLM20260403000583,RID91292,heavy_rainfall,31.3,5,85.8,20.0,0.44,6,0.19,20,0
CLM20260403000584,RID54514,heavy_rainfall,13.6,3,32.4,21.7,5.24,6,1.87,13,0
CLM20260403000585,RID69516,civic_unrest,20.4,5,48.8,26.7,4.62,8,-1.2,26,0
CLM20260403000586,RID87045,extreme_heat,5.0,0,176.1,10.8,14.23,32,2.79,1,1
CLM20260403000587,RID24156,heavy_rainfall,66.1,3,68.4,40.6,4.28,5,-0.08,11,0
CLM20260403000588,RID11610,heavy_rainfall,22.8,2,43.1,21.9,2.32,6,0.37,18,0
CLM20260403000589,RID87710,extreme_heat,28.2,3,48.8,7.9,1.09,10,0.19,15,0
CLM20260403000590,RID85132,extreme_heat,0.9,0,7.8,5.0,19.29,30,3.01,8,1
CLM20260403000591,RID93540,civic_unrest,69.5,2,13.9,22.4,0.05,12,0.02,12,1
CLM20260403000592,RID56581,severe_pollution,11.5,1,17.8,26.9,0.96,3,1.74,19,0
CLM20260403000593,RID73097,severe_pollution,2.1,0,104.1,8.3,18.6,32,3.15,4,1
CLM20260403000594,RID34369,extreme_heat,31.6,1,20.1,58.8,0.26,2,1.79,21,0
CLM20260403000595,RID28045,heavy_rainfall,65.3,2,108.0,27.6,0.4,12,-0.34,8,0
CLM20260403000596,RID17928,extreme_heat,74.1,4,44.8,23.1,0.6,4,2.08,23,0
CLM20260403000597,RID50850,severe_pollution,54.3,2,16.3,25.5,1.4,4,-0.01,11,0
CLM20260403000598,RID77256,civic_unrest,37.6,6,58.3,5.4,0.79,3,-0.23,10,0
CLM20260403000599,RID50788,extreme_heat,53.2,4,35.5,9.3,0.75,7,1.17,21,0
CLM20260403000600,RID29321,severe_pollution,49.5,0,34.1,37.6,0.99,6,0.82,9,0
CLM20260403000601,RID50458,civic_unrest,52.3,7,31.7,48.6,1.01,8,1.34,19,0
CLM20260403000602,RID48150,civic_unrest,71.2,2,40.4,43.3,0.24,10,0.43,19,0
CLM20260403000603,RID11059,extreme_heat,24.1,2,10.2,20.3,1.25,8,-1.23,18,0
CLM20260403000604,RID17512,extreme_heat,31.7,3,24.1,16.6,0.17,8,0.2,17,0
CLM20260403000605,RID76467,heavy_rainfall,55.6,3,37.7,23.0,0.84,9,0.74,29,0
CLM20260403000606,RID65320,civic_unrest,25.1,2,9.0,27.5,1.73,9,-0.6,25,0
CLM20260403000607,RID35612,extreme_heat,60.2,1,53.3,54.1,1.67,9,0.07,20,0
CLM20260403000608,RID93958,extreme_heat,15.3,4,34.4,28.9,0.24,12,1.93,16,0
CLM20260403000609,RID18965,civic_unrest,42.5,7,18.5,21.1,1.34,9,-1.11,21,0
CLM20260403000610,RID34819,severe_pollution,60.9,5,13.3,45.4,5.0,5,-2.66,29,1
CLM20260403000611,RID71263,civic_unrest,7.7,0,9.5,14.4,17.01,41,3.63,3,1
CLM20260403000612,RID85813,civic_unrest,19.4,4,34.1,17.0,2.88,9,-0.01,9,0
CLM20260403000613,RID90753,civic_unrest,52.3,7,56.6,9.9,2.39,13,-0.29,21,0
CLM20260403000614,RID64879,civic_unrest,79.3,5,27.1,56.3,0.37,9,0.28,21,0
CLM20260403000615,RID31270,heavy_rainfall,23.3,4,34.8,53.9,1.38,5,-0.07,12,0
CLM20260403000616,RID69546,heavy_rainfall,26.3,5,110.8,4.6,0.21,4,-1.63,28,0
CLM20260403000617,RID75002,extreme_heat,62.0,6,10.5,18.3,0.03,2,-0.51,22,0
CLM20260403000618,RID10484,extreme_heat,7.7,7,26.9,75.4,0.61,17,-1.0,21,0
CLM20260403000619,RID40182,severe_pollution,75.6,3,30.6,45.7,3.24,7,-0.21,21,0
CLM20260403000620,RID91778,extreme_heat,65.9,3,47.4,4.6,3.31,5,0.9,13,0
CLM20260403000621,RID41328,severe_pollution,46.7,2,54.0,23.1,1.29,11,-1.88,9,0
CLM20260403000622,RID53452,severe_pollution,92.1,2,35.6,3.7,0.02,9,0.8,11,0
CLM20260403000623,RID36911,severe_pollution,30.4,2,45.5,40.4,0.73,7,0.82,8,0
CLM20260403000624,RID34149,heavy_rainfall,2.5,0,7.1,7.4,15.89,37,2.96,1,1
CLM20260403000625,RID57555,heavy_rainfall,104.8,4,60.7,5.4,0.21,7,1.15,10,0
CLM20260403000626,RID19664,civic_unrest,36.3,3,51.4,32.0,0.0,9,-0.47,7,0
CLM20260403000627,RID13934,heavy_rainfall,51.2,5,80.3,25.3,2.22,12,1.47,27,0
CLM20260403000628,RID28664,civic_unrest,52.0,3,18.8,18.8,3.28,4,0.32,20,0
CLM20260403000629,RID67725,extreme_heat,78.6,2,53.3,41.3,0.26,7,-0.23,25,0
CLM20260403000630,RID92750,civic_unrest,31.6,3,15.7,54.5,0.63,4,-0.9,12,0
CLM20260403000631,RID15754,heavy_rainfall,67.8,4,91.3,80.0,0.65,8,-0.36,10,0
CLM20260403000632,RID36099,extreme_heat,130.4,2,30.4,9.6,2.74,7,-0.31,7,0
CLM20260403000633,RID47237,extreme_heat,46.9,5,38.6,44.7,2.29,9,0.11,18,0
CLM20260403000634,RID38697,civic_unrest,26.6,2,36.3,3.7,0.24,9,0.52,16,0
CLM20260403000635,RID32843,civic_unrest,44.7,4,29.8,22.4,1.62,11,0.58,19,0
CLM20260403000636,RID82680,extreme_heat,6.2,4,10.0,27.8,1.83,5,-0.88,12,0
CLM20260403000637,RID33401,extreme_heat,18.0,4,22.9,7.8,1.01,6,-0.13,21,0
CLM20260403000638,RID12817,extreme_heat,61.1,4,58.2,8.2,1.54,4,0.9,20,1
CLM20260403000639,RID44313,heavy_rainfall,18.6,4,71.3,35.6,0.97,7,-0.49,24,0
CLM20260403000640,RID12751,extreme_heat,3.1,0,3.3,3.0,8.36,41,2.74,2,1
CLM20260403000641,RID59666,heavy_rainfall,80.7,2,79.0,20.1,1.84,10,-0.79,8,0
CLM20260403000642,RID54352,extreme_heat,0.8,0,164.0,13.3,9.38,30,3.94,2,1
CLM20260403000643,RID49986,severe_pollution,50.4,5,50.7,24.5,2.94,6,-0.66,21,0
CLM20260403000644,RID41476,civic_unrest,18.7,3,58.6,63.2,0.64,3,-1.31,9,0
CLM20260403000645,RID58804,extreme_heat,34.6,0,44.2,23.6,2.98,5,-0.91,16,0
CLM20260403000646,RID79065,severe_pollution,16.2,3,42.3,80.0,2.16,9,0.19,29,0
CLM20260403000647,RID18569,heavy_rainfall,46.8,3,51.0,27.2,4.05,6,0.31,21,0
CLM20260403000648,RID28931,extreme_heat,46.4,3,39.9,31.3,0.5,5,1.14,12,0
CLM20260403000649,RID34856,extreme_heat,110.8,4,57.8,41.5,4.03,4,0.91,28,0
CLM20260403000650,RID79803,severe_pollution,38.5,0,31.1,19.2,1.35,15,0.25,16,0
CLM20260403000651,RID59054,civic_unrest,73.5,5,12.4,24.8,0.65,10,1.76,17,0
CLM20260403000652,RID88584,severe_pollution,30.4,9,38.9,24.7,4.28,12,1.51,7,0
CLM20260403000653,RID93380,extreme_heat,15.3,3,43.8,12.3,2.1,11,1.45,21,0
CLM20260403000654,RID16054,extreme_heat,53.4,2,37.1,30.8,0.35,4,0.01,10,0
CLM20260403000655,RID80184,civic_unrest,20.3,2,32.6,8.2,0.99,8,2.26,27,0
CLM20260403000656,RID29472,civic_unrest,100.0,3,13.2,29.1,3.58,5,1.55,16,0
CLM20260403000657,RID42397,heavy_rainfall,65.0,3,69.3,47.9,1.17,7,-0.54,20,0
CLM20260403000658,RID92504,civic_unrest,43.5,4,20.6,16.4,1.48,12,-1.93,21,0
CLM20260403000659,RID26575,severe_pollution,53.3,2,19.9,17.2,1.57,5,-0.52,19,0
CLM20260403000660,RID37425,heavy_rainfall,38.2,4,40.7,8.6,0.02,14,-0.78,20,0
CLM20260403000661,RID71691,heavy_rainfall,31.8,4,144.6,25.6,3.26,7,-1.75,11,0
CLM20260403000662,RID31945,severe_pollution,8.7,2,19.0,10.8,1.29,10,0.87,16,0
CLM20260403000663,RID94550,civic_unrest,6.3,0,131.3,13.8,16.97,28,4.01,3,1
CLM20260403000664,RID75350,severe_pollution,35.5,2,37.0,80.0,0.6,8,-2.38,19,0
CLM20260403000665,RID33461,civic_unrest,29.3,2,59.4,56.7,1.07,6,-2.69,26,0
CLM20260403000666,RID59005,severe_pollution,1.7,0,152.5,10.1,17.32,29,2.93,8,1
CLM20260403000667,RID74853,severe_pollution,43.8,3,9.0,13.9,0.5,10,-0.72,9,0
CLM20260403000668,RID45171,severe_pollution,36.6,3,8.6,25.4,1.91,8,-3.2,26,0
CLM20260403000669,RID93637,heavy_rainfall,36.1,3,127.0,69.3,1.79,6,0.93,19,0
CLM20260403000670,RID37158,extreme_heat,9.2,0,5.4,5.8,8.87,30,2.24,8,1
CLM20260403000671,RID36607,severe_pollution,48.5,3,25.8,19.4,0.55,12,-0.12,12,0
CLM20260403000672,RID40721,severe_pollution,4.3,0,143.2,4.6,18.48,33,2.86,1,1
CLM20260403000673,RID38651,civic_unrest,103.3,1,57.1,38.0,1.4,10,0.28,7,0
CLM20260403000674,RID65708,severe_pollution,129.4,3,53.3,55.8,0.31,5,-0.35,12,0
CLM20260403000675,RID84890,extreme_heat,51.0,2,25.3,22.0,0.0,7,0.07,17,0
CLM20260403000676,RID59034,civic_unrest,106.2,1,32.8,6.3,0.39,6,1.16,14,0
CLM20260403000677,RID82161,heavy_rainfall,5.6,0,151.0,4.3,10.01,37,1.66,3,1
CLM20260403000678,RID27606,heavy_rainfall,7.3,0,76.0,4.7,8.25,34,3.63,1,1
CLM20260403000679,RID48672,severe_pollution,108.2,6,42.4,18.3,0.21,5,1.66,14,0
CLM20260403000680,RID78002,civic_unrest,89.9,3,10.7,56.6,1.54,11,1.26,19,0
CLM20260403000681,RID40169,heavy_rainfall,31.0,2,89.9,25.7,2.33,9,-0.06,9,0
CLM20260403000682,RID70981,civic_unrest,1.4,0,5.5,6.7,19.57,30,3.13,2,1
CLM20260403000683,RID65850,severe_pollution,12.2,0,110.3,12.0,15.77,36,1.46,4,1
CLM20260403000684,RID71282,severe_pollution,2.0,0,8.5,10.1,12.42,37,2.29,12,1
CLM20260403000685,RID63602,civic_unrest,154.5,4,11.6,40.1,1.79,7,-0.9,15,0
CLM20260403000686,RID75213,civic_unrest,13.5,0,7.2,2.5,17.91,35,2.13,1,1
CLM20260403000687,RID45785,severe_pollution,125.6,1,38.8,20.4,0.18,6,0.57,7,0
CLM20260403000688,RID13239,extreme_heat,6.1,4,40.9,9.9,1.19,7,1.5,17,0
CLM20260403000689,RID67892,extreme_heat,46.4,3,56.8,10.1,1.32,10,0.08,29,0
CLM20260403000690,RID44815,heavy_rainfall,36.4,5,66.6,7.4,6.88,7,-0.15,10,0
CLM20260403000691,RID57067,heavy_rainfall,47.0,3,47.2,53.2,2.04,10,-0.24,9,0
CLM20260403000692,RID48603,heavy_rainfall,84.6,4,62.4,9.7,5.07,7,-0.77,19,0
CLM20260403000693,RID46231,extreme_heat,6.4,0,2.2,13.4,18.26,46,2.85,3,1
CLM20260403000694,RID22898,heavy_rainfall,38.7,6,48.4,25.3,0.58,6,0.25,14,0
CLM20260403000695,RID19351,civic_unrest,13.1,7,45.0,19.2,3.34,13,-0.9,29,0
CLM20260403000696,RID15017,extreme_heat,50.8,3,28.4,1.7,1.86,4,0.51,25,0
CLM20260403000697,RID53746,extreme_heat,29.8,5,38.3,68.7,0.37,10,0.53,10,0
CLM20260403000698,RID98487,civic_unrest,42.5,2,9.5,27.2,1.55,6,1.4,15,0
CLM20260403000699,RID42771,civic_unrest,46.0,3,39.7,23.2,0.41,3,1.47,16,0
CLM20260403000700,RID99592,civic_unrest,19.0,1,32.0,70.7,0.1,10,1.44,18,0
CLM20260403000701,RID34987,extreme_heat,91.5,0,50.8,25.2,0.12,7,-0.25,24,0
CLM20260403000702,RID81188,civic_unrest,54.3,3,31.9,15.5,3.38,9,1.65,7,0
CLM20260403000703,RID11118,civic_unrest,72.7,6,37.0,21.8,0.5,4,1.99,28,0
CLM20260403000704,RID46942,civic_unrest,172.1,3,21.7,55.2,2.06,5,-0.4,24,0
CLM20260403000705,RID62928,severe_pollution,4.7,1,3.8,0.1,10.66,30,3.14,1,0
CLM20260403000706,RID86015,heavy_rainfall,29.7,3,34.5,36.5,0.58,3,-0.3,13,0
CLM20260403000707,RID71866,extreme_heat,187.1,5,21.2,33.6,0.18,7,-0.37,16,1
CLM20260403000708,RID62101,extreme_heat,21.2,4,34.3,23.8,2.58,4,-0.25,24,0
CLM20260403000709,RID39743,extreme_heat,34.9,6,54.5,63.6,1.28,8,0.98,7,0
CLM20260403000710,RID72185,extreme_heat,67.8,2,54.6,25.5,0.13,10,-1.96,22,0
CLM20260403000711,RID77610,severe_pollution,1.0,0,6.8,0.4,5.11,47,2.7,1,1
CLM20260403000712,RID70476,civic_unrest,82.1,4,18.7,29.9,3.71,7,2.55,13,0
CLM20260403000713,RID21255,civic_unrest,15.7,3,33.3,30.9,0.83,3,0.29,26,0
CLM20260403000714,RID34621,severe_pollution,17.2,6,40.7,16.6,0.17,7,-0.86,26,0
CLM20260403000715,RID64747,extreme_heat,137.4,5,27.9,69.5,3.36,6,-2.15,28,0
CLM20260403000716,RID67498,severe_pollution,62.3,2,17.4,27.3,0.44,5,-0.95,9,0
CLM20260403000717,RID83196,heavy_rainfall,53.0,4,113.8,49.1,0.61,7,-0.78,14,0
CLM20260403000718,RID59112,extreme_heat,47.7,2,45.0,4.3,2.88,7,1.84,29,0
CLM20260403000719,RID85695,extreme_heat,81.8,1,38.4,38.7,0.06,9,-0.21,18,0
CLM20260403000720,RID50051,heavy_rainfall,5.9,0,168.9,13.0,18.79,43,2.54,1,1
CLM20260403000721,RID75509,civic_unrest,35.2,6,25.0,22.7,1.46,8,-0.84,9,0
CLM20260403000722,RID54541,extreme_heat,27.2,4,17.8,22.1,2.42,9,-0.74,26,0
CLM20260403000723,RID64938,severe_pollution,128.8,2,45.0,41.0,1.04,7,0.41,7,0
CLM20260403000724,RID99884,severe_pollution,20.2,6,15.0,20.2,3.48,13,0.13,26,0
CLM20260403000725,RID80464,civic_unrest,80.3,1,10.0,27.5,1.81,3,0.23,10,0
CLM20260403000726,RID52739,heavy_rainfall,98.4,3,90.1,15.0,1.75,20,0.35,16,0
CLM20260403000727,RID84393,heavy_rainfall,23.0,4,59.3,14.0,0.29,6,1.56,10,0
CLM20260403000728,RID28236,extreme_heat,12.1,2,15.2,80.0,0.24,14,-1.82,8,0
CLM20260403000729,RID53286,severe_pollution,3.8,0,63.3,1.2,19.76,33,1.56,3,1
CLM20260403000730,RID59980,extreme_heat,17.8,3,31.4,28.6,0.54,10,-0.13,24,0
CLM20260403000731,RID61201,heavy_rainfall,33.5,5,33.7,40.7,0.1,14,-0.01,10,0
CLM20260403000732,RID80056,severe_pollution,28.9,3,35.4,62.1,3.66,9,1.17,22,0
CLM20260403000733,RID34685,severe_pollution,13.9,4,33.5,18.4,0.4,11,-0.38,14,0
CLM20260403000734,RID24239,civic_unrest,49.3,3,30.0,27.5,5.99,5,2.58,7,0
CLM20260403000735,RID84647,severe_pollution,59.5,4,47.9,80.0,0.24,9,0.06,17,0
CLM20260403000736,RID93755,civic_unrest,49.5,3,9.5,8.0,0.87,6,1.99,20,0
CLM20260403000737,RID22221,extreme_heat,17.9,0,9.7,15.4,0.06,6,-0.95,19,0
CLM20260403000738,RID23672,extreme_heat,196.8,1,55.2,16.9,0.39,12,0.79,21,0
CLM20260403000739,RID14202,severe_pollution,17.5,5,19.6,10.3,0.68,9,-1.78,16,0
CLM20260403000740,RID13517,extreme_heat,71.2,3,33.7,19.8,0.11,3,-0.27,24,0
CLM20260403000741,RID36083,heavy_rainfall,12.9,2,145.7,50.5,1.63,10,-0.45,27,0
CLM20260403000742,RID60579,civic_unrest,19.8,3,32.0,52.9,1.41,8,-0.32,28,0
CLM20260403000743,RID36986,extreme_heat,40.4,5,42.4,19.2,0.02,5,1.21,7,0
CLM20260403000744,RID48155,heavy_rainfall,38.0,1,135.1,55.3,0.36,10,-0.04,19,0
CLM20260403000745,RID69593,heavy_rainfall,48.7,7,80.0,52.8,1.47,11,-0.89,22,0
CLM20260403000746,RID58319,heavy_rainfall,113.8,2,30.2,45.2,0.26,5,0.12,12,0
CLM20260403000747,RID32521,civic_unrest,97.5,2,15.0,53.5,1.43,12,-0.58,8,0
CLM20260403000748,RID63852,severe_pollution,21.3,5,16.9,80.0,2.57,10,-0.72,13,0
CLM20260403000749,RID30582,heavy_rainfall,1.6,0,4.1,14.5,6.38,31,2.64,2,0
CLM20260403000750,RID26926,severe_pollution,33.9,3,19.0,26.3,0.36,7,0.39,16,0
CLM20260403000751,RID72685,heavy_rainfall,147.7,2,62.0,34.6,0.36,5,1.07,8,0
CLM20260403000752,RID60986,extreme_heat,92.0,4,47.6,14.5,3.88,5,-1.5,8,0
CLM20260403000753,RID27030,extreme_heat,15.2,0,25.8,25.5,0.7,8,-0.56,18,0
CLM20260403000754,RID50600,severe_pollution,38.4,0,11.6,9.8,0.79,6,-0.98,25,0
CLM20260403000755,RID97135,severe_pollution,96.3,4,28.4,32.1,0.31,9,0.21,27,0
CLM20260403000756,RID30811,civic_unrest,29.5,1,31.6,43.9,0.83,9,-0.08,19,0
CLM20260403000757,RID87003,extreme_heat,147.1,1,38.0,7.5,1.4,8,1.6,10,0
CLM20260403000758,RID75860,severe_pollution,0.9,0,69.6,1.1,18.32,37,2.53,1,1
CLM20260403000759,RID46102,extreme_heat,1.3,1,129.1,2.9,12.48,42,3.12,1,1
CLM20260403000760,RID10975,extreme_heat,79.4,5,51.6,13.5,1.72,8,-0.07,18,0
CLM20260403000761,RID68422,heavy_rainfall,21.8,1,75.2,28.6,3.75,7,-0.16,10,0
CLM20260403000762,RID62328,extreme_heat,23.1,2,53.1,2.2,0.54,4,-1.06,14,0
CLM20260403000763,RID78925,civic_unrest,106.3,3,52.9,21.2,0.41,11,0.71,26,0
CLM20260403000764,RID84609,severe_pollution,34.0,2,9.5,11.3,0.84,10,0.35,15,0
CLM20260403000765,RID70319,severe_pollution,0.5,0,3.7,13.9,17.55,32,3.2,5,1
CLM20260403000766,RID85514,heavy_rainfall,97.8,1,128.0,44.6,0.22,8,-1.0,29,0
CLM20260403000767,RID21941,civic_unrest,47.4,2,59.1,13.8,0.14,12,-0.21,15,0
CLM20260403000768,RID94711,severe_pollution,62.2,2,52.6,12.7,1.19,11,1.33,12,0
CLM20260403000769,RID55453,civic_unrest,89.9,3,56.5,61.0,1.4,8,-1.12,18,0
CLM20260403000770,RID61260,extreme_heat,26.4,8,24.1,34.3,3.82,8,-0.2,20,0
CLM20260403000771,RID64401,extreme_heat,35.6,2,9.2,43.2,3.49,6,0.18,21,0
CLM20260403000772,RID33537,severe_pollution,156.1,7,45.3,36.5,4.69,9,-1.46,22,0
CLM20260403000773,RID70008,severe_pollution,32.1,8,19.3,14.6,2.82,11,-0.62,25,0
CLM20260403000774,RID96386,extreme_heat,32.0,2,13.5,75.7,5.09,13,0.69,9,0
CLM20260403000775,RID84529,heavy_rainfall,16.5,0,134.7,44.3,0.33,10,-1.7,19,0
CLM20260403000776,RID61583,heavy_rainfall,72.8,2,91.8,6.8,2.93,8,0.1,9,0
CLM20260403000777,RID41417,extreme_heat,20.8,7,10.6,80.0,3.27,6,0.8,26,0
CLM20260403000778,RID45884,civic_unrest,48.8,2,57.2,3.5,2.17,9,-1.13,17,1
CLM20260403000779,RID97380,heavy_rainfall,6.8,0,196.8,6.7,6.21,37,2.87,8,1
CLM20260403000780,RID38476,severe_pollution,98.8,2,43.9,28.0,0.37,6,0.14,27,0
CLM20260403000781,RID63907,heavy_rainfall,137.5,2,66.6,39.8,1.45,6,0.11,21,0
CLM20260403000782,RID58330,heavy_rainfall,87.9,1,103.1,13.4,0.28,8,0.07,26,0
CLM20260403000783,RID23791,civic_unrest,60.7,2,24.7,57.3,0.04,9,-0.43,26,0
CLM20260403000784,RID63752,severe_pollution,166.1,2,16.4,49.3,5.74,6,-0.09,22,0
CLM20260403000785,RID31605,civic_unrest,54.8,2,58.8,52.1,1.34,11,3.21,16,0
CLM20260403000786,RID37180,heavy_rainfall,14.2,4,68.3,25.9,1.56,7,0.29,10,0
CLM20260403000787,RID70577,heavy_rainfall,84.1,3,149.0,25.7,0.26,13,0.59,13,0
CLM20260403000788,RID19593,severe_pollution,3.9,3,47.0,53.4,0.44,9,-0.2,16,0
CLM20260403000789,RID59958,civic_unrest,45.7,4,37.5,43.7,0.83,10,0.48,24,0
CLM20260403000790,RID62342,extreme_heat,18.1,3,51.3,9.6,1.18,9,1.46,23,0
CLM20260403000791,RID61992,heavy_rainfall,8.6,5,35.3,37.1,0.05,4,0.1,23,0
CLM20260403000792,RID11407,civic_unrest,6.1,0,189.3,4.8,9.57,26,2.86,3,1
CLM20260403000793,RID25031,extreme_heat,31.6,1,32.7,65.0,1.68,8,-0.53,25,0
CLM20260403000794,RID52875,severe_pollution,118.7,2,52.8,53.9,0.65,6,2.26,22,0
CLM20260403000795,RID73538,severe_pollution,73.1,1,30.4,8.9,0.24,6,-0.41,27,0
CLM20260403000796,RID18943,heavy_rainfall,88.3,3,53.6,21.5,0.76,9,1.12,8,0
CLM20260403000797,RID81883,extreme_heat,6.6,0,3.2,6.8,12.11,28,2.93,2,1
CLM20260403000798,RID67373,extreme_heat,78.5,2,11.4,21.4,1.35,6,0.32,25,0
CLM20260403000799,RID71707,civic_unrest,44.5,2,18.8,15.7,0.89,5,-2.08,27,0
CLM20260403000800,RID31150,extreme_heat,54.2,3,43.5,32.2,0.55,7,0.2,28,0
CLM20260403000801,RID12367,heavy_rainfall,25.2,0,32.3,21.0,1.6,9,0.4,21,0
CLM20260403000802,RID33230,civic_unrest,6.2,0,2.2,13.2,10.98,44,2.9,1,1
CLM20260403000803,RID26272,severe_pollution,0.7,0,6.2,13.0,8.6,47,2.94,4,1
CLM20260403000804,RID32079,heavy_rainfall,52.3,2,45.8,31.3,0.45,9,-0.61,29,0
CLM20260403000805,RID98000,heavy_rainfall,0.7,0,8.6,5.7,14.07,49,3.28,1,1
CLM20260403000806,RID98785,civic_unrest,92.2,3,59.3,11.2,0.65,10,-2.18,18,0
CLM20260403000807,RID30119,severe_pollution,65.8,5,49.7,49.3,4.52,6,0.82,13,0
CLM20260403000808,RID56935,extreme_heat,119.0,4,34.2,22.0,2.28,8,-1.68,12,0
CLM20260403000809,RID38399,heavy_rainfall,15.2,2,140.2,40.1,0.53,8,-1.33,24,0
CLM20260403000810,RID98479,extreme_heat,106.3,0,38.2,26.3,1.34,5,-0.92,29,0
CLM20260403000811,RID67941,heavy_rainfall,5.4,0,167.6,10.8,6.17,43,3.01,12,1
CLM20260403000812,RID93203,heavy_rainfall,58.0,4,88.7,18.8,0.89,3,1.13,14,0
CLM20260403000813,RID61199,civic_unrest,8.1,0,6.6,13.2,1.89,36,3.75,2,1
CLM20260403000814,RID68194,heavy_rainfall,240.0,3,113.0,23.6,2.44,11,1.05,28,0
CLM20260403000815,RID88407,heavy_rainfall,48.8,3,31.0,35.7,5.47,4,-1.07,22,0
CLM20260403000816,RID16378,severe_pollution,25.5,0,52.3,27.6,1.1,9,-0.11,28,0
CLM20260403000817,RID36442,extreme_heat,41.1,2,28.6,19.5,2.05,7,-1.82,21,0
CLM20260403000818,RID59105,extreme_heat,13.0,2,3.8,5.6,13.49,35,2.37,2,1
CLM20260403000819,RID36212,heavy_rainfall,10.9,1,72.2,36.2,0.87,8,-1.53,28,0
CLM20260403000820,RID12102,severe_pollution,52.1,2,23.4,21.3,0.85,4,0.89,19,0
CLM20260403000821,RID13662,heavy_rainfall,138.9,6,60.2,20.0,6.3,13,0.2,16,1
CLM20260403000822,RID54186,extreme_heat,76.8,2,33.5,48.4,0.64,13,-1.14,19,0
CLM20260403000823,RID99123,heavy_rainfall,129.4,2,57.0,3.2,0.25,12,0.12,21,0
CLM20260403000824,RID38910,heavy_rainfall,94.8,4,85.3,10.0,0.34,10,-0.07,9,0
CLM20260403000825,RID97046,extreme_heat,34.4,6,12.1,17.2,3.26,8,0.38,14,0
CLM20260403000826,RID31895,heavy_rainfall,73.4,2,108.0,38.7,0.0,9,-0.87,29,0
CLM20260403000827,RID64484,heavy_rainfall,26.0,2,73.7,80.0,1.12,7,-0.54,10,0
CLM20260403000828,RID52879,civic_unrest,116.0,3,52.4,7.9,2.95,12,0.19,9,0
CLM20260403000829,RID83669,extreme_heat,41.6,1,11.0,22.4,1.01,10,1.07,20,0
CLM20260403000830,RID91877,extreme_heat,23.2,1,11.4,28.3,1.03,6,-0.28,13,0
CLM20260403000831,RID81002,severe_pollution,2.0,0,105.9,6.3,10.32,35,3.66,1,1
CLM20260403000832,RID66083,heavy_rainfall,48.8,4,117.4,24.6,0.69,13,1.75,25,0
CLM20260403000833,RID40462,extreme_heat,100.1,4,54.1,14.7,0.27,10,1.42,25,0
CLM20260403000834,RID23878,civic_unrest,61.6,4,49.2,17.4,0.22,4,1.16,18,0
CLM20260403000835,RID52384,extreme_heat,36.8,1,58.9,29.0,3.26,6,0.78,26,0
CLM20260403000836,RID11965,severe_pollution,14.2,1,18.5,41.0,1.21,8,-2.15,24,0
CLM20260403000837,RID95720,civic_unrest,55.8,5,24.5,26.4,1.64,10,-0.53,22,0
CLM20260403000838,RID11570,severe_pollution,126.4,2,19.7,47.2,0.44,8,0.21,11,0
CLM20260403000839,RID37887,severe_pollution,45.6,3,35.5,2.8,4.41,7,-1.75,29,0
CLM20260403000840,RID38848,heavy_rainfall,28.0,0,29.6,21.1,0.41,8,-1.7,18,0
CLM20260403000841,RID96240,civic_unrest,9.9,3,31.5,30.9,0.64,8,-4.34,22,0
CLM20260403000842,RID95189,civic_unrest,56.5,6,28.6,39.4,0.1,9,0.7,26,0
CLM20260403000843,RID15759,heavy_rainfall,16.5,6,48.9,33.2,1.2,4,0.48,22,0
CLM20260403000844,RID38647,severe_pollution,32.7,4,38.3,39.7,1.46,6,-1.23,18,0
CLM20260403000845,RID49522,severe_pollution,37.9,2,33.7,26.8,0.71,9,-1.12,27,0
CLM20260403000846,RID23344,extreme_heat,0.5,0,110.5,4.1,14.87,38,3.75,1,0
CLM20260403000847,RID43022,heavy_rainfall,1.0,0,5.7,7.0,5.8,25,2.08,2,1
CLM20260403000848,RID88625,civic_unrest,69.4,3,29.0,21.7,2.47,9,0.66,10,0
CLM20260403000849,RID92689,severe_pollution,18.4,3,55.6,12.8,0.53,10,0.23,20,0
CLM20260403000850,RID98853,extreme_heat,27.7,2,50.1,24.5,1.27,7,1.28,11,0
CLM20260403000851,RID53522,extreme_heat,27.7,4,44.8,17.2,2.88,7,-1.49,12,0
CLM20260403000852,RID93277,civic_unrest,38.4,4,13.2,28.4,0.18,11,0.21,23,0
CLM20260403000853,RID97342,severe_pollution,34.5,3,46.1,29.1,1.47,7,-0.07,13,0
CLM20260403000854,RID18849,civic_unrest,178.9,4,13.5,14.7,1.47,6,-0.25,10,0
CLM20260403000855,RID12313,severe_pollution,22.7,3,46.4,66.9,2.91,7,-2.45,13,0
CLM20260403000856,RID60118,extreme_heat,71.9,2,36.0,43.3,0.37,7,0.85,11,0
CLM20260403000857,RID75984,heavy_rainfall,22.4,4,137.6,5.3,1.28,3,-0.38,21,0
CLM20260403000858,RID40488,heavy_rainfall,41.0,1,100.6,39.4,1.31,8,-3.07,25,0
CLM20260403000859,RID90786,heavy_rainfall,83.2,5,92.8,12.6,2.98,7,-1.15,16,0
CLM20260403000860,RID50481,extreme_heat,24.3,3,15.7,9.1,3.15,9,0.33,21,0
CLM20260403000861,RID66164,extreme_heat,54.2,5,26.2,59.3,0.75,7,1.61,7,0
CLM20260403000862,RID91233,heavy_rainfall,114.1,1,80.0,19.5,0.93,9,0.49,17,0
CLM20260403000863,RID17854,extreme_heat,108.0,3,34.7,27.7,0.27,7,0.62,26,0
CLM20260403000864,RID59089,severe_pollution,22.4,3,33.3,38.3,6.16,6,0.28,9,1
CLM20260403000865,RID48877,extreme_heat,71.7,4,12.0,27.7,0.72,8,-0.45,21,0
CLM20260403000866,RID29879,severe_pollution,1.5,1,9.6,7.5,14.85,27,3.94,1,1
CLM20260403000867,RID36789,heavy_rainfall,69.9,3,75.8,70.4,3.11,13,0.51,17,0
CLM20260403000868,RID41203,severe_pollution,28.8,1,29.1,6.2,0.23,9,-1.9,21,0
CLM20260403000869,RID53082,extreme_heat,106.2,2,55.6,20.9,0.06,6,-0.38,29,0
CLM20260403000870,RID46454,civic_unrest,23.3,3,29.0,63.1,0.07,11,-0.09,24,0
CLM20260403000871,RID94358,heavy_rainfall,42.0,2,22.6,29.5,5.83,10,2.56,22,0
CLM20260403000872,RID78271,severe_pollution,36.3,0,54.2,56.1,0.29,5,-2.29,29,1
CLM20260403000873,RID94940,civic_unrest,14.0,4,56.2,28.5,0.17,7,0.92,8,0
CLM20260403000874,RID13105,extreme_heat,60.8,0,31.4,17.9,2.98,8,-0.5,11,1
CLM20260403000875,RID53420,civic_unrest,52.2,2,37.4,18.5,1.19,9,1.01,20,0
CLM20260403000876,RID41752,extreme_heat,85.0,5,36.4,10.3,1.34,7,-0.18,12,0
CLM20260403000877,RID80688,heavy_rainfall,36.0,2,145.9,16.6,0.58,7,0.25,21,0
CLM20260403000878,RID97163,extreme_heat,80.4,1,30.9,34.2,3.26,11,-0.03,26,0
CLM20260403000879,RID39156,severe_pollution,18.3,2,26.6,18.3,0.85,9,0.99,15,0
CLM20260403000880,RID78350,civic_unrest,45.0,3,25.1,40.3,0.25,5,-0.02,14,0
CLM20260403000881,RID34057,severe_pollution,34.7,2,22.5,4.2,0.81,5,-1.51,17,0
CLM20260403000882,RID92546,heavy_rainfall,65.9,4,77.1,7.5,0.17,9,0.49,9,0
CLM20260403000883,RID18469,severe_pollution,10.3,2,30.0,16.5,0.57,4,-0.91,27,0
CLM20260403000884,RID19173,extreme_heat,155.9,4,19.8,14.1,1.32,3,1.42,29,0
CLM20260403000885,RID16829,extreme_heat,31.8,4,37.2,19.6,0.13,11,0.02,7,0
CLM20260403000886,RID36767,extreme_heat,41.6,2,46.9,8.5,1.61,4,-1.83,25,0
CLM20260403000887,RID22027,extreme_heat,48.8,3,39.3,52.1,5.73,7,0.91,15,0
CLM20260403000888,RID87677,extreme_heat,44.2,3,15.6,39.3,0.03,9,-0.25,8,0
CLM20260403000889,RID40973,heavy_rainfall,24.1,3,31.9,43.6,0.16,7,-0.32,24,0
CLM20260403000890,RID65868,severe_pollution,14.0,3,45.9,11.1,0.95,7,-0.06,18,0
CLM20260403000891,RID50824,extreme_heat,28.4,3,33.4,11.0,1.91,5,0.93,9,0
CLM20260403000892,RID35891,extreme_heat,74.2,0,56.0,62.2,2.77,7,-0.42,29,0
CLM20260403000893,RID65576,extreme_heat,27.5,1,33.5,9.5,1.53,7,2.26,20,0
CLM20260403000894,RID89410,extreme_heat,46.2,5,9.5,27.9,1.26,2,0.71,21,0
CLM20260403000895,RID49728,civic_unrest,13.1,1,18.3,13.1,1.99,5,0.38,29,0
CLM20260403000896,RID85552,severe_pollution,9.3,0,162.7,10.6,0.1,39,1.49,2,1
CLM20260403000897,RID93309,extreme_heat,30.8,2,55.9,48.6,0.38,9,0.27,18,0
CLM20260403000898,RID45633,severe_pollution,92.5,4,11.8,25.5,0.9,9,-0.34,8,0
CLM20260403000899,RID20487,civic_unrest,12.4,0,59.7,16.7,0.61,8,2.41,13,0
CLM20260403000900,RID62198,severe_pollution,68.0,6,17.0,15.4,0.85,8,-0.8,16,1
CLM20260403000901,RID31989,severe_pollution,46.4,2,58.2,39.5,0.36,7,0.09,19,0
CLM20260403000902,RID67852,severe_pollution,35.6,2,36.6,5.8,1.17,7,-1.57,8,0
CLM20260403000903,RID76229,severe_pollution,94.9,8,34.5,50.5,3.04,10,1.93,23,0
CLM20260403000904,RID30431,severe_pollution,20.9,4,25.4,19.3,0.45,7,0.66,14,0
CLM20260403000905,RID12596,severe_pollution,61.9,1,20.9,45.2,5.17,4,0.18,12,0
CLM20260403000906,RID66019,heavy_rainfall,18.0,2,138.1,28.1,0.08,6,-1.28,18,0
CLM20260403000907,RID49351,extreme_heat,49.1,1,46.0,37.3,2.09,17,-1.44,7,0
CLM20260403000908,RID82463,extreme_heat,91.4,2,41.3,19.1,2.29,6,-1.49,22,0
CLM20260403000909,RID43723,severe_pollution,49.7,7,54.5,60.7,1.55,6,2.09,13,0
CLM20260403000910,RID70771,civic_unrest,71.2,4,15.9,17.9,3.77,9,1.11,25,0
CLM20260403000911,RID69454,civic_unrest,40.0,3,57.7,24.1,0.52,3,0.73,13,0
CLM20260403000912,RID59171,severe_pollution,132.8,1,29.2,25.0,0.53,9,1.12,27,0
CLM20260403000913,RID19429,civic_unrest,72.8,1,27.4,22.5,0.23,12,-1.59,7,1
CLM20260403000914,RID27911,severe_pollution,44.2,2,35.2,12.0,1.17,6,-0.97,21,0
CLM20260403000915,RID35652,extreme_heat,64.4,4,49.6,80.0,2.26,6,0.83,10,0
CLM20260403000916,RID34854,heavy_rainfall,46.4,1,54.1,71.8,0.24,8,-1.21,16,0
CLM20260403000917,RID11682,civic_unrest,40.3,2,46.8,13.6,0.1,5,1.11,26,0
CLM20260403000918,RID74415,severe_pollution,21.1,4,35.9,45.9,0.5,4,-1.0,25,0
CLM20260403000919,RID64502,severe_pollution,21.0,4,47.6,4.7,0.29,8,-1.28,24,0
CLM20260403000920,RID58908,severe_pollution,106.6,4,17.2,14.4,2.17,7,0.08,24,0
CLM20260403000921,RID74166,civic_unrest,32.6,5,52.0,7.9,6.06,12,-2.41,16,0
CLM20260403000922,RID94023,heavy_rainfall,56.2,2,117.1,5.9,1.19,12,-0.81,19,0
CLM20260403000923,RID63580,heavy_rainfall,64.3,3,73.5,13.3,4.54,3,0.71,9,0
CLM20260403000924,RID26315,severe_pollution,54.7,1,47.6,37.2,0.16,7,0.12,26,1
CLM20260403000925,RID84135,extreme_heat,73.3,5,41.3,16.9,1.02,10,3.19,9,0
CLM20260403000926,RID35457,severe_pollution,29.5,2,14.1,40.5,0.15,7,1.04,19,0
CLM20260403000927,RID43457,civic_unrest,54.5,4,11.7,16.8,1.15,6,-0.24,14,0
CLM20260403000928,RID76795,severe_pollution,93.0,1,34.4,30.6,1.34,5,0.97,8,0
CLM20260403000929,RID93228,civic_unrest,37.4,3,38.0,3.4,1.35,5,1.68,16,0
CLM20260403000930,RID17563,severe_pollution,30.4,1,21.5,27.2,1.56,1,0.25,27,0
CLM20260403000931,RID65579,extreme_heat,15.5,2,18.4,12.1,2.08,8,0.66,10,0
CLM20260403000932,RID41765,severe_pollution,36.5,2,24.4,34.8,0.14,7,-0.93,13,0
CLM20260403000933,RID14522,civic_unrest,80.8,5,16.1,7.9,1.43,8,0.69,13,0
CLM20260403000934,RID92700,heavy_rainfall,58.2,3,51.6,19.7,2.51,8,-0.65,19,0
CLM20260403000935,RID97251,extreme_heat,56.1,5,42.6,22.2,0.21,6,-0.64,7,0
CLM20260403000936,RID44253,severe_pollution,66.9,3,36.6,33.4,1.28,9,-0.68,21,0
CLM20260403000937,RID99268,extreme_heat,69.7,1,56.3,16.4,0.48,8,1.21,25,0
CLM20260403000938,RID43330,extreme_heat,44.5,2,39.0,78.9,2.06,11,-0.75,24,0
CLM20260403000939,RID88924,extreme_heat,18.8,3,25.2,2.6,3.99,7,1.08,29,0
CLM20260403000940,RID11617,heavy_rainfall,30.1,7,79.1,34.2,3.16,10,-1.43,23,0
CLM20260403000941,RID22098,severe_pollution,60.9,6,45.6,40.1,3.94,8,-0.9,25,0
CLM20260403000942,RID62122,heavy_rainfall,9.7,0,5.6,2.6,0.92,31,0.6,3,1
CLM20260403000943,RID77965,extreme_heat,18.3,2,20.9,80.0,1.98,14,2.18,22,0
CLM20260403000944,RID65436,extreme_heat,20.3,1,21.2,52.2,0.05,9,-1.05,23,0
CLM20260403000945,RID65950,civic_unrest,31.8,1,18.5,27.2,0.33,8,2.58,17,0
CLM20260403000946,RID49612,severe_pollution,27.2,3,47.5,33.6,0.28,5,-1.09,24,0
CLM20260403000947,RID86818,civic_unrest,28.0,2,21.4,18.0,2.67,12,2.48,18,0
CLM20260403000948,RID63950,heavy_rainfall,60.3,0,65.7,23.1,2.37,7,-1.05,8,0
CLM20260403000949,RID24322,civic_unrest,53.1,5,52.5,5.2,4.87,9,-1.42,12,0
CLM20260403000950,RID28705,civic_unrest,96.8,3,57.0,17.0,1.98,5,-2.48,15,0
CLM20260403000951,RID37462,severe_pollution,95.7,0,58.7,17.9,0.21,9,-0.8,9,0
CLM20260403000952,RID50383,heavy_rainfall,120.9,1,126.1,50.2,0.41,11,-0.58,19,0
CLM20260403000953,RID32072,severe_pollution,58.4,1,9.6,16.5,0.5,5,-0.53,17,0
CLM20260403000954,RID10206,heavy_rainfall,34.5,2,144.1,37.3,1.37,11,0.25,8,0
CLM20260403000955,RID19154,severe_pollution,49.7,5,37.4,25.3,0.07,13,0.65,15,0
CLM20260403000956,RID78807,severe_pollution,122.4,2,12.7,25.9,0.76,2,-0.5,28,0
CLM20260403000957,RID95789,civic_unrest,89.1,1,46.8,8.4,0.44,10,0.95,29,0
CLM20260403000958,RID66485,extreme_heat,52.9,2,9.7,25.5,0.27,9,-1.0,27,0
CLM20260403000959,RID33121,civic_unrest,47.5,3,43.7,23.9,1.84,8,-0.69,10,0
CLM20260403000960,RID34431,extreme_heat,1.8,0,2.2,2.9,14.1,27,0.97,2,1
CLM20260403000961,RID35954,severe_pollution,38.9,4,49.5,35.3,3.2,5,1.45,27,0
CLM20260403000962,RID33853,heavy_rainfall,122.6,2,95.0,38.6,3.65,11,0.13,7,0
CLM20260403000963,RID69069,extreme_heat,32.5,3,55.8,23.9,0.95,5,1.08,7,0
CLM20260403000964,RID34331,extreme_heat,32.4,2,44.9,43.4,0.66,4,-0.25,24,0
CLM20260403000965,RID17730,extreme_heat,2.1,0,4.7,11.0,18.22,28,3.88,2,1
CLM20260403000966,RID35150,civic_unrest,49.2,3,25.5,7.6,0.76,10,-1.21,16,0
CLM20260403000967,RID63581,severe_pollution,51.0,3,32.0,67.8,0.42,9,-2.71,13,0
CLM20260403000968,RID92160,heavy_rainfall,33.2,3,142.8,47.6,0.93,11,-1.32,7,0
CLM20260403000969,RID93418,extreme_heat,70.2,4,56.8,28.3,0.1,2,1.28,11,0
CLM20260403000970,RID20460,civic_unrest,27.1,3,52.2,29.2,1.72,5,-0.25,27,0
CLM20260403000971,RID21233,severe_pollution,68.5,5,12.2,39.7,0.14,6,0.79,11,0
CLM20260403000972,RID26342,civic_unrest,26.1,5,25.2,20.3,3.2,10,1.36,25,0
CLM20260403000973,RID18423,civic_unrest,79.7,5,23.9,13.9,3.06,13,-0.45,7,0
CLM20260403000974,RID13888,extreme_heat,31.5,2,34.9,27.0,1.33,12,-0.83,23,0
CLM20260403000975,RID72638,severe_pollution,141.6,4,23.4,28.1,0.48,13,0.31,7,0
CLM20260403000976,RID98185,heavy_rainfall,62.7,6,60.1,37.3,1.38,7,0.44,7,0
CLM20260403000977,RID11246,heavy_rainfall,21.7,3,115.0,54.6,1.49,3,-0.94,23,0
CLM20260403000978,RID44875,heavy_rainfall,100.2,2,99.5,45.1,1.84,10,0.44,23,0
CLM20260403000979,RID97205,heavy_rainfall,57.5,2,140.7,17.9,0.91,13,1.86,8,0
CLM20260403000980,RID22693,extreme_heat,213.1,5,54.2,7.7,2.38,2,-0.75,24,0
CLM20260403000981,RID78463,heavy_rainfall,15.5,0,3.5,0.3,9.55,37,3.29,2,1
CLM20260403000982,RID59239,civic_unrest,98.8,2,19.5,15.5,3.05,9,0.18,27,0
CLM20260403000983,RID73691,severe_pollution,90.0,1,16.6,58.0,0.37,7,0.84,10,0
CLM20260403000984,RID54175,severe_pollution,75.3,4,56.5,65.8,0.61,12,0.36,10,0
CLM20260403000985,RID54112,civic_unrest,111.7,4,59.8,32.6,0.19,9,1.8,22,0
CLM20260403000986,RID99372,civic_unrest,31.2,3,39.8,6.3,2.06,11,0.14,11,0
CLM20260403000987,RID51317,extreme_heat,25.5,6,44.5,18.2,1.99,2,1.22,12,0
CLM20260403000988,RID57344,severe_pollution,55.0,4,52.9,29.0,1.04,8,-0.39,12,0
CLM20260403000989,RID59602,heavy_rainfall,42.1,2,142.0,21.5,1.33,9,-0.28,11,0
CLM20260403000990,RID56665,civic_unrest,55.4,4,16.5,36.2,0.44,3,-1.76,28,0
CLM20260403000991,RID23130,heavy_rainfall,28.4,5,67.4,71.0,3.89,8,1.62,14,0
CLM20260403000992,RID69889,severe_pollution,24.4,5,19.9,30.8,3.68,11,1.77,22,0
CLM20260403000993,RID28201,heavy_rainfall,59.7,3,36.1,5.1,1.53,12,-2.15,16,0
CLM20260403000994,RID88893,heavy_rainfall,9.7,3,57.3,3.7,4.01,11,-2.12,18,0
CLM20260403000995,RID79550,civic_unrest,13.2,0,8.1,14.5,0.2,38,3.99,3,1
CLM20260403000996,RID42576,civic_unrest,24.2,3,9.7,13.9,0.25,8,-1.44,15,0
CLM20260403000997,RID69233,severe_pollution,39.9,3,51.7,57.1,0.94,9,0.92,19,0
CLM20260403000998,RID77490,severe_pollution,38.5,1,17.0,8.3,0.56,12,0.14,8,0
CLM20260403000999,RID96537,extreme_heat,14.3,2,14.4,41.4,0.44,4,0.95,8,0
CLM20260403001000,RID10410,civic_unrest,13.2,1,10.2,3.4,0.54,6,-2.07,16,0
CLM20260403001001,RID12179,civic_unrest,186.7,3,26.6,30.5,0.2,9,0.39,13,0
CLM20260403001002,RID15997,civic_unrest,12.9,0,37.7,32.3,0.9,5,-1.35,25,0
CLM20260403001003,RID98857,severe_pollution,7.0,0,2.7,14.1,0.96,43,2.79,12,1
CLM20260403001004,RID40612,severe_pollution,88.6,3,53.7,42.8,0.25,5,-2.3,29,0
CLM20260403001005,RID62450,heavy_rainfall,145.0,2,41.2,11.1,6.21,8,-0.2,7,0
CLM20260403001006,RID55656,severe_pollution,93.5,1,55.4,19.6,1.81,6,-1.75,18,0
CLM20260403001007,RID72406,heavy_rainfall,117.5,4,38.9,19.7,0.47,9,2.17,13,0
CLM20260403001008,RID60444,civic_unrest,3.0,0,4.0,5.8,18.3,33,2.35,1,1
CLM20260403001009,RID89583,extreme_heat,22.7,2,27.7,28.6,5.44,5,-0.45,15,0
CLM20260403001010,RID28764,heavy_rainfall,34.4,8,55.5,37.5,1.92,10,0.94,13,0
CLM20260403001011,RID26759,severe_pollution,11.9,0,132.1,7.6,0.13,31,3.99,3,1
CLM20260403001012,RID21415,civic_unrest,40.0,1,16.8,6.1,0.43,5,-0.86,22,0
CLM20260403001013,RID98219,severe_pollution,30.5,3,22.6,42.2,0.54,8,-1.0,9,0
CLM20260403001014,RID32027,severe_pollution,5.6,0,5.0,2.3,11.02,31,2.34,3,1
CLM20260403001015,RID25162,severe_pollution,31.5,2,14.7,20.7,0.43,5,0.49,21,0
CLM20260403001016,RID96853,extreme_heat,63.2,3,44.3,29.1,0.04,6,-0.03,16,0
CLM20260403001017,RID41897,extreme_heat,162.4,2,20.6,25.3,2.09,11,-0.49,11,0
CLM20260403001018,RID32338,heavy_rainfall,93.5,6,74.4,21.2,4.37,11,0.86,22,0
CLM20260403001019,RID23824,severe_pollution,10.7,0,2.4,8.3,15.79,30,4.52,4,1
CLM20260403001020,RID13830,extreme_heat,69.8,2,38.8,68.2,0.12,6,0.86,10,0
CLM20260403001021,RID52795,severe_pollution,17.7,4,56.4,40.9,1.76,6,-1.37,11,0
CLM20260403001022,RID46747,extreme_heat,6.0,5,39.9,80.0,4.49,7,-1.54,24,0
CLM20260403001023,RID43767,severe_pollution,158.8,8,34.3,40.2,0.75,11,0.03,13,0
CLM20260403001024,RID97897,heavy_rainfall,48.3,4,69.5,15.5,2.28,7,-0.29,17,0
CLM20260403001025,RID97225,extreme_heat,73.7,4,55.6,11.4,0.54,6,0.48,29,0
CLM20260403001026,RID80063,severe_pollution,36.7,3,41.3,44.1,5.74,7,-1.93,25,0
CLM20260403001027,RID21854,civic_unrest,61.7,3,44.2,14.9,0.29,7,1.14,17,0
CLM20260403001028,RID39334,heavy_rainfall,46.4,9,68.2,36.8,0.23,9,0.22,9,0
CLM20260403001029,RID94408,civic_unrest,140.6,6,37.7,26.4,1.05,3,-0.14,14,0
CLM20260403001030,RID59415,severe_pollution,36.6,1,33.2,7.0,1.56,5,-1.72,25,0
CLM20260403001031,RID95710,severe_pollution,58.6,1,22.4,39.2,0.22,6,0.5,25,0
CLM20260403001032,RID40587,extreme_heat,74.4,1,59.6,37.4,0.12,6,-0.39,14,0
CLM20260403001033,RID43959,heavy_rainfall,40.6,4,26.1,43.5,0.98,9,-0.17,14,0
CLM20260403001034,RID48138,heavy_rainfall,57.2,2,92.9,14.4,2.57,9,1.23,28,0
CLM20260403001035,RID24599,heavy_rainfall,38.6,4,121.8,30.4,0.6,4,2.33,26,0
CLM20260403001036,RID54595,extreme_heat,122.4,1,37.3,34.7,0.65,4,0.19,21,0
CLM20260403001037,RID25218,civic_unrest,145.1,0,29.2,31.4,0.66,9,-1.29,16,0
CLM20260403001038,RID26700,civic_unrest,92.2,3,19.2,23.0,1.25,7,1.03,21,0
CLM20260403001039,RID59832,heavy_rainfall,33.5,2,60.4,24.1,1.45,7,1.26,17,0
CLM20260403001040,RID50737,heavy_rainfall,97.3,3,113.8,53.4,2.96,11,-0.33,20,0
CLM20260403001041,RID87340,extreme_heat,234.0,0,39.5,58.5,0.82,9,1.06,8,0
CLM20260403001042,RID60875,severe_pollution,51.7,7,12.3,73.3,3.57,5,1.38,8,0
CLM20260403001043,RID51896,civic_unrest,143.0,3,38.7,20.8,0.82,13,2.43,12,0
CLM20260403001044,RID99037,extreme_heat,14.0,4,10.8,44.9,1.44,4,2.4,20,0
CLM20260403001045,RID78124,extreme_heat,8.8,2,32.9,17.6,2.66,11,1.55,25,0
CLM20260403001046,RID23970,severe_pollution,28.9,2,47.9,29.2,1.81,9,1.01,26,0
CLM20260403001047,RID11204,severe_pollution,6.1,3,23.1,26.4,3.58,5,-1.0,22,0
CLM20260403001048,RID51409,extreme_heat,23.7,2,29.1,14.3,0.04,8,0.54,18,0
CLM20260403001049,RID48905,extreme_heat,2.3,0,3.4,10.9,13.11,31,2.67,3,1
CLM20260403001050,RID75514,severe_pollution,32.8,2,38.8,58.1,0.13,5,0.27,19,0
CLM20260403001051,RID29323,civic_unrest,67.0,6,19.2,28.3,4.25,6,-0.16,10,1
CLM20260403001052,RID29119,heavy_rainfall,45.3,1,149.2,15.4,1.1,7,-1.23,29,0
CLM20260403001053,RID88496,civic_unrest,3.8,3,59.9,15.1,0.46,2,-0.85,20,0
CLM20260403001054,RID50487,heavy_rainfall,24.1,3,40.4,52.1,0.45,14,0.56,10,0
CLM20260403001055,RID45841,severe_pollution,33.8,2,56.2,31.0,2.37,9,1.35,27,0
CLM20260403001056,RID92716,extreme_heat,68.4,3,58.6,27.1,0.32,8,-0.63,25,1
CLM20260403001057,RID74883,civic_unrest,90.5,6,23.7,20.4,2.09,5,-2.46,25,0
CLM20260403001058,RID59375,heavy_rainfall,36.5,1,75.6,43.7,0.09,8,0.56,27,0
CLM20260403001059,RID53665,extreme_heat,22.2,2,39.5,45.2,2.35,9,-1.83,26,0
CLM20260403001060,RID37605,extreme_heat,48.0,1,36.0,19.5,1.69,7,2.35,22,0
CLM20260403001061,RID16889,extreme_heat,63.8,2,31.7,2.5,0.77,8,0.72,22,0
CLM20260403001062,RID73898,severe_pollution,22.4,3,42.4,3.4,0.19,8,0.64,23,0
CLM20260403001063,RID49203,extreme_heat,17.2,4,11.4,36.4,1.31,3,1.34,23,0
CLM20260403001064,RID12826,severe_pollution,42.2,4,23.0,27.8,0.54,9,1.06,29,0
CLM20260403001065,RID54225,severe_pollution,143.8,5,8.7,24.3,1.53,9,1.02,29,0
CLM20260403001066,RID98853,severe_pollution,84.0,2,35.4,30.8,3.04,6,-0.39,29,0
CLM20260403001067,RID55653,severe_pollution,211.7,1,35.8,17.6,0.3,7,1.6,17,0
CLM20260403001068,RID61257,heavy_rainfall,2.9,0,41.6,2.8,18.77,45,3.0,4,1
CLM20260403001069,RID79185,civic_unrest,21.3,2,41.9,52.3,0.07,7,0.46,25,0
CLM20260403001070,RID47010,extreme_heat,125.1,2,43.8,42.4,0.91,12,0.64,15,0
CLM20260403001071,RID81828,severe_pollution,1.1,5,51.4,13.1,2.19,8,0.66,11,0
CLM20260403001072,RID22755,extreme_heat,41.0,4,52.1,60.6,0.39,7,1.53,14,0
CLM20260403001073,RID52391,heavy_rainfall,22.5,3,33.3,10.9,0.76,4,2.48,14,0
CLM20260403001074,RID49855,severe_pollution,207.5,2,47.1,7.5,0.47,10,-2.05,23,0
CLM20260403001075,RID95804,extreme_heat,6.3,3,22.0,16.9,1.07,11,-0.06,27,0
CLM20260403001076,RID85649,extreme_heat,33.9,2,9.2,27.3,0.21,13,-0.85,11,0
CLM20260403001077,RID67918,severe_pollution,0.5,1,114.9,6.7,13.8,33,3.44,1,1
CLM20260403001078,RID48152,extreme_heat,45.9,0,39.9,18.4,2.49,14,0.59,23,0
CLM20260403001079,RID37494,extreme_heat,171.6,2,15.2,65.1,1.36,5,1.61,29,0
CLM20260403001080,RID35644,heavy_rainfall,43.4,4,148.7,34.9,0.28,4,0.48,13,0
CLM20260403001081,RID57477,heavy_rainfall,6.0,3,81.0,47.7,0.96,11,-0.02,26,0
CLM20260403001082,RID98908,extreme_heat,106.4,2,57.5,4.2,3.19,6,-1.13,28,0
CLM20260403001083,RID59355,severe_pollution,103.0,4,58.0,7.4,0.42,11,-0.78,24,0
CLM20260403001084,RID99056,extreme_heat,11.5,3,31.3,17.3,1.0,8,1.21,18,0
CLM20260403001085,RID17383,heavy_rainfall,42.8,4,110.2,11.1,1.04,6,0.06,18,0
CLM20260403001086,RID56607,severe_pollution,16.6,2,33.2,23.0,0.66,6,-0.02,14,0
CLM20260403001087,RID33544,heavy_rainfall,84.3,2,44.3,19.6,1.27,7,2.98,8,0
CLM20260403001088,RID25380,civic_unrest,93.2,4,12.7,8.4,1.13,10,0.91,29,0
CLM20260403001089,RID87777,severe_pollution,43.2,2,14.3,12.8,0.28,11,-1.08,13,0
CLM20260403001090,RID29473,severe_pollution,48.5,2,18.3,17.8,0.15,9,-0.25,20,0
CLM20260403001091,RID42112,heavy_rainfall,85.8,2,145.9,17.8,0.16,11,1.76,24,0
CLM20260403001092,RID25571,extreme_heat,42.9,2,31.5,29.9,0.01,8,-0.99,14,0
CLM20260403001093,RID61989,severe_pollution,36.6,1,40.9,17.1,1.23,8,-0.76,20,0
CLM20260403001094,RID49674,extreme_heat,92.2,5,59.6,14.1,0.27,8,-0.62,25,0
CLM20260403001095,RID95563,severe_pollution,64.0,4,26.4,44.0,3.69,5,-1.69,18,0
CLM20260403001096,RID97914,heavy_rainfall,162.1,1,54.0,7.4,0.39,5,0.34,15,0
CLM20260403001097,RID70774,severe_pollution,49.9,4,28.5,3.1,4.29,7,0.63,17,0
CLM20260403001098,RID46073,severe_pollution,178.8,4,58.1,53.9,5.24,6,1.45,25,0
CLM20260403001099,RID58145,heavy_rainfall,61.4,3,102.6,14.7,2.51,6,0.92,20,0
CLM20260403001100,RID25728,heavy_rainfall,90.4,3,80.8,16.2,0.52,9,-0.47,28,0
CLM20260403001101,RID20831,heavy_rainfall,117.0,3,26.2,7.9,0.02,7,2.53,25,0
CLM20260403001102,RID74122,extreme_heat,126.0,4,10.1,24.4,0.56,10,-1.39,28,0
CLM20260403001103,RID13018,severe_pollution,88.4,6,11.0,42.8,1.85,6,0.61,9,0
CLM20260403001104,RID45877,heavy_rainfall,46.8,5,145.9,40.7,2.62,5,0.48,11,0
CLM20260403001105,RID87709,extreme_heat,67.4,3,21.1,30.2,1.68,11,0.15,8,0
CLM20260403001106,RID60326,severe_pollution,75.2,4,53.0,80.0,0.58,7,1.71,25,0
CLM20260403001107,RID94488,severe_pollution,164.3,3,43.1,19.3,2.28,6,-0.2,21,0
CLM20260403001108,RID49107,extreme_heat,31.5,0,18.0,48.2,2.4,4,0.09,18,0
CLM20260403001109,RID23033,civic_unrest,21.9,0,16.1,15.4,1.35,7,1.66,15,0
CLM20260403001110,RID18322,extreme_heat,41.1,1,32.1,24.9,3.42,9,-1.7,25,0
CLM20260403001111,RID63127,heavy_rainfall,25.8,2,41.9,19.2,1.06,16,-1.04,15,0
CLM20260403001112,RID61615,severe_pollution,24.0,2,56.0,61.4,2.8,7,-3.0,25,0
CLM20260403001113,RID18379,heavy_rainfall,16.8,2,136.6,19.8,0.52,11,1.56,29,0
CLM20260403001114,RID37192,heavy_rainfall,11.2,2,106.4,64.8,1.69,6,-1.23,7,0
CLM20260403001115,RID33680,extreme_heat,26.0,3,21.5,23.2,0.28,11,1.63,25,0
CLM20260403001116,RID10697,severe_pollution,163.8,2,18.9,69.3,2.18,6,0.99,9,0
CLM20260403001117,RID51195,heavy_rainfall,51.9,2,125.7,5.6,0.76,6,0.14,7,0
CLM20260403001118,RID15130,extreme_heat,81.6,2,51.2,20.0,0.45,11,-0.08,23,0
CLM20260403001119,RID85377,extreme_heat,50.3,4,50.0,40.5,0.96,6,0.88,9,0
CLM20260403001120,RID95542,extreme_heat,39.2,2,32.0,33.9,0.59,5,0.49,29,0
CLM20260403001121,RID21510,civic_unrest,18.7,6,43.4,18.7,0.28,5,0.71,25,0
CLM20260403001122,RID14588,heavy_rainfall,94.2,5,74.7,80.0,0.15,7,1.45,16,0
CLM20260403001123,RID26346,civic_unrest,59.2,3,25.6,17.8,0.22,8,-0.24,9,0
CLM20260403001124,RID57652,extreme_heat,35.8,4,56.7,28.0,0.74,4,-0.14,15,0
CLM20260403001125,RID65450,heavy_rainfall,106.3,3,84.2,14.0,1.12,8,0.62,25,0
CLM20260403001126,RID42550,civic_unrest,36.2,3,55.5,19.0,1.25,7,0.59,21,0
CLM20260403001127,RID16051,civic_unrest,26.3,1,39.2,4.9,4.65,15,1.06,15,0
CLM20260403001128,RID96397,severe_pollution,0.5,0,87.4,6.1,11.57,32,2.68,2,1
CLM20260403001129,RID28331,severe_pollution,2.8,2,39.9,18.5,0.07,9,-0.35,10,0
CLM20260403001130,RID51017,civic_unrest,65.0,1,35.0,4.9,0.29,8,-0.46,19,0
CLM20260403001131,RID89452,extreme_heat,26.7,3,16.2,32.8,2.41,6,1.13,7,0
CLM20260403001132,RID22977,heavy_rainfall,50.1,3,101.1,6.4,2.87,10,1.49,17,0
CLM20260403001133,RID41077,heavy_rainfall,66.4,1,136.1,3.5,0.69,9,-1.54,13,0
CLM20260403001134,RID34651,extreme_heat,1.5,0,2.7,9.5,11.75,27,2.28,1,1
CLM20260403001135,RID49283,extreme_heat,185.8,4,57.5,26.5,1.64,10,-1.4,13,0
CLM20260403001136,RID27590,extreme_heat,19.5,1,43.9,55.5,0.19,10,1.1,25,0
CLM20260403001137,RID87566,civic_unrest,34.9,0,54.8,25.7,0.22,11,0.05,28,0
CLM20260403001138,RID46358,extreme_heat,85.0,1,23.5,30.5,0.07,7,-1.02,11,0
CLM20260403001139,RID91567,severe_pollution,75.9,4,39.9,18.0,0.67,10,0.58,15,0
CLM20260403001140,RID19746,civic_unrest,29.6,4,39.4,28.9,6.16,9,0.41,9,0
CLM20260403001141,RID44167,severe_pollution,76.5,3,49.8,29.7,0.54,7,0.25,11,0
CLM20260403001142,RID95166,extreme_heat,58.5,2,46.3,12.5,5.55,6,-0.8,28,0
CLM20260403001143,RID62436,severe_pollution,32.1,4,51.0,10.0,0.09,6,0.12,10,0
CLM20260403001144,RID20912,civic_unrest,33.8,5,53.5,32.7,2.22,9,0.92,27,0
CLM20260403001145,RID98673,severe_pollution,71.2,3,45.3,4.8,0.14,10,-1.62,11,0
CLM20260403001146,RID28775,extreme_heat,9.1,1,31.6,27.3,1.01,7,0.74,16,0
CLM20260403001147,RID19248,civic_unrest,41.7,2,10.2,46.2,0.06,11,0.35,26,0
CLM20260403001148,RID92984,extreme_heat,1.6,2,58.1,34.2,0.13,7,0.22,24,0
CLM20260403001149,RID58777,extreme_heat,11.9,2,53.4,31.9,1.07,6,-0.45,23,0
CLM20260403001150,RID65009,extreme_heat,0.5,0,165.3,7.9,8.74,26,3.75,5,1
CLM20260403001151,RID51465,severe_pollution,48.4,4,46.2,22.2,2.23,9,1.43,23,0
CLM20260403001152,RID59668,heavy_rainfall,24.0,4,89.0,35.8,1.12,3,-0.98,22,0
CLM20260403001153,RID89116,extreme_heat,23.6,6,34.5,1.9,4.31,9,1.31,11,0
CLM20260403001154,RID20161,civic_unrest,73.6,3,52.0,30.7,0.75,9,-1.31,13,0
CLM20260403001155,RID26334,heavy_rainfall,10.8,0,4.3,8.3,16.69,34,3.3,3,1
CLM20260403001156,RID99650,severe_pollution,147.6,2,17.3,22.5,0.09,5,-0.33,17,1
CLM20260403001157,RID18645,civic_unrest,112.6,1,52.6,31.8,0.29,9,0.21,18,0
CLM20260403001158,RID93909,heavy_rainfall,13.2,5,133.0,11.0,2.36,7,-1.94,7,0
CLM20260403001159,RID57555,civic_unrest,150.7,3,18.9,22.7,0.86,4,0.21,22,0
CLM20260403001160,RID45815,extreme_heat,7.3,7,28.1,13.4,1.75,7,0.04,9,0
CLM20260403001161,RID39591,civic_unrest,11.1,7,36.9,80.0,2.06,2,-1.38,13,0
CLM20260403001162,RID11292,heavy_rainfall,144.5,6,98.7,12.6,1.37,7,1.74,29,0
CLM20260403001163,RID59434,extreme_heat,26.7,3,34.4,9.8,1.66,9,-0.35,21,0
CLM20260403001164,RID59628,heavy_rainfall,44.4,2,70.2,76.7,1.66,10,1.37,21,0
CLM20260403001165,RID26187,extreme_heat,49.3,1,38.0,21.3,1.52,7,-1.04,23,0
CLM20260403001166,RID79006,civic_unrest,9.3,4,55.9,29.9,2.88,14,0.17,17,0
CLM20260403001167,RID87178,severe_pollution,68.0,4,36.6,60.3,0.86,3,-1.29,12,0
CLM20260403001168,RID22522,civic_unrest,2.9,0,8.1,10.3,19.74,37,3.51,2,1
CLM20260403001169,RID84993,civic_unrest,83.3,3,18.7,31.0,2.27,8,-0.59,18,0
CLM20260403001170,RID82291,civic_unrest,5.9,0,179.7,13.5,15.74,38,3.26,3,1
CLM20260403001171,RID89621,heavy_rainfall,73.9,2,143.3,22.6,0.39,6,1.48,13,0
CLM20260403001172,RID16286,extreme_heat,150.7,2,39.2,25.6,2.04,9,1.65,23,0
CLM20260403001173,RID51680,severe_pollution,54.7,2,36.3,16.3,0.02,10,1.6,11,0
CLM20260403001174,RID33681,civic_unrest,46.7,4,36.3,27.9,4.97,14,-0.07,10,0
CLM20260403001175,RID98842,severe_pollution,2.0,0,74.9,1.6,6.6,40,2.86,3,1
CLM20260403001176,RID72503,extreme_heat,8.0,0,7.3,2.3,1.63,47,1.38,3,1
CLM20260403001177,RID43955,heavy_rainfall,11.4,0,67.3,14.4,9.45,46,2.4,4,1
CLM20260403001178,RID77314,extreme_heat,17.6,3,15.6,17.9,0.87,10,-0.64,21,0
CLM20260403001179,RID96188,extreme_heat,78.9,5,53.6,30.2,0.1,12,-0.74,8,0
CLM20260403001180,RID28700,severe_pollution,126.6,4,31.0,24.0,0.65,6,0.59,17,0
CLM20260403001181,RID84391,civic_unrest,88.3,1,34.4,66.5,1.84,9,0.2,20,1
CLM20260403001182,RID16929,civic_unrest,39.2,1,24.6,10.8,1.11,9,-1.54,9,1
CLM20260403001183,RID42651,severe_pollution,69.6,1,14.9,10.4,0.2,7,0.2,24,0
CLM20260403001184,RID70003,extreme_heat,92.4,4,29.1,23.9,0.35,8,-1.48,24,0
CLM20260403001185,RID67535,civic_unrest,15.6,4,48.8,11.3,0.1,3,-1.58,27,0
CLM20260403001186,RID71428,civic_unrest,116.5,4,40.4,15.5,0.32,7,0.71,7,1
CLM20260403001187,RID46152,severe_pollution,14.9,3,25.4,29.3,0.44,7,0.53,11,0
CLM20260403001188,RID78235,extreme_heat,23.6,3,37.9,39.2,1.46,11,-0.11,13,0
CLM20260403001189,RID50001,heavy_rainfall,73.8,2,24.8,38.7,0.81,6,-1.42,14,0
CLM20260403001190,RID50063,severe_pollution,24.2,5,59.3,29.1,1.68,13,-0.82,26,0
CLM20260403001191,RID50991,heavy_rainfall,74.2,3,116.3,22.8,0.68,4,1.32,19,0
CLM20260403001192,RID93188,heavy_rainfall,22.2,2,130.1,32.3,1.99,4,-2.0,20,0
CLM20260403001193,RID20052,extreme_heat,58.0,2,46.5,44.9,0.07,9,0.29,17,1
CLM20260403001194,RID22272,extreme_heat,9.8,0,4.9,6.9,1.15,43,3.24,8,1
CLM20260403001195,RID85407,heavy_rainfall,70.1,3,22.6,35.9,1.5,8,0.17,9,0
CLM20260403001196,RID21086,civic_unrest,33.7,2,32.6,4.4,1.41,6,-3.01,29,0
CLM20260403001197,RID82634,severe_pollution,21.0,2,16.9,34.4,0.35,10,0.23,24,0
CLM20260403001198,RID11401,severe_pollution,215.5,2,32.5,24.1,2.36,7,-0.25,17,0
CLM20260403001199,RID98740,extreme_heat,136.4,2,17.5,63.4,3.02,6,-0.05,24,0
CLM20260403001200,RID72869,severe_pollution,37.6,2,42.4,47.5,1.84,5,-0.11,8,1
CLM20260403001201,RID77503,heavy_rainfall,23.6,2,137.9,37.9,7.84,4,2.01,12,0
CLM20260403001202,RID63145,heavy_rainfall,171.0,3,22.1,21.3,0.09,7,-1.95,20,0
CLM20260403001203,RID90777,extreme_heat,63.4,5,28.3,75.4,1.3,6,3.94,26,0
CLM20260403001204,RID10955,severe_pollution,92.8,2,30.9,13.7,2.11,7,1.2,14,0
CLM20260403001205,RID80035,civic_unrest,76.6,1,34.1,6.5,2.59,10,0.93,15,0
CLM20260403001206,RID42011,heavy_rainfall,97.1,4,28.4,38.3,1.55,9,0.16,12,0
CLM20260403001207,RID89609,severe_pollution,35.6,2,49.2,26.1,2.48,6,-1.34,27,0
CLM20260403001208,RID32089,extreme_heat,114.5,4,47.9,26.6,0.74,5,0.63,26,0
CLM20260403001209,RID32913,heavy_rainfall,4.8,7,134.4,20.2,7.27,8,0.52,29,0
CLM20260403001210,RID58110,extreme_heat,102.6,3,19.9,29.4,0.32,7,-0.78,20,0
CLM20260403001211,RID77329,civic_unrest,59.3,3,47.2,8.6,0.15,7,0.73,22,0
CLM20260403001212,RID16672,severe_pollution,149.8,2,44.9,38.3,0.28,6,0.23,16,0
CLM20260403001213,RID74947,severe_pollution,14.7,0,8.0,13.6,1.78,36,2.65,2,0
CLM20260403001214,RID32345,civic_unrest,40.8,5,46.2,32.5,1.84,4,-0.32,10,0
CLM20260403001215,RID24841,civic_unrest,231.2,3,32.2,37.1,0.69,7,-0.88,26,0
CLM20260403001216,RID99006,extreme_heat,0.5,0,89.5,14.6,13.13,31,3.06,2,1
CLM20260403001217,RID80663,heavy_rainfall,83.8,2,79.4,43.8,1.47,3,1.26,26,0
CLM20260403001218,RID48019,civic_unrest,42.8,1,23.2,3.7,0.26,7,1.84,11,0
CLM20260403001219,RID73324,civic_unrest,124.0,1,22.4,32.0,1.09,9,-0.18,28,0
CLM20260403001220,RID44701,extreme_heat,0.5,0,172.1,12.2,16.72,29,3.25,4,1
CLM20260403001221,RID10292,severe_pollution,81.0,6,52.0,14.8,2.03,2,-1.54,17,0
CLM20260403001222,RID38503,civic_unrest,55.0,4,51.4,29.1,1.04,7,-0.67,8,0
CLM20260403001223,RID94275,heavy_rainfall,31.2,3,38.3,31.3,3.77,11,-1.65,19,0
CLM20260403001224,RID70693,severe_pollution,7.0,0,2.1,5.3,0.83,30,2.75,4,1
CLM20260403001225,RID17536,civic_unrest,50.0,0,12.5,61.2,1.39,7,0.24,25,0
CLM20260403001226,RID10772,severe_pollution,16.8,5,13.4,38.9,2.77,18,1.11,12,0
CLM20260403001227,RID53063,civic_unrest,159.0,3,50.7,38.3,0.1,6,0.98,13,0
CLM20260403001228,RID56385,heavy_rainfall,30.8,1,149.4,4.6,0.04,5,1.47,21,0
CLM20260403001229,RID10675,civic_unrest,40.6,3,46.6,15.2,3.78,12,-2.0,15,0
CLM20260403001230,RID34400,severe_pollution,2.0,0,131.8,2.7,12.04,44,1.69,1,1
CLM20260403001231,RID56469,heavy_rainfall,5.7,4,40.2,58.4,2.37,9,1.63,22,0
CLM20260403001232,RID23282,severe_pollution,186.5,6,45.3,80.0,3.66,8,-1.58,22,0
CLM20260403001233,RID74493,extreme_heat,58.0,5,20.3,25.9,0.49,7,0.4,26,0
CLM20260403001234,RID21107,extreme_heat,43.8,4,57.4,23.6,3.73,7,1.28,8,0
CLM20260403001235,RID63833,heavy_rainfall,6.9,0,43.0,6.6,5.88,38,2.42,5,1
CLM20260403001236,RID73886,heavy_rainfall,52.2,2,99.9,18.1,2.27,9,-0.88,10,0
CLM20260403001237,RID30398,civic_unrest,38.8,3,47.4,12.3,1.28,12,-0.75,19,0
CLM20260403001238,RID39634,severe_pollution,49.5,4,41.3,32.2,1.95,6,0.6,10,0
CLM20260403001239,RID61820,civic_unrest,79.1,5,32.8,8.3,0.07,15,-0.93,10,0
CLM20260403001240,RID49227,civic_unrest,63.0,3,59.4,10.7,0.92,12,0.82,15,0
CLM20260403001241,RID66143,extreme_heat,0.5,0,2.8,14.2,7.2,28,1.89,5,1
CLM20260403001242,RID80310,civic_unrest,11.2,0,9.5,7.4,10.48,49,3.94,1,1
CLM20260403001243,RID24246,severe_pollution,29.2,3,50.8,16.8,0.18,10,0.14,24,1
CLM20260403001244,RID96019,severe_pollution,32.0,4,27.2,50.1,1.79,9,-0.4,23,0
CLM20260403001245,RID31211,extreme_heat,109.6,4,18.9,22.7,0.28,8,-1.83,28,0
CLM20260403001246,RID56365,severe_pollution,87.8,5,44.5,42.3,0.14,5,-0.99,15,0
CLM20260403001247,RID10761,civic_unrest,129.4,2,49.8,16.3,2.68,9,1.43,27,0
CLM20260403001248,RID36013,heavy_rainfall,74.8,1,94.9,15.5,0.77,8,-2.22,28,0
CLM20260403001249,RID34846,civic_unrest,44.4,5,59.6,55.4,0.12,8,-0.48,9,0
CLM20260403001250,RID15276,extreme_heat,46.8,5,50.2,17.5,1.89,10,0.87,15,0
CLM20260403001251,RID61713,severe_pollution,92.8,1,23.5,12.6,1.92,7,0.25,25,0
CLM20260403001252,RID53412,heavy_rainfall,211.5,0,95.9,23.1,0.45,7,-0.76,14,0
CLM20260403001253,RID31012,extreme_heat,37.2,6,42.9,80.0,2.16,9,0.61,11,0
CLM20260403001254,RID72822,civic_unrest,68.0,5,58.2,11.9,0.65,8,0.45,22,0
CLM20260403001255,RID25570,severe_pollution,26.8,2,20.1,6.4,0.7,7,-1.07,24,0
CLM20260403001256,RID74103,severe_pollution,156.4,2,22.0,56.6,0.96,9,0.59,15,0
CLM20260403001257,RID99356,extreme_heat,91.5,3,28.6,14.8,0.08,6,-0.52,8,0
CLM20260403001258,RID52583,severe_pollution,60.8,0,44.8,25.0,1.4,8,-0.88,18,0
CLM20260403001259,RID75779,severe_pollution,3.8,0,3.8,10.0,8.15,37,3.78,4,1
CLM20260403001260,RID27225,heavy_rainfall,27.7,3,64.4,80.0,3.44,9,1.1,9,0
CLM20260403001261,RID24139,heavy_rainfall,28.2,0,90.1,1.7,0.08,9,-1.58,9,0
CLM20260403001262,RID26531,extreme_heat,7.2,1,29.1,24.6,0.09,6,1.54,23,0
CLM20260403001263,RID55104,heavy_rainfall,4.1,0,4.9,0.3,12.55,40,3.26,3,1
CLM20260403001264,RID99710,extreme_heat,14.1,0,57.0,15.0,2.38,11,1.29,14,0
CLM20260403001265,RID16820,civic_unrest,111.4,6,33.4,16.5,0.03,9,0.06,9,0
CLM20260403001266,RID66317,heavy_rainfall,35.5,4,130.6,10.8,1.41,10,-1.52,24,0
CLM20260403001267,RID66928,severe_pollution,117.6,1,54.2,13.4,3.93,13,-1.15,28,1
CLM20260403001268,RID47940,civic_unrest,25.8,2,46.1,57.8,0.77,6,-2.24,20,0
CLM20260403001269,RID73691,heavy_rainfall,61.7,2,45.9,41.1,1.18,13,0.09,28,0
CLM20260403001270,RID66223,extreme_heat,48.4,3,33.5,80.0,0.68,7,1.07,16,0
CLM20260403001271,RID90951,extreme_heat,10.4,0,2.3,3.2,13.61,46,3.49,1,1
CLM20260403001272,RID77009,extreme_heat,89.5,2,11.4,10.9,1.5,9,0.37,15,0
CLM20260403001273,RID42698,civic_unrest,77.9,3,27.4,12.1,3.83,12,-2.97,17,0
CLM20260403001274,RID25075,civic_unrest,91.4,3,37.2,15.8,1.72,7,-2.0,28,0
CLM20260403001275,RID42421,severe_pollution,81.6,4,47.3,17.6,2.12,10,0.18,18,0
CLM20260403001276,RID36006,severe_pollution,17.9,5,39.6,50.0,0.39,6,-0.25,24,0
CLM20260403001277,RID23508,extreme_heat,53.6,2,55.9,7.4,1.71,5,-0.13,12,0
CLM20260403001278,RID34729,extreme_heat,47.8,2,9.8,45.3,2.53,7,-0.45,23,1
CLM20260403001279,RID40065,heavy_rainfall,23.9,4,45.3,32.2,1.72,6,0.73,13,1
CLM20260403001280,RID27340,severe_pollution,14.5,3,56.5,23.6,0.26,10,-0.45,7,0
CLM20260403001281,RID15028,civic_unrest,53.3,1,29.2,11.3,3.41,5,1.13,11,0
CLM20260403001282,RID35189,extreme_heat,67.1,4,14.6,8.2,0.48,13,0.02,12,0
CLM20260403001283,RID65876,heavy_rainfall,13.9,2,26.6,3.2,0.37,7,-1.22,22,0
CLM20260403001284,RID90801,extreme_heat,191.0,2,59.3,14.9,3.27,4,-0.44,16,0
CLM20260403001285,RID21919,heavy_rainfall,94.0,2,112.8,0.7,1.36,12,-1.33,11,0
CLM20260403001286,RID59853,severe_pollution,14.7,2,24.3,37.8,1.38,7,-0.74,17,0
CLM20260403001287,RID78809,civic_unrest,43.7,5,44.9,9.8,2.21,3,-0.72,22,0
CLM20260403001288,RID93009,extreme_heat,49.6,3,47.9,64.8,3.06,7,-2.29,24,0
CLM20260403001289,RID39068,civic_unrest,61.8,4,20.7,35.8,0.06,4,-0.27,10,0
CLM20260403001290,RID65846,severe_pollution,52.5,2,34.5,37.9,0.66,6,0.58,17,0
CLM20260403001291,RID18041,severe_pollution,34.1,6,8.2,35.1,1.84,7,-0.29,17,1
CLM20260403001292,RID94393,heavy_rainfall,45.9,3,20.5,78.3,0.1,7,-0.93,26,0
CLM20260403001293,RID49883,heavy_rainfall,111.1,3,96.9,37.1,1.04,8,0.72,12,0
CLM20260403001294,RID45290,civic_unrest,35.9,6,19.5,37.1,1.05,9,-0.33,18,0
CLM20260403001295,RID46773,civic_unrest,80.5,3,43.4,66.3,1.19,7,0.85,28,0
CLM20260403001296,RID64797,extreme_heat,182.4,6,24.3,13.3,1.52,10,0.07,21,0
CLM20260403001297,RID51922,heavy_rainfall,81.9,2,64.3,33.3,0.79,8,-0.51,25,1
CLM20260403001298,RID33822,heavy_rainfall,15.2,1,52.4,30.7,1.05,6,1.96,11,0
CLM20260403001299,RID10070,heavy_rainfall,3.5,0,64.8,1.1,7.5,23,3.24,4,1
CLM20260403001300,RID96563,civic_unrest,114.4,4,23.1,1.0,0.23,10,-1.7,17,0
CLM20260403001301,RID37784,civic_unrest,115.0,5,12.5,13.5,2.22,11,0.86,10,0
CLM20260403001302,RID71873,civic_unrest,23.4,3,8.9,80.0,0.78,6,-0.7,7,0
CLM20260403001303,RID89498,heavy_rainfall,4.6,0,120.0,3.7,1.79,32,3.21,4,1
CLM20260403001304,RID66479,extreme_heat,38.1,4,59.5,9.6,5.64,9,0.4,12,0
CLM20260403001305,RID43064,severe_pollution,69.7,5,19.7,51.4,0.0,7,0.21,28,0
CLM20260403001306,RID57655,civic_unrest,161.8,3,24.5,19.7,2.3,10,-2.31,20,0
CLM20260403001307,RID49892,heavy_rainfall,114.8,1,70.8,12.8,5.16,7,-0.2,8,0
CLM20260403001308,RID22699,heavy_rainfall,129.7,3,34.9,27.1,0.01,10,-0.93,14,0
CLM20260403001309,RID99517,extreme_heat,118.7,6,22.5,40.2,1.39,10,0.38,9,0
CLM20260403001310,RID53412,civic_unrest,32.0,2,57.5,47.8,2.68,7,0.94,8,0
CLM20260403001311,RID57367,civic_unrest,29.3,2,10.1,11.0,1.64,8,1.65,13,0
CLM20260403001312,RID41228,civic_unrest,50.7,1,26.2,8.1,0.4,8,0.19,25,0
CLM20260403001313,RID37529,severe_pollution,57.1,6,48.0,22.9,1.24,8,-0.14,24,0
CLM20260403001314,RID21433,heavy_rainfall,211.9,2,121.4,72.1,2.07,6,-2.13,13,0
CLM20260403001315,RID27102,heavy_rainfall,89.3,1,61.9,23.4,0.02,9,-0.57,11,0
CLM20260403001316,RID15379,extreme_heat,93.5,2,56.4,44.9,0.33,6,-0.22,28,0
CLM20260403001317,RID35287,severe_pollution,92.3,4,36.7,6.4,0.3,10,-0.85,21,0
CLM20260403001318,RID22928,heavy_rainfall,93.3,3,47.4,19.1,0.46,11,0.8,14,0
CLM20260403001319,RID81641,civic_unrest,21.3,4,47.6,11.9,0.11,4,1.53,17,0
CLM20260403001320,RID49515,severe_pollution,60.7,1,14.8,33.1,1.53,6,-0.64,10,0
CLM20260403001321,RID36476,extreme_heat,105.2,3,29.6,38.9,0.38,14,0.01,15,0
CLM20260403001322,RID15742,extreme_heat,96.3,1,12.4,35.1,7.09,3,-1.83,24,0
CLM20260403001323,RID35127,severe_pollution,53.1,3,58.7,19.3,1.91,5,0.06,15,0
CLM20260403001324,RID82154,civic_unrest,94.7,3,39.1,36.6,0.87,11,-0.49,18,0
CLM20260403001325,RID83445,civic_unrest,44.2,2,30.1,12.8,1.54,5,-2.37,17,0
CLM20260403001326,RID57973,severe_pollution,163.1,2,58.4,21.1,0.23,8,0.31,26,0
CLM20260403001327,RID92557,heavy_rainfall,5.4,0,129.7,12.5,17.7,46,1.47,1,1
CLM20260403001328,RID67163,heavy_rainfall,1.1,0,3.5,7.9,8.52,38,2.42,4,1
CLM20260403001329,RID73284,severe_pollution,52.9,5,46.8,55.3,0.07,8,-1.57,12,0
CLM20260403001330,RID78650,heavy_rainfall,150.3,1,24.8,80.0,0.08,9,0.68,14,0
CLM20260403001331,RID31880,civic_unrest,27.0,1,46.6,38.6,3.07,13,0.36,10,1
CLM20260403001332,RID26899,civic_unrest,88.1,1,50.6,16.3,2.76,9,-1.17,20,0
CLM20260403001333,RID15956,heavy_rainfall,49.4,6,122.8,17.1,0.46,11,0.63,26,0
CLM20260403001334,RID34928,severe_pollution,45.2,0,59.7,8.6,2.31,8,0.49,15,0
CLM20260403001335,RID74884,heavy_rainfall,2.6,0,6.9,2.5,9.47,25,2.65,3,1
CLM20260403001336,RID31694,severe_pollution,42.3,2,22.3,11.8,3.25,6,-0.81,14,1
CLM20260403001337,RID76752,severe_pollution,27.0,4,33.3,34.4,0.09,8,0.59,16,0
CLM20260403001338,RID83727,severe_pollution,23.3,1,13.7,24.7,0.5,8,0.47,7,0
CLM20260403001339,RID62540,civic_unrest,89.2,4,10.9,15.5,2.08,11,0.15,16,0
CLM20260403001340,RID37122,extreme_heat,240.0,1,27.8,6.3,3.18,11,-0.48,15,0
CLM20260403001341,RID10471,extreme_heat,114.2,1,42.7,37.7,1.29,8,1.63,15,0
CLM20260403001342,RID84959,extreme_heat,67.0,6,50.4,39.7,1.3,10,0.02,24,0
CLM20260403001343,RID87609,heavy_rainfall,107.0,5,108.5,13.4,0.31,7,-1.25,11,0
CLM20260403001344,RID77213,severe_pollution,0.5,0,4.6,11.0,9.89,36,2.27,3,1
CLM20260403001345,RID76036,civic_unrest,73.3,4,57.9,9.4,2.77,5,-0.17,10,0
CLM20260403001346,RID49768,extreme_heat,81.0,4,58.2,14.8,0.92,8,-0.52,27,0
CLM20260403001347,RID48844,civic_unrest,95.7,5,49.1,7.1,3.38,11,-0.85,21,1
CLM20260403001348,RID82371,heavy_rainfall,61.3,3,143.2,47.8,0.23,9,0.4,24,0
CLM20260403001349,RID32427,extreme_heat,26.5,6,28.1,23.6,0.85,10,-0.72,21,0
CLM20260403001350,RID15978,extreme_heat,48.2,3,59.8,14.2,0.3,5,-0.93,9,0
CLM20260403001351,RID48252,heavy_rainfall,103.2,1,29.1,8.1,2.33,4,0.8,27,0
CLM20260403001352,RID93835,extreme_heat,75.7,0,59.0,12.9,0.97,11,-0.58,24,0
CLM20260403001353,RID46406,extreme_heat,39.3,0,55.3,8.9,0.85,8,-1.09,20,0
CLM20260403001354,RID45446,heavy_rainfall,35.7,3,93.1,22.0,0.21,7,0.43,14,0
CLM20260403001355,RID94202,extreme_heat,55.4,3,12.1,16.2,2.09,11,-1.04,15,0
CLM20260403001356,RID37521,heavy_rainfall,8.3,2,100.3,24.2,0.13,5,0.77,23,0
CLM20260403001357,RID10183,civic_unrest,47.2,3,14.5,47.2,1.61,7,-1.02,10,0
CLM20260403001358,RID92927,civic_unrest,17.6,4,15.1,80.0,0.4,3,-1.43,28,0
CLM20260403001359,RID52540,heavy_rainfall,26.4,3,145.3,5.8,0.45,8,-0.08,25,0
CLM20260403001360,RID81994,civic_unrest,28.1,7,50.4,7.1,4.41,4,0.65,12,0
CLM20260403001361,RID27512,severe_pollution,52.1,4,28.3,12.3,0.01,8,1.57,9,0
CLM20260403001362,RID90148,civic_unrest,86.6,3,52.4,80.0,0.56,12,-0.01,18,0
CLM20260403001363,RID52550,heavy_rainfall,22.6,1,38.3,50.0,3.79,9,0.33,23,1
CLM20260403001364,RID92045,heavy_rainfall,61.9,4,112.6,15.0,0.24,3,1.91,24,0
CLM20260403001365,RID56593,extreme_heat,100.9,2,25.8,31.5,0.75,4,0.62,10,0
CLM20260403001366,RID46659,extreme_heat,149.0,6,12.3,16.1,0.97,11,-0.3,13,0
CLM20260403001367,RID43552,heavy_rainfall,54.0,3,84.0,7.7,1.51,10,-0.36,14,0
CLM20260403001368,RID80436,heavy_rainfall,123.8,2,128.5,24.1,1.69,12,2.35,16,1
CLM20260403001369,RID60067,civic_unrest,1.1,0,97.3,2.3,18.2,29,2.46,3,1
CLM20260403001370,RID92081,extreme_heat,4.9,0,160.5,13.5,19.69,35,2.84,1,0
CLM20260403001371,RID67958,extreme_heat,49.1,5,47.9,6.1,0.03,6,-1.17,28,0
CLM20260403001372,RID52501,civic_unrest,68.2,1,35.5,4.1,0.43,11,-0.3,26,0
CLM20260403001373,RID36728,severe_pollution,11.2,3,44.6,62.7,0.79,11,-0.28,15,0
CLM20260403001374,RID30400,severe_pollution,67.7,4,45.6,9.0,3.88,10,0.68,23,0
CLM20260403001375,RID40372,severe_pollution,131.2,2,44.1,29.0,2.15,8,0.06,9,0
CLM20260403001376,RID58318,extreme_heat,87.4,2,18.6,14.7,1.26,12,-1.26,29,0
CLM20260403001377,RID72784,heavy_rainfall,41.2,5,108.9,31.1,1.68,5,-1.23,7,0
CLM20260403001378,RID75006,extreme_heat,31.7,3,17.7,29.7,0.41,9,1.3,11,0
CLM20260403001379,RID70213,extreme_heat,35.7,0,12.7,16.8,3.48,8,2.6,16,0
CLM20260403001380,RID33083,extreme_heat,178.8,5,55.9,66.3,0.33,9,-2.16,9,0
CLM20260403001381,RID84666,severe_pollution,38.5,5,25.3,27.6,1.19,13,-0.44,21,0
CLM20260403001382,RID33646,civic_unrest,106.6,5,19.8,23.1,1.59,7,0.75,13,0
CLM20260403001383,RID12758,civic_unrest,21.7,3,60.0,11.3,0.35,5,-1.47,15,0
CLM20260403001384,RID31354,extreme_heat,58.0,3,25.3,14.7,0.42,8,3.03,16,0
CLM20260403001385,RID61668,extreme_heat,25.4,3,42.1,41.6,1.86,5,0.41,25,0
CLM20260403001386,RID19103,extreme_heat,23.9,0,6.3,13.4,6.44,42,3.93,1,1
CLM20260403001387,RID19443,severe_pollution,10.2,0,139.1,6.8,6.02,26,4.29,4,1
CLM20260403001388,RID42145,severe_pollution,110.8,2,17.9,11.3,2.99,11,-0.64,25,0
CLM20260403001389,RID94557,severe_pollution,0.8,1,189.4,13.9,7.38,33,3.5,1,1
CLM20260403001390,RID23137,extreme_heat,74.9,3,25.5,22.0,0.32,9,-0.07,24,0
CLM20260403001391,RID11545,heavy_rainfall,70.0,3,69.5,80.0,0.03,10,1.18,16,0
CLM20260403001392,RID59528,severe_pollution,115.5,4,11.0,6.0,1.5,10,1.25,9,0
CLM20260403001393,RID12715,heavy_rainfall,19.5,3,118.3,29.0,0.18,10,-0.98,20,0
CLM20260403001394,RID11776,heavy_rainfall,34.0,1,75.5,59.9,0.06,10,-2.03,29,0
CLM20260403001395,RID27324,extreme_heat,43.1,3,35.0,10.9,1.49,5,1.37,23,0
CLM20260403001396,RID20957,civic_unrest,180.4,4,30.4,8.2,0.65,9,0.38,7,0
CLM20260403001397,RID28695,heavy_rainfall,88.2,1,144.9,38.5,0.61,5,-0.14,14,0
CLM20260403001398,RID11231,heavy_rainfall,19.7,1,77.8,2.5,2.97,12,0.56,18,0
CLM20260403001399,RID81089,civic_unrest,24.2,3,40.4,42.6,1.71,10,1.94,22,0
CLM20260403001400,RID21136,extreme_heat,39.3,2,55.7,4.9,1.61,8,-0.18,16,1
CLM20260403001401,RID28249,severe_pollution,22.7,2,42.4,29.5,0.47,7,1.18,13,0
CLM20260403001402,RID83774,severe_pollution,26.2,1,57.9,10.5,2.75,10,0.32,29,0
CLM20260403001403,RID31383,civic_unrest,61.6,5,43.8,21.4,0.71,5,-0.9,22,0
CLM20260403001404,RID53483,severe_pollution,53.2,1,51.8,5.9,0.48,11,2.81,9,0
CLM20260403001405,RID30252,extreme_heat,36.8,1,21.6,9.3,1.02,8,-0.86,22,0
CLM20260403001406,RID17323,civic_unrest,52.3,1,10.0,12.2,0.91,11,0.1,29,0
CLM20260403001407,RID92245,heavy_rainfall,53.9,2,28.0,17.8,0.36,6,-1.03,24,0
CLM20260403001408,RID12779,heavy_rainfall,46.5,2,141.0,51.0,0.86,11,2.48,14,0
CLM20260403001409,RID23476,civic_unrest,31.2,5,54.4,41.3,0.17,6,0.81,26,0
CLM20260403001410,RID23443,severe_pollution,79.5,3,29.9,9.5,0.02,4,-0.35,26,0
CLM20260403001411,RID28590,heavy_rainfall,240.0,0,110.4,40.9,4.61,11,1.22,25,0
CLM20260403001412,RID39401,heavy_rainfall,40.8,8,67.9,34.1,2.06,7,-1.31,28,0
CLM20260403001413,RID39710,severe_pollution,56.4,1,43.5,49.2,4.85,11,-0.74,11,0
CLM20260403001414,RID60512,extreme_heat,21.2,3,52.6,29.7,1.26,7,1.83,20,0
CLM20260403001415,RID56309,civic_unrest,20.9,5,41.9,10.0,1.4,12,0.51,13,0
CLM20260403001416,RID39607,severe_pollution,46.4,6,11.7,50.7,0.3,12,-1.26,25,0
CLM20260403001417,RID24733,severe_pollution,33.6,2,28.7,16.0,6.51,6,1.36,14,0
CLM20260403001418,RID32224,heavy_rainfall,128.2,4,132.7,19.0,0.97,2,-3.28,19,0
CLM20260403001419,RID39428,heavy_rainfall,0.5,0,8.5,5.1,7.08,30,2.21,4,1
CLM20260403001420,RID46937,civic_unrest,22.7,6,52.4,53.3,0.87,5,2.93,22,1
CLM20260403001421,RID19999,civic_unrest,53.0,2,54.1,29.0,1.78,7,-1.72,9,1
CLM20260403001422,RID25512,civic_unrest,33.4,6,59.7,7.0,0.93,6,-0.3,8,0
CLM20260403001423,RID21115,heavy_rainfall,35.7,1,59.8,47.4,0.16,11,0.77,18,0
CLM20260403001424,RID89233,extreme_heat,29.6,5,59.2,16.6,6.55,6,0.44,29,0
CLM20260403001425,RID33339,severe_pollution,3.9,0,3.9,1.0,8.55,37,2.33,3,0
CLM20260403001426,RID79531,civic_unrest,126.3,2,37.8,5.8,0.66,4,1.28,27,0
CLM20260403001427,RID88592,extreme_heat,55.7,5,42.9,21.1,1.25,11,-1.11,14,0
CLM20260403001428,RID99054,severe_pollution,16.2,2,52.4,9.2,2.3,8,-2.09,24,0
CLM20260403001429,RID29689,civic_unrest,232.0,5,37.6,3.2,0.17,7,-0.21,18,0
CLM20260403001430,RID91888,civic_unrest,57.7,4,22.5,37.0,3.32,5,-0.73,12,0
CLM20260403001431,RID55663,heavy_rainfall,18.3,6,135.7,29.5,1.64,5,0.99,18,0
CLM20260403001432,RID45532,severe_pollution,1.0,0,4.0,9.7,16.13,31,2.89,5,1
CLM20260403001433,RID96734,civic_unrest,4.1,7,27.2,29.0,1.53,5,0.82,22,0
CLM20260403001434,RID44786,heavy_rainfall,14.7,4,51.9,10.5,0.36,4,0.26,8,0
CLM20260403001435,RID10285,extreme_heat,36.0,4,28.8,12.1,0.3,5,1.11,13,1
CLM20260403001436,RID95964,extreme_heat,90.3,2,8.8,21.7,1.73,10,-0.52,29,0
CLM20260403001437,RID51976,extreme_heat,79.2,1,19.0,45.6,0.68,7,-1.62,22,0
CLM20260403001438,RID61196,severe_pollution,27.7,1,30.4,20.5,1.06,11,-1.79,20,0
CLM20260403001439,RID72709,heavy_rainfall,140.8,4,100.6,48.1,1.22,7,0.32,15,0
CLM20260403001440,RID24832,severe_pollution,68.9,1,47.6,17.9,0.35,8,0.89,10,0
CLM20260403001441,RID46500,extreme_heat,65.2,4,23.5,14.4,0.12,5,-1.76,9,0
CLM20260403001442,RID21855,civic_unrest,31.8,3,17.6,13.2,0.84,9,-0.87,14,0
CLM20260403001443,RID26716,extreme_heat,45.8,3,23.8,11.9,1.08,10,-0.16,24,0
CLM20260403001444,RID60465,civic_unrest,41.5,1,34.4,55.2,1.62,9,2.41,29,0
CLM20260403001445,RID51853,severe_pollution,8.4,3,48.4,80.0,4.55,5,0.71,11,0
CLM20260403001446,RID65552,severe_pollution,29.5,1,11.9,4.3,0.19,8,1.61,12,0
CLM20260403001447,RID64256,civic_unrest,1.1,0,6.8,14.5,14.96,46,2.77,1,1
CLM20260403001448,RID28116,extreme_heat,95.9,5,23.2,33.1,2.02,9,-0.42,22,0
CLM20260403001449,RID60224,severe_pollution,24.0,1,39.6,11.0,1.48,13,1.19,27,0
CLM20260403001450,RID82002,severe_pollution,34.2,5,51.1,51.5,0.74,7,1.76,7,0
CLM20260403001451,RID80614,severe_pollution,72.6,2,22.9,22.5,3.35,7,1.46,14,0
CLM20260403001452,RID79792,extreme_heat,43.6,2,40.4,34.9,0.07,9,2.32,10,0
CLM20260403001453,RID60413,heavy_rainfall,21.7,5,40.3,38.6,1.8,8,0.44,22,0
CLM20260403001454,RID86148,severe_pollution,77.4,4,38.3,7.6,0.22,11,2.01,16,0
CLM20260403001455,RID79067,extreme_heat,8.1,0,187.9,5.2,18.32,35,2.67,12,1
CLM20260403001456,RID21436,extreme_heat,35.7,3,18.0,18.1,1.26,8,-1.49,29,0
CLM20260403001457,RID57409,heavy_rainfall,80.2,2,79.3,13.1,1.09,13,-0.91,9,0
CLM20260403001458,RID36644,heavy_rainfall,12.4,2,53.2,36.8,0.64,7,0.54,8,1
CLM20260403001459,RID57500,severe_pollution,50.2,1,39.2,39.0,4.52,7,-0.6,16,0
CLM20260403001460,RID27510,heavy_rainfall,82.5,1,68.1,26.3,1.63,7,-2.44,10,0
CLM20260403001461,RID17808,civic_unrest,26.2,2,31.9,39.6,1.21,9,1.02,21,0
CLM20260403001462,RID57298,extreme_heat,5.1,0,8.6,0.2,5.85,33,3.93,8,1
CLM20260403001463,RID48626,severe_pollution,74.7,1,13.4,43.2,4.2,7,-0.23,20,0
CLM20260403001464,RID28892,severe_pollution,31.5,3,52.5,32.8,1.95,5,0.12,13,0
CLM20260403001465,RID41784,extreme_heat,27.5,3,26.9,31.9,0.56,8,0.11,28,0
CLM20260403001466,RID39437,heavy_rainfall,13.3,3,46.5,80.0,0.02,7,-1.02,19,0
CLM20260403001467,RID28061,heavy_rainfall,49.4,1,41.3,71.4,0.02,9,1.4,14,0
CLM20260403001468,RID28753,severe_pollution,126.5,3,57.2,80.0,0.83,9,0.86,13,1
CLM20260403001469,RID13453,severe_pollution,34.8,3,36.8,24.3,1.5,10,-0.0,24,0
CLM20260403001470,RID58717,heavy_rainfall,63.2,5,44.2,67.7,0.19,5,0.46,13,0
CLM20260403001471,RID23894,heavy_rainfall,17.4,0,75.9,11.1,1.35,5,1.2,28,0
CLM20260403001472,RID72498,extreme_heat,7.6,4,33.3,19.3,0.02,8,-1.75,16,0
CLM20260403001473,RID13956,extreme_heat,54.4,2,59.7,80.0,0.27,16,1.65,29,0
CLM20260403001474,RID57873,extreme_heat,11.1,0,38.0,35.9,0.51,5,-0.08,21,0
CLM20260403001475,RID20353,extreme_heat,41.6,10,21.6,44.4,0.52,7,-0.12,14,0
CLM20260403001476,RID20101,heavy_rainfall,98.3,5,95.8,12.7,2.94,10,1.45,12,0
CLM20260403001477,RID84603,severe_pollution,196.2,3,53.3,26.8,5.45,7,0.06,28,0
CLM20260403001478,RID29623,extreme_heat,3.7,0,42.2,3.8,14.19,35,2.25,5,1
CLM20260403001479,RID71573,extreme_heat,175.5,1,24.3,2.1,0.65,9,0.81,11,0
CLM20260403001480,RID79133,civic_unrest,223.6,3,25.8,43.7,0.52,10,1.73,26,0
CLM20260403001481,RID71628,severe_pollution,104.3,2,21.1,22.2,3.23,7,-0.56,10,0
CLM20260403001482,RID54215,severe_pollution,109.3,3,8.9,16.2,1.38,10,3.04,12,0
CLM20260403001483,RID94521,heavy_rainfall,149.7,7,78.8,28.5,3.33,10,0.97,27,0
CLM20260403001484,RID47587,heavy_rainfall,125.7,3,26.4,17.3,1.66,4,-0.96,11,0
CLM20260403001485,RID30432,heavy_rainfall,58.3,5,100.1,51.3,4.56,7,0.67,28,0
CLM20260403001486,RID94207,heavy_rainfall,80.4,3,97.9,45.8,0.19,7,0.77,9,0
CLM20260403001487,RID89190,extreme_heat,18.1,0,31.0,36.2,0.36,10,1.48,28,0
CLM20260403001488,RID75967,extreme_heat,36.4,6,26.2,1.6,0.44,6,0.23,21,0
CLM20260403001489,RID11424,severe_pollution,112.3,4,18.6,16.9,3.2,7,1.01,19,0
CLM20260403001490,RID65524,severe_pollution,14.2,4,8.3,7.4,0.08,8,0.58,12,0
CLM20260403001491,RID82634,civic_unrest,38.1,7,21.7,26.1,0.55,11,-0.52,25,0
CLM20260403001492,RID84981,civic_unrest,42.8,2,38.4,7.0,1.59,12,-0.93,16,0
CLM20260403001493,RID39794,severe_pollution,21.0,1,59.5,10.5,0.13,9,1.1,11,0
CLM20260403001494,RID30552,civic_unrest,196.3,6,16.0,15.0,0.06,9,-0.1,20,0
CLM20260403001495,RID22050,severe_pollution,59.5,1,36.5,14.1,0.82,12,0.3,14,0
CLM20260403001496,RID26401,extreme_heat,187.4,2,23.3,7.3,0.8,11,-2.11,29,0
CLM20260403001497,RID62481,heavy_rainfall,87.9,2,34.5,21.6,0.22,11,0.25,23,0
CLM20260403001498,RID38692,severe_pollution,5.4,0,110.2,5.3,11.56,29,3.18,1,1
CLM20260403001499,RID34077,heavy_rainfall,24.7,1,76.8,11.1,1.9,5,1.17,20,0
CLM20260403001500,RID71398,severe_pollution,100.9,2,47.4,33.0,1.46,6,-0.35,20,0
CLM20260403001501,RID51050,severe_pollution,57.2,6,22.4,29.2,0.03,9,-2.32,18,0
CLM20260403001502,RID59868,extreme_heat,117.8,2,55.7,27.7,0.53,7,-1.24,24,0
CLM20260403001503,RID17165,civic_unrest,34.1,8,22.8,3.4,0.42,3,-0.31,17,0
CLM20260403001504,RID94757,severe_pollution,29.3,6,17.6,29.7,1.0,8,1.45,24,0
CLM20260403001505,RID35523,civic_unrest,102.5,3,17.3,34.0,0.78,13,-0.62,12,0
CLM20260403001506,RID24208,heavy_rainfall,10.1,1,63.6,45.0,0.05,3,-1.18,21,0
CLM20260403001507,RID20198,civic_unrest,10.3,0,48.2,0.9,1.33,29,2.85,3,1
CLM20260403001508,RID89061,civic_unrest,2.6,3,15.5,8.9,2.23,4,-0.5,29,0
CLM20260403001509,RID13676,extreme_heat,98.1,1,35.2,2.4,0.67,9,0.43,27,0
CLM20260403001510,RID46989,extreme_heat,171.5,5,30.6,10.1,0.52,9,1.11,20,0
CLM20260403001511,RID80984,heavy_rainfall,110.1,6,82.9,25.6,0.23,5,-0.7,15,0
CLM20260403001512,RID18561,extreme_heat,1.0,2,20.8,47.3,1.45,4,-1.43,19,0
CLM20260403001513,RID88264,heavy_rainfall,27.2,4,53.2,11.6,0.09,7,1.22,24,0
CLM20260403001514,RID50516,extreme_heat,37.3,1,41.0,32.6,2.09,8,-0.53,24,0
CLM20260403001515,RID82311,extreme_heat,31.2,2,17.3,59.0,1.55,10,-0.67,7,0
CLM20260403001516,RID93674,heavy_rainfall,38.5,4,125.9,16.9,0.74,7,0.35,19,0
CLM20260403001517,RID41501,civic_unrest,80.9,3,45.1,13.7,0.92,10,-2.14,22,0
CLM20260403001518,RID21146,heavy_rainfall,45.3,6,77.2,10.4,0.34,10,-0.83,11,0
CLM20260403001519,RID83890,severe_pollution,19.9,1,30.4,12.8,2.73,8,-0.08,9,0
CLM20260403001520,RID15987,heavy_rainfall,45.2,3,30.8,20.5,1.74,10,-1.22,20,0
CLM20260403001521,RID51232,heavy_rainfall,86.0,4,112.6,39.9,0.09,10,0.11,13,0
CLM20260403001522,RID50449,heavy_rainfall,32.0,4,89.5,45.9,0.43,8,-0.46,14,0
CLM20260403001523,RID56746,civic_unrest,82.1,4,43.0,43.2,2.02,6,-0.21,12,0
CLM20260403001524,RID62184,extreme_heat,54.8,4,21.8,64.6,0.74,6,0.71,23,0
CLM20260403001525,RID51218,severe_pollution,48.1,0,24.7,33.0,0.34,6,2.02,21,0
CLM20260403001526,RID56640,extreme_heat,100.9,7,38.1,14.1,1.03,12,1.84,18,0
CLM20260403001527,RID98432,heavy_rainfall,229.6,2,132.6,11.0,1.74,8,1.04,18,0
CLM20260403001528,RID53426,severe_pollution,16.3,2,32.7,43.8,0.67,4,-2.08,18,0
CLM20260403001529,RID76005,heavy_rainfall,2.5,0,142.8,6.0,12.67,40,3.67,1,1
CLM20260403001530,RID75821,extreme_heat,68.7,1,17.0,34.4,4.85,12,-1.58,17,0
CLM20260403001531,RID13104,severe_pollution,81.3,3,50.3,34.0,1.46,7,-0.2,27,0
CLM20260403001532,RID72515,heavy_rainfall,129.7,4,77.1,10.0,0.81,7,-0.32,16,0
CLM20260403001533,RID48026,extreme_heat,69.9,1,44.5,5.9,0.62,4,2.74,8,0
CLM20260403001534,RID29862,severe_pollution,42.9,4,17.8,14.7,3.19,15,1.95,9,0
CLM20260403001535,RID20322,heavy_rainfall,209.7,1,45.0,39.0,0.43,9,0.75,13,0
CLM20260403001536,RID40352,extreme_heat,27.9,6,28.4,30.7,0.34,5,-0.62,24,0
CLM20260403001537,RID99320,extreme_heat,51.4,3,41.7,6.4,1.12,5,-1.14,27,0
CLM20260403001538,RID31108,civic_unrest,49.2,1,40.3,53.6,2.93,4,2.47,21,0
CLM20260403001539,RID68652,extreme_heat,19.7,0,35.3,13.6,1.24,11,-0.76,8,0
CLM20260403001540,RID54436,civic_unrest,93.7,5,45.7,31.1,0.25,8,2.05,15,0
CLM20260403001541,RID57227,severe_pollution,29.8,2,22.1,10.4,4.18,10,2.17,26,1
CLM20260403001542,RID15244,severe_pollution,84.8,3,23.8,56.0,1.91,5,0.21,25,0
CLM20260403001543,RID41340,extreme_heat,22.1,0,11.8,10.1,3.02,6,-0.29,27,0
CLM20260403001544,RID90004,heavy_rainfall,3.3,7,117.7,23.5,1.04,12,-1.9,17,0
CLM20260403001545,RID29975,severe_pollution,30.9,2,40.2,43.9,0.45,7,-1.57,29,0
CLM20260403001546,RID22767,heavy_rainfall,107.2,1,69.3,21.8,3.07,9,0.11,16,0
CLM20260403001547,RID28693,civic_unrest,64.7,4,11.2,12.6,2.92,6,-1.62,23,0
CLM20260403001548,RID81714,heavy_rainfall,8.8,0,7.1,8.3,8.45,48,3.25,4,1
CLM20260403001549,RID75393,heavy_rainfall,3.5,7,102.8,23.8,0.54,5,0.91,16,0
CLM20260403001550,RID69612,civic_unrest,24.3,3,42.9,15.6,0.25,5,0.03,18,0
CLM20260403001551,RID32245,civic_unrest,97.5,2,44.1,12.4,0.62,6,-2.39,24,0
CLM20260403001552,RID31164,heavy_rainfall,22.3,1,116.9,80.0,0.45,8,3.09,10,0
CLM20260403001553,RID46715,civic_unrest,54.9,8,38.4,12.0,0.98,6,-1.97,21,1
CLM20260403001554,RID56316,heavy_rainfall,2.1,0,4.7,3.8,18.48,34,2.71,2,1
CLM20260403001555,RID19323,extreme_heat,64.8,5,33.9,36.8,0.51,6,-0.65,14,0
CLM20260403001556,RID70390,civic_unrest,117.4,5,17.7,39.0,0.51,10,-0.01,18,0
CLM20260403001557,RID72031,civic_unrest,66.7,0,59.6,13.7,1.93,6,1.9,23,0
CLM20260403001558,RID67939,extreme_heat,84.2,4,19.2,53.5,1.27,11,0.94,13,0
CLM20260403001559,RID26248,severe_pollution,71.8,6,41.8,32.5,1.51,6,-0.1,25,0
CLM20260403001560,RID15189,civic_unrest,57.3,7,54.3,24.4,0.1,14,0.53,9,0
CLM20260403001561,RID47568,severe_pollution,44.6,7,56.8,19.9,1.68,5,1.2,7,0
CLM20260403001562,RID63612,extreme_heat,128.0,5,28.9,19.7,1.25,11,0.48,28,0
CLM20260403001563,RID67780,civic_unrest,119.9,1,30.3,4.3,0.49,9,0.87,10,0
CLM20260403001564,RID77171,civic_unrest,39.3,3,9.1,13.3,2.45,6,1.76,16,0
CLM20260403001565,RID58979,heavy_rainfall,57.1,4,54.6,19.9,1.3,14,-0.9,19,0
CLM20260403001566,RID99417,severe_pollution,0.7,0,3.4,1.6,18.85,36,2.92,5,1
CLM20260403001567,RID76314,severe_pollution,39.2,6,56.9,5.1,2.02,7,1.41,26,0
CLM20260403001568,RID44449,heavy_rainfall,2.8,0,7.1,4.5,8.8,34,1.48,4,1
CLM20260403001569,RID91345,heavy_rainfall,9.7,0,170.6,9.9,1.61,46,3.39,4,1
CLM20260403001570,RID42088,heavy_rainfall,88.9,2,99.1,49.4,4.39,13,0.07,12,0
CLM20260403001571,RID30258,heavy_rainfall,54.3,3,58.3,7.9,0.52,12,0.52,24,0
CLM20260403001572,RID48097,severe_pollution,8.2,0,9.4,12.8,15.31,38,3.68,5,1
CLM20260403001573,RID30736,severe_pollution,66.3,6,47.6,17.0,3.29,6,0.24,20,0
CLM20260403001574,RID19565,extreme_heat,134.4,2,45.1,76.3,1.4,10,-0.53,25,0
CLM20260403001575,RID60885,severe_pollution,45.7,5,20.0,47.8,2.35,10,-0.62,17,0
CLM20260403001576,RID97706,heavy_rainfall,118.0,6,27.3,4.8,0.35,5,-0.24,23,0
CLM20260403001577,RID55735,severe_pollution,44.4,3,12.8,21.7,0.21,12,1.38,18,0
CLM20260403001578,RID71405,severe_pollution,24.7,2,34.5,36.2,0.62,7,-1.06,29,0
CLM20260403001579,RID24302,heavy_rainfall,76.1,2,130.4,4.1,0.58,8,1.59,25,0
CLM20260403001580,RID33628,heavy_rainfall,72.1,2,22.1,21.4,0.69,5,-1.12,21,0
CLM20260403001581,RID62028,severe_pollution,35.2,3,30.4,12.1,0.69,10,-0.25,22,0
CLM20260403001582,RID36145,severe_pollution,49.6,2,26.6,10.3,2.6,9,2.07,8,0
CLM20260403001583,RID53086,heavy_rainfall,110.8,4,99.7,39.0,2.22,10,0.96,8,0
CLM20260403001584,RID51587,civic_unrest,8.7,0,5.4,14.1,11.28,19,3.09,1,1
CLM20260403001585,RID89215,severe_pollution,29.5,5,11.5,61.5,1.5,5,1.49,9,0
CLM20260403001586,RID37870,severe_pollution,122.9,2,28.2,29.3,1.59,5,-0.74,8,0
CLM20260403001587,RID24984,civic_unrest,26.8,3,53.8,31.6,0.18,8,0.31,9,0
CLM20260403001588,RID69582,heavy_rainfall,33.1,2,99.5,23.8,3.39,10,1.97,17,0
CLM20260403001589,RID81444,extreme_heat,18.6,3,21.8,47.9,1.31,8,1.5,25,0
CLM20260403001590,RID71599,extreme_heat,79.7,3,24.9,69.8,0.34,11,-0.82,22,0
CLM20260403001591,RID93914,extreme_heat,75.7,4,46.2,4.3,3.55,6,0.75,7,0
CLM20260403001592,RID51967,heavy_rainfall,70.0,3,82.5,16.2,1.19,8,-0.66,27,0
CLM20260403001593,RID88784,severe_pollution,85.8,2,41.9,21.0,1.37,11,0.93,22,0
CLM20260403001594,RID18178,civic_unrest,104.6,2,25.9,53.8,0.6,7,0.79,17,0
CLM20260403001595,RID66375,severe_pollution,3.2,0,173.4,9.1,16.9,31,2.81,12,1
CLM20260403001596,RID37973,heavy_rainfall,16.4,0,150.8,6.7,18.83,35,2.79,2,1
CLM20260403001597,RID37720,heavy_rainfall,41.6,6,121.8,37.0,0.03,12,0.3,21,0
CLM20260403001598,RID99610,severe_pollution,30.5,4,16.1,7.2,1.28,3,1.18,7,1
CLM20260403001599,RID45369,civic_unrest,9.1,6,28.1,11.2,2.21,9,0.84,13,0
CLM20260403001600,RID93320,extreme_heat,171.0,6,26.7,14.7,0.58,6,-0.41,9,0
CLM20260403001601,RID20956,extreme_heat,15.9,0,6.7,13.7,8.34,23,3.72,12,1
CLM20260403001602,RID19077,civic_unrest,13.7,2,33.4,80.0,0.56,6,-2.56,17,0
CLM20260403001603,RID63093,heavy_rainfall,42.2,2,124.3,34.4,0.13,10,0.77,28,0
CLM20260403001604,RID49103,severe_pollution,10.0,6,38.2,22.9,0.1,9,0.5,19,0
CLM20260403001605,RID65013,extreme_heat,15.0,4,35.8,22.3,1.14,12,-2.07,26,0
CLM20260403001606,RID97771,civic_unrest,52.2,4,20.8,30.3,1.22,1,-0.27,7,0
CLM20260403001607,RID34127,heavy_rainfall,29.5,5,33.9,14.1,1.07,13,0.14,12,0
CLM20260403001608,RID22116,severe_pollution,50.9,7,32.7,21.8,0.36,8,-0.41,19,0
CLM20260403001609,RID54829,civic_unrest,11.5,2,51.8,50.3,0.62,6,-0.88,21,1
CLM20260403001610,RID31565,extreme_heat,112.4,4,56.9,62.3,0.22,12,-1.75,14,0
CLM20260403001611,RID55780,severe_pollution,59.7,3,36.5,36.3,0.34,7,-1.17,9,0
CLM20260403001612,RID73127,severe_pollution,33.2,7,24.2,42.6,0.73,10,1.67,14,1
CLM20260403001613,RID80189,extreme_heat,113.4,3,11.9,20.7,1.34,10,-0.49,27,0
CLM20260403001614,RID67250,civic_unrest,70.9,2,8.0,80.0,1.16,9,-0.37,21,0
CLM20260403001615,RID84752,severe_pollution,2.3,0,160.2,5.6,5.24,30,2.21,8,1
CLM20260403001616,RID11301,extreme_heat,17.0,4,44.6,5.3,0.37,6,0.57,11,0
CLM20260403001617,RID20198,extreme_heat,111.3,4,15.5,19.5,0.43,8,1.58,20,0
CLM20260403001618,RID52432,civic_unrest,47.4,1,46.6,9.0,4.6,8,2.04,18,0
CLM20260403001619,RID11859,extreme_heat,18.2,5,13.4,24.7,1.99,8,1.25,27,0
CLM20260403001620,RID70117,extreme_heat,32.5,2,25.5,6.1,0.17,11,-0.09,18,0
CLM20260403001621,RID75463,civic_unrest,12.3,0,181.8,0.4,7.26,31,2.08,1,1
CLM20260403001622,RID24890,severe_pollution,50.2,3,51.0,35.5,0.31,7,-0.86,16,0
CLM20260403001623,RID44446,heavy_rainfall,91.9,3,95.8,27.5,3.94,7,-0.11,12,0
CLM20260403001624,RID69055,extreme_heat,15.5,2,53.1,19.5,0.14,5,-0.41,12,1
CLM20260403001625,RID93138,severe_pollution,7.9,0,168.5,9.5,14.19,33,2.47,1,1
CLM20260403001626,RID93744,heavy_rainfall,29.0,2,102.0,37.2,3.63,6,1.6,8,0
CLM20260403001627,RID14782,extreme_heat,0.6,0,129.9,14.6,18.43,30,2.38,2,0
CLM20260403001628,RID34596,severe_pollution,66.1,3,36.5,3.7,0.12,6,0.95,23,1
CLM20260403001629,RID81576,extreme_heat,110.3,2,54.1,77.0,0.7,9,1.71,29,0
CLM20260403001630,RID88766,severe_pollution,101.5,1,33.1,9.6,0.84,11,-0.21,14,0
CLM20260403001631,RID38329,civic_unrest,85.6,2,55.1,50.3,0.33,14,0.63,15,0
CLM20260403001632,RID37494,extreme_heat,18.1,3,16.0,27.5,0.21,6,-1.91,9,0
CLM20260403001633,RID99080,heavy_rainfall,80.8,4,81.1,11.9,0.25,12,-1.56,17,0
CLM20260403001634,RID58530,civic_unrest,59.2,2,54.3,24.2,1.38,10,0.82,16,0
CLM20260403001635,RID12122,civic_unrest,49.4,1,22.1,46.9,4.1,6,2.43,9,0
CLM20260403001636,RID50234,heavy_rainfall,4.0,0,137.3,10.7,15.62,30,2.03,1,1
CLM20260403001637,RID75422,severe_pollution,85.2,3,58.4,9.7,0.2,7,1.0,19,0
CLM20260403001638,RID64270,severe_pollution,107.5,6,8.7,46.7,0.17,12,-0.14,11,0
CLM20260403001639,RID56101,civic_unrest,128.2,6,54.9,7.1,1.58,15,0.22,29,0
CLM20260403001640,RID81102,severe_pollution,57.2,4,40.0,3.8,1.27,10,0.99,16,0
CLM20260403001641,RID78572,civic_unrest,43.4,1,59.7,10.6,0.19,3,0.65,8,0
CLM20260403001642,RID24860,extreme_heat,37.3,1,17.6,10.1,2.03,9,0.61,17,0
CLM20260403001643,RID70138,severe_pollution,0.8,0,9.0,4.1,18.93,33,4.14,1,0
CLM20260403001644,RID58905,extreme_heat,0.5,0,65.9,1.1,1.12,34,1.84,4,1
CLM20260403001645,RID82450,extreme_heat,56.1,3,38.0,17.9,2.64,9,-0.83,21,0
CLM20260403001646,RID81141,severe_pollution,48.8,2,39.6,6.5,0.03,4,-2.21,23,0
CLM20260403001647,RID60012,civic_unrest,52.7,4,50.4,42.2,0.28,15,-0.18,14,0
CLM20260403001648,RID96455,severe_pollution,40.6,6,15.8,27.7,1.47,4,0.75,19,0
CLM20260403001649,RID93113,civic_unrest,8.3,4,50.3,7.7,0.07,8,0.14,14,0
CLM20260403001650,RID91313,heavy_rainfall,3.8,6,85.1,76.0,0.94,8,-0.2,18,1
CLM20260403001651,RID21484,heavy_rainfall,168.3,6,53.6,62.6,0.61,11,-0.61,18,0
CLM20260403001652,RID21749,heavy_rainfall,36.5,2,125.7,4.1,5.56,6,-0.23,14,0
CLM20260403001653,RID90774,severe_pollution,72.2,2,37.7,34.3,0.26,4,0.15,15,0
CLM20260403001654,RID23588,severe_pollution,50.6,1,11.5,48.8,0.15,9,1.12,10,0
CLM20260403001655,RID91766,heavy_rainfall,25.3,2,114.9,41.1,2.15,8,1.14,25,0
CLM20260403001656,RID93037,severe_pollution,50.0,6,50.2,60.1,1.41,6,-0.76,8,0
CLM20260403001657,RID75976,heavy_rainfall,39.6,4,52.0,32.5,0.89,11,-0.23,28,0
CLM20260403001658,RID97518,civic_unrest,170.5,3,43.1,24.5,0.66,13,0.99,16,0
CLM20260403001659,RID65134,extreme_heat,5.3,0,9.8,1.4,18.66,37,3.36,4,1
CLM20260403001660,RID39213,severe_pollution,14.3,1,51.4,21.0,0.89,10,0.82,23,0
CLM20260403001661,RID82297,severe_pollution,83.0,2,11.5,80.0,2.75,4,0.47,13,0
CLM20260403001662,RID25007,extreme_heat,34.6,1,42.1,56.1,5.08,10,0.3,23,0
CLM20260403001663,RID71548,heavy_rainfall,56.8,3,118.9,28.3,4.84,9,0.02,17,0
CLM20260403001664,RID55955,severe_pollution,111.9,3,38.3,22.9,3.05,7,-0.24,23,0
CLM20260403001665,RID64124,severe_pollution,93.4,2,45.3,16.4,1.09,3,2.16,18,0
CLM20260403001666,RID10996,civic_unrest,36.1,8,47.9,76.9,4.88,6,-2.85,16,0
CLM20260403001667,RID39351,civic_unrest,94.1,5,21.3,10.4,1.37,6,0.72,28,0
CLM20260403001668,RID45076,civic_unrest,32.9,2,50.5,24.4,0.86,8,1.32,29,1
CLM20260403001669,RID50291,severe_pollution,16.4,0,190.4,2.0,5.36,41,2.37,1,1
CLM20260403001670,RID98250,extreme_heat,69.7,2,48.6,40.3,2.92,4,0.62,28,0
CLM20260403001671,RID10544,severe_pollution,30.2,0,29.5,19.1,0.88,5,-1.98,13,0
CLM20260403001672,RID14282,heavy_rainfall,44.9,3,107.9,44.3,0.39,11,-0.68,14,0
CLM20260403001673,RID13440,extreme_heat,140.1,2,16.4,12.4,1.86,9,1.56,14,0
CLM20260403001674,RID59074,civic_unrest,102.0,5,43.6,10.7,1.56,12,0.13,20,0
CLM20260403001675,RID53920,extreme_heat,29.1,4,46.1,18.1,1.31,6,-0.52,12,0
CLM20260403001676,RID84997,severe_pollution,124.3,4,20.2,28.0,1.67,9,0.87,15,0
CLM20260403001677,RID41697,severe_pollution,2.5,0,3.0,0.2,5.05,36,2.94,1,1
CLM20260403001678,RID35252,severe_pollution,75.2,4,52.2,37.5,0.71,11,1.01,26,0
CLM20260403001679,RID16760,severe_pollution,56.3,3,37.6,47.2,3.92,9,-2.68,14,0
CLM20260403001680,RID26891,severe_pollution,71.0,6,26.5,29.8,0.79,4,-0.35,10,0
CLM20260403001681,RID32769,severe_pollution,51.7,4,46.0,24.5,0.37,7,-0.99,19,0
CLM20260403001682,RID51697,extreme_heat,86.2,2,48.7,12.1,0.09,13,1.23,8,0
CLM20260403001683,RID67331,extreme_heat,64.0,2,29.8,8.2,0.41,4,0.4,13,0
CLM20260403001684,RID23051,extreme_heat,51.9,2,55.9,52.9,0.83,8,-2.0,11,0
CLM20260403001685,RID76093,heavy_rainfall,2.7,0,137.5,7.7,8.94,39,4.28,2,1
CLM20260403001686,RID92764,severe_pollution,16.3,3,16.1,63.1,0.5,7,-0.55,10,0
CLM20260403001687,RID92223,civic_unrest,56.2,8,59.0,15.4,0.09,5,-0.86,9,0
CLM20260403001688,RID82470,extreme_heat,96.3,4,27.6,10.1,0.68,17,0.32,18,0
CLM20260403001689,RID52258,extreme_heat,42.3,1,48.4,12.6,5.95,9,0.92,27,0
CLM20260403001690,RID22223,heavy_rainfall,140.4,3,54.9,20.5,1.34,9,2.71,13,0
CLM20260403001691,RID13360,severe_pollution,3.2,6,25.3,15.8,0.42,6,-0.02,21,0
CLM20260403001692,RID11512,extreme_heat,2.2,0,106.0,9.5,0.54,26,2.78,1,1
CLM20260403001693,RID13646,heavy_rainfall,55.3,3,53.5,16.1,0.8,5,0.68,26,0
CLM20260403001694,RID84946,severe_pollution,6.5,2,19.4,7.4,3.18,8,-0.32,26,0
CLM20260403001695,RID13314,extreme_heat,31.4,1,58.8,25.6,0.32,7,-0.4,13,0
CLM20260403001696,RID69468,civic_unrest,73.4,2,53.4,59.6,0.94,7,1.15,7,0
CLM20260403001697,RID34452,extreme_heat,6.5,0,38.6,54.1,0.64,9,1.5,29,0
CLM20260403001698,RID95527,extreme_heat,104.4,1,24.5,5.0,2.6,4,1.61,9,0
CLM20260403001699,RID48918,extreme_heat,58.9,1,46.7,36.7,2.91,7,-0.83,12,0
CLM20260403001700,RID80178,extreme_heat,12.3,1,45.9,3.3,2.15,12,0.25,24,0
CLM20260403001701,RID59559,civic_unrest,4.2,0,72.7,8.1,0.63,30,1.43,3,1
CLM20260403001702,RID96410,heavy_rainfall,124.1,3,116.8,22.5,0.7,5,-0.71,13,0
CLM20260403001703,RID46040,heavy_rainfall,101.4,5,63.3,16.4,4.4,12,-0.55,25,0
CLM20260403001704,RID28844,heavy_rainfall,9.5,0,3.8,5.5,18.33,32,2.14,1,1
CLM20260403001705,RID93674,heavy_rainfall,24.6,6,38.3,25.5,1.2,8,-0.39,29,0
CLM20260403001706,RID24540,severe_pollution,96.7,2,36.4,11.7,0.14,10,0.44,15,0
CLM20260403001707,RID88105,heavy_rainfall,50.3,1,83.1,49.1,0.18,7,-0.31,25,0
CLM20260403001708,RID24034,extreme_heat,15.0,3,33.4,33.8,1.05,11,2.18,14,0
CLM20260403001709,RID47022,civic_unrest,35.9,1,56.9,52.4,1.18,13,1.7,28,0
CLM20260403001710,RID33675,heavy_rainfall,13.9,3,102.2,80.0,0.25,3,-0.29,15,0
CLM20260403001711,RID20142,severe_pollution,5.7,0,5.8,6.7,0.35,30,3.74,1,0
CLM20260403001712,RID57369,extreme_heat,43.9,2,36.6,28.7,0.89,12,-0.73,18,0
CLM20260403001713,RID61222,heavy_rainfall,0.9,0,61.0,10.2,0.34,28,2.99,1,1
CLM20260403001714,RID74361,heavy_rainfall,39.5,4,90.1,11.5,1.58,6,0.39,10,0
CLM20260403001715,RID64230,heavy_rainfall,74.2,2,45.4,24.1,1.49,8,1.13,10,0
CLM20260403001716,RID73768,heavy_rainfall,115.7,5,80.4,47.1,0.04,10,-1.21,16,0
CLM20260403001717,RID37563,severe_pollution,110.6,4,18.9,46.2,2.4,7,-1.91,25,0
CLM20260403001718,RID59185,civic_unrest,73.1,3,57.4,39.3,1.06,9,1.13,25,0
CLM20260403001719,RID93040,severe_pollution,39.8,4,28.1,42.2,0.84,6,-1.58,8,0
CLM20260403001720,RID31116,extreme_heat,102.6,2,55.0,26.5,12.32,13,0.87,18,0
CLM20260403001721,RID49158,heavy_rainfall,36.9,4,76.0,31.3,0.11,7,-0.99,21,0
CLM20260403001722,RID33419,heavy_rainfall,78.2,3,148.8,15.0,0.94,9,-0.27,19,0
CLM20260403001723,RID25362,civic_unrest,2.3,0,82.2,8.3,1.15,52,2.66,3,1
CLM20260403001724,RID55453,severe_pollution,10.8,3,59.9,10.2,0.14,9,0.13,11,0
CLM20260403001725,RID90478,heavy_rainfall,21.0,2,67.5,80.0,0.57,8,-0.34,19,0
CLM20260403001726,RID30760,civic_unrest,39.9,3,55.5,52.3,0.45,8,1.34,22,1
CLM20260403001727,RID25937,extreme_heat,81.4,1,47.5,15.0,0.62,10,1.08,20,0
CLM20260403001728,RID89444,heavy_rainfall,46.8,4,29.6,8.9,1.37,8,-0.02,14,0
CLM20260403001729,RID80248,heavy_rainfall,16.5,1,90.4,39.4,1.4,8,-1.12,10,0
CLM20260403001730,RID77894,extreme_heat,61.9,4,51.6,7.8,0.09,6,0.54,13,0
CLM20260403001731,RID38351,civic_unrest,84.5,1,16.4,11.6,1.03,11,0.14,29,0
CLM20260403001732,RID25045,extreme_heat,76.9,4,18.0,80.0,0.78,12,3.25,7,0
CLM20260403001733,RID13866,civic_unrest,204.2,5,52.8,7.2,0.39,8,0.72,16,0
CLM20260403001734,RID28161,extreme_heat,23.4,2,23.1,12.7,2.55,4,0.21,10,0
CLM20260403001735,RID20937,extreme_heat,30.3,5,54.7,39.3,0.6,9,0.51,13,0
CLM20260403001736,RID45073,civic_unrest,11.7,2,59.4,23.0,2.15,7,0.25,7,0
CLM20260403001737,RID73120,extreme_heat,70.8,3,9.4,66.6,1.12,4,0.24,20,0
CLM20260403001738,RID22054,civic_unrest,11.3,5,27.5,24.7,2.69,13,-1.09,16,0
CLM20260403001739,RID82285,civic_unrest,7.8,5,54.0,12.6,1.13,6,-1.68,26,0
CLM20260403001740,RID71216,severe_pollution,87.9,3,50.4,20.9,5.27,13,-1.52,12,0
CLM20260403001741,RID67155,severe_pollution,178.4,0,12.3,11.1,1.53,9,-0.67,25,0
CLM20260403001742,RID35304,civic_unrest,152.5,5,14.8,51.8,2.44,12,-0.39,12,0
CLM20260403001743,RID32670,extreme_heat,23.1,3,57.4,32.2,0.71,12,1.0,12,0
CLM20260403001744,RID46842,severe_pollution,91.5,0,24.1,28.2,4.07,4,-0.02,17,0
CLM20260403001745,RID23486,civic_unrest,46.8,1,40.0,17.7,0.55,15,1.57,28,1
CLM20260403001746,RID31712,extreme_heat,18.7,4,39.9,35.4,3.25,6,2.21,23,0
CLM20260403001747,RID73941,severe_pollution,51.9,2,52.2,25.6,1.02,15,0.93,28,0
CLM20260403001748,RID68478,severe_pollution,33.8,2,20.2,36.6,0.15,4,-0.49,19,0
CLM20260403001749,RID88162,civic_unrest,6.2,0,151.2,9.0,0.46,35,3.12,3,1
CLM20260403001750,RID51779,heavy_rainfall,40.8,1,91.1,7.8,2.11,10,-1.75,8,0
CLM20260403001751,RID89599,severe_pollution,4.9,0,4.6,1.8,7.66,39,3.86,1,1
CLM20260403001752,RID66270,extreme_heat,44.6,4,10.1,14.3,0.95,9,-1.17,23,1
CLM20260403001753,RID84336,civic_unrest,103.1,3,34.0,32.2,1.15,9,-0.17,13,0
CLM20260403001754,RID59015,heavy_rainfall,67.6,4,142.9,17.9,1.22,12,-2.87,7,0
CLM20260403001755,RID68904,extreme_heat,5.9,0,78.4,11.3,19.33,37,2.27,8,1
CLM20260403001756,RID14424,civic_unrest,60.2,5,49.3,7.5,0.46,13,-1.29,26,0
CLM20260403001757,RID86922,severe_pollution,22.6,8,16.6,32.0,0.78,9,0.2,21,0
CLM20260403001758,RID48466,civic_unrest,27.1,0,30.4,19.8,0.16,8,1.18,18,0
CLM20260403001759,RID62206,heavy_rainfall,1.6,0,135.6,0.9,16.75,36,1.95,12,1
CLM20260403001760,RID25027,extreme_heat,26.7,6,31.7,35.4,1.51,10,-0.99,12,0
CLM20260403001761,RID52294,severe_pollution,60.0,3,42.8,6.7,0.33,9,-0.47,17,0
CLM20260403001762,RID34368,civic_unrest,18.2,2,25.3,48.6,1.19,11,-0.59,22,0
CLM20260403001763,RID42154,heavy_rainfall,64.3,2,40.2,9.6,4.93,10,2.68,10,1
CLM20260403001764,RID38204,civic_unrest,40.8,3,44.2,28.1,0.92,10,-0.15,23,0
CLM20260403001765,RID58754,extreme_heat,28.6,7,9.2,19.1,0.08,7,-2.29,13,0
CLM20260403001766,RID51215,heavy_rainfall,20.3,4,75.6,7.5,0.18,14,-0.64,19,0
CLM20260403001767,RID11262,civic_unrest,36.7,4,48.3,40.3,3.35,5,-0.71,17,0
CLM20260403001768,RID11428,civic_unrest,23.1,2,12.3,23.5,1.83,6,-0.51,22,0
CLM20260403001769,RID38019,severe_pollution,49.7,2,37.8,29.0,0.24,6,-0.04,9,0
CLM20260403001770,RID84379,civic_unrest,23.8,2,49.6,12.4,1.46,7,0.21,12,0
CLM20260403001771,RID40493,heavy_rainfall,88.4,3,44.9,22.1,1.62,9,1.06,21,0
CLM20260403001772,RID60540,civic_unrest,119.5,3,23.2,10.0,2.38,5,0.53,8,0
CLM20260403001773,RID88879,extreme_heat,33.6,3,48.8,11.9,0.63,8,-1.41,22,0
CLM20260403001774,RID79109,extreme_heat,95.0,2,55.2,37.3,3.32,8,2.17,27,0
CLM20260403001775,RID23489,civic_unrest,46.5,3,10.7,41.1,0.87,10,-0.05,15,0
CLM20260403001776,RID89679,heavy_rainfall,61.7,2,84.5,27.4,0.23,6,0.03,29,0
CLM20260403001777,RID85228,severe_pollution,110.4,5,40.9,9.8,1.17,9,0.15,10,0
CLM20260403001778,RID99408,severe_pollution,82.8,4,15.4,11.6,0.99,11,1.64,8,0
CLM20260403001779,RID51652,civic_unrest,148.4,3,12.5,72.2,0.82,8,-0.56,29,0
CLM20260403001780,RID35971,extreme_heat,79.8,4,10.1,15.1,0.07,7,0.43,17,0
CLM20260403001781,RID16509,severe_pollution,61.7,4,12.9,80.0,0.31,6,0.3,19,0
CLM20260403001782,RID75359,heavy_rainfall,6.5,0,186.1,11.0,11.33,28,1.14,3,1
CLM20260403001783,RID45968,severe_pollution,57.8,4,35.9,19.7,3.9,10,0.16,23,0
CLM20260403001784,RID25631,heavy_rainfall,22.8,4,46.3,29.7,0.44,8,-1.76,10,1
CLM20260403001785,RID69347,extreme_heat,41.3,6,30.2,11.6,0.75,5,-1.85,10,0
CLM20260403001786,RID88830,civic_unrest,104.5,0,21.1,40.7,0.12,5,-0.12,12,0
CLM20260403001787,RID87485,severe_pollution,82.6,3,53.5,32.1,1.15,5,0.31,25,1
CLM20260403001788,RID40988,heavy_rainfall,111.2,1,39.4,27.1,5.11,10,-0.23,18,1
CLM20260403001789,RID47360,heavy_rainfall,42.6,2,40.3,3.7,0.05,5,-2.12,15,0
CLM20260403001790,RID94366,heavy_rainfall,43.5,7,92.3,37.9,3.5,4,0.55,12,0
CLM20260403001791,RID70525,civic_unrest,52.2,3,42.2,24.4,0.57,11,0.39,13,0
CLM20260403001792,RID27178,severe_pollution,102.0,3,20.1,52.0,0.86,9,-0.67,18,0
CLM20260403001793,RID14850,heavy_rainfall,98.4,3,73.8,30.3,0.26,6,-0.42,18,0
CLM20260403001794,RID54222,heavy_rainfall,65.9,2,147.2,32.4,0.45,7,-0.68,8,0
CLM20260403001795,RID19103,severe_pollution,39.5,1,56.8,30.8,5.42,12,3.54,8,0
CLM20260403001796,RID22467,severe_pollution,74.5,4,59.6,29.9,0.5,11,0.4,27,0
CLM20260403001797,RID49452,civic_unrest,30.2,2,26.1,9.7,0.29,12,2.17,9,0
CLM20260403001798,RID51574,civic_unrest,0.5,0,69.2,11.2,0.63,31,2.89,4,1
CLM20260403001799,RID62473,heavy_rainfall,8.4,0,127.1,9.1,8.2,35,2.35,3,1
CLM20260403001800,RID82935,civic_unrest,113.3,0,43.1,39.8,1.85,9,0.24,16,0
CLM20260403001801,RID74725,heavy_rainfall,69.9,3,95.2,80.0,1.88,8,0.1,8,0
CLM20260403001802,RID61554,civic_unrest,42.9,4,35.5,6.4,1.7,7,-0.18,8,0
CLM20260403001803,RID69582,severe_pollution,98.7,2,41.5,14.5,4.71,8,2.34,16,0
CLM20260403001804,RID94029,heavy_rainfall,36.6,2,40.6,17.1,6.5,6,0.3,20,0
CLM20260403001805,RID59008,heavy_rainfall,2.4,1,6.2,9.0,8.04,39,3.25,12,1
CLM20260403001806,RID13838,extreme_heat,25.6,2,58.8,10.4,1.58,5,1.46,23,0
CLM20260403001807,RID16269,heavy_rainfall,67.9,6,146.7,33.6,0.91,3,-0.13,11,0
CLM20260403001808,RID28184,heavy_rainfall,33.2,4,103.0,23.7,1.77,4,1.22,17,0
CLM20260403001809,RID52317,severe_pollution,52.0,1,15.2,57.8,0.93,10,1.63,18,0
CLM20260403001810,RID39667,extreme_heat,116.0,3,30.2,80.0,0.94,6,-1.18,22,0
CLM20260403001811,RID21536,extreme_heat,21.3,6,25.8,50.0,3.13,6,-0.13,23,1
CLM20260403001812,RID58349,heavy_rainfall,6.7,2,60.3,9.2,1.02,6,0.06,10,0
CLM20260403001813,RID16880,civic_unrest,0.9,0,132.8,0.5,1.45,41,2.94,2,1
CLM20260403001814,RID15646,heavy_rainfall,89.9,4,129.6,12.5,0.16,9,0.92,9,0
CLM20260403001815,RID16291,civic_unrest,39.2,2,14.7,58.2,1.62,7,-0.13,26,0
CLM20260403001816,RID19835,civic_unrest,18.1,1,28.9,17.4,0.81,9,-1.43,8,0
CLM20260403001817,RID53165,severe_pollution,12.8,1,12.2,35.6,3.41,6,-0.18,25,0
CLM20260403001818,RID45377,extreme_heat,97.9,4,34.0,36.9,0.74,6,0.16,28,0
CLM20260403001819,RID28056,severe_pollution,44.2,4,16.4,61.0,0.56,4,0.87,20,0
CLM20260403001820,RID25715,extreme_heat,8.9,1,36.0,21.7,0.12,9,0.12,26,0
CLM20260403001821,RID51855,extreme_heat,78.1,2,28.6,75.0,0.7,5,0.99,15,0
CLM20260403001822,RID86563,severe_pollution,50.8,3,32.1,50.2,3.55,11,-0.1,29,0
CLM20260403001823,RID93480,severe_pollution,50.7,2,23.0,33.5,0.23,5,-0.86,28,0
CLM20260403001824,RID97586,heavy_rainfall,11.4,3,81.2,12.0,0.35,5,0.65,19,0
CLM20260403001825,RID78388,extreme_heat,59.5,3,21.2,42.9,0.86,9,0.14,15,0
CLM20260403001826,RID85744,severe_pollution,48.7,4,47.9,17.5,0.58,4,-0.22,21,0
CLM20260403001827,RID96673,severe_pollution,27.8,10,20.6,42.1,0.04,10,0.92,26,0
CLM20260403001828,RID46771,civic_unrest,65.6,4,22.1,21.3,0.0,7,2.1,23,0
CLM20260403001829,RID73269,extreme_heat,74.7,4,12.8,32.6,0.7,5,-0.78,14,0
CLM20260403001830,RID22032,civic_unrest,104.0,3,25.5,28.1,0.92,10,-0.06,12,0
CLM20260403001831,RID48828,heavy_rainfall,18.5,0,70.8,39.5,1.37,12,1.14,14,0
CLM20260403001832,RID56269,extreme_heat,75.1,3,59.3,17.5,0.09,9,-1.53,14,0
CLM20260403001833,RID96439,extreme_heat,55.2,5,29.2,3.8,0.15,6,-1.33,12,0
CLM20260403001834,RID20225,heavy_rainfall,101.0,6,35.2,25.2,0.27,11,-0.37,19,0
CLM20260403001835,RID74828,heavy_rainfall,14.9,1,98.8,37.4,3.28,3,1.75,26,0
CLM20260403001836,RID37849,heavy_rainfall,0.6,0,2.3,3.4,13.42,30,3.14,5,1
CLM20260403001837,RID97883,extreme_heat,87.0,1,21.3,8.3,0.74,6,-0.3,9,1
CLM20260403001838,RID71361,severe_pollution,23.5,2,37.2,43.3,1.47,11,-1.89,13,0
CLM20260403001839,RID34630,severe_pollution,47.0,5,35.7,8.0,1.34,7,1.4,19,0
CLM20260403001840,RID23701,civic_unrest,56.0,2,41.5,7.4,0.37,7,0.55,23,0
CLM20260403001841,RID37349,civic_unrest,47.7,1,20.3,13.0,0.35,11,-0.91,12,0
CLM20260403001842,RID50871,severe_pollution,46.9,5,44.6,11.7,1.78,6,0.99,24,0
CLM20260403001843,RID95890,extreme_heat,46.2,2,30.1,63.3,0.27,2,1.3,11,0
CLM20260403001844,RID76127,heavy_rainfall,103.6,6,119.5,26.5,0.56,10,0.43,22,1
CLM20260403001845,RID27047,extreme_heat,18.3,7,44.8,73.2,1.88,6,-1.7,23,0
CLM20260403001846,RID57663,severe_pollution,9.9,2,38.0,11.4,0.29,11,-0.76,14,0
CLM20260403001847,RID69301,extreme_heat,47.0,4,23.5,15.6,0.59,18,-0.79,29,0
CLM20260403001848,RID62455,extreme_heat,19.4,1,27.1,23.5,1.42,7,-0.9,7,0
CLM20260403001849,RID18996,civic_unrest,22.7,3,11.6,63.1,1.58,15,-1.11,9,0
CLM20260403001850,RID65455,extreme_heat,70.7,4,51.9,80.0,0.03,9,-0.49,24,0
CLM20260403001851,RID99950,civic_unrest,40.7,4,49.6,13.7,2.52,10,0.36,17,0
CLM20260403001852,RID85660,heavy_rainfall,16.1,0,74.6,8.3,11.44,26,2.57,3,1
CLM20260403001853,RID29305,severe_pollution,6.6,2,53.4,41.5,1.53,6,-2.02,27,0
CLM20260403001854,RID24047,heavy_rainfall,46.3,2,131.2,14.4,2.01,9,0.0,17,0
CLM20260403001855,RID41531,heavy_rainfall,21.0,3,31.7,63.4,1.33,6,0.39,23,0
CLM20260403001856,RID70404,extreme_heat,35.3,4,28.3,46.4,5.83,7,0.94,10,0
CLM20260403001857,RID44964,heavy_rainfall,29.0,3,53.8,31.1,0.16,9,-2.05,26,0
CLM20260403001858,RID72421,severe_pollution,0.8,0,120.3,13.5,15.23,34,3.25,4,1
CLM20260403001859,RID56131,civic_unrest,0.5,0,5.1,6.5,9.68,30,4.21,1,1
CLM20260403001860,RID25509,heavy_rainfall,31.3,3,78.0,24.1,0.56,10,1.67,7,0
CLM20260403001861,RID56455,severe_pollution,94.7,2,47.1,13.4,0.95,5,-2.01,12,0
CLM20260403001862,RID37795,extreme_heat,112.3,5,36.7,11.1,1.38,6,-0.48,9,0
CLM20260403001863,RID62026,severe_pollution,0.8,0,9.7,10.7,7.69,37,2.66,1,1
CLM20260403001864,RID76574,civic_unrest,66.1,3,42.8,46.0,1.6,9,2.16,29,0
CLM20260403001865,RID16967,severe_pollution,69.3,4,9.7,10.1,2.37,6,-0.17,15,0
CLM20260403001866,RID45728,civic_unrest,215.9,3,59.4,8.5,0.49,3,-0.71,28,0
CLM20260403001867,RID22820,heavy_rainfall,49.4,2,94.5,25.0,2.18,9,-0.3,21,0
CLM20260403001868,RID95016,severe_pollution,44.0,5,16.0,31.6,1.39,8,1.71,8,0
CLM20260403001869,RID65389,extreme_heat,105.5,0,48.6,8.1,1.07,12,0.8,10,0
CLM20260403001870,RID48535,extreme_heat,98.4,5,36.7,18.6,0.67,6,-1.14,9,0
CLM20260403001871,RID62781,extreme_heat,72.4,3,22.0,23.9,0.82,3,-0.45,18,0
CLM20260403001872,RID87863,civic_unrest,27.5,5,35.2,5.8,0.94,8,0.26,26,0
CLM20260403001873,RID79410,severe_pollution,77.7,7,8.6,13.1,0.11,9,0.14,20,0
CLM20260403001874,RID77976,severe_pollution,77.4,1,22.6,3.4,0.92,3,1.1,23,0
CLM20260403001875,RID24311,heavy_rainfall,74.2,5,130.6,17.5,4.7,9,1.36,8,0
CLM20260403001876,RID94717,extreme_heat,50.4,5,39.3,11.7,0.75,7,1.54,16,0
CLM20260403001877,RID24559,extreme_heat,83.6,4,35.5,12.5,1.2,5,0.16,28,0
CLM20260403001878,RID25097,heavy_rainfall,58.2,5,101.8,28.9,1.28,5,-0.32,7,0
CLM20260403001879,RID14677,civic_unrest,90.6,1,42.0,11.1,0.42,7,1.05,28,0
CLM20260403001880,RID41295,heavy_rainfall,60.8,1,23.0,35.5,3.12,8,0.35,28,0
CLM20260403001881,RID79747,heavy_rainfall,33.6,2,21.4,48.2,0.39,5,-1.97,28,0
CLM20260403001882,RID46105,extreme_heat,22.0,2,13.1,33.5,3.37,6,-0.02,12,0
CLM20260403001883,RID91293,severe_pollution,119.9,2,47.6,61.9,1.58,10,-0.68,19,0
CLM20260403001884,RID61368,severe_pollution,73.2,0,48.5,9.2,6.6,12,-0.36,20,0
CLM20260403001885,RID23278,extreme_heat,67.3,6,13.0,7.5,3.57,10,0.3,26,0
CLM20260403001886,RID45162,severe_pollution,24.4,2,57.6,13.2,2.4,4,-0.13,18,0
CLM20260403001887,RID36962,extreme_heat,14.4,3,25.6,31.3,7.16,11,-0.01,14,0
CLM20260403001888,RID36683,civic_unrest,2.5,0,63.7,13.0,9.91,28,3.43,1,1
CLM20260403001889,RID93479,civic_unrest,146.3,4,51.4,39.1,0.26,6,0.88,7,0
CLM20260403001890,RID88159,civic_unrest,61.5,6,46.2,52.7,0.11,11,0.42,28,1
CLM20260403001891,RID10407,heavy_rainfall,67.9,2,37.6,15.7,0.2,11,-0.56,18,0
CLM20260403001892,RID34258,severe_pollution,35.3,3,33.1,21.7,0.84,7,-0.83,28,0
CLM20260403001893,RID50019,extreme_heat,46.5,1,18.4,19.6,3.59,12,0.97,16,0
CLM20260403001894,RID32312,civic_unrest,34.6,4,52.1,14.0,0.34,13,2.23,18,0
CLM20260403001895,RID99318,heavy_rainfall,52.4,1,118.3,11.8,3.04,11,0.36,23,0
CLM20260403001896,RID31842,extreme_heat,42.2,6,57.4,14.9,1.18,11,2.85,15,0
CLM20260403001897,RID53536,severe_pollution,48.0,1,23.1,44.0,0.13,8,0.55,20,0
CLM20260403001898,RID28590,heavy_rainfall,53.6,3,96.8,80.0,3.3,14,1.31,24,0
CLM20260403001899,RID97298,severe_pollution,103.0,4,56.8,11.5,1.24,3,2.08,13,0
CLM20260403001900,RID66088,civic_unrest,70.3,2,11.6,80.0,0.29,9,2.55,17,0
CLM20260403001901,RID12729,extreme_heat,19.5,5,18.3,39.8,1.86,10,-0.8,29,0
CLM20260403001902,RID44581,heavy_rainfall,9.3,2,135.8,74.5,0.28,6,-2.73,9,0
CLM20260403001903,RID32377,heavy_rainfall,149.5,4,97.3,5.0,0.24,7,0.46,18,0
CLM20260403001904,RID87857,civic_unrest,29.6,3,11.1,2.5,1.75,4,-0.35,27,0
CLM20260403001905,RID72105,heavy_rainfall,9.2,2,95.5,18.3,4.96,7,-0.25,22,0
CLM20260403001906,RID74003,extreme_heat,150.9,2,12.4,30.1,0.73,14,0.44,15,0
CLM20260403001907,RID71940,heavy_rainfall,14.5,1,100.0,32.3,0.39,6,-0.57,21,0
CLM20260403001908,RID15921,heavy_rainfall,60.2,3,59.0,26.4,0.56,5,1.09,26,0
CLM20260403001909,RID84352,civic_unrest,7.8,3,43.3,17.5,0.33,9,1.49,26,0
CLM20260403001910,RID39922,extreme_heat,12.9,4,39.5,6.6,1.19,4,-1.33,7,0
CLM20260403001911,RID29212,heavy_rainfall,26.5,5,122.9,26.0,1.65,6,-0.65,28,0
CLM20260403001912,RID23106,civic_unrest,68.4,2,33.0,37.0,0.57,4,1.3,13,0
CLM20260403001913,RID53997,severe_pollution,75.0,2,37.6,19.4,0.92,9,-0.56,18,0
CLM20260403001914,RID74312,civic_unrest,105.2,3,51.7,37.4,2.55,11,-0.49,10,0
CLM20260403001915,RID81527,civic_unrest,53.7,3,29.7,45.2,0.47,10,0.3,27,0
CLM20260403001916,RID96954,severe_pollution,33.1,8,16.4,57.8,0.34,8,2.11,13,0
CLM20260403001917,RID43231,civic_unrest,24.2,3,38.0,46.1,3.29,13,-1.97,22,0
CLM20260403001918,RID70129,heavy_rainfall,74.9,1,90.6,37.1,0.36,6,-0.2,26,0
CLM20260403001919,RID56219,civic_unrest,30.5,5,57.4,8.8,0.34,13,0.59,20,0
CLM20260403001920,RID53743,severe_pollution,139.3,4,54.0,7.7,8.05,5,1.15,27,0
CLM20260403001921,RID24779,civic_unrest,84.9,3,48.0,34.7,0.59,6,0.84,14,0
CLM20260403001922,RID99887,heavy_rainfall,57.0,5,76.7,22.0,0.25,9,1.44,20,0
CLM20260403001923,RID29385,severe_pollution,60.4,3,55.8,22.1,0.91,8,-1.03,9,0
CLM20260403001924,RID38869,extreme_heat,35.0,1,20.7,23.5,0.19,8,2.08,9,0
CLM20260403001925,RID56818,severe_pollution,87.5,4,37.6,32.6,1.34,12,-0.02,26,0
CLM20260403001926,RID14050,extreme_heat,233.3,3,40.6,79.4,1.27,8,3.15,16,0
CLM20260403001927,RID85705,severe_pollution,7.5,4,14.1,13.9,0.4,11,2.44,12,0
CLM20260403001928,RID57109,extreme_heat,63.8,2,56.7,14.8,1.64,5,-0.92,14,0
CLM20260403001929,RID21701,extreme_heat,84.5,1,23.5,29.7,1.23,8,1.22,27,0
CLM20260403001930,RID59516,heavy_rainfall,108.2,2,90.3,48.4,2.91,4,0.31,12,0
CLM20260403001931,RID45903,severe_pollution,6.8,0,193.3,3.1,9.73,39,2.46,2,1
CLM20260403001932,RID79062,extreme_heat,18.4,3,23.6,45.8,1.06,8,-0.4,21,0
CLM20260403001933,RID44774,civic_unrest,47.7,6,36.0,26.9,0.24,12,-0.21,22,0
CLM20260403001934,RID53410,severe_pollution,149.9,3,59.0,18.4,0.02,7,-0.74,20,0
CLM20260403001935,RID87220,severe_pollution,0.5,0,100.0,14.3,6.29,32,1.78,12,1
CLM20260403001936,RID46208,civic_unrest,53.3,4,36.0,12.1,0.71,11,-1.48,14,0
CLM20260403001937,RID34978,heavy_rainfall,65.2,4,59.6,27.1,3.42,9,0.29,8,1
CLM20260403001938,RID85958,civic_unrest,12.4,0,18.8,38.8,2.38,12,-0.2,14,0
CLM20260403001939,RID90264,heavy_rainfall,49.5,2,115.7,64.0,1.43,9,0.1,16,0
CLM20260403001940,RID66814,severe_pollution,120.4,3,37.9,69.4,0.58,13,1.4,25,0
CLM20260403001941,RID84273,civic_unrest,35.9,1,37.4,80.0,0.14,8,0.13,7,0
CLM20260403001942,RID47802,heavy_rainfall,52.1,2,40.3,40.6,2.28,7,0.06,27,0
CLM20260403001943,RID11092,severe_pollution,26.6,0,10.0,20.8,4.32,6,0.45,8,0
CLM20260403001944,RID99853,extreme_heat,28.2,3,36.4,45.0,0.61,6,0.06,12,0
CLM20260403001945,RID71121,extreme_heat,95.5,2,24.3,9.4,1.16,9,-0.09,15,0
CLM20260403001946,RID78575,civic_unrest,53.5,6,10.8,32.6,5.58,6,0.2,16,0
CLM20260403001947,RID91762,extreme_heat,38.9,5,31.1,34.1,4.13,5,-0.66,12,0
CLM20260403001948,RID49799,severe_pollution,10.0,0,169.1,3.8,15.91,28,1.26,3,1
CLM20260403001949,RID47782,heavy_rainfall,21.3,7,128.5,26.7,1.43,10,-1.51,25,0
CLM20260403001950,RID48630,heavy_rainfall,3.9,0,178.1,14.4,18.02,32,2.55,3,1
CLM20260403001951,RID69488,heavy_rainfall,117.4,2,110.8,55.2,1.98,3,1.29,20,0
CLM20260403001952,RID38485,civic_unrest,11.9,0,8.5,13.3,5.29,32,3.02,1,1
CLM20260403001953,RID87735,heavy_rainfall,47.5,6,121.3,10.5,0.46,7,0.27,17,0
CLM20260403001954,RID16972,severe_pollution,101.9,1,24.1,6.2,0.46,9,-0.57,15,0
CLM20260403001955,RID50084,heavy_rainfall,74.6,1,55.1,48.2,4.01,4,1.26,8,0
CLM20260403001956,RID66403,civic_unrest,14.6,1,59.2,34.7,4.29,6,-1.47,16,0
CLM20260403001957,RID96540,heavy_rainfall,82.8,4,67.7,33.1,3.56,8,-2.76,26,0
CLM20260403001958,RID16540,civic_unrest,48.6,2,39.2,45.6,2.46,4,0.27,29,1
CLM20260403001959,RID28051,civic_unrest,79.8,3,23.4,30.1,0.34,6,-0.59,19,0
CLM20260403001960,RID47128,extreme_heat,80.9,2,17.9,44.8,1.0,9,1.0,15,0
CLM20260403001961,RID21272,civic_unrest,1.6,0,3.1,1.8,17.98,37,2.09,8,1
CLM20260403001962,RID28696,extreme_heat,26.3,4,30.7,25.7,0.19,5,0.48,12,0
CLM20260403001963,RID66629,heavy_rainfall,126.7,1,126.4,18.5,0.88,14,-0.65,19,0
CLM20260403001964,RID48116,extreme_heat,33.4,1,56.2,13.1,2.08,12,-0.44,22,0
CLM20260403001965,RID14212,severe_pollution,70.9,2,49.0,50.8,3.98,8,0.14,27,0
CLM20260403001966,RID56482,extreme_heat,29.4,2,56.8,63.3,0.23,9,-0.11,11,0
CLM20260403001967,RID98932,severe_pollution,32.7,4,21.6,15.8,0.12,6,0.09,10,0
CLM20260403001968,RID65386,severe_pollution,6.2,3,37.1,65.1,1.85,6,-0.73,19,1
CLM20260403001969,RID22863,civic_unrest,19.6,2,38.4,37.1,2.02,10,-0.86,17,0
CLM20260403001970,RID49586,civic_unrest,33.2,3,23.6,16.3,0.94,10,-1.05,7,0
CLM20260403001971,RID32715,severe_pollution,52.9,4,52.9,1.4,0.21,7,-1.29,23,0
CLM20260403001972,RID98987,civic_unrest,25.2,3,31.3,5.9,0.16,4,0.34,19,0
CLM20260403001973,RID85781,extreme_heat,48.6,6,43.9,18.7,0.27,10,0.57,27,0
CLM20260403001974,RID99564,extreme_heat,59.6,2,59.8,9.4,0.32,6,-1.35,12,0
CLM20260403001975,RID42770,extreme_heat,3.3,5,27.5,35.1,0.59,7,0.17,19,1
CLM20260403001976,RID64566,extreme_heat,4.7,0,40.9,14.1,0.85,40,3.12,1,1
CLM20260403001977,RID49460,civic_unrest,66.5,1,19.2,1.0,1.02,11,-0.52,11,0
CLM20260403001978,RID21219,civic_unrest,29.8,7,28.0,32.9,0.87,9,0.68,7,0
CLM20260403001979,RID84273,severe_pollution,14.8,4,56.0,8.7,0.62,8,1.1,19,0
CLM20260403001980,RID81543,extreme_heat,99.3,2,45.5,17.1,1.17,7,-1.44,28,0
CLM20260403001981,RID59278,severe_pollution,12.2,0,6.6,11.1,19.71,36,2.45,1,1
CLM20260403001982,RID22588,extreme_heat,86.3,6,39.8,42.8,0.85,11,0.87,29,0
CLM20260403001983,RID79018,severe_pollution,0.5,0,155.4,4.1,15.31,32,3.22,4,1
CLM20260403001984,RID51059,civic_unrest,53.1,7,18.3,34.0,1.88,8,-0.82,22,0
CLM20260403001985,RID71391,civic_unrest,70.9,1,19.2,38.0,1.3,6,-0.1,12,0
CLM20260403001986,RID66055,severe_pollution,16.0,0,146.3,3.7,15.03,32,2.6,1,1
CLM20260403001987,RID65116,severe_pollution,131.0,1,21.8,4.0,1.84,6,1.42,27,0
CLM20260403001988,RID70461,heavy_rainfall,44.2,6,147.8,10.3,3.85,6,-0.55,13,0
CLM20260403001989,RID83257,heavy_rainfall,43.0,0,40.8,14.1,3.91,16,-0.54,13,0
CLM20260403001990,RID65170,heavy_rainfall,5.5,0,93.1,3.9,14.42,37,3.08,5,1
CLM20260403001991,RID28426,civic_unrest,9.4,1,9.5,33.2,1.19,5,-2.1,15,0
CLM20260403001992,RID41804,civic_unrest,56.1,1,31.8,26.9,0.31,15,0.04,16,0
CLM20260403001993,RID26682,civic_unrest,13.3,4,53.0,23.8,2.29,13,-0.86,9,0
CLM20260403001994,RID17017,severe_pollution,62.1,2,58.1,16.9,1.05,11,0.26,26,0
CLM20260403001995,RID26506,severe_pollution,26.6,4,29.5,11.3,3.93,6,-0.63,21,0
CLM20260403001996,RID97828,heavy_rainfall,4.7,2,148.2,13.2,0.22,8,0.68,27,0
CLM20260403001997,RID70661,severe_pollution,20.2,2,28.8,32.9,0.63,3,0.17,14,0
CLM20260403001998,RID17123,heavy_rainfall,114.0,3,23.1,25.8,3.39,13,-1.12,12,0
CLM20260403001999,RID17168,civic_unrest,45.1,3,56.2,8.7,4.7,9,-0.95,11,0
CLM20260403002000,RID95181,heavy_rainfall,9.5,4,38.0,34.5,1.43,9,0.8,21,0
CLM20260403002001,RID53710,heavy_rainfall,33.3,3,112.5,36.1,3.5,10,-0.92,23,0
CLM20260403002002,RID48086,severe_pollution,40.5,3,49.3,44.6,2.32,7,-0.13,20,0
CLM20260403002003,RID53425,heavy_rainfall,21.5,6,121.1,13.5,2.98,9,-1.35,13,0
CLM20260403002004,RID25917,heavy_rainfall,170.9,1,136.9,19.7,0.17,8,0.95,27,0
CLM20260403002005,RID36878,extreme_heat,44.2,1,58.8,26.9,0.25,9,-1.22,24,1
CLM20260403002006,RID83668,severe_pollution,224.2,3,43.3,23.8,0.58,2,-2.84,29,0
CLM20260403002007,RID27878,extreme_heat,117.3,0,16.7,66.2,0.43,5,-1.52,28,0
CLM20260403002008,RID98562,extreme_heat,9.2,2,50.6,3.0,0.45,5,1.24,11,0
CLM20260403002009,RID49438,civic_unrest,66.1,4,36.1,5.8,1.9,4,-1.33,21,0
CLM20260403002010,RID10845,severe_pollution,74.1,8,58.2,17.8,2.4,6,0.46,24,0
CLM20260403002011,RID91744,extreme_heat,26.7,0,8.7,32.1,2.33,9,0.0,22,0
CLM20260403002012,RID25035,heavy_rainfall,33.0,2,95.0,56.6,0.11,9,-2.63,24,0
CLM20260403002013,RID10004,extreme_heat,40.5,3,31.5,40.8,3.73,11,-0.04,13,0
CLM20260403002014,RID89140,heavy_rainfall,14.8,3,148.4,52.3,2.89,10,0.06,12,0
CLM20260403002015,RID78134,heavy_rainfall,101.2,3,68.4,20.0,0.13,6,-0.45,10,0
CLM20260403002016,RID42401,extreme_heat,57.5,2,37.8,22.0,0.94,6,-0.56,26,0
CLM20260403002017,RID23579,severe_pollution,2.3,1,3.7,9.2,15.61,37,1.17,2,1
CLM20260403002018,RID13231,severe_pollution,33.1,6,52.9,18.9,1.0,8,-0.24,27,0
CLM20260403002019,RID61211,heavy_rainfall,85.9,4,57.7,46.2,0.17,11,-2.73,15,0
CLM20260403002020,RID25966,civic_unrest,87.6,3,19.0,32.6,0.88,6,-3.08,19,0
CLM20260403002021,RID63026,severe_pollution,115.4,0,30.7,44.1,3.37,9,-1.4,8,0
CLM20260403002022,RID34123,extreme_heat,22.4,2,47.1,12.9,1.66,8,-0.4,16,0
CLM20260403002023,RID81659,civic_unrest,32.6,1,23.1,26.8,1.83,7,2.07,13,0
CLM20260403002024,RID90315,severe_pollution,62.5,5,35.8,10.0,0.31,10,-2.16,28,0
CLM20260403002025,RID96266,heavy_rainfall,54.2,3,92.8,24.4,2.41,13,-0.1,8,0
CLM20260403002026,RID66669,extreme_heat,70.3,2,48.6,40.1,3.13,9,-0.31,21,0
CLM20260403002027,RID93387,heavy_rainfall,42.3,3,92.6,68.7,1.35,7,-1.95,12,1
CLM20260403002028,RID34223,extreme_heat,65.9,1,43.8,25.1,2.56,10,-1.6,29,0
CLM20260403002029,RID96175,extreme_heat,6.1,1,7.0,4.9,1.47,37,3.95,2,1
CLM20260403002030,RID32383,extreme_heat,45.4,5,43.6,24.5,0.13,9,1.8,26,0
CLM20260403002031,RID72411,severe_pollution,69.8,3,24.7,37.1,3.8,7,0.06,21,0
CLM20260403002032,RID48015,civic_unrest,60.7,1,12.8,11.9,1.42,4,-0.05,11,0
CLM20260403002033,RID97495,heavy_rainfall,55.4,5,90.4,8.3,2.61,7,-0.29,21,0
CLM20260403002034,RID87170,severe_pollution,83.6,8,58.9,36.9,3.45,11,-1.32,22,0
CLM20260403002035,RID58147,civic_unrest,136.4,4,59.5,22.2,0.19,7,1.87,20,0
CLM20260403002036,RID61273,severe_pollution,58.2,4,27.9,80.0,0.84,13,0.58,22,0
CLM20260403002037,RID24068,severe_pollution,49.2,3,26.8,41.7,0.08,3,0.78,23,0
CLM20260403002038,RID64643,severe_pollution,6.4,0,183.9,13.5,11.43,30,1.79,1,1
CLM20260403002039,RID29420,heavy_rainfall,27.5,3,131.2,80.0,0.02,14,2.59,24,0
CLM20260403002040,RID47148,severe_pollution,84.3,1,12.4,28.8,0.06,10,0.22,10,0
CLM20260403002041,RID25745,severe_pollution,37.8,0,20.7,15.0,1.17,7,-0.54,23,0
CLM20260403002042,RID11444,civic_unrest,4.1,0,47.9,2.5,11.98,35,3.07,2,1
CLM20260403002043,RID14467,severe_pollution,33.0,5,41.7,20.8,4.76,7,-1.63,25,0
CLM20260403002044,RID15587,civic_unrest,10.3,0,189.1,7.4,10.37,32,4.5,4,1
CLM20260403002045,RID28258,severe_pollution,22.1,4,40.1,13.0,1.45,8,-1.51,11,0
CLM20260403002046,RID70076,civic_unrest,1.6,0,4.7,10.1,1.45,38,2.77,2,1
CLM20260403002047,RID11195,extreme_heat,35.7,4,19.7,29.4,1.12,3,0.99,16,0
CLM20260403002048,RID56890,extreme_heat,49.3,2,35.3,46.2,4.6,5,-1.1,13,0
CLM20260403002049,RID55722,severe_pollution,12.1,5,27.6,31.9,1.26,9,-0.53,8,0
CLM20260403002050,RID77245,heavy_rainfall,33.0,4,26.8,8.2,0.68,9,-0.22,28,0
CLM20260403002051,RID32871,extreme_heat,112.7,3,45.0,5.0,0.25,4,0.53,15,0
CLM20260403002052,RID56119,civic_unrest,53.0,3,28.0,23.2,0.61,9,-0.11,25,0
CLM20260403002053,RID70225,extreme_heat,32.4,1,24.4,19.4,1.6,6,-1.51,7,0
CLM20260403002054,RID46482,civic_unrest,94.6,4,39.1,10.2,2.65,7,0.16,16,0
CLM20260403002055,RID61633,heavy_rainfall,29.6,3,31.5,1.1,6.75,4,0.91,12,0
CLM20260403002056,RID94559,severe_pollution,20.9,1,15.2,1.8,3.38,9,-0.54,27,0
CLM20260403002057,RID59351,severe_pollution,8.2,4,16.6,12.0,0.12,10,-0.85,9,0
CLM20260403002058,RID89408,extreme_heat,7.4,0,190.8,10.2,14.66,35,3.09,4,1
CLM20260403002059,RID85502,civic_unrest,106.5,4,50.4,24.7,0.15,4,-0.34,18,0
CLM20260403002060,RID26963,civic_unrest,170.8,2,40.6,36.6,4.28,10,-2.67,9,0
CLM20260403002061,RID87182,civic_unrest,115.8,3,26.5,5.6,0.05,4,-0.9,24,0
CLM20260403002062,RID86610,severe_pollution,110.1,1,15.6,75.0,1.56,10,0.11,7,0
CLM20260403002063,RID18856,heavy_rainfall,27.2,5,102.4,17.7,0.07,9,-1.04,26,0
CLM20260403002064,RID13869,extreme_heat,33.5,2,25.6,7.5,0.14,10,1.31,8,0
CLM20260403002065,RID40369,heavy_rainfall,67.0,2,115.4,2.4,1.13,14,0.92,11,0
CLM20260403002066,RID97197,heavy_rainfall,55.4,3,118.1,47.9,0.61,11,-0.1,29,0
CLM20260403002067,RID75461,severe_pollution,59.1,0,26.8,46.6,2.91,7,-1.02,20,0
CLM20260403002068,RID52422,extreme_heat,79.7,4,59.3,21.1,1.6,8,-0.87,14,0
CLM20260403002069,RID41013,heavy_rainfall,4.0,4,34.4,44.0,0.85,7,0.43,20,0
CLM20260403002070,RID32806,severe_pollution,9.6,5,53.9,80.0,3.39,14,-1.15,10,0
CLM20260403002071,RID65057,heavy_rainfall,95.7,1,50.0,20.8,3.51,8,-1.49,11,0
CLM20260403002072,RID18116,civic_unrest,93.5,2,10.6,46.4,1.79,7,0.03,16,0
CLM20260403002073,RID25004,heavy_rainfall,55.6,8,86.5,8.7,1.85,12,-0.81,15,0
CLM20260403002074,RID19552,severe_pollution,33.3,4,30.0,49.6,0.07,6,-0.17,18,0
CLM20260403002075,RID59063,heavy_rainfall,72.9,3,36.2,29.0,0.42,6,-0.34,22,0
CLM20260403002076,RID32815,civic_unrest,53.4,2,28.9,80.0,0.8,3,-0.51,27,0
CLM20260403002077,RID24111,severe_pollution,37.0,3,13.8,68.6,1.01,4,0.5,24,0
CLM20260403002078,RID59496,extreme_heat,43.6,4,16.6,3.9,0.08,9,0.12,20,0
CLM20260403002079,RID93544,extreme_heat,10.5,0,143.2,14.8,1.01,26,3.72,12,1
CLM20260403002080,RID35653,civic_unrest,11.0,4,37.2,25.1,1.86,7,2.03,16,0
CLM20260403002081,RID74369,severe_pollution,110.8,1,58.4,7.2,0.18,5,2.68,12,0
CLM20260403002082,RID98978,civic_unrest,19.9,2,27.9,26.1,0.2,6,-2.2,8,0
CLM20260403002083,RID39556,extreme_heat,34.3,4,26.8,15.7,4.49,3,0.76,29,0
CLM20260403002084,RID31245,severe_pollution,14.6,1,41.1,15.1,1.82,5,-0.2,22,0
CLM20260403002085,RID79275,extreme_heat,39.0,5,59.8,42.6,0.81,7,-0.21,14,0
CLM20260403002086,RID21274,heavy_rainfall,31.3,3,66.4,5.4,0.02,10,-0.17,24,0
CLM20260403002087,RID92459,heavy_rainfall,85.9,3,81.0,15.3,1.36,8,1.15,16,1
CLM20260403002088,RID36678,heavy_rainfall,69.3,3,20.8,80.0,0.13,7,-0.12,12,0
CLM20260403002089,RID28423,heavy_rainfall,20.7,2,73.9,14.6,1.93,4,-0.97,23,0
CLM20260403002090,RID57128,severe_pollution,61.5,1,11.7,6.5,0.15,8,0.98,12,0
CLM20260403002091,RID84487,heavy_rainfall,214.2,1,148.8,7.1,1.63,8,0.24,8,0
CLM20260403002092,RID54657,extreme_heat,22.8,7,28.6,14.3,2.04,3,1.43,24,0
CLM20260403002093,RID99438,severe_pollution,4.6,4,27.0,29.3,4.17,14,-0.24,16,0
CLM20260403002094,RID34921,extreme_heat,40.1,4,42.0,8.5,0.04,8,-1.25,18,0
CLM20260403002095,RID84759,severe_pollution,82.2,2,16.3,41.5,0.15,9,0.96,8,0
CLM20260403002096,RID75647,civic_unrest,58.9,0,49.5,44.1,0.54,7,-2.99,15,0
CLM20260403002097,RID56725,extreme_heat,78.6,2,51.2,9.2,2.36,6,-1.0,7,0
CLM20260403002098,RID18802,severe_pollution,54.1,3,37.2,23.4,0.03,9,4.17,22,0
CLM20260403002099,RID66034,severe_pollution,54.5,3,42.5,25.6,0.34,6,-0.81,26,1
CLM20260403002100,RID19288,heavy_rainfall,43.8,2,101.4,26.9,1.2,10,1.2,23,0
CLM20260403002101,RID26671,civic_unrest,37.3,1,52.6,50.8,0.09,14,-0.18,15,0
CLM20260403002102,RID23226,heavy_rainfall,16.4,1,119.0,10.3,2.47,12,0.49,17,0
CLM20260403002103,RID75367,extreme_heat,49.7,3,26.8,38.4,1.19,9,0.53,7,0
CLM20260403002104,RID16747,civic_unrest,56.0,7,46.9,34.3,2.7,11,-1.09,26,0
CLM20260403002105,RID12954,extreme_heat,75.9,5,57.9,15.1,0.86,6,-0.26,16,0
CLM20260403002106,RID47997,civic_unrest,37.1,3,23.0,12.8,3.59,7,-0.27,20,0
CLM20260403002107,RID61173,civic_unrest,9.5,2,50.2,5.9,0.02,8,-0.95,12,0
CLM20260403002108,RID18906,extreme_heat,78.1,6,51.0,8.7,0.07,12,2.07,13,0
CLM20260403002109,RID47757,heavy_rainfall,64.3,2,130.8,13.3,0.19,8,1.52,25,0
CLM20260403002110,RID80047,extreme_heat,79.7,3,39.8,12.9,0.31,6,-1.6,19,0
CLM20260403002111,RID77863,civic_unrest,50.5,2,32.5,49.7,2.16,2,1.83,20,0
CLM20260403002112,RID62326,heavy_rainfall,13.0,3,128.9,26.8,0.2,9,-0.54,24,0
CLM20260403002113,RID81557,heavy_rainfall,32.3,0,26.2,25.7,1.74,6,-1.63,16,0
CLM20260403002114,RID86385,severe_pollution,5.3,0,111.8,2.3,6.49,27,2.57,3,1
CLM20260403002115,RID44478,heavy_rainfall,51.3,3,148.4,52.5,2.41,13,-1.86,21,0
CLM20260403002116,RID14230,civic_unrest,41.8,0,15.7,32.2,6.51,7,0.01,14,0
CLM20260403002117,RID65234,civic_unrest,47.2,3,19.7,26.8,0.18,7,0.11,9,0
CLM20260403002118,RID36281,civic_unrest,27.4,2,48.8,34.7,0.52,11,-0.11,17,0
CLM20260403002119,RID17784,extreme_heat,76.8,2,19.4,15.7,0.64,9,-0.45,24,0
CLM20260403002120,RID36769,civic_unrest,25.3,5,14.8,39.9,0.06,7,0.46,15,1
CLM20260403002121,RID96944,heavy_rainfall,0.5,0,8.0,5.9,16.17,34,3.19,1,1
CLM20260403002122,RID40882,severe_pollution,25.3,3,47.2,63.5,0.46,7,0.54,24,0
CLM20260403002123,RID19556,heavy_rainfall,22.2,2,108.8,25.2,0.81,5,1.35,14,0
CLM20260403002124,RID55330,heavy_rainfall,17.2,5,148.4,46.4,1.68,10,0.35,15,0
CLM20260403002125,RID64557,heavy_rainfall,0.5,0,188.1,14.8,8.85,29,2.33,2,1
CLM20260403002126,RID82276,severe_pollution,15.4,8,44.2,29.3,1.77,7,-2.19,28,0
CLM20260403002127,RID26969,civic_unrest,19.7,2,16.9,58.2,2.98,4,1.05,11,0
CLM20260403002128,RID15471,heavy_rainfall,66.4,2,85.6,47.1,0.1,5,-0.32,15,0
CLM20260403002129,RID14666,severe_pollution,103.4,3,34.7,32.8,0.15,5,-1.12,22,0
CLM20260403002130,RID76532,extreme_heat,66.1,2,38.9,39.4,0.78,6,0.03,28,0
CLM20260403002131,RID95240,civic_unrest,103.1,2,49.8,29.3,0.89,15,1.51,24,0
CLM20260403002132,RID66559,severe_pollution,42.8,3,27.6,50.9,1.89,9,-1.06,28,0
CLM20260403002133,RID49769,extreme_heat,35.4,6,8.6,13.5,0.7,3,0.27,18,0
CLM20260403002134,RID12810,heavy_rainfall,156.2,2,130.1,24.2,2.04,8,-1.86,17,0
CLM20260403002135,RID13454,extreme_heat,22.0,4,18.6,16.2,1.34,9,0.42,24,0
CLM20260403002136,RID80016,severe_pollution,87.6,5,15.5,28.4,0.82,11,0.08,28,0
CLM20260403002137,RID99383,heavy_rainfall,83.5,2,131.8,45.7,0.26,6,-0.6,25,0
CLM20260403002138,RID82416,severe_pollution,60.9,7,32.8,32.0,2.66,8,-0.26,23,0
CLM20260403002139,RID16834,severe_pollution,79.2,5,59.5,14.1,0.47,14,0.11,23,1
CLM20260403002140,RID59444,extreme_heat,65.4,4,10.7,45.9,0.93,11,0.18,7,0
CLM20260403002141,RID66324,severe_pollution,27.2,7,46.9,6.7,1.55,2,-0.66,29,0
CLM20260403002142,RID82029,extreme_heat,168.0,2,15.3,16.1,0.87,5,-0.21,7,0
CLM20260403002143,RID25149,severe_pollution,100.4,3,41.5,32.3,0.6,1,-1.93,17,0
CLM20260403002144,RID25465,civic_unrest,110.3,2,42.8,9.1,1.55,7,0.12,23,0
CLM20260403002145,RID56109,extreme_heat,88.7,6,45.1,22.0,1.22,8,-0.29,20,0
CLM20260403002146,RID54974,severe_pollution,32.9,6,40.1,3.8,0.1,12,2.37,27,0
CLM20260403002147,RID17592,extreme_heat,50.6,3,28.7,7.9,1.61,12,-1.57,22,0
CLM20260403002148,RID40413,heavy_rainfall,20.1,7,110.2,80.0,0.37,17,0.48,19,1
CLM20260403002149,RID87151,heavy_rainfall,103.6,2,87.7,57.2,0.33,9,-0.67,14,0
CLM20260403002150,RID39769,severe_pollution,29.4,4,18.6,15.0,0.04,8,1.65,26,0
CLM20260403002151,RID80283,heavy_rainfall,114.3,2,70.7,34.1,0.04,2,-0.33,10,0
CLM20260403002152,RID11952,extreme_heat,14.8,3,28.4,24.0,3.07,6,0.28,9,0
CLM20260403002153,RID17455,heavy_rainfall,64.2,3,95.0,33.8,0.9,12,-2.08,22,0
CLM20260403002154,RID17425,extreme_heat,137.5,4,50.3,63.3,0.69,10,-0.8,21,0
CLM20260403002155,RID67482,extreme_heat,25.6,1,32.0,28.1,0.38,12,-3.1,14,0
CLM20260403002156,RID47040,heavy_rainfall,42.9,2,89.9,15.3,0.66,4,-2.86,29,0
CLM20260403002157,RID51173,civic_unrest,62.1,2,27.9,28.7,3.79,5,-0.29,25,0
CLM20260403002158,RID88959,extreme_heat,44.5,4,18.9,35.6,0.67,11,1.95,8,0
CLM20260403002159,RID48327,extreme_heat,1.6,0,97.8,2.7,18.14,33,3.84,3,1
CLM20260403002160,RID89445,severe_pollution,26.8,1,18.6,4.3,0.65,7,0.21,22,0
CLM20260403002161,RID72744,heavy_rainfall,25.7,2,34.6,16.4,0.69,6,1.03,25,0
CLM20260403002162,RID96060,heavy_rainfall,113.3,2,45.8,7.4,1.24,8,2.6,15,0
CLM20260403002163,RID20011,civic_unrest,30.0,3,41.8,25.3,0.9,7,0.61,17,0
CLM20260403002164,RID81256,extreme_heat,22.9,0,37.3,15.9,1.85,4,0.75,12,0
CLM20260403002165,RID74871,civic_unrest,19.7,2,31.5,1.8,0.83,4,-0.47,7,0
CLM20260403002166,RID38873,severe_pollution,96.0,2,23.1,6.6,0.2,9,-1.21,7,0
CLM20260403002167,RID49677,civic_unrest,14.4,1,12.1,39.4,1.74,13,-0.17,24,0
CLM20260403002168,RID82273,civic_unrest,90.0,5,27.3,80.0,0.82,12,-0.06,8,0
CLM20260403002169,RID95674,extreme_heat,46.5,6,57.1,5.2,3.19,8,-1.36,9,0
CLM20260403002170,RID79054,civic_unrest,2.0,0,5.7,1.1,11.94,34,2.9,1,1
CLM20260403002171,RID51793,heavy_rainfall,22.6,4,25.5,34.0,0.29,8,-0.89,7,0
CLM20260403002172,RID17077,civic_unrest,48.4,5,42.1,32.5,0.39,9,-1.63,15,0
CLM20260403002173,RID63848,severe_pollution,13.5,6,45.1,12.0,0.08,7,-0.42,19,0
CLM20260403002174,RID46671,heavy_rainfall,175.0,3,61.3,43.7,0.45,11,0.2,23,0
CLM20260403002175,RID36680,extreme_heat,20.7,1,34.2,21.2,2.09,9,-0.73,7,0
CLM20260403002176,RID78287,extreme_heat,18.9,2,52.0,18.0,0.16,5,-0.05,13,0
CLM20260403002177,RID49968,extreme_heat,51.3,1,33.5,48.5,2.91,8,1.35,8,1
CLM20260403002178,RID26088,civic_unrest,3.4,0,3.1,3.5,1.98,43,2.4,12,1
CLM20260403002179,RID28607,heavy_rainfall,63.0,6,50.8,32.3,0.38,10,0.11,8,0
CLM20260403002180,RID40815,severe_pollution,47.4,5,8.4,38.0,2.51,9,-1.54,25,0
CLM20260403002181,RID95184,severe_pollution,71.3,3,42.7,12.2,1.76,9,-0.64,21,0
CLM20260403002182,RID24973,heavy_rainfall,85.2,3,33.6,48.5,0.38,11,0.94,9,0
CLM20260403002183,RID75392,heavy_rainfall,174.9,2,127.9,9.7,0.27,5,-0.37,11,0
CLM20260403002184,RID45428,civic_unrest,1.8,0,100.0,3.9,7.23,32,2.66,2,1
CLM20260403002185,RID87101,severe_pollution,67.0,2,59.0,46.4,2.03,3,0.98,7,0
CLM20260403002186,RID49375,heavy_rainfall,1.5,2,4.4,0.6,12.11,36,1.88,1,1
CLM20260403002187,RID17827,civic_unrest,52.3,6,18.0,25.2,5.2,12,-0.06,28,0
CLM20260403002188,RID89920,severe_pollution,3.0,2,22.0,14.0,1.13,5,1.1,8,0
CLM20260403002189,RID74927,heavy_rainfall,34.6,1,149.8,8.1,3.13,8,-1.87,13,0
CLM20260403002190,RID60146,severe_pollution,38.6,4,23.5,61.6,0.15,9,2.02,26,0
CLM20260403002191,RID68198,heavy_rainfall,41.0,3,25.2,58.9,0.07,7,0.37,7,0
CLM20260403002192,RID39418,extreme_heat,10.9,0,197.2,1.2,19.94,40,2.55,2,1
CLM20260403002193,RID59719,extreme_heat,79.8,0,57.8,28.9,0.48,7,-0.43,11,0
CLM20260403002194,RID96497,severe_pollution,43.1,3,18.3,39.8,1.95,6,-0.02,17,0
CLM20260403002195,RID79794,heavy_rainfall,15.4,2,128.8,32.4,0.77,11,-0.13,26,0
CLM20260403002196,RID96560,civic_unrest,35.6,3,21.5,62.5,0.52,3,2.23,19,0
CLM20260403002197,RID14103,civic_unrest,2.2,0,5.4,6.5,6.26,37,3.57,3,1
CLM20260403002198,RID13406,civic_unrest,28.4,0,58.1,46.9,0.1,9,0.79,14,0
CLM20260403002199,RID44410,extreme_heat,62.1,2,46.4,19.7,0.08,2,0.23,20,0
CLM20260403002200,RID13584,civic_unrest,103.1,6,52.0,23.1,1.0,7,-0.48,15,0
CLM20260403002201,RID91465,severe_pollution,48.7,3,48.8,11.7,1.72,7,1.65,20,0
CLM20260403002202,RID66039,heavy_rainfall,28.0,3,109.6,4.9,0.76,10,-1.51,18,0
CLM20260403002203,RID24314,severe_pollution,69.5,2,44.1,48.0,1.95,8,0.02,29,0
CLM20260403002204,RID98862,civic_unrest,17.3,5,27.4,3.3,1.47,5,0.92,21,0
CLM20260403002205,RID80092,severe_pollution,33.7,4,47.2,80.0,0.9,8,-0.55,27,0
CLM20260403002206,RID65552,civic_unrest,62.7,7,27.7,19.4,2.18,13,1.71,14,0
CLM20260403002207,RID31305,severe_pollution,65.6,5,28.1,80.0,0.02,9,-0.34,16,0
CLM20260403002208,RID71254,extreme_heat,6.4,0,105.6,7.9,11.96,56,3.91,4,1
CLM20260403002209,RID27284,heavy_rainfall,67.6,3,113.9,30.9,0.74,4,2.73,26,0
CLM20260403002210,RID46791,civic_unrest,85.3,4,51.9,6.7,1.25,7,2.97,19,0
CLM20260403002211,RID21211,extreme_heat,20.5,3,21.9,8.7,1.21,8,-0.04,25,0
CLM20260403002212,RID81146,civic_unrest,4.4,0,71.0,7.3,16.08,41,2.8,3,1
CLM20260403002213,RID54241,severe_pollution,88.0,2,18.2,24.9,0.7,10,-1.76,27,0
CLM20260403002214,RID15060,civic_unrest,16.1,1,58.1,80.0,8.01,8,-0.06,20,0
CLM20260403002215,RID57408,civic_unrest,169.0,8,32.0,21.8,0.19,6,-1.75,23,0
CLM20260403002216,RID96406,civic_unrest,28.6,2,14.6,24.3,0.7,11,0.42,21,0
CLM20260403002217,RID95594,heavy_rainfall,52.5,1,111.8,36.2,0.99,6,2.88,22,0
CLM20260403002218,RID26293,civic_unrest,13.2,7,24.5,38.6,0.36,5,-0.99,29,0
CLM20260403002219,RID84506,civic_unrest,53.0,2,44.5,9.4,0.98,13,-1.41,8,0
CLM20260403002220,RID44670,extreme_heat,53.3,2,38.6,17.4,1.46,11,-1.23,10,0
CLM20260403002221,RID68170,severe_pollution,65.5,2,9.2,33.1,0.97,10,1.08,13,0
CLM20260403002222,RID12263,severe_pollution,65.8,3,49.5,49.8,2.13,8,0.4,10,0
CLM20260403002223,RID11162,severe_pollution,1.7,0,105.7,1.9,8.34,42,2.05,4,1
CLM20260403002224,RID14850,civic_unrest,3.8,0,127.4,10.9,13.77,34,3.22,3,1
CLM20260403002225,RID72941,extreme_heat,77.3,2,48.0,12.8,0.19,8,-0.39,18,0
CLM20260403002226,RID63557,heavy_rainfall,60.6,3,32.9,5.0,2.05,6,-2.62,7,0
CLM20260403002227,RID85965,heavy_rainfall,81.4,3,135.7,50.4,0.4,8,1.44,16,0
CLM20260403002228,RID46234,civic_unrest,99.6,5,29.2,8.5,5.32,7,1.87,11,1
CLM20260403002229,RID18394,severe_pollution,96.6,6,17.2,11.6,0.16,10,0.01,24,0
CLM20260403002230,RID33567,civic_unrest,12.2,4,9.7,30.4,4.16,4,0.54,16,0
CLM20260403002231,RID46194,civic_unrest,167.1,3,13.3,45.6,3.85,14,-1.27,24,0
CLM20260403002232,RID74871,extreme_heat,47.2,1,26.9,18.9,1.3,8,1.21,27,0
CLM20260403002233,RID39808,extreme_heat,52.6,3,29.2,14.3,2.22,7,1.83,22,0
CLM20260403002234,RID29254,heavy_rainfall,65.1,4,31.0,21.4,2.85,7,0.28,20,0
CLM20260403002235,RID40496,heavy_rainfall,70.2,2,121.7,63.3,1.2,12,-0.49,9,0
CLM20260403002236,RID95799,heavy_rainfall,44.8,2,95.2,5.1,0.9,8,0.83,24,0
CLM20260403002237,RID34150,severe_pollution,3.1,0,8.2,14.0,14.44,36,4.16,3,1
CLM20260403002238,RID86007,civic_unrest,18.6,1,8.1,45.6,1.3,11,-1.38,23,0
CLM20260403002239,RID15499,extreme_heat,1.4,0,90.3,0.8,7.8,42,3.6,1,1
CLM20260403002240,RID17970,civic_unrest,17.8,3,42.0,7.7,2.66,8,0.26,7,0
CLM20260403002241,RID43743,heavy_rainfall,19.3,3,57.7,12.0,3.69,10,0.91,27,0
CLM20260403002242,RID98917,civic_unrest,240.0,1,21.6,8.4,0.24,6,-0.54,23,0
CLM20260403002243,RID80836,heavy_rainfall,9.7,0,126.6,8.6,10.5,32,2.94,1,1
CLM20260403002244,RID88719,extreme_heat,9.6,0,7.7,11.4,10.01,33,3.41,2,1
CLM20260403002245,RID55839,heavy_rainfall,175.6,3,138.5,26.7,0.18,6,-2.0,25,0
CLM20260403002246,RID20155,severe_pollution,36.6,4,47.2,3.8,3.42,11,1.5,25,0
CLM20260403002247,RID24835,heavy_rainfall,173.1,3,22.2,38.4,0.73,6,-0.17,27,0
CLM20260403002248,RID41061,extreme_heat,38.8,2,48.2,73.6,0.11,11,-1.27,24,0
CLM20260403002249,RID52701,civic_unrest,69.5,2,8.2,45.4,0.33,4,-0.8,11,0
CLM20260403002250,RID99262,severe_pollution,27.5,0,59.7,80.0,3.21,9,0.1,10,0
CLM20260403002251,RID19357,severe_pollution,12.9,0,52.6,27.6,1.48,9,-0.08,26,0
CLM20260403002252,RID47104,extreme_heat,95.6,2,26.3,67.0,2.97,9,-0.97,8,0
CLM20260403002253,RID13236,civic_unrest,34.5,4,25.0,8.4,0.33,2,1.07,18,0
CLM20260403002254,RID89556,civic_unrest,32.5,0,36.5,46.9,0.3,10,-1.51,12,0
CLM20260403002255,RID53907,severe_pollution,4.9,0,5.4,12.6,12.62,39,2.35,2,1
CLM20260403002256,RID95456,civic_unrest,71.0,3,23.3,20.1,2.89,10,-0.85,23,0
CLM20260403002257,RID71693,civic_unrest,61.3,3,55.5,19.0,5.91,7,0.99,27,0
CLM20260403002258,RID91515,heavy_rainfall,29.8,1,82.4,55.9,1.15,7,-0.68,23,0
CLM20260403002259,RID31012,civic_unrest,42.7,1,44.0,20.5,0.45,14,0.08,15,1
CLM20260403002260,RID15847,civic_unrest,58.3,4,31.3,18.3,0.34,6,-0.81,19,0
CLM20260403002261,RID29669,heavy_rainfall,10.0,1,131.4,70.0,0.57,7,1.4,28,0
CLM20260403002262,RID23924,extreme_heat,26.9,5,27.2,31.3,0.1,7,1.78,23,0
CLM20260403002263,RID51039,civic_unrest,33.0,3,53.1,30.9,0.55,5,1.98,11,0
CLM20260403002264,RID38163,severe_pollution,8.5,4,37.9,25.2,2.95,7,-0.82,22,0
CLM20260403002265,RID86373,heavy_rainfall,36.7,3,104.5,37.9,1.6,11,1.83,8,0
CLM20260403002266,RID96122,extreme_heat,39.6,4,43.2,56.7,3.29,4,0.73,23,0
CLM20260403002267,RID59950,heavy_rainfall,89.6,0,39.7,15.8,1.09,9,1.53,17,0
CLM20260403002268,RID20133,extreme_heat,163.8,6,27.0,32.6,0.67,7,-0.1,7,0
CLM20260403002269,RID84108,severe_pollution,45.3,2,19.0,4.8,0.16,8,0.22,20,0
CLM20260403002270,RID80643,heavy_rainfall,50.5,1,52.3,80.0,0.32,10,1.44,25,0
CLM20260403002271,RID79174,heavy_rainfall,76.3,1,95.5,40.8,0.08,5,0.26,15,0
CLM20260403002272,RID89574,severe_pollution,55.0,1,13.0,4.2,3.09,6,-1.44,12,0
CLM20260403002273,RID96402,severe_pollution,14.5,0,148.3,8.4,0.93,38,2.98,1,1
CLM20260403002274,RID51541,civic_unrest,25.3,3,23.2,80.0,0.73,8,-0.53,17,0
CLM20260403002275,RID35562,civic_unrest,16.3,6,34.9,42.4,0.98,6,-1.8,21,0
CLM20260403002276,RID41985,civic_unrest,88.5,4,31.1,49.9,1.95,9,0.87,15,0
CLM20260403002277,RID41860,civic_unrest,159.9,1,42.7,15.4,1.72,5,0.17,10,0
CLM20260403002278,RID40263,severe_pollution,15.1,3,27.6,19.2,0.07,5,-1.91,21,0
CLM20260403002279,RID51263,heavy_rainfall,123.3,6,93.9,33.4,3.34,7,-1.3,23,0
CLM20260403002280,RID41594,severe_pollution,29.8,1,35.8,29.2,1.15,5,0.76,17,0
CLM20260403002281,RID63729,civic_unrest,13.7,0,102.1,15.0,19.41,26,2.97,3,1
CLM20260403002282,RID20445,civic_unrest,74.3,0,14.4,21.7,0.43,8,-0.81,10,0
CLM20260403002283,RID83460,heavy_rainfall,31.8,2,100.9,27.2,1.18,5,-0.86,28,0
CLM20260403002284,RID57486,severe_pollution,9.0,2,54.0,30.0,13.66,9,2.95,27,0
CLM20260403002285,RID89327,extreme_heat,162.6,5,26.2,10.0,1.97,8,-2.22,10,0
CLM20260403002286,RID68847,severe_pollution,133.9,3,20.4,65.5,4.67,10,1.82,26,0
CLM20260403002287,RID40115,extreme_heat,31.7,3,28.9,17.8,0.26,10,3.03,16,0
CLM20260403002288,RID80466,extreme_heat,79.2,2,15.9,31.2,0.27,7,0.28,13,0
CLM20260403002289,RID63427,extreme_heat,16.7,3,28.2,2.6,3.89,9,0.12,9,0
CLM20260403002290,RID89370,civic_unrest,23.8,0,32.2,18.5,10.55,9,-0.81,20,1
CLM20260403002291,RID47602,civic_unrest,42.7,1,22.6,41.7,4.14,7,1.25,26,0
CLM20260403002292,RID51136,heavy_rainfall,32.5,5,63.1,38.9,2.41,9,-0.29,22,0
CLM20260403002293,RID20683,severe_pollution,66.5,2,18.5,34.0,1.87,7,0.73,29,0
CLM20260403002294,RID65184,extreme_heat,67.8,2,17.6,10.5,5.43,8,-0.29,26,0
CLM20260403002295,RID85499,severe_pollution,31.7,2,39.7,36.8,0.11,9,-0.79,12,0
CLM20260403002296,RID92920,extreme_heat,89.1,1,36.9,49.0,1.46,8,1.07,17,0
CLM20260403002297,RID33581,severe_pollution,43.6,7,10.6,30.3,3.22,5,-0.72,8,0
CLM20260403002298,RID12033,extreme_heat,29.9,5,21.5,21.6,1.73,18,1.46,25,0
CLM20260403002299,RID25832,severe_pollution,82.2,4,51.9,12.4,1.87,8,0.51,19,0
CLM20260403002300,RID44521,severe_pollution,28.3,7,35.0,11.3,0.46,9,-0.77,24,0
CLM20260403002301,RID23237,extreme_heat,51.6,3,16.1,26.9,1.97,4,-0.94,19,0
CLM20260403002302,RID14466,severe_pollution,31.7,1,48.5,10.1,0.18,7,2.41,18,0
CLM20260403002303,RID13136,extreme_heat,120.6,3,41.1,14.5,0.11,3,2.09,11,0
CLM20260403002304,RID19570,extreme_heat,102.0,1,25.0,42.7,0.1,4,-0.39,15,0
CLM20260403002305,RID77488,severe_pollution,80.1,1,38.1,26.0,0.09,5,-0.51,29,0
CLM20260403002306,RID65359,civic_unrest,57.4,1,49.9,16.9,3.8,7,-0.29,13,0
CLM20260403002307,RID26705,severe_pollution,50.6,2,16.2,73.9,0.71,11,-0.54,19,0
CLM20260403002308,RID82999,extreme_heat,9.7,0,82.6,12.1,1.82,28,3.28,3,1
CLM20260403002309,RID48455,heavy_rainfall,30.6,3,47.5,69.8,0.3,11,-1.09,27,0
CLM20260403002310,RID54146,civic_unrest,24.1,3,54.3,13.8,4.41,7,-0.82,26,0
CLM20260403002311,RID87526,heavy_rainfall,52.0,3,59.7,23.3,0.37,13,3.55,11,0
CLM20260403002312,RID15929,heavy_rainfall,23.3,4,121.8,7.3,2.34,6,0.21,8,0
CLM20260403002313,RID56525,severe_pollution,24.8,2,41.3,12.6,2.2,8,0.81,13,0
CLM20260403002314,RID63592,severe_pollution,70.0,4,24.2,55.0,0.49,9,-1.6,15,0
CLM20260403002315,RID67106,civic_unrest,77.3,3,35.2,29.0,0.99,8,2.37,7,0
CLM20260403002316,RID72535,extreme_heat,13.7,1,50.0,35.0,2.93,7,-1.22,28,0
CLM20260403002317,RID34045,heavy_rainfall,81.5,5,130.0,32.6,0.79,7,2.51,23,0
CLM20260403002318,RID29956,heavy_rainfall,15.4,2,32.0,33.8,0.78,9,2.19,10,0
CLM20260403002319,RID87798,civic_unrest,43.9,2,43.8,26.8,0.02,4,0.35,11,0
CLM20260403002320,RID98330,severe_pollution,46.2,2,56.0,58.6,2.4,4,0.71,12,0
CLM20260403002321,RID59725,civic_unrest,11.5,3,29.6,56.3,0.65,4,-0.94,17,0
CLM20260403002322,RID67486,extreme_heat,38.2,5,43.9,10.4,0.7,17,-0.4,13,0
CLM20260403002323,RID76672,civic_unrest,16.9,2,35.9,80.0,6.81,14,-0.25,17,0
CLM20260403002324,RID22700,extreme_heat,90.7,3,12.3,7.3,0.18,12,-1.24,13,0
CLM20260403002325,RID48974,severe_pollution,87.1,6,59.7,35.1,0.98,8,-0.4,24,0
CLM20260403002326,RID54710,heavy_rainfall,18.4,6,99.4,45.7,3.06,9,-1.03,18,0
CLM20260403002327,RID83941,severe_pollution,88.3,3,35.0,30.1,0.21,11,-0.91,12,0
CLM20260403002328,RID47389,civic_unrest,6.8,0,126.6,9.1,9.41,41,1.08,1,1
CLM20260403002329,RID60340,civic_unrest,104.4,3,28.6,80.0,0.74,11,-0.38,28,0
CLM20260403002330,RID33385,extreme_heat,2.9,0,7.3,5.3,1.97,36,3.7,3,0
CLM20260403002331,RID15496,extreme_heat,53.6,2,25.3,18.9,2.01,7,-0.77,24,0
CLM20260403002332,RID66431,civic_unrest,6.8,5,15.8,44.2,0.11,10,0.43,15,0
CLM20260403002333,RID85384,civic_unrest,35.0,3,16.8,24.1,1.34,8,-0.06,14,0
CLM20260403002334,RID23037,civic_unrest,74.2,3,29.5,16.2,1.64,10,-0.82,18,0
CLM20260403002335,RID47328,extreme_heat,1.9,0,2.8,7.4,0.74,27,2.6,2,1
CLM20260403002336,RID25538,civic_unrest,15.5,0,109.5,10.2,6.5,35,3.01,4,1
CLM20260403002337,RID45893,severe_pollution,33.5,2,37.4,8.4,0.91,7,-1.92,8,0
CLM20260403002338,RID67529,extreme_heat,61.4,0,42.0,29.5,0.48,8,-0.76,14,0
CLM20260403002339,RID32193,civic_unrest,2.9,0,54.4,11.3,15.11,35,3.76,2,1
CLM20260403002340,RID44003,heavy_rainfall,29.1,5,106.3,37.3,2.37,10,1.84,28,0
CLM20260403002341,RID40366,civic_unrest,22.5,4,33.9,34.5,1.57,8,-1.86,13,0
CLM20260403002342,RID28481,heavy_rainfall,12.6,3,73.9,32.0,0.51,11,1.29,17,0
CLM20260403002343,RID37111,extreme_heat,1.4,0,6.2,14.4,1.54,40,3.12,1,1
CLM20260403002344,RID13584,heavy_rainfall,60.3,3,105.9,31.4,2.62,8,0.19,14,0
CLM20260403002345,RID80756,extreme_heat,73.6,1,54.8,28.1,2.38,9,0.97,29,0
CLM20260403002346,RID10873,severe_pollution,18.6,3,57.5,80.0,4.86,10,0.58,15,0
CLM20260403002347,RID13378,civic_unrest,106.8,2,44.5,61.9,0.86,15,-0.65,17,0
CLM20260403002348,RID36626,civic_unrest,8.0,5,14.7,7.5,1.54,8,0.05,12,0
CLM20260403002349,RID84863,severe_pollution,9.5,4,35.0,67.7,0.12,9,-1.35,26,0
CLM20260403002350,RID68304,extreme_heat,49.5,3,41.8,4.8,1.99,12,0.08,9,0
CLM20260403002351,RID69486,civic_unrest,183.6,2,32.1,54.2,1.95,8,0.91,23,0
CLM20260403002352,RID24367,heavy_rainfall,28.4,4,64.4,43.2,1.14,15,1.02,8,0
CLM20260403002353,RID68249,severe_pollution,18.0,6,22.2,13.4,3.31,5,-1.07,22,0
CLM20260403002354,RID74651,civic_unrest,13.5,1,57.0,16.5,1.19,5,-0.42,7,0
CLM20260403002355,RID21385,extreme_heat,60.0,5,13.5,17.0,0.82,7,-0.54,26,0
CLM20260403002356,RID46497,heavy_rainfall,62.3,3,135.7,12.1,3.61,15,-0.82,8,0
CLM20260403002357,RID56362,heavy_rainfall,102.6,4,60.0,24.9,4.35,12,-0.76,20,0
CLM20260403002358,RID39155,heavy_rainfall,6.3,0,186.6,10.2,7.12,33,4.01,3,1
CLM20260403002359,RID52875,extreme_heat,101.6,5,42.8,25.6,1.62,5,-0.95,25,0
CLM20260403002360,RID76461,civic_unrest,38.3,4,16.3,44.6,2.53,17,-0.59,29,0
CLM20260403002361,RID46190,severe_pollution,86.2,2,21.6,33.9,3.24,4,0.06,26,0
CLM20260403002362,RID92657,heavy_rainfall,67.8,2,125.8,0.3,0.52,8,1.7,13,0
CLM20260403002363,RID51262,heavy_rainfall,90.5,1,128.5,80.0,1.59,15,-0.77,26,0
CLM20260403002364,RID66803,heavy_rainfall,16.2,3,27.5,13.2,0.82,7,-0.34,28,0
CLM20260403002365,RID78327,civic_unrest,20.0,4,22.3,9.0,0.1,7,-0.01,26,0
CLM20260403002366,RID34955,heavy_rainfall,22.3,2,91.6,40.8,0.47,4,0.79,26,0
CLM20260403002367,RID93164,heavy_rainfall,48.0,4,74.7,22.2,1.42,10,-0.11,22,0
CLM20260403002368,RID42232,extreme_heat,91.5,4,11.6,80.0,0.31,10,2.63,27,0
CLM20260403002369,RID86853,severe_pollution,68.4,4,32.5,15.0,2.29,8,1.68,16,0
CLM20260403002370,RID38863,extreme_heat,16.9,4,28.4,28.3,0.56,7,-0.01,21,0
CLM20260403002371,RID44771,severe_pollution,36.0,2,40.2,6.7,0.41,7,-1.04,12,0
CLM20260403002372,RID29848,severe_pollution,204.4,4,58.2,11.7,0.64,4,1.5,19,0
CLM20260403002373,RID34524,severe_pollution,93.0,2,45.4,6.2,0.5,7,2.23,29,0
CLM20260403002374,RID47040,extreme_heat,57.0,3,24.7,19.4,1.08,9,-1.02,9,0
CLM20260403002375,RID36027,heavy_rainfall,1.5,0,74.1,0.1,19.61,40,3.61,3,1
CLM20260403002376,RID77673,extreme_heat,71.3,1,51.1,6.5,1.36,5,-0.41,9,0
CLM20260403002377,RID10419,severe_pollution,63.9,2,17.6,31.3,0.74,9,-2.11,13,0
CLM20260403002378,RID18816,severe_pollution,63.0,4,36.7,5.0,4.33,8,0.5,25,0
CLM20260403002379,RID83103,extreme_heat,14.7,2,55.1,14.4,1.79,7,0.33,27,0
CLM20260403002380,RID33345,heavy_rainfall,7.7,4,25.0,5.4,0.85,6,-0.29,19,0
CLM20260403002381,RID64808,civic_unrest,30.6,1,8.4,12.7,2.21,5,-1.84,17,0
CLM20260403002382,RID90396,severe_pollution,10.0,2,41.5,2.1,15.29,40,2.26,2,1
CLM20260403002383,RID92709,extreme_heat,37.9,3,24.0,80.0,1.33,9,-0.1,24,0
CLM20260403002384,RID93586,civic_unrest,79.5,2,22.2,20.4,2.19,9,-1.57,27,0
CLM20260403002385,RID73469,extreme_heat,41.2,2,33.9,31.5,2.01,8,0.46,15,0
CLM20260403002386,RID49334,extreme_heat,61.4,2,26.1,54.3,1.32,7,-0.63,27,0
CLM20260403002387,RID48288,severe_pollution,69.8,0,15.5,79.2,0.76,11,-0.54,27,0
CLM20260403002388,RID74254,severe_pollution,51.2,1,10.3,39.4,0.27,11,-0.42,24,0
CLM20260403002389,RID88360,civic_unrest,57.0,3,45.0,47.2,0.17,9,-0.78,21,0
CLM20260403002390,RID81226,severe_pollution,77.0,2,11.4,26.9,0.53,12,0.83,13,0
CLM20260403002391,RID48720,heavy_rainfall,45.6,5,23.1,30.3,0.58,7,-0.26,23,0
CLM20260403002392,RID38695,heavy_rainfall,32.9,1,21.2,25.0,0.76,9,-0.38,29,0
CLM20260403002393,RID47653,severe_pollution,153.5,3,50.4,46.5,0.05,7,-0.97,7,1
CLM20260403002394,RID68611,civic_unrest,48.3,4,53.0,13.5,0.18,7,-0.64,20,0
CLM20260403002395,RID42426,severe_pollution,42.0,3,12.0,30.6,1.68,9,-1.34,26,0
CLM20260403002396,RID25180,extreme_heat,36.7,1,15.6,7.2,0.15,7,0.35,11,0
CLM20260403002397,RID70913,civic_unrest,84.1,2,31.0,12.8,0.55,10,0.64,11,0
CLM20260403002398,RID96587,heavy_rainfall,64.3,2,78.5,50.3,4.08,8,2.25,21,0
CLM20260403002399,RID55557,severe_pollution,9.3,4,35.4,43.5,0.27,12,1.05,28,0
CLM20260403002400,RID26784,severe_pollution,33.8,3,51.7,33.2,1.6,11,0.88,28,0
CLM20260403002401,RID74117,severe_pollution,79.4,2,12.2,9.8,1.98,6,-0.08,9,0
CLM20260403002402,RID40783,heavy_rainfall,64.9,4,116.9,14.7,1.06,8,0.7,20,0
CLM20260403002403,RID48132,civic_unrest,95.1,3,28.6,23.9,1.01,13,1.39,8,0
CLM20260403002404,RID76517,extreme_heat,36.6,2,32.9,36.2,0.21,10,1.02,23,1
CLM20260403002405,RID63609,heavy_rainfall,56.6,1,75.8,80.0,3.2,7,0.17,22,0
CLM20260403002406,RID83696,civic_unrest,47.0,2,42.6,43.2,0.06,15,-0.55,10,0
CLM20260403002407,RID44289,civic_unrest,0.5,0,7.2,2.1,12.94,35,3.47,1,1
CLM20260403002408,RID63900,severe_pollution,3.8,2,25.7,41.9,1.81,6,0.18,26,0
CLM20260403002409,RID67927,severe_pollution,65.3,2,16.2,15.2,0.38,6,2.75,21,0
CLM20260403002410,RID62255,civic_unrest,81.9,0,45.9,27.4,3.06,4,-0.18,16,0
CLM20260403002411,RID17160,civic_unrest,32.4,2,44.1,39.0,0.16,13,-0.5,19,0
CLM20260403002412,RID73636,extreme_heat,97.0,2,26.4,20.5,1.67,5,1.44,13,0
CLM20260403002413,RID54543,heavy_rainfall,69.8,4,146.4,59.7,5.38,6,0.71,19,0
CLM20260403002414,RID50437,severe_pollution,1.8,0,196.6,0.6,10.42,35,2.59,2,1
CLM20260403002415,RID63714,extreme_heat,7.8,0,4.0,10.2,7.95,40,4.1,5,1
CLM20260403002416,RID85039,extreme_heat,77.9,4,17.2,15.0,2.19,7,1.06,25,0
CLM20260403002417,RID80256,extreme_heat,0.5,0,9.0,0.7,9.44,23,2.66,8,1
CLM20260403002418,RID91957,heavy_rainfall,31.4,1,41.0,37.1,0.11,5,-0.91,27,0
CLM20260403002419,RID90386,civic_unrest,88.6,1,41.2,34.9,0.23,7,0.99,17,0
CLM20260403002420,RID26936,heavy_rainfall,18.0,4,73.5,2.7,0.69,6,-1.86,25,0
CLM20260403002421,RID12767,severe_pollution,74.3,5,39.3,19.1,1.53,10,-0.56,21,0
CLM20260403002422,RID21829,civic_unrest,24.7,3,29.0,27.0,4.32,6,1.0,29,0
CLM20260403002423,RID56229,heavy_rainfall,107.3,5,95.3,46.2,1.16,6,1.38,20,0
CLM20260403002424,RID95843,heavy_rainfall,35.6,2,121.2,24.0,0.43,17,-2.42,21,1
CLM20260403002425,RID77980,extreme_heat,23.1,2,54.4,23.4,1.17,13,-0.46,14,0
CLM20260403002426,RID57460,extreme_heat,6.6,0,99.2,7.9,8.93,39,3.33,8,1
CLM20260403002427,RID30577,severe_pollution,19.6,4,58.9,10.6,0.28,5,-0.34,24,0
CLM20260403002428,RID40059,civic_unrest,30.2,4,52.5,29.6,0.44,7,1.57,23,0
CLM20260403002429,RID31155,civic_unrest,39.2,3,58.3,47.3,2.16,8,-0.75,19,0
CLM20260403002430,RID53450,severe_pollution,37.4,1,52.8,12.0,1.67,6,-0.46,13,0
CLM20260403002431,RID38261,extreme_heat,13.5,5,19.4,34.3,0.85,7,1.4,9,0
CLM20260403002432,RID11787,heavy_rainfall,37.7,2,70.5,20.2,3.37,7,-1.26,8,0
CLM20260403002433,RID12625,heavy_rainfall,27.7,5,113.3,31.7,0.74,9,0.78,28,0
CLM20260403002434,RID75732,severe_pollution,13.9,4,34.5,24.6,0.18,11,-1.34,9,0
CLM20260403002435,RID73556,heavy_rainfall,24.5,2,87.8,54.7,2.86,7,-1.26,12,0
CLM20260403002436,RID30571,civic_unrest,132.7,2,54.9,28.3,1.29,12,-0.22,12,0
CLM20260403002437,RID49513,heavy_rainfall,49.6,2,50.9,15.4,1.85,5,-2.01,7,0
CLM20260403002438,RID40147,extreme_heat,43.9,2,24.3,14.5,0.26,9,-2.04,9,0
CLM20260403002439,RID14427,civic_unrest,67.0,0,50.8,17.6,0.19,7,1.06,10,0
CLM20260403002440,RID26206,severe_pollution,15.1,0,54.7,9.1,14.75,50,3.42,3,1
CLM20260403002441,RID95888,severe_pollution,95.3,8,19.9,56.4,0.57,12,0.39,8,0
CLM20260403002442,RID27195,civic_unrest,63.3,5,30.3,35.4,1.13,8,-0.64,27,0
CLM20260403002443,RID21130,heavy_rainfall,39.6,3,47.0,28.4,0.76,5,0.16,29,0
CLM20260403002444,RID19684,severe_pollution,2.5,1,4.4,6.3,8.75,31,4.03,1,1
CLM20260403002445,RID12641,heavy_rainfall,1.4,2,2.3,3.7,17.32,34,1.87,8,1
CLM20260403002446,RID81001,extreme_heat,68.8,1,33.7,26.5,0.1,8,-1.12,22,0
CLM20260403002447,RID22524,severe_pollution,30.7,4,49.0,35.1,1.28,9,-1.69,11,0
CLM20260403002448,RID35465,civic_unrest,1.1,0,4.7,11.4,10.7,27,3.12,4,1
CLM20260403002449,RID52431,severe_pollution,67.9,1,11.2,53.6,2.21,8,-1.86,20,0
CLM20260403002450,RID77155,heavy_rainfall,104.6,5,69.5,68.8,0.87,5,1.65,24,0
CLM20260403002451,RID49603,civic_unrest,15.1,2,31.1,44.6,2.09,8,-0.46,24,0
CLM20260403002452,RID70149,extreme_heat,12.6,1,26.1,10.1,0.41,6,-1.71,24,0
CLM20260403002453,RID23065,civic_unrest,111.4,2,11.3,31.1,1.45,2,-0.1,10,1
CLM20260403002454,RID95989,severe_pollution,0.7,0,94.6,9.8,8.81,34,2.77,1,1
CLM20260403002455,RID59359,civic_unrest,90.8,4,41.3,33.7,0.14,5,2.73,14,0
CLM20260403002456,RID66299,heavy_rainfall,42.9,3,147.4,63.1,1.7,9,0.32,21,0
CLM20260403002457,RID39131,severe_pollution,89.6,3,35.0,18.3,0.75,11,-0.13,8,0
CLM20260403002458,RID83530,civic_unrest,105.6,4,17.2,4.2,4.9,8,0.97,18,0
CLM20260403002459,RID73353,civic_unrest,56.3,5,18.0,8.8,1.61,12,0.45,7,0
CLM20260403002460,RID79888,extreme_heat,1.4,0,116.3,6.8,11.34,33,3.75,1,1
CLM20260403002461,RID60123,heavy_rainfall,49.5,1,42.3,21.8,1.21,5,2.32,27,0
CLM20260403002462,RID75147,severe_pollution,88.7,3,37.2,15.2,2.63,15,-0.93,10,1
CLM20260403002463,RID58855,heavy_rainfall,31.6,1,106.1,32.2,0.27,9,1.01,7,0
CLM20260403002464,RID69279,extreme_heat,23.3,0,17.0,43.2,1.61,6,-0.25,26,0
CLM20260403002465,RID85743,heavy_rainfall,129.0,1,110.4,23.4,0.02,10,0.81,17,0
CLM20260403002466,RID62081,extreme_heat,72.3,2,31.6,35.4,2.57,11,0.17,20,0
CLM20260403002467,RID68600,civic_unrest,29.0,4,38.7,33.8,1.13,10,1.15,12,0
CLM20260403002468,RID72495,heavy_rainfall,123.2,2,92.3,24.0,2.82,11,-0.64,8,0
CLM20260403002469,RID94255,civic_unrest,108.8,1,13.1,28.4,1.27,10,0.94,7,0
CLM20260403002470,RID53572,extreme_heat,58.7,2,45.0,21.9,0.31,4,0.74,22,0
CLM20260403002471,RID92564,heavy_rainfall,70.0,1,46.9,15.7,2.95,15,-0.0,29,0
CLM20260403002472,RID22502,extreme_heat,89.2,2,48.3,41.6,1.37,10,0.35,29,0
CLM20260403002473,RID37221,severe_pollution,121.5,3,47.5,40.9,0.41,9,0.56,11,0
CLM20260403002474,RID87779,extreme_heat,37.6,7,56.9,3.4,0.43,11,-0.26,13,0
CLM20260403002475,RID20995,extreme_heat,47.0,3,59.9,12.3,0.98,9,0.81,20,0
CLM20260403002476,RID62847,severe_pollution,72.4,1,27.7,26.0,0.58,9,0.24,17,0
CLM20260403002477,RID78603,extreme_heat,51.6,0,54.8,36.2,1.8,8,0.42,21,0
CLM20260403002478,RID17724,severe_pollution,41.8,5,29.4,13.2,1.45,5,0.54,27,0
CLM20260403002479,RID43033,severe_pollution,80.1,4,35.9,3.9,2.81,7,0.29,12,0
CLM20260403002480,RID50823,civic_unrest,18.7,0,51.0,22.9,0.09,8,0.59,10,0
CLM20260403002481,RID29741,heavy_rainfall,51.4,3,45.4,27.7,0.31,6,-0.99,7,0
CLM20260403002482,RID52132,severe_pollution,44.2,2,42.3,80.0,0.88,3,-0.52,21,0
CLM20260403002483,RID10730,civic_unrest,42.6,1,42.1,7.3,0.4,7,-0.55,12,0
CLM20260403002484,RID37423,severe_pollution,98.9,2,21.3,36.7,1.75,7,1.72,28,0
CLM20260403002485,RID81511,severe_pollution,31.9,3,14.5,8.5,1.01,11,-0.68,15,0
CLM20260403002486,RID51027,extreme_heat,19.5,3,31.6,8.2,0.96,4,0.8,25,0
CLM20260403002487,RID52183,severe_pollution,63.4,2,55.1,42.6,0.7,9,-0.09,20,0
CLM20260403002488,RID73307,heavy_rainfall,3.0,2,80.5,17.7,0.59,11,-0.4,13,0
CLM20260403002489,RID23768,severe_pollution,84.4,3,27.6,17.8,0.11,12,-0.66,9,0
CLM20260403002490,RID20158,severe_pollution,49.3,0,56.3,9.4,1.71,7,-0.73,25,0
CLM20260403002491,RID26683,heavy_rainfall,47.3,5,89.0,58.2,3.54,7,1.43,9,0
CLM20260403002492,RID31245,heavy_rainfall,10.5,4,34.0,15.2,0.07,7,0.88,21,0
CLM20260403002493,RID31783,extreme_heat,2.5,0,7.7,0.1,12.83,31,4.25,1,1
CLM20260403002494,RID67357,heavy_rainfall,45.5,0,73.8,24.6,0.0,5,1.77,28,0
CLM20260403002495,RID15119,severe_pollution,157.9,5,48.7,23.7,0.47,6,-1.8,13,0
CLM20260403002496,RID74904,extreme_heat,23.7,6,41.1,60.5,1.28,4,0.77,10,0
CLM20260403002497,RID92072,severe_pollution,16.8,2,23.6,13.3,0.65,4,1.09,27,0
CLM20260403002498,RID28332,severe_pollution,0.9,2,48.6,38.8,1.89,4,0.91,9,0
CLM20260403002499,RID62350,heavy_rainfall,37.9,4,114.6,8.7,0.14,6,0.77,9,0
CLM20260403002500,RID48895,heavy_rainfall,25.0,3,41.3,45.8,1.96,8,0.34,10,0
CLM20260403002501,RID67079,civic_unrest,4.6,0,8.1,1.8,14.99,31,4.17,1,1
CLM20260403002502,RID98694,civic_unrest,50.4,3,56.9,42.0,1.97,5,0.54,22,0
CLM20260403002503,RID78482,civic_unrest,86.6,2,56.5,19.8,0.05,11,1.63,15,0
CLM20260403002504,RID90622,civic_unrest,38.8,1,19.2,48.5,0.46,5,-0.3,12,0
CLM20260403002505,RID83899,extreme_heat,5.0,0,120.3,3.9,7.13,21,3.0,5,1
CLM20260403002506,RID28548,civic_unrest,19.9,3,58.1,42.5,1.11,6,-0.29,26,0
CLM20260403002507,RID78583,extreme_heat,52.5,0,44.5,60.8,0.12,10,-0.17,8,0
CLM20260403002508,RID90478,civic_unrest,28.4,0,51.8,45.2,0.05,7,1.62,22,0
CLM20260403002509,RID78076,civic_unrest,12.1,7,14.9,54.3,0.01,17,-1.19,22,0
CLM20260403002510,RID71880,severe_pollution,39.7,0,36.1,14.6,2.87,9,2.49,22,0
CLM20260403002511,RID37606,civic_unrest,0.5,0,4.2,11.5,6.88,37,3.73,4,1
CLM20260403002512,RID27739,extreme_heat,92.5,3,46.5,20.7,1.75,11,0.84,20,0
CLM20260403002513,RID78731,severe_pollution,71.7,3,16.5,45.6,4.34,12,1.88,19,0
CLM20260403002514,RID11287,civic_unrest,13.5,3,21.0,21.7,1.82,8,0.32,12,0
CLM20260403002515,RID64565,extreme_heat,7.0,0,52.8,11.1,0.4,28,3.41,2,1
CLM20260403002516,RID29706,severe_pollution,17.6,5,42.0,35.0,0.25,6,1.48,26,0
CLM20260403002517,RID18788,heavy_rainfall,117.8,3,134.5,32.7,5.02,11,0.01,22,0
CLM20260403002518,RID50873,extreme_heat,81.0,6,56.1,9.9,2.16,6,1.17,18,0
CLM20260403002519,RID36118,heavy_rainfall,91.5,2,92.8,40.0,0.29,11,1.34,24,0
CLM20260403002520,RID80481,severe_pollution,68.5,1,51.2,14.6,1.43,11,-1.57,16,0
CLM20260403002521,RID53389,heavy_rainfall,10.8,5,133.5,10.3,0.92,6,0.93,21,0
CLM20260403002522,RID18009,severe_pollution,1.3,0,191.8,14.8,0.27,38,3.01,1,1
CLM20260403002523,RID87916,extreme_heat,15.5,2,29.2,36.2,0.96,7,-0.9,7,0
CLM20260403002524,RID18751,civic_unrest,93.4,8,30.6,19.6,1.31,12,0.9,15,0
CLM20260403002525,RID93406,extreme_heat,33.2,3,11.7,21.0,5.49,9,1.92,25,0
CLM20260403002526,RID55214,heavy_rainfall,30.7,2,109.7,9.7,1.05,10,-1.05,17,0
CLM20260403002527,RID35249,civic_unrest,7.9,7,15.4,31.4,4.13,9,-1.89,14,0
CLM20260403002528,RID47249,severe_pollution,47.2,1,59.4,50.8,4.08,15,-0.24,29,0
CLM20260403002529,RID86607,civic_unrest,41.0,2,31.8,18.6,0.08,12,-0.03,25,1
CLM20260403002530,RID58139,severe_pollution,33.7,1,54.6,39.9,0.08,13,1.02,29,0
CLM20260403002531,RID43390,extreme_heat,28.1,4,15.9,35.8,5.45,6,-0.07,15,0
CLM20260403002532,RID20154,extreme_heat,52.1,2,24.7,20.6,7.47,9,-0.24,19,0
CLM20260403002533,RID23497,extreme_heat,73.4,2,36.9,13.3,1.08,7,0.04,27,0
CLM20260403002534,RID46698,extreme_heat,43.6,2,25.7,38.2,0.05,8,0.32,25,0
CLM20260403002535,RID44463,heavy_rainfall,0.5,0,156.5,8.8,0.34,42,4.24,5,1
CLM20260403002536,RID26607,severe_pollution,14.0,3,24.3,30.2,0.49,6,-0.91,12,0
CLM20260403002537,RID53274,civic_unrest,78.0,4,31.9,18.3,0.89,8,-2.22,19,0
CLM20260403002538,RID90725,severe_pollution,38.7,6,38.5,12.7,0.46,4,-1.08,24,0
CLM20260403002539,RID37434,extreme_heat,6.5,2,10.4,16.6,2.28,7,0.33,14,0
CLM20260403002540,RID10350,extreme_heat,57.3,2,39.8,10.2,3.48,9,-0.69,27,0
CLM20260403002541,RID38369,heavy_rainfall,26.4,3,42.7,53.1,0.41,7,-0.63,13,0
CLM20260403002542,RID90599,extreme_heat,67.5,2,19.7,30.7,5.19,8,-0.94,16,0
CLM20260403002543,RID28786,extreme_heat,31.9,3,30.8,59.6,0.62,9,-0.94,18,1
CLM20260403002544,RID72320,heavy_rainfall,11.0,1,146.2,57.9,1.04,13,-0.27,11,0
CLM20260403002545,RID52380,heavy_rainfall,53.4,3,35.5,49.9,1.42,8,2.11,27,0
CLM20260403002546,RID16840,extreme_heat,41.0,3,52.4,31.6,3.64,6,0.49,19,0
CLM20260403002547,RID77070,severe_pollution,25.2,0,32.7,17.0,1.78,5,1.81,12,0
CLM20260403002548,RID65758,severe_pollution,28.5,7,28.7,19.4,1.52,13,-0.19,25,0
CLM20260403002549,RID52872,civic_unrest,27.2,2,41.2,3.0,0.08,6,-1.24,27,0
CLM20260403002550,RID75585,heavy_rainfall,149.0,2,20.5,36.4,1.86,7,-1.15,19,0
CLM20260403002551,RID41558,severe_pollution,44.4,4,49.3,35.7,1.17,11,-0.5,22,0
CLM20260403002552,RID59454,severe_pollution,78.7,6,31.3,14.6,0.42,13,2.26,18,0
CLM20260403002553,RID72190,civic_unrest,62.8,3,30.7,35.1,0.72,10,-1.94,20,0
CLM20260403002554,RID50863,civic_unrest,26.7,5,38.6,40.0,1.32,10,0.1,28,0
CLM20260403002555,RID79558,heavy_rainfall,52.9,6,57.0,37.6,0.13,8,1.17,27,0
CLM20260403002556,RID89348,extreme_heat,147.0,2,59.1,31.1,0.15,6,-0.13,13,0
CLM20260403002557,RID31773,civic_unrest,107.8,3,33.0,16.3,1.2,11,0.71,25,0
CLM20260403002558,RID28728,severe_pollution,77.0,3,12.2,10.7,1.13,13,-0.96,13,0
CLM20260403002559,RID83464,severe_pollution,38.6,4,46.1,28.2,0.51,4,-2.46,15,0
CLM20260403002560,RID74237,civic_unrest,29.0,2,12.4,35.3,0.08,8,0.17,14,0
CLM20260403002561,RID99832,heavy_rainfall,30.5,6,95.5,49.6,1.8,7,-1.78,24,0
CLM20260403002562,RID83125,severe_pollution,9.6,4,36.4,47.0,0.47,6,-0.14,15,0
CLM20260403002563,RID95471,civic_unrest,89.2,3,58.9,2.2,0.2,5,1.64,13,0
CLM20260403002564,RID33332,heavy_rainfall,65.0,5,56.7,28.4,0.56,12,-0.47,14,0
CLM20260403002565,RID57931,severe_pollution,124.1,2,45.5,49.4,0.21,7,-0.82,24,0
CLM20260403002566,RID97823,civic_unrest,75.1,3,30.3,28.6,5.19,6,-2.31,25,0
CLM20260403002567,RID65584,extreme_heat,51.4,3,42.3,13.4,0.46,6,1.55,16,0
CLM20260403002568,RID90868,extreme_heat,32.9,4,36.1,30.9,0.59,5,0.44,7,0
CLM20260403002569,RID60129,civic_unrest,5.7,5,22.3,37.7,0.11,6,-0.63,10,0
CLM20260403002570,RID33462,heavy_rainfall,34.8,2,58.9,48.0,0.41,7,0.7,14,0
CLM20260403002571,RID35668,severe_pollution,23.9,1,54.0,17.3,3.76,11,0.67,11,0
CLM20260403002572,RID57315,extreme_heat,21.1,2,34.2,15.0,0.39,8,-3.03,19,0
CLM20260403002573,RID10735,civic_unrest,98.3,2,40.2,18.5,0.69,12,-2.83,24,1
CLM20260403002574,RID53050,heavy_rainfall,127.7,6,36.0,15.9,0.11,10,1.93,9,0
CLM20260403002575,RID58348,civic_unrest,52.0,4,55.1,9.2,0.96,12,2.81,11,0
CLM20260403002576,RID75902,heavy_rainfall,62.8,2,135.1,22.3,1.3,5,-1.94,8,0
CLM20260403002577,RID89531,civic_unrest,7.5,0,7.4,1.4,1.55,34,2.85,3,1
CLM20260403002578,RID14394,civic_unrest,64.6,6,17.2,33.8,1.11,5,0.12,8,0
CLM20260403002579,RID94105,severe_pollution,63.2,1,40.9,11.6,3.69,9,0.7,29,0
CLM20260403002580,RID62205,heavy_rainfall,167.6,2,41.1,66.1,4.74,9,-0.78,20,0
CLM20260403002581,RID43166,civic_unrest,34.9,4,24.3,38.5,0.04,10,-0.59,17,0
CLM20260403002582,RID91955,heavy_rainfall,1.3,0,102.9,1.2,15.84,30,1.53,1,1
CLM20260403002583,RID84996,heavy_rainfall,9.5,7,149.2,44.8,2.8,8,-1.52,28,0
CLM20260403002584,RID71709,severe_pollution,25.1,7,57.5,23.1,2.88,6,0.82,7,0
CLM20260403002585,RID74264,extreme_heat,5.5,0,73.6,11.4,19.79,25,3.29,1,1
CLM20260403002586,RID72055,heavy_rainfall,37.1,2,56.7,16.3,1.43,11,1.95,29,0
CLM20260403002587,RID15006,civic_unrest,37.4,4,22.1,42.4,0.63,9,-0.08,12,0
CLM20260403002588,RID13779,extreme_heat,7.3,0,48.3,2.7,12.13,32,3.58,2,1
CLM20260403002589,RID33187,extreme_heat,38.5,2,42.0,45.8,0.43,2,-0.51,21,0
CLM20260403002590,RID20855,severe_pollution,19.1,3,28.1,58.1,1.82,8,-0.25,23,0
CLM20260403002591,RID25653,heavy_rainfall,46.7,3,103.1,13.7,1.03,7,-1.2,11,0
CLM20260403002592,RID68114,heavy_rainfall,32.6,3,98.0,33.5,0.92,8,-2.67,25,0
CLM20260403002593,RID51187,heavy_rainfall,89.9,2,92.7,14.6,2.15,10,0.75,24,0
CLM20260403002594,RID81314,civic_unrest,27.4,0,14.9,3.9,2.65,10,-1.36,20,0
CLM20260403002595,RID35451,heavy_rainfall,49.5,3,120.8,18.6,2.26,5,-1.56,11,0
CLM20260403002596,RID53603,civic_unrest,114.6,3,33.0,13.1,1.95,7,1.98,18,0
CLM20260403002597,RID32179,civic_unrest,14.0,2,56.8,20.1,0.97,9,0.94,17,0
CLM20260403002598,RID77677,heavy_rainfall,48.6,2,60.2,14.9,1.99,7,-0.81,19,0
CLM20260403002599,RID97096,severe_pollution,39.6,2,36.7,41.3,0.65,9,-2.05,17,0
CLM20260403002600,RID64575,heavy_rainfall,192.9,6,74.2,7.9,0.93,9,0.75,15,0
CLM20260403002601,RID18513,extreme_heat,147.5,2,50.4,39.6,4.26,8,-0.99,9,0
CLM20260403002602,RID75735,extreme_heat,68.5,4,43.6,11.5,1.63,10,-0.02,16,0
CLM20260403002603,RID44948,heavy_rainfall,87.6,3,138.0,15.8,1.22,5,-0.86,9,0
CLM20260403002604,RID32621,severe_pollution,114.0,4,26.8,14.3,0.53,8,0.66,12,0
CLM20260403002605,RID15833,civic_unrest,49.5,2,29.4,9.3,1.5,8,0.19,14,0
CLM20260403002606,RID89761,extreme_heat,26.1,0,26.3,25.2,0.29,8,-0.21,9,0
CLM20260403002607,RID76252,severe_pollution,21.6,0,24.8,20.9,0.77,11,-0.43,28,0
CLM20260403002608,RID32671,heavy_rainfall,34.9,2,101.4,8.3,0.27,6,-0.69,27,0
CLM20260403002609,RID50784,civic_unrest,60.5,4,29.2,10.0,0.58,8,-0.23,15,0
CLM20260403002610,RID83473,civic_unrest,22.4,2,25.2,20.7,3.23,9,1.41,16,0
CLM20260403002611,RID25429,civic_unrest,49.2,2,35.0,30.9,2.99,5,-0.27,25,0
CLM20260403002612,RID71112,heavy_rainfall,53.4,4,41.6,29.0,0.98,6,-0.58,16,0
CLM20260403002613,RID84211,severe_pollution,92.9,3,29.5,22.2,1.52,13,-0.04,8,0
CLM20260403002614,RID21555,heavy_rainfall,39.1,5,133.1,21.3,1.07,8,-0.81,15,0
CLM20260403002615,RID21870,extreme_heat,68.6,7,41.8,14.9,0.82,10,-0.33,28,0
CLM20260403002616,RID21326,extreme_heat,90.9,5,51.3,57.1,0.59,5,-0.49,18,0
CLM20260403002617,RID51615,heavy_rainfall,4.3,3,115.1,40.4,1.27,12,-1.28,18,0
CLM20260403002618,RID32195,heavy_rainfall,81.9,4,145.8,10.2,0.03,6,0.54,27,0
CLM20260403002619,RID38511,civic_unrest,29.4,3,10.7,5.1,4.43,8,0.92,17,0
CLM20260403002620,RID70338,heavy_rainfall,62.6,3,88.1,20.5,2.19,9,-1.62,29,0
CLM20260403002621,RID42339,civic_unrest,69.3,2,40.3,21.9,0.9,4,-2.39,18,0
CLM20260403002622,RID99245,extreme_heat,26.2,4,9.1,10.7,0.2,10,-0.01,13,0
CLM20260403002623,RID27397,civic_unrest,107.2,4,34.4,16.4,0.77,8,1.29,23,1
CLM20260403002624,RID16990,severe_pollution,10.2,0,83.0,14.8,0.68,35,2.53,2,1
CLM20260403002625,RID47627,extreme_heat,146.8,1,45.9,13.6,1.68,7,-3.42,27,0
CLM20260403002626,RID46564,extreme_heat,44.6,4,53.3,16.1,2.96,10,0.4,19,0
CLM20260403002627,RID84060,civic_unrest,26.5,3,26.1,39.9,0.52,12,-0.61,26,0
CLM20260403002628,RID64261,extreme_heat,102.1,3,50.0,34.1,0.66,8,1.01,14,0
CLM20260403002629,RID34673,civic_unrest,1.7,0,142.8,7.7,15.79,27,2.89,4,1
CLM20260403002630,RID36112,extreme_heat,110.8,2,40.4,15.0,0.29,6,-1.58,27,0
CLM20260403002631,RID48657,civic_unrest,24.7,4,11.5,21.6,1.97,7,0.94,10,0
CLM20260403002632,RID67619,civic_unrest,121.2,5,23.9,5.7,2.4,6,1.31,12,0
CLM20260403002633,RID22112,severe_pollution,7.3,6,55.5,20.0,0.29,6,1.58,18,0
CLM20260403002634,RID56550,civic_unrest,29.4,3,47.8,28.0,0.16,7,0.33,14,0
CLM20260403002635,RID55725,severe_pollution,64.2,2,35.7,34.3,2.66,7,0.37,8,0
CLM20260403002636,RID92709,extreme_heat,8.1,0,4.7,14.0,11.45,21,2.69,1,1
CLM20260403002637,RID14814,severe_pollution,47.6,3,37.7,22.9,0.82,16,0.42,8,0
CLM20260403002638,RID30408,extreme_heat,62.8,2,40.2,31.5,2.05,8,-0.45,10,0
CLM20260403002639,RID66866,civic_unrest,76.2,4,26.2,2.3,0.08,3,0.74,28,1
CLM20260403002640,RID94673,civic_unrest,98.1,1,12.3,58.6,2.77,13,0.9,17,0
CLM20260403002641,RID37190,civic_unrest,9.0,1,51.2,75.6,1.43,8,0.1,27,0
CLM20260403002642,RID76029,civic_unrest,64.0,4,53.0,26.9,0.35,5,-0.62,17,0
CLM20260403002643,RID21895,extreme_heat,22.1,3,54.1,32.1,6.09,9,2.76,17,0
CLM20260403002644,RID43844,extreme_heat,1.2,0,3.9,1.6,10.57,37,2.56,2,1
CLM20260403002645,RID71300,civic_unrest,71.1,2,16.0,42.6,0.08,6,0.13,27,0
CLM20260403002646,RID14121,heavy_rainfall,3.8,2,76.1,53.8,2.18,10,-1.52,23,0
CLM20260403002647,RID77768,extreme_heat,106.6,0,54.0,30.5,4.15,14,-1.28,17,0
CLM20260403002648,RID72286,extreme_heat,66.4,3,30.2,26.2,4.44,7,-0.6,16,0
CLM20260403002649,RID71242,civic_unrest,81.7,3,26.2,18.7,0.24,7,0.55,12,0
CLM20260403002650,RID58795,severe_pollution,75.1,2,21.0,29.2,0.69,3,2.29,16,0
CLM20260403002651,RID96285,heavy_rainfall,139.4,2,68.7,19.2,0.8,6,-1.56,10,0
CLM20260403002652,RID52253,heavy_rainfall,49.2,0,145.4,13.0,3.69,10,0.64,8,0
CLM20260403002653,RID92506,civic_unrest,27.2,4,52.5,4.8,1.93,3,-1.52,14,1
CLM20260403002654,RID11035,extreme_heat,2.7,0,98.1,8.1,18.29,34,2.93,1,1
CLM20260403002655,RID65234,severe_pollution,17.0,2,53.6,44.4,0.85,10,1.84,11,0
CLM20260403002656,RID53871,civic_unrest,149.1,4,59.9,2.0,2.3,7,0.58,9,0
CLM20260403002657,RID94919,heavy_rainfall,49.6,4,37.2,21.0,0.06,11,-0.05,22,0
CLM20260403002658,RID34525,civic_unrest,120.3,3,51.7,80.0,0.27,6,-0.01,12,0
CLM20260403002659,RID50144,extreme_heat,24.8,6,32.8,5.2,1.79,7,-0.61,17,0
CLM20260403002660,RID71189,extreme_heat,21.0,0,55.9,33.3,1.0,8,-0.92,12,0
CLM20260403002661,RID12850,severe_pollution,52.3,3,20.3,35.7,2.41,6,-2.61,15,0
CLM20260403002662,RID90820,severe_pollution,19.7,3,24.3,18.9,0.95,8,0.33,10,0
CLM20260403002663,RID87801,severe_pollution,9.9,6,29.2,23.5,3.0,5,-0.31,19,0
CLM20260403002664,RID62341,severe_pollution,96.3,1,57.1,34.0,0.17,7,0.42,19,0
CLM20260403002665,RID41927,civic_unrest,86.3,4,48.3,34.0,1.07,4,-0.55,27,0
CLM20260403002666,RID58918,civic_unrest,45.9,6,53.5,13.2,0.85,9,1.6,17,0
CLM20260403002667,RID73249,severe_pollution,3.7,0,4.3,7.0,13.61,37,3.51,2,1
CLM20260403002668,RID49344,heavy_rainfall,84.3,3,47.9,43.9,3.02,12,1.82,19,0
CLM20260403002669,RID40710,heavy_rainfall,77.3,4,67.6,19.9,1.59,7,-0.68,14,0
CLM20260403002670,RID65179,severe_pollution,53.9,3,40.8,19.1,3.94,8,1.14,25,0
CLM20260403002671,RID45305,severe_pollution,104.4,5,11.2,8.9,0.62,6,-0.95,14,0
CLM20260403002672,RID87735,heavy_rainfall,14.4,3,102.1,67.1,2.09,4,-0.29,23,0
CLM20260403002673,RID31499,extreme_heat,14.3,2,50.3,35.2,2.64,8,1.5,13,0
CLM20260403002674,RID49397,extreme_heat,60.3,5,27.1,40.9,0.9,17,0.24,11,0
CLM20260403002675,RID84447,extreme_heat,13.9,3,52.1,38.4,1.42,5,-0.97,21,1
CLM20260403002676,RID27025,civic_unrest,83.8,3,30.0,13.8,0.06,1,-2.11,22,0
CLM20260403002677,RID17051,heavy_rainfall,82.4,1,42.3,72.2,0.21,8,1.86,25,0
CLM20260403002678,RID50537,extreme_heat,130.2,7,57.3,25.0,1.52,4,0.72,21,0
CLM20260403002679,RID55364,severe_pollution,43.5,2,32.2,78.3,2.46,10,0.44,21,0
CLM20260403002680,RID61903,extreme_heat,47.2,3,8.3,31.8,0.22,9,-0.21,29,0
CLM20260403002681,RID70370,heavy_rainfall,113.8,2,86.8,10.3,0.28,8,-0.12,28,0
CLM20260403002682,RID96325,extreme_heat,43.5,4,53.0,37.7,0.59,12,-0.83,22,0
CLM20260403002683,RID36267,extreme_heat,123.6,1,30.0,17.3,0.85,5,-1.59,11,0
CLM20260403002684,RID49489,civic_unrest,69.2,0,56.9,21.7,0.21,6,0.77,20,0
CLM20260403002685,RID20534,extreme_heat,68.2,5,31.1,50.6,0.17,10,-1.23,29,0
CLM20260403002686,RID40957,extreme_heat,12.8,5,53.0,54.2,0.28,11,-2.96,10,1
CLM20260403002687,RID67219,heavy_rainfall,41.3,0,122.3,48.5,0.99,7,0.56,26,0
CLM20260403002688,RID42077,extreme_heat,136.3,4,42.2,30.6,0.01,3,-0.17,26,0
CLM20260403002689,RID99746,civic_unrest,44.0,3,59.7,16.5,1.11,12,1.13,24,0
CLM20260403002690,RID10648,severe_pollution,74.0,0,20.8,12.2,0.01,8,-2.09,9,0
CLM20260403002691,RID30883,civic_unrest,36.9,5,23.0,9.8,0.45,3,0.59,12,0
CLM20260403002692,RID23095,severe_pollution,40.8,2,33.1,58.8,0.66,5,-1.89,10,0
CLM20260403002693,RID82067,severe_pollution,115.8,6,29.4,27.8,5.18,8,-1.72,7,0
CLM20260403002694,RID37851,severe_pollution,138.2,4,51.4,36.8,1.08,12,-0.24,24,0
CLM20260403002695,RID97613,severe_pollution,184.2,1,45.8,27.5,0.97,9,-0.26,20,0
CLM20260403002696,RID70749,extreme_heat,45.9,2,10.6,15.9,0.73,9,-1.35,10,0
CLM20260403002697,RID22559,severe_pollution,48.6,4,54.7,77.4,0.82,8,0.52,27,0
CLM20260403002698,RID26843,civic_unrest,8.6,5,28.2,23.8,0.16,9,1.11,10,0
CLM20260403002699,RID27501,severe_pollution,103.3,5,59.9,64.0,0.35,15,0.5,12,0
CLM20260403002700,RID52875,civic_unrest,50.8,2,54.4,43.5,0.75,10,-0.98,12,0
CLM20260403002701,RID98440,severe_pollution,91.9,1,23.9,32.4,2.0,9,0.53,22,0
CLM20260403002702,RID88241,severe_pollution,20.5,3,53.1,26.8,2.92,12,-0.18,19,0
CLM20260403002703,RID80007,heavy_rainfall,20.9,5,135.3,10.1,0.09,5,1.33,8,0
CLM20260403002704,RID55464,severe_pollution,96.2,6,20.2,80.0,0.15,8,-2.22,17,0
CLM20260403002705,RID97802,heavy_rainfall,71.3,3,140.2,11.0,1.63,5,-0.79,10,1
CLM20260403002706,RID39057,extreme_heat,80.6,5,49.7,15.5,3.35,7,-0.23,8,0
CLM20260403002707,RID40822,civic_unrest,2.1,2,2.7,1.7,16.69,24,4.92,4,1
CLM20260403002708,RID57484,civic_unrest,33.2,1,10.8,10.6,1.72,12,-3.19,12,1
CLM20260403002709,RID75726,heavy_rainfall,34.6,5,101.2,34.5,1.62,5,1.02,23,0
CLM20260403002710,RID90028,severe_pollution,29.9,1,56.3,63.8,1.26,6,-0.39,18,0
CLM20260403002711,RID20127,extreme_heat,40.7,2,11.6,43.3,0.08,6,0.87,18,0
CLM20260403002712,RID28098,severe_pollution,66.7,4,40.9,70.9,3.45,6,-1.25,22,0
CLM20260403002713,RID34637,heavy_rainfall,91.1,2,42.0,7.8,7.52,8,-0.2,27,0
CLM20260403002714,RID37686,civic_unrest,17.3,4,49.8,25.1,0.76,8,-0.28,18,0
CLM20260403002715,RID67068,heavy_rainfall,83.6,2,108.5,43.7,0.29,6,-0.63,25,0
CLM20260403002716,RID54510,severe_pollution,31.0,3,36.6,45.5,0.13,8,-1.07,10,0
CLM20260403002717,RID95726,extreme_heat,75.4,3,33.0,13.5,1.98,9,1.25,10,0
CLM20260403002718,RID65798,extreme_heat,114.5,2,22.7,26.3,0.31,8,-0.41,16,0
CLM20260403002719,RID47350,civic_unrest,34.6,5,24.1,5.6,0.36,8,1.68,18,0
CLM20260403002720,RID60700,severe_pollution,13.4,2,52.9,32.6,0.61,8,3.35,8,0
CLM20260403002721,RID14564,civic_unrest,28.4,1,41.9,39.6,1.05,11,-0.73,27,0
CLM20260403002722,RID65277,extreme_heat,1.9,4,24.7,80.0,1.65,9,-0.89,22,0
CLM20260403002723,RID31435,severe_pollution,25.6,1,31.1,33.9,2.27,9,-0.44,8,0
CLM20260403002724,RID99435,heavy_rainfall,12.9,4,30.9,33.0,2.12,6,1.07,26,0
CLM20260403002725,RID70938,heavy_rainfall,20.8,3,23.6,69.3,1.76,7,-2.27,13,0
CLM20260403002726,RID55388,heavy_rainfall,42.2,1,44.0,25.3,2.79,8,0.35,16,0
CLM20260403002727,RID95966,severe_pollution,69.8,5,29.7,15.9,1.91,7,-0.55,8,0
CLM20260403002728,RID11602,extreme_heat,21.4,5,30.9,13.9,13.39,10,-0.36,17,0
CLM20260403002729,RID51815,extreme_heat,10.2,1,117.6,6.4,9.45,30,3.28,2,1
CLM20260403002730,RID85324,severe_pollution,80.4,4,15.7,27.4,0.56,2,0.17,11,0
CLM20260403002731,RID99954,severe_pollution,82.4,1,32.4,17.2,0.47,5,-0.51,29,0
CLM20260403002732,RID11518,severe_pollution,10.4,3,54.4,54.0,0.62,8,1.07,13,0
CLM20260403002733,RID95697,severe_pollution,55.9,1,44.4,9.8,0.38,9,-0.38,9,0
CLM20260403002734,RID65372,heavy_rainfall,32.6,3,23.0,24.9,5.18,4,-2.35,12,0
CLM20260403002735,RID49708,severe_pollution,95.9,4,20.6,18.0,1.01,9,-0.65,8,0
CLM20260403002736,RID43901,heavy_rainfall,60.7,1,79.9,18.9,1.38,4,-1.72,26,0
CLM20260403002737,RID89119,severe_pollution,89.4,1,15.1,76.7,2.77,8,1.76,18,0
CLM20260403002738,RID75806,civic_unrest,50.9,2,19.2,8.5,0.21,6,-0.69,20,0
CLM20260403002739,RID72068,civic_unrest,125.3,0,12.7,26.3,2.49,6,-2.4,17,0
CLM20260403002740,RID80126,civic_unrest,19.7,5,22.2,20.7,3.59,16,-0.13,21,0
CLM20260403002741,RID24637,extreme_heat,131.0,1,39.3,33.0,0.89,10,0.22,12,0
CLM20260403002742,RID65583,severe_pollution,9.2,0,41.3,25.6,0.46,7,0.16,19,0
CLM20260403002743,RID98436,heavy_rainfall,8.1,0,160.7,14.3,12.08,36,3.18,1,1
CLM20260403002744,RID29711,heavy_rainfall,9.6,4,41.6,26.7,0.03,13,-0.05,18,0
CLM20260403002745,RID54186,civic_unrest,27.5,4,12.4,47.9,1.22,9,-1.91,20,0
CLM20260403002746,RID35901,severe_pollution,92.4,3,44.3,41.1,3.89,8,0.8,27,0
CLM20260403002747,RID67001,heavy_rainfall,10.9,2,94.1,3.6,0.15,11,0.6,19,0
CLM20260403002748,RID70917,civic_unrest,92.4,3,58.3,12.9,2.28,12,-0.31,14,0
CLM20260403002749,RID15222,heavy_rainfall,53.0,1,39.9,15.8,0.23,8,0.93,25,0
CLM20260403002750,RID74175,severe_pollution,60.4,6,49.2,58.0,0.4,5,0.4,28,0
CLM20260403002751,RID58117,heavy_rainfall,47.8,2,133.2,18.7,0.73,6,-1.24,15,0
CLM20260403002752,RID88555,civic_unrest,121.6,3,32.5,7.1,1.75,7,0.83,10,0
CLM20260403002753,RID43072,severe_pollution,44.9,10,19.4,39.6,0.09,6,0.42,28,0
CLM20260403002754,RID54231,civic_unrest,62.5,5,33.7,40.5,1.85,9,-0.27,29,0
CLM20260403002755,RID13084,civic_unrest,13.5,2,44.7,12.2,2.05,12,-0.99,18,0
CLM20260403002756,RID33426,civic_unrest,24.5,1,56.3,23.1,0.5,7,-0.57,28,0
CLM20260403002757,RID56777,severe_pollution,13.8,4,32.2,33.0,0.27,8,1.43,14,0
CLM20260403002758,RID12296,severe_pollution,15.0,0,148.5,8.4,0.05,42,2.93,4,1
CLM20260403002759,RID52550,civic_unrest,102.5,2,17.3,20.9,1.57,10,0.48,7,0
CLM20260403002760,RID93359,heavy_rainfall,73.8,2,78.7,4.8,0.57,8,-0.01,25,0
CLM20260403002761,RID88089,heavy_rainfall,51.3,2,141.5,39.2,4.5,8,1.32,24,0
CLM20260403002762,RID56824,heavy_rainfall,20.9,3,139.7,29.6,0.47,4,-1.78,27,0
CLM20260403002763,RID79634,severe_pollution,35.8,7,29.4,39.9,1.38,7,1.08,22,0
CLM20260403002764,RID42588,extreme_heat,4.3,5,20.9,64.8,0.14,8,2.1,11,0
CLM20260403002765,RID21016,heavy_rainfall,82.9,4,109.1,31.9,0.17,3,-0.86,17,0
CLM20260403002766,RID26522,extreme_heat,36.0,1,24.5,19.5,1.34,12,-0.28,22,0
CLM20260403002767,RID92958,severe_pollution,39.0,2,46.6,19.2,0.82,10,0.62,20,0
CLM20260403002768,RID66505,civic_unrest,139.1,3,49.7,31.8,0.61,11,-2.83,16,0
CLM20260403002769,RID55270,severe_pollution,4.7,0,5.1,0.8,1.86,29,2.92,8,1
CLM20260403002770,RID90903,extreme_heat,16.0,2,13.9,31.3,0.79,8,0.97,12,0
CLM20260403002771,RID78623,severe_pollution,49.2,5,56.1,19.0,1.79,3,-0.58,25,0
CLM20260403002772,RID15326,heavy_rainfall,3.5,0,7.9,10.8,1.38,41,1.96,1,1
CLM20260403002773,RID52806,civic_unrest,15.3,2,51.5,29.9,0.23,6,-1.33,7,0
CLM20260403002774,RID15018,extreme_heat,197.2,3,30.5,21.8,2.33,10,2.0,9,0
CLM20260403002775,RID89869,heavy_rainfall,39.7,2,53.6,65.2,0.65,12,-0.76,8,0
CLM20260403002776,RID60058,heavy_rainfall,62.8,2,139.4,20.3,0.22,11,0.76,15,0
CLM20260403002777,RID54272,civic_unrest,5.7,2,55.3,27.3,1.17,4,-0.25,27,0
CLM20260403002778,RID65381,severe_pollution,10.5,5,52.5,20.9,0.47,9,-0.25,16,0
CLM20260403002779,RID12933,extreme_heat,111.9,3,24.4,14.5,3.06,7,-0.76,15,0
CLM20260403002780,RID43666,heavy_rainfall,128.0,5,72.8,37.1,3.52,9,-1.74,26,0
CLM20260403002781,RID66811,heavy_rainfall,72.7,4,61.0,18.9,1.71,12,-0.36,25,0
CLM20260403002782,RID35119,civic_unrest,49.4,2,43.1,42.3,0.06,10,2.23,23,0
CLM20260403002783,RID49741,extreme_heat,42.3,2,56.0,30.6,0.38,13,-1.16,27,0
CLM20260403002784,RID16400,civic_unrest,90.9,4,44.3,34.8,0.16,4,0.2,26,0
CLM20260403002785,RID85148,severe_pollution,98.2,2,45.3,15.3,2.36,3,0.95,7,0
CLM20260403002786,RID38207,severe_pollution,58.5,0,55.0,4.9,0.93,10,0.62,22,0
CLM20260403002787,RID46016,extreme_heat,6.2,0,7.3,14.5,1.91,45,2.56,4,1
CLM20260403002788,RID46287,heavy_rainfall,1.1,0,102.9,14.1,17.94,34,2.27,3,1
CLM20260403002789,RID89249,severe_pollution,48.3,2,26.1,54.9,0.45,6,-0.25,15,0
CLM20260403002790,RID33758,civic_unrest,27.8,2,57.7,32.8,3.58,8,1.02,17,0
CLM20260403002791,RID45740,heavy_rainfall,81.6,6,147.1,5.5,2.06,2,-2.33,10,0
CLM20260403002792,RID63370,extreme_heat,40.5,5,11.4,22.9,1.62,10,0.3,16,0
CLM20260403002793,RID12453,severe_pollution,4.3,0,5.1,2.4,14.48,39,2.88,4,1
CLM20260403002794,RID96142,extreme_heat,98.7,4,27.3,46.0,0.19,10,-1.87,25,0
CLM20260403002795,RID46014,civic_unrest,67.0,1,26.4,24.8,1.12,8,0.63,25,0
CLM20260403002796,RID70613,civic_unrest,35.2,0,52.4,54.1,1.04,6,-1.04,17,0
CLM20260403002797,RID22733,extreme_heat,27.8,6,14.5,7.7,0.78,4,-1.7,9,0
CLM20260403002798,RID39468,heavy_rainfall,67.8,5,51.1,57.8,0.16,7,1.53,18,0
CLM20260403002799,RID52547,extreme_heat,96.1,3,37.7,80.0,0.24,10,1.31,29,0
CLM20260403002800,RID18352,civic_unrest,20.9,3,31.7,12.8,2.92,4,-0.56,9,0
CLM20260403002801,RID89864,severe_pollution,107.2,3,54.8,9.9,1.07,5,0.34,29,0
CLM20260403002802,RID87059,severe_pollution,79.8,3,26.3,9.2,2.96,10,1.29,12,0
CLM20260403002803,RID93200,civic_unrest,39.7,1,23.7,39.2,2.62,10,0.74,14,0
CLM20260403002804,RID80969,severe_pollution,23.1,5,51.7,29.1,1.14,4,-1.72,24,0
CLM20260403002805,RID72338,heavy_rainfall,38.5,1,110.8,71.7,0.14,11,1.94,17,0
CLM20260403002806,RID54951,civic_unrest,85.9,5,50.5,57.1,1.15,5,0.49,14,0
CLM20260403002807,RID51896,civic_unrest,18.7,5,52.5,4.2,2.34,7,0.25,26,1
CLM20260403002808,RID68246,extreme_heat,17.1,3,25.8,16.0,3.6,7,0.25,24,0
CLM20260403002809,RID70548,severe_pollution,96.3,3,39.2,4.5,0.93,7,0.75,18,1
CLM20260403002810,RID37608,extreme_heat,66.0,2,41.1,77.7,0.86,12,0.0,22,0
CLM20260403002811,RID98209,severe_pollution,66.6,4,23.7,28.4,0.84,7,-0.91,18,0
CLM20260403002812,RID43514,severe_pollution,47.8,3,38.9,25.7,1.64,10,0.38,23,1
CLM20260403002813,RID14229,heavy_rainfall,27.4,2,67.5,42.0,2.27,8,-0.78,29,0
CLM20260403002814,RID92756,severe_pollution,25.2,3,59.4,39.1,2.72,7,-1.99,14,0
CLM20260403002815,RID83574,civic_unrest,170.8,1,57.4,36.5,4.86,9,-1.08,28,1
CLM20260403002816,RID20891,extreme_heat,126.7,5,55.4,5.1,0.29,4,0.05,8,0
CLM20260403002817,RID79414,civic_unrest,38.7,5,14.3,5.8,3.47,3,1.2,27,1
CLM20260403002818,RID49850,civic_unrest,98.5,3,28.2,26.6,1.56,8,-0.26,19,0
CLM20260403002819,RID51331,severe_pollution,174.3,3,26.6,3.9,1.13,5,0.56,14,1
CLM20260403002820,RID98408,severe_pollution,13.8,3,50.1,28.5,0.24,4,-1.27,9,0
CLM20260403002821,RID13875,extreme_heat,27.1,3,37.4,38.0,0.36,4,-1.33,11,0
CLM20260403002822,RID91902,extreme_heat,20.7,2,39.1,36.4,1.11,8,-0.38,15,1
CLM20260403002823,RID91823,civic_unrest,24.4,3,29.6,18.9,1.16,7,-0.66,15,0
CLM20260403002824,RID84041,severe_pollution,59.6,4,36.2,27.6,1.58,7,-0.88,9,0
CLM20260403002825,RID64446,heavy_rainfall,28.4,0,53.5,47.0,0.52,6,-0.01,27,0
CLM20260403002826,RID47209,severe_pollution,38.6,4,15.6,50.7,2.97,8,0.26,12,0
CLM20260403002827,RID40765,severe_pollution,2.2,0,9.9,6.3,13.99,26,2.47,1,1
CLM20260403002828,RID80463,extreme_heat,78.4,4,9.2,44.0,0.33,10,2.74,16,0
CLM20260403002829,RID59601,heavy_rainfall,14.7,5,102.1,11.4,0.64,8,1.64,7,0
CLM20260403002830,RID22711,severe_pollution,34.5,2,15.2,17.3,1.03,4,-0.87,19,0
CLM20260403002831,RID38613,extreme_heat,39.3,1,17.4,28.1,1.95,9,-1.06,27,0
CLM20260403002832,RID24500,civic_unrest,97.1,1,26.1,47.4,0.59,13,1.74,26,1
CLM20260403002833,RID33412,extreme_heat,39.7,1,48.2,47.0,3.83,10,1.11,7,0
CLM20260403002834,RID62575,severe_pollution,105.2,1,19.6,7.0,4.05,6,-2.1,21,0
CLM20260403002835,RID56140,extreme_heat,53.2,4,59.3,13.6,0.08,5,0.98,8,0
CLM20260403002836,RID64811,civic_unrest,59.5,3,23.8,28.4,0.05,8,0.86,20,0
CLM20260403002837,RID51864,civic_unrest,48.2,5,53.5,24.3,0.94,5,-0.65,8,0
CLM20260403002838,RID92611,heavy_rainfall,119.0,3,123.6,12.2,1.1,2,-0.73,7,0
CLM20260403002839,RID97062,civic_unrest,25.7,2,31.4,28.6,0.81,9,-1.86,27,0
CLM20260403002840,RID75838,severe_pollution,6.8,2,10.6,19.0,1.52,12,3.15,25,0
CLM20260403002841,RID39504,severe_pollution,6.6,0,2.7,6.0,10.71,33,3.01,5,1
CLM20260403002842,RID74858,severe_pollution,46.3,4,28.1,45.7,3.88,3,-0.58,12,0
CLM20260403002843,RID47523,severe_pollution,4.0,0,156.2,2.7,13.25,45,2.79,2,1
CLM20260403002844,RID30574,extreme_heat,23.9,3,51.0,22.2,2.78,7,1.21,12,0
CLM20260403002845,RID62435,civic_unrest,17.4,0,22.2,65.4,0.73,9,0.68,24,0
CLM20260403002846,RID10437,civic_unrest,79.2,1,18.9,20.1,0.07,4,1.69,8,0
CLM20260403002847,RID70820,extreme_heat,0.5,0,4.4,3.1,17.02,44,4.42,1,1
CLM20260403002848,RID99568,heavy_rainfall,12.0,6,75.1,14.9,0.06,5,-0.68,20,0
CLM20260403002849,RID60246,severe_pollution,23.7,4,47.6,10.0,0.45,10,1.93,9,0
CLM20260403002850,RID64823,severe_pollution,197.2,4,14.7,47.5,0.35,11,-0.48,13,0
CLM20260403002851,RID34756,heavy_rainfall,75.3,3,33.5,9.9,0.21,4,-1.68,25,0
CLM20260403002852,RID91117,extreme_heat,27.5,0,20.3,38.0,0.95,7,2.58,28,0
CLM20260403002853,RID28162,heavy_rainfall,42.9,1,84.3,80.0,7.57,2,-2.08,14,0
CLM20260403002854,RID88586,severe_pollution,99.5,6,12.8,22.4,0.38,12,-1.58,12,0
CLM20260403002855,RID12992,civic_unrest,91.8,5,18.5,26.3,1.85,7,0.78,9,0
CLM20260403002856,RID89929,extreme_heat,59.9,2,30.3,56.1,0.1,7,0.65,26,0
CLM20260403002857,RID31818,severe_pollution,40.6,2,32.8,3.3,0.68,9,0.93,22,0
CLM20260403002858,RID99700,heavy_rainfall,24.2,9,60.7,9.9,0.67,6,0.18,9,0
CLM20260403002859,RID58535,heavy_rainfall,71.6,1,76.6,4.5,0.87,9,-0.81,11,0
CLM20260403002860,RID88819,severe_pollution,0.5,0,7.5,9.1,1.45,38,2.89,1,1
CLM20260403002861,RID82359,extreme_heat,31.8,5,26.7,19.7,0.51,11,1.02,18,0
CLM20260403002862,RID31152,severe_pollution,7.7,0,115.4,3.1,11.97,30,2.53,4,1
CLM20260403002863,RID58373,extreme_heat,48.9,2,40.1,27.2,0.2,8,0.07,9,0
CLM20260403002864,RID32965,severe_pollution,69.0,2,27.5,25.1,0.61,11,-0.13,7,0
CLM20260403002865,RID36186,civic_unrest,38.6,2,17.1,19.3,1.11,11,-1.45,21,0
CLM20260403002866,RID27386,civic_unrest,32.0,0,39.9,13.2,0.59,6,-0.53,8,0
CLM20260403002867,RID18495,heavy_rainfall,69.3,8,49.6,17.6,4.68,12,0.58,10,0
CLM20260403002868,RID37132,severe_pollution,79.3,2,19.0,14.9,0.76,14,-2.72,16,0
CLM20260403002869,RID70187,extreme_heat,44.5,3,18.2,24.7,1.45,7,-0.2,29,0
CLM20260403002870,RID99610,severe_pollution,54.7,0,9.7,80.0,0.4,9,-0.72,21,0
CLM20260403002871,RID41704,extreme_heat,93.6,3,27.3,11.2,0.05,6,0.52,10,0
CLM20260403002872,RID70477,heavy_rainfall,42.2,2,122.6,49.0,4.71,10,0.79,24,0
CLM20260403002873,RID89168,civic_unrest,25.3,0,6.2,5.0,1.27,42,3.18,5,1
CLM20260403002874,RID30875,extreme_heat,18.3,3,39.8,27.5,1.26,3,1.44,26,0
CLM20260403002875,RID70583,heavy_rainfall,103.8,1,46.4,11.1,0.63,6,1.09,14,0
CLM20260403002876,RID10902,heavy_rainfall,77.5,6,55.5,31.2,0.26,3,-3.63,29,0
CLM20260403002877,RID99394,severe_pollution,152.4,5,30.6,49.6,2.85,8,-0.16,9,0
CLM20260403002878,RID78126,severe_pollution,71.2,6,35.1,37.1,1.13,5,-0.8,20,0
CLM20260403002879,RID60504,heavy_rainfall,45.9,3,83.8,45.8,0.96,5,1.98,29,0
CLM20260403002880,RID64668,civic_unrest,240.0,6,10.6,20.0,0.66,9,0.52,13,0
CLM20260403002881,RID80430,heavy_rainfall,67.0,0,28.7,41.4,0.19,7,-1.26,24,0
CLM20260403002882,RID89557,heavy_rainfall,57.1,8,148.6,29.8,0.14,7,1.27,15,0
CLM20260403002883,RID67477,severe_pollution,59.9,1,47.0,15.1,0.73,11,-0.74,20,0
CLM20260403002884,RID17836,civic_unrest,54.6,2,49.7,34.6,0.29,7,-3.0,21,0
CLM20260403002885,RID62218,heavy_rainfall,54.0,3,72.8,32.0,1.51,10,-0.62,12,0
CLM20260403002886,RID57628,severe_pollution,62.2,4,28.0,80.0,0.54,8,-1.69,10,0
CLM20260403002887,RID77051,severe_pollution,55.8,2,9.1,3.3,0.05,12,-1.66,17,0
CLM20260403002888,RID66175,heavy_rainfall,11.4,0,6.6,12.6,5.29,24,4.05,3,1
CLM20260403002889,RID23582,extreme_heat,19.0,4,33.4,9.7,0.02,4,0.93,24,0
CLM20260403002890,RID44406,heavy_rainfall,54.3,5,137.2,20.7,3.53,4,-0.08,7,0
CLM20260403002891,RID32145,civic_unrest,63.8,2,19.2,25.1,0.85,10,-0.96,17,0
CLM20260403002892,RID64118,civic_unrest,4.8,1,43.7,31.0,0.77,14,0.04,13,0
CLM20260403002893,RID28605,extreme_heat,45.4,5,33.2,10.6,1.88,5,-0.45,23,0
CLM20260403002894,RID73254,extreme_heat,84.8,2,48.4,23.4,2.62,11,-0.03,24,0
CLM20260403002895,RID44669,heavy_rainfall,71.7,2,53.9,29.6,3.31,7,-0.44,29,0
CLM20260403002896,RID53257,heavy_rainfall,117.9,4,105.6,46.3,1.23,10,0.15,13,0
CLM20260403002897,RID70062,severe_pollution,16.9,0,4.1,11.6,6.91,41,3.12,2,1
CLM20260403002898,RID42077,civic_unrest,40.7,2,58.1,19.3,0.96,5,-1.52,22,0
CLM20260403002899,RID54884,civic_unrest,33.4,5,42.0,9.2,0.29,20,-0.33,24,0
CLM20260403002900,RID68284,civic_unrest,14.2,0,54.9,7.9,9.56,34,1.78,2,1
CLM20260403002901,RID69031,civic_unrest,77.9,3,53.8,4.7,2.3,6,-0.0,12,0
CLM20260403002902,RID84479,civic_unrest,4.6,6,56.3,16.3,1.7,10,0.03,22,0
CLM20260403002903,RID87912,heavy_rainfall,32.4,3,137.5,40.6,4.01,6,0.43,27,0
CLM20260403002904,RID28352,extreme_heat,1.3,0,6.8,1.5,0.01,42,3.62,3,1
CLM20260403002905,RID78390,civic_unrest,31.0,2,50.5,16.5,0.27,9,-0.41,15,0
CLM20260403002906,RID13400,extreme_heat,60.7,3,30.5,10.8,3.76,8,1.11,17,0
CLM20260403002907,RID58608,civic_unrest,48.7,6,13.4,48.2,1.04,10,0.89,8,0
CLM20260403002908,RID48170,civic_unrest,52.4,2,44.5,11.4,1.27,5,0.86,10,0
CLM20260403002909,RID30749,civic_unrest,65.5,3,30.2,80.0,0.13,13,-0.81,25,0
CLM20260403002910,RID72296,severe_pollution,37.9,5,53.6,26.2,0.25,6,2.17,18,0
CLM20260403002911,RID98247,civic_unrest,17.2,3,59.3,12.1,2.89,6,-2.28,12,0
CLM20260403002912,RID30242,extreme_heat,67.7,1,50.5,9.8,0.48,9,-0.04,19,0
CLM20260403002913,RID29205,civic_unrest,18.0,2,43.2,47.6,1.12,5,-0.28,22,0
CLM20260403002914,RID60361,civic_unrest,37.1,2,14.7,7.7,7.58,5,-0.22,13,0
CLM20260403002915,RID93461,extreme_heat,105.9,2,41.9,27.2,2.83,13,1.4,21,0
CLM20260403002916,RID13670,extreme_heat,38.6,3,27.5,38.8,0.3,5,-1.15,11,0
CLM20260403002917,RID86445,civic_unrest,0.6,0,130.9,6.0,5.53,38,1.77,2,1
CLM20260403002918,RID29446,heavy_rainfall,31.4,1,70.1,44.1,0.97,5,-0.18,29,0
CLM20260403002919,RID44002,civic_unrest,100.5,1,13.6,24.0,4.42,6,0.58,9,0
CLM20260403002920,RID76662,severe_pollution,77.8,2,21.3,40.5,0.59,7,0.43,24,0
CLM20260403002921,RID72517,extreme_heat,38.1,2,35.4,12.3,0.63,7,-0.69,22,0
CLM20260403002922,RID55116,extreme_heat,2.6,0,5.1,12.2,0.96,45,2.36,2,1
CLM20260403002923,RID86957,civic_unrest,59.2,3,39.1,54.5,0.01,7,0.05,29,0
CLM20260403002924,RID78594,civic_unrest,81.4,2,15.0,15.9,0.09,10,-0.13,19,0
CLM20260403002925,RID59542,severe_pollution,41.7,6,13.6,26.0,0.34,7,-0.68,11,1
CLM20260403002926,RID94984,extreme_heat,92.8,3,14.5,40.6,2.89,9,1.39,26,0
CLM20260403002927,RID78843,severe_pollution,110.3,3,25.1,80.0,0.75,11,1.08,10,0
CLM20260403002928,RID32988,severe_pollution,60.3,2,36.6,23.4,0.1,5,0.26,15,0
CLM20260403002929,RID59790,heavy_rainfall,18.1,0,71.8,0.6,1.35,37,2.29,2,1
CLM20260403002930,RID97653,heavy_rainfall,53.9,2,137.2,80.0,0.2,7,-1.12,26,0
CLM20260403002931,RID54874,extreme_heat,53.0,2,35.8,9.8,0.6,9,-0.37,23,0
CLM20260403002932,RID50541,extreme_heat,155.9,3,42.0,18.4,1.42,6,0.0,16,0
CLM20260403002933,RID39400,extreme_heat,80.8,1,35.6,9.0,0.5,9,1.42,22,0
CLM20260403002934,RID46479,heavy_rainfall,151.0,3,89.3,11.0,1.49,11,0.14,12,0
CLM20260403002935,RID95196,extreme_heat,32.7,4,44.0,12.8,0.84,6,0.89,29,0
CLM20260403002936,RID56727,severe_pollution,240.0,3,14.3,15.9,0.03,7,-0.16,29,0
CLM20260403002937,RID70204,heavy_rainfall,29.1,4,122.5,16.7,1.12,9,-1.7,20,0
CLM20260403002938,RID78697,extreme_heat,4.8,0,5.9,9.1,1.97,40,3.64,1,1
CLM20260403002939,RID36546,civic_unrest,76.4,4,16.8,27.9,1.61,3,-1.49,7,0
CLM20260403002940,RID97063,heavy_rainfall,32.6,1,144.5,58.3,0.96,13,-2.99,11,0
CLM20260403002941,RID62231,heavy_rainfall,16.0,2,87.8,4.7,1.73,8,-1.14,8,0
CLM20260403002942,RID53190,heavy_rainfall,11.0,2,53.7,45.1,0.55,10,1.52,11,0
CLM20260403002943,RID45582,heavy_rainfall,51.4,4,80.6,39.0,5.01,10,2.14,28,0
CLM20260403002944,RID17336,severe_pollution,18.5,4,53.0,23.8,1.43,7,1.32,9,0
CLM20260403002945,RID84278,extreme_heat,50.7,2,48.2,52.8,0.67,6,0.62,19,0
CLM20260403002946,RID42072,civic_unrest,4.4,0,8.7,1.2,5.85,32,3.4,2,1
CLM20260403002947,RID33944,extreme_heat,31.4,3,49.8,21.6,0.7,16,-1.2,9,0
CLM20260403002948,RID39928,severe_pollution,11.5,0,27.9,9.2,1.11,5,0.02,28,0
CLM20260403002949,RID33256,heavy_rainfall,22.2,4,148.6,17.5,0.99,12,-2.72,19,0
CLM20260403002950,RID89840,civic_unrest,80.5,3,59.7,4.1,0.27,8,3.18,11,0
CLM20260403002951,RID82348,civic_unrest,40.6,1,24.0,4.5,0.2,5,0.84,18,0
CLM20260403002952,RID21974,extreme_heat,17.7,4,57.9,42.6,0.11,2,-0.04,23,0
CLM20260403002953,RID18345,extreme_heat,40.0,2,29.1,65.3,0.73,3,-0.14,22,0
CLM20260403002954,RID78492,civic_unrest,65.9,2,19.6,21.2,4.13,9,-2.11,20,0
CLM20260403002955,RID17977,extreme_heat,83.4,4,49.0,80.0,0.5,9,2.51,11,0
CLM20260403002956,RID39830,extreme_heat,37.9,3,14.3,11.6,0.35,5,-0.75,21,0
CLM20260403002957,RID86765,severe_pollution,64.4,5,12.2,38.4,1.52,11,-1.25,29,0
CLM20260403002958,RID70852,heavy_rainfall,2.1,1,90.4,2.2,1.56,34,2.9,3,1
CLM20260403002959,RID80376,heavy_rainfall,83.5,2,72.5,14.1,2.12,11,1.24,18,0
CLM20260403002960,RID51793,heavy_rainfall,73.6,4,127.3,19.4,3.94,6,-1.23,17,0
CLM20260403002961,RID35745,severe_pollution,105.0,0,13.7,22.4,0.36,10,-1.06,16,0
CLM20260403002962,RID25257,severe_pollution,54.4,4,56.0,25.3,1.05,12,-0.37,8,1
CLM20260403002963,RID20929,severe_pollution,82.9,4,49.7,49.9,1.68,8,0.03,13,0
CLM20260403002964,RID35873,heavy_rainfall,65.5,4,51.3,55.1,0.13,9,-0.71,10,0
CLM20260403002965,RID81089,extreme_heat,24.6,2,41.6,17.9,3.75,10,1.24,19,1
CLM20260403002966,RID88419,severe_pollution,14.3,5,56.3,14.2,0.44,10,-1.85,12,0
CLM20260403002967,RID49316,heavy_rainfall,125.9,2,97.1,37.3,3.7,8,1.23,26,0
CLM20260403002968,RID86246,severe_pollution,26.8,4,27.3,24.7,4.99,7,0.56,22,0
CLM20260403002969,RID24617,severe_pollution,32.4,2,56.7,43.2,0.03,11,1.0,27,0
CLM20260403002970,RID94230,extreme_heat,49.6,2,34.2,17.8,2.02,8,1.34,15,0
CLM20260403002971,RID87193,severe_pollution,2.3,0,102.1,14.9,0.72,30,2.94,3,1
CLM20260403002972,RID10064,civic_unrest,43.3,5,12.0,46.0,0.87,5,-0.55,27,0
CLM20260403002973,RID63368,civic_unrest,50.7,6,16.5,26.5,1.09,9,0.45,16,0
CLM20260403002974,RID74566,extreme_heat,3.0,0,89.4,5.4,15.68,20,2.91,1,1
CLM20260403002975,RID53075,severe_pollution,33.5,5,36.7,66.9,0.67,9,-2.42,22,0
CLM20260403002976,RID77397,civic_unrest,240.0,2,57.3,48.0,1.52,9,1.1,13,0
CLM20260403002977,RID94578,civic_unrest,26.9,1,50.4,30.1,1.68,6,-0.62,15,0
CLM20260403002978,RID44629,extreme_heat,116.5,2,53.9,49.8,0.23,11,0.08,13,0
CLM20260403002979,RID54714,civic_unrest,28.4,3,53.4,24.3,0.19,8,0.3,8,0
CLM20260403002980,RID98846,civic_unrest,43.4,3,25.8,41.2,1.45,8,0.43,20,0
CLM20260403002981,RID92040,severe_pollution,12.9,3,39.5,80.0,0.71,10,-0.86,28,0
CLM20260403002982,RID24610,extreme_heat,115.9,3,33.6,15.2,2.31,8,0.65,25,0
CLM20260403002983,RID73908,heavy_rainfall,18.4,1,120.0,26.0,0.05,5,0.48,11,0
CLM20260403002984,RID51839,severe_pollution,130.4,1,23.0,8.4,1.64,6,0.43,13,0
CLM20260403002985,RID74983,extreme_heat,74.2,2,51.6,25.9,1.18,7,0.13,28,0
CLM20260403002986,RID33435,heavy_rainfall,51.7,6,101.9,19.9,0.34,7,1.62,15,0
CLM20260403002987,RID66625,civic_unrest,9.5,7,34.9,25.4,1.65,7,2.82,16,0
CLM20260403002988,RID22395,severe_pollution,24.1,2,17.8,38.5,0.19,8,-0.77,9,0
CLM20260403002989,RID54883,extreme_heat,41.2,3,47.4,55.4,0.63,6,-0.73,14,0
CLM20260403002990,RID35374,heavy_rainfall,128.6,4,82.6,3.3,0.16,5,-1.19,16,0
CLM20260403002991,RID40382,extreme_heat,2.8,4,42.4,14.7,1.35,9,2.03,27,0
CLM20260403002992,RID50265,civic_unrest,52.6,2,23.7,10.2,1.08,11,0.35,10,0
CLM20260403002993,RID51945,severe_pollution,44.3,4,14.3,26.3,0.11,6,-1.04,9,0
CLM20260403002994,RID23489,civic_unrest,67.4,1,33.1,55.4,2.22,5,-0.72,28,0
CLM20260403002995,RID89891,extreme_heat,61.7,4,27.6,7.6,0.13,6,-0.12,22,0
CLM20260403002996,RID84843,extreme_heat,70.6,5,26.4,5.6,1.14,6,0.76,8,0
CLM20260403002997,RID52436,extreme_heat,28.8,5,52.5,20.6,2.08,5,0.07,19,0
CLM20260403002998,RID35153,severe_pollution,22.3,4,26.7,15.9,0.4,5,0.17,16,0
CLM20260403002999,RID32515,extreme_heat,64.2,4,25.2,40.9,1.67,12,1.63,27,0
CLM20260403003000,RID89970,extreme_heat,52.2,1,28.2,61.6,1.6,2,-1.45,28,0
CLM20260403003001,RID52687,severe_pollution,33.6,2,9.8,20.8,4.05,2,-1.29,14,0
CLM20260403003002,RID95654,severe_pollution,41.9,0,25.2,80.0,0.01,10,-0.75,7,0
CLM20260403003003,RID45308,extreme_heat,128.0,3,15.1,45.8,0.3,12,-0.15,7,0
CLM20260403003004,RID44452,severe_pollution,50.3,2,21.3,34.5,0.05,8,1.26,26,0
CLM20260403003005,RID49795,civic_unrest,5.8,1,23.5,49.9,0.07,8,-1.63,20,0
CLM20260403003006,RID29003,civic_unrest,85.2,2,13.0,27.7,6.89,11,1.8,11,0
CLM20260403003007,RID53741,civic_unrest,18.9,5,53.7,69.5,2.61,13,0.37,19,0
CLM20260403003008,RID51333,severe_pollution,8.9,6,40.2,8.1,0.2,6,-2.06,16,0
CLM20260403003009,RID50372,severe_pollution,57.1,3,36.8,23.1,5.6,9,1.47,15,0
CLM20260403003010,RID83831,severe_pollution,35.3,2,53.2,2.6,0.4,9,0.72,20,0
CLM20260403003011,RID64673,heavy_rainfall,62.4,3,53.1,15.2,1.17,8,0.68,9,0
CLM20260403003012,RID62963,heavy_rainfall,9.6,2,110.7,9.8,0.26,15,1.4,25,0
CLM20260403003013,RID63580,civic_unrest,42.8,2,11.8,26.3,0.15,4,0.79,13,0
CLM20260403003014,RID94645,extreme_heat,14.1,6,16.6,29.2,0.69,12,-0.27,25,0
CLM20260403003015,RID69885,civic_unrest,46.9,3,39.8,45.4,1.23,7,1.03,17,0
CLM20260403003016,RID12553,extreme_heat,22.7,7,51.4,8.2,1.62,8,-0.3,20,0
CLM20260403003017,RID37342,civic_unrest,75.6,4,25.4,31.1,0.84,7,0.97,26,0
CLM20260403003018,RID48639,civic_unrest,33.2,0,12.1,61.3,1.24,6,-0.54,25,0
CLM20260403003019,RID13103,civic_unrest,34.1,5,23.2,48.8,0.96,6,-2.13,27,0
CLM20260403003020,RID66033,severe_pollution,34.6,2,22.2,40.7,1.08,7,-0.34,10,0
CLM20260403003021,RID52688,extreme_heat,63.2,2,16.7,15.2,1.05,12,0.87,19,1
CLM20260403003022,RID38177,severe_pollution,57.6,3,57.1,12.2,0.89,9,-3.23,22,0
CLM20260403003023,RID45908,heavy_rainfall,19.0,4,96.5,34.1,0.1,7,1.07,7,0
CLM20260403003024,RID19755,extreme_heat,99.4,4,10.4,31.7,1.53,4,0.2,12,0
CLM20260403003025,RID31026,civic_unrest,52.0,2,39.1,19.6,2.07,4,-1.43,15,0
CLM20260403003026,RID72872,severe_pollution,61.9,2,21.3,27.0,1.28,17,0.04,25,0
CLM20260403003027,RID16029,severe_pollution,57.3,1,41.9,3.5,0.13,6,-0.1,21,0
CLM20260403003028,RID73837,extreme_heat,11.3,3,27.3,7.6,1.57,10,0.47,28,0
CLM20260403003029,RID46718,severe_pollution,11.8,5,43.1,22.6,0.12,7,-0.68,25,0
CLM20260403003030,RID17774,heavy_rainfall,94.8,0,124.4,29.3,0.61,10,1.37,19,0
CLM20260403003031,RID17355,civic_unrest,5.4,2,40.2,27.3,0.02,9,-0.4,13,0
CLM20260403003032,RID46181,civic_unrest,46.6,1,10.3,51.6,0.89,8,1.34,7,0
CLM20260403003033,RID67425,civic_unrest,193.8,4,32.6,26.1,4.97,9,0.48,24,0
CLM20260403003034,RID24553,severe_pollution,14.6,0,4.9,8.0,15.22,29,3.6,4,1
CLM20260403003035,RID27600,heavy_rainfall,41.1,1,95.2,24.5,2.85,8,2.29,16,0
CLM20260403003036,RID52538,severe_pollution,29.8,1,42.6,28.9,0.89,7,-0.27,18,0
CLM20260403003037,RID29893,extreme_heat,115.4,1,29.5,17.7,2.0,9,0.71,25,0
CLM20260403003038,RID87307,civic_unrest,14.5,6,49.1,62.3,0.28,11,-0.82,21,0
CLM20260403003039,RID85246,extreme_heat,27.1,1,38.7,43.4,1.59,6,2.37,27,0
CLM20260403003040,RID83641,heavy_rainfall,45.6,0,119.1,11.8,1.55,6,-1.41,26,0
CLM20260403003041,RID67443,extreme_heat,1.6,0,199.5,10.9,18.6,38,3.68,1,1
CLM20260403003042,RID52970,civic_unrest,59.1,1,15.6,33.4,4.86,11,-3.12,27,0
CLM20260403003043,RID82964,civic_unrest,120.7,1,44.0,13.4,3.63,6,-0.05,16,0
CLM20260403003044,RID12864,extreme_heat,18.6,2,58.2,53.5,0.25,5,0.53,21,0
CLM20260403003045,RID18913,civic_unrest,157.4,1,17.5,3.8,1.49,12,-0.21,13,0
CLM20260403003046,RID57347,severe_pollution,26.1,4,13.5,13.0,0.36,4,-0.76,14,0
CLM20260403003047,RID38155,extreme_heat,54.1,2,38.3,15.4,1.56,10,0.66,15,0
CLM20260403003048,RID52109,severe_pollution,14.5,3,50.9,14.1,1.96,13,0.22,11,0
CLM20260403003049,RID39842,severe_pollution,29.2,9,57.7,29.4,0.16,10,-0.23,17,0
CLM20260403003050,RID57474,civic_unrest,84.8,2,26.9,15.4,0.74,6,-1.21,16,1
CLM20260403003051,RID36081,civic_unrest,56.4,3,58.4,12.5,2.62,8,-0.84,8,0
CLM20260403003052,RID43470,heavy_rainfall,46.3,5,130.0,21.4,2.79,5,-1.54,24,0
CLM20260403003053,RID28385,heavy_rainfall,28.7,1,147.2,13.3,4.71,6,-0.29,17,0
CLM20260403003054,RID94179,severe_pollution,45.3,4,15.0,14.9,1.9,3,0.19,28,0
CLM20260403003055,RID66011,severe_pollution,89.3,3,8.4,14.7,0.87,8,0.16,9,0
CLM20260403003056,RID73747,heavy_rainfall,2.1,0,76.9,11.1,6.03,34,3.2,1,1
CLM20260403003057,RID79258,heavy_rainfall,2.3,0,195.2,0.8,11.65,45,5.76,2,1
CLM20260403003058,RID77143,civic_unrest,17.1,5,10.9,18.7,0.93,9,1.39,23,0
CLM20260403003059,RID12123,severe_pollution,69.4,7,47.9,31.6,0.05,6,-1.09,20,0
CLM20260403003060,RID14205,civic_unrest,202.2,2,9.8,19.0,1.32,3,-1.63,24,0
CLM20260403003061,RID80622,severe_pollution,39.5,5,54.4,17.9,0.13,9,-1.7,8,0
CLM20260403003062,RID47047,civic_unrest,137.7,1,26.4,17.8,0.44,11,-0.53,16,0
CLM20260403003063,RID93148,heavy_rainfall,65.4,4,93.1,66.2,0.86,11,0.72,28,1
CLM20260403003064,RID19902,heavy_rainfall,86.1,3,136.8,47.6,0.26,9,-1.37,19,0
CLM20260403003065,RID83176,heavy_rainfall,110.1,4,139.5,30.7,0.67,10,0.33,29,0
CLM20260403003066,RID79699,extreme_heat,10.0,0,103.8,13.5,18.41,41,3.94,1,1
CLM20260403003067,RID77305,heavy_rainfall,18.5,5,141.4,16.3,0.07,6,-0.04,8,0
CLM20260403003068,RID85225,severe_pollution,171.5,3,44.9,54.5,0.2,9,0.06,27,1
CLM20260403003069,RID89958,extreme_heat,157.2,5,11.6,32.0,0.1,11,1.89,29,0
CLM20260403003070,RID19579,severe_pollution,240.0,6,41.5,34.9,1.39,9,0.89,16,0
CLM20260403003071,RID46289,severe_pollution,5.5,5,21.4,31.0,0.79,10,1.3,12,0
CLM20260403003072,RID69151,extreme_heat,79.8,4,25.1,10.1,1.27,15,0.57,7,0
CLM20260403003073,RID95254,civic_unrest,19.1,3,47.0,46.8,0.39,13,0.26,23,0
CLM20260403003074,RID19571,extreme_heat,64.5,5,41.1,23.0,0.11,3,0.56,9,1
CLM20260403003075,RID94913,civic_unrest,46.1,5,16.1,10.6,0.39,6,2.17,18,0
CLM20260403003076,RID69512,severe_pollution,57.6,1,45.8,10.2,0.12,5,0.72,14,0
CLM20260403003077,RID12815,severe_pollution,61.9,2,32.3,18.4,1.02,7,0.16,26,0
CLM20260403003078,RID85332,civic_unrest,20.7,2,48.9,30.5,0.1,9,0.72,21,0
CLM20260403003079,RID10832,severe_pollution,58.8,3,17.9,40.5,2.55,9,-0.24,11,0
CLM20260403003080,RID12473,heavy_rainfall,75.9,3,84.1,30.5,0.07,3,-0.06,23,0
CLM20260403003081,RID39521,civic_unrest,16.1,2,58.8,47.3,0.73,7,0.2,15,0
CLM20260403003082,RID65987,extreme_heat,52.2,3,26.2,2.3,1.46,10,-1.0,7,0
CLM20260403003083,RID43928,extreme_heat,5.0,0,175.4,13.9,1.1,30,3.68,2,1
CLM20260403003084,RID86595,civic_unrest,67.2,2,55.5,16.1,0.84,6,1.91,21,0
CLM20260403003085,RID79778,severe_pollution,52.3,5,34.1,47.1,2.45,9,0.81,14,1
CLM20260403003086,RID95670,extreme_heat,44.5,2,32.9,25.0,3.5,14,-0.03,14,0
CLM20260403003087,RID85292,civic_unrest,45.0,1,17.5,5.9,0.31,5,0.01,12,0
CLM20260403003088,RID85609,extreme_heat,67.3,3,23.0,16.6,1.44,10,0.82,26,0
CLM20260403003089,RID34752,extreme_heat,31.8,3,38.4,7.1,0.57,3,-0.23,17,0
CLM20260403003090,RID37019,civic_unrest,81.2,5,44.5,26.6,2.39,5,1.32,8,0
CLM20260403003091,RID33800,heavy_rainfall,76.0,4,82.5,17.5,2.36,11,0.52,22,0
CLM20260403003092,RID13437,heavy_rainfall,199.4,4,99.1,9.5,2.35,10,0.76,19,0
CLM20260403003093,RID26688,civic_unrest,43.1,5,55.4,37.9,1.58,10,0.78,15,0
CLM20260403003094,RID19078,civic_unrest,121.2,1,13.4,45.3,0.13,12,2.06,17,0
CLM20260403003095,RID51331,extreme_heat,71.7,4,32.9,3.1,2.04,9,-2.26,21,0
CLM20260403003096,RID96267,extreme_heat,21.0,0,29.5,30.3,0.44,9,0.8,7,0
CLM20260403003097,RID36437,civic_unrest,76.8,3,20.0,10.5,1.05,12,-1.98,26,0
CLM20260403003098,RID31402,severe_pollution,59.9,1,16.2,29.1,1.32,9,-0.58,9,0
CLM20260403003099,RID45530,extreme_heat,44.4,2,27.3,8.4,1.61,4,1.13,13,0
CLM20260403003100,RID38473,civic_unrest,88.2,5,37.9,39.4,2.28,9,-1.73,18,0
CLM20260403003101,RID13577,extreme_heat,25.2,3,27.0,13.8,1.85,10,-0.81,19,0
CLM20260403003102,RID67624,heavy_rainfall,26.8,2,50.7,36.5,4.14,6,-0.09,29,0
CLM20260403003103,RID59166,heavy_rainfall,39.4,3,139.6,27.6,2.3,2,-0.47,17,0
CLM20260403003104,RID68189,extreme_heat,116.0,4,42.7,17.7,0.08,1,-1.23,29,0
CLM20260403003105,RID59861,heavy_rainfall,101.2,2,98.8,34.7,0.33,7,-0.58,9,0
CLM20260403003106,RID68564,severe_pollution,32.9,3,33.5,80.0,5.01,7,-0.24,11,0
CLM20260403003107,RID62321,extreme_heat,55.6,1,38.0,13.1,1.72,11,0.88,10,0
CLM20260403003108,RID36952,severe_pollution,51.6,5,47.9,23.3,3.1,11,-0.53,7,0
CLM20260403003109,RID87360,heavy_rainfall,87.6,1,34.2,51.5,2.91,12,-1.99,11,0
CLM20260403003110,RID22170,extreme_heat,7.4,0,105.5,14.0,16.82,32,2.52,2,1
CLM20260403003111,RID76414,heavy_rainfall,65.8,1,26.8,54.4,0.24,13,1.14,7,0
CLM20260403003112,RID31349,extreme_heat,74.1,2,29.0,41.5,1.28,8,-1.15,21,0
CLM20260403003113,RID25775,severe_pollution,2.2,0,69.1,1.0,9.17,37,4.06,2,1
CLM20260403003114,RID89278,civic_unrest,171.2,3,30.4,23.5,0.65,9,2.09,9,0
CLM20260403003115,RID51534,severe_pollution,9.7,0,58.3,11.4,14.31,34,2.21,8,1
CLM20260403003116,RID35032,extreme_heat,5.8,0,95.5,0.2,11.18,41,2.07,2,1
CLM20260403003117,RID21900,civic_unrest,78.7,2,54.7,13.0,0.43,4,-0.44,17,0
CLM20260403003118,RID72649,civic_unrest,72.8,4,24.7,29.7,2.19,13,0.29,19,0
CLM20260403003119,RID76680,heavy_rainfall,49.6,3,42.1,18.6,0.57,11,0.39,13,0
CLM20260403003120,RID69893,heavy_rainfall,34.0,1,127.3,38.5,0.8,9,1.99,17,0
CLM20260403003121,RID10951,severe_pollution,18.0,3,55.4,15.3,0.14,8,0.44,14,0
CLM20260403003122,RID65052,severe_pollution,7.8,2,48.8,29.3,0.77,3,0.38,10,0
CLM20260403003123,RID23115,civic_unrest,45.7,1,21.5,19.8,1.64,13,3.8,16,0
CLM20260403003124,RID57237,civic_unrest,85.5,5,38.2,19.9,0.24,6,0.17,15,0
CLM20260403003125,RID18559,severe_pollution,42.7,4,10.8,19.0,0.37,9,-0.65,11,0
CLM20260403003126,RID95459,civic_unrest,20.4,0,18.4,60.0,2.92,11,-1.26,24,0
CLM20260403003127,RID40062,heavy_rainfall,76.4,1,69.0,20.5,0.04,7,1.45,27,0
CLM20260403003128,RID95253,severe_pollution,28.0,2,58.0,16.2,0.68,6,2.96,19,0
CLM20260403003129,RID71782,heavy_rainfall,18.8,3,30.2,20.0,0.9,9,-1.91,10,0
CLM20260403003130,RID46007,civic_unrest,100.4,4,21.7,18.5,0.26,6,-1.14,23,1
CLM20260403003131,RID15946,extreme_heat,82.8,6,45.7,15.5,1.22,7,0.73,7,0
CLM20260403003132,RID42636,extreme_heat,142.2,1,44.5,37.4,1.63,8,-0.22,7,0
CLM20260403003133,RID84000,heavy_rainfall,100.5,2,61.5,26.6,1.8,12,1.12,10,0
CLM20260403003134,RID26770,extreme_heat,47.3,4,41.3,1.3,0.01,13,1.09,19,0
CLM20260403003135,RID28378,severe_pollution,72.7,3,25.5,50.7,11.27,10,0.76,27,0
CLM20260403003136,RID15110,heavy_rainfall,37.2,2,44.3,39.3,0.57,9,-0.1,12,0
CLM20260403003137,RID88145,extreme_heat,64.0,3,52.8,49.7,1.32,3,0.39,20,0
CLM20260403003138,RID96632,civic_unrest,97.8,2,49.8,24.2,0.13,7,0.89,9,0
CLM20260403003139,RID58719,severe_pollution,1.1,0,138.4,15.0,18.3,29,1.44,3,1
CLM20260403003140,RID30641,severe_pollution,91.1,1,8.3,39.0,1.13,12,-0.23,10,0
CLM20260403003141,RID32599,extreme_heat,101.9,1,34.9,64.8,0.16,10,1.01,29,0
CLM20260403003142,RID77973,extreme_heat,133.5,2,24.8,13.1,0.31,11,-0.66,18,0
CLM20260403003143,RID97643,extreme_heat,46.0,4,35.4,67.8,0.77,10,-2.24,12,0
CLM20260403003144,RID57850,heavy_rainfall,0.5,0,83.1,4.3,8.43,36,4.54,2,1
CLM20260403003145,RID31282,heavy_rainfall,112.2,3,130.9,19.2,0.45,9,1.0,23,0
CLM20260403003146,RID75215,extreme_heat,37.8,1,47.3,78.0,2.83,14,0.84,17,0
CLM20260403003147,RID50116,severe_pollution,2.4,0,2.3,6.3,7.24,34,2.86,4,1
CLM20260403003148,RID91960,civic_unrest,0.9,0,9.0,14.7,0.02,24,3.52,1,1
CLM20260403003149,RID44757,civic_unrest,57.0,1,22.8,34.1,0.65,5,-0.28,21,0
CLM20260403003150,RID13732,heavy_rainfall,23.9,1,131.8,31.5,2.77,9,2.25,29,0
CLM20260403003151,RID53461,heavy_rainfall,94.5,2,98.3,7.0,0.72,12,-1.72,9,0
CLM20260403003152,RID71669,heavy_rainfall,39.6,2,136.2,1.5,0.28,9,0.02,10,0
CLM20260403003153,RID28919,severe_pollution,44.6,2,25.2,31.8,2.45,13,2.37,28,0
CLM20260403003154,RID16094,severe_pollution,94.9,3,13.7,40.7,1.78,9,0.54,24,0
CLM20260403003155,RID88447,extreme_heat,53.5,5,43.4,30.6,0.06,11,0.92,27,0
CLM20260403003156,RID30731,heavy_rainfall,159.6,2,139.5,77.5,1.03,12,1.4,15,0
CLM20260403003157,RID11958,civic_unrest,49.2,2,26.7,46.2,2.26,6,-1.44,27,0
CLM20260403003158,RID39189,heavy_rainfall,5.5,0,5.8,3.5,18.93,34,1.95,4,1
CLM20260403003159,RID65034,heavy_rainfall,0.8,0,3.4,3.5,19.88,40,3.21,3,1
CLM20260403003160,RID24733,severe_pollution,29.2,3,16.1,18.4,0.19,8,-0.79,7,0
CLM20260403003161,RID70874,severe_pollution,55.8,3,29.6,34.6,0.61,7,-1.64,8,0
CLM20260403003162,RID80349,severe_pollution,45.7,3,24.3,4.2,1.84,5,0.31,23,0
CLM20260403003163,RID27616,heavy_rainfall,131.0,4,67.2,50.7,0.06,9,-1.39,24,0
CLM20260403003164,RID50819,severe_pollution,41.0,2,15.0,10.3,3.52,11,1.28,14,0
CLM20260403003165,RID71536,civic_unrest,31.7,3,54.5,22.4,0.09,10,-0.5,19,0
CLM20260403003166,RID26803,civic_unrest,62.5,1,59.6,25.0,2.28,7,1.31,26,0
CLM20260403003167,RID96032,civic_unrest,49.9,4,21.3,23.0,1.94,11,-0.53,23,0
CLM20260403003168,RID90427,heavy_rainfall,45.2,3,68.9,27.6,2.48,8,-1.4,8,0
CLM20260403003169,RID72624,severe_pollution,117.6,4,42.6,23.2,3.19,15,-0.53,26,0
CLM20260403003170,RID84873,extreme_heat,61.4,2,53.6,49.9,0.14,12,-1.27,22,0
CLM20260403003171,RID26493,extreme_heat,47.0,1,59.1,56.1,0.67,6,0.41,11,0
CLM20260403003172,RID77467,extreme_heat,69.6,6,21.2,33.3,1.64,8,-0.3,29,1
CLM20260403003173,RID28690,extreme_heat,34.4,6,49.4,32.8,4.96,7,-2.21,16,1
CLM20260403003174,RID96403,heavy_rainfall,41.9,2,107.6,33.7,3.8,8,0.52,7,0
CLM20260403003175,RID22424,severe_pollution,10.2,1,18.9,8.7,0.73,8,0.1,24,0
CLM20260403003176,RID47001,heavy_rainfall,56.5,4,121.2,25.9,0.04,4,0.27,8,0
CLM20260403003177,RID42739,extreme_heat,1.0,0,70.3,4.0,13.29,43,2.14,4,1
CLM20260403003178,RID42855,extreme_heat,63.6,1,24.7,8.9,4.98,8,1.24,9,0
CLM20260403003179,RID96424,civic_unrest,145.6,3,21.3,3.6,1.31,7,1.15,9,0
CLM20260403003180,RID53073,severe_pollution,95.5,2,41.9,15.5,2.02,13,0.4,29,0
CLM20260403003181,RID97602,civic_unrest,10.2,2,57.5,80.0,0.03,12,-1.87,9,0
CLM20260403003182,RID27263,civic_unrest,20.4,6,31.6,55.3,3.32,10,-1.72,14,0
CLM20260403003183,RID65315,civic_unrest,29.3,5,18.3,25.9,1.0,9,0.23,9,0
CLM20260403003184,RID96665,extreme_heat,95.6,3,57.2,80.0,0.23,3,-1.52,9,0
CLM20260403003185,RID85938,heavy_rainfall,77.5,4,92.3,4.4,3.9,10,-0.36,8,0
CLM20260403003186,RID60466,heavy_rainfall,80.4,3,121.1,3.4,2.98,12,-0.05,17,0
CLM20260403003187,RID35938,extreme_heat,23.1,5,41.1,22.0,1.62,7,0.06,24,0
CLM20260403003188,RID11877,extreme_heat,12.2,4,54.4,11.4,2.21,7,0.43,23,0
CLM20260403003189,RID93182,heavy_rainfall,18.2,0,188.5,0.7,14.66,40,3.8,2,1
CLM20260403003190,RID41172,extreme_heat,132.6,3,58.5,15.5,1.02,8,-0.79,26,0
CLM20260403003191,RID62004,civic_unrest,59.2,5,8.4,15.1,2.18,5,-0.18,13,0
CLM20260403003192,RID11535,severe_pollution,42.0,7,29.9,27.9,1.53,12,0.68,21,0
CLM20260403003193,RID73418,civic_unrest,0.5,0,3.6,0.4,1.46,29,4.06,8,1
CLM20260403003194,RID34608,severe_pollution,77.0,6,44.7,44.5,2.32,8,-0.48,19,0
CLM20260403003195,RID69258,extreme_heat,45.2,0,19.2,15.2,1.97,11,0.03,25,0
CLM20260403003196,RID69400,civic_unrest,2.5,0,133.9,10.4,0.48,36,2.2,1,1
CLM20260403003197,RID81549,severe_pollution,85.9,0,17.2,24.8,4.25,5,-1.47,11,1
CLM20260403003198,RID25442,civic_unrest,49.7,3,36.8,41.9,0.64,15,1.41,15,0
CLM20260403003199,RID95912,civic_unrest,35.0,3,50.6,24.4,1.63,6,0.37,11,0
CLM20260403003200,RID54204,extreme_heat,32.8,1,31.1,17.4,0.86,6,-0.61,7,0
CLM20260403003201,RID43460,civic_unrest,41.9,3,26.4,20.9,0.49,11,-1.58,7,0
CLM20260403003202,RID73878,severe_pollution,31.8,2,50.0,23.8,1.73,16,-0.57,22,0
CLM20260403003203,RID96933,heavy_rainfall,40.9,4,66.3,29.5,0.03,6,-0.77,9,0
CLM20260403003204,RID97557,civic_unrest,27.0,3,16.3,5.5,0.37,9,-1.13,11,0
CLM20260403003205,RID78035,civic_unrest,103.2,3,31.6,35.1,1.96,11,2.09,14,0
CLM20260403003206,RID18272,civic_unrest,6.8,0,147.6,3.7,17.82,36,4.4,12,1
CLM20260403003207,RID65904,heavy_rainfall,85.0,3,137.4,5.0,1.01,6,1.08,13,0
CLM20260403003208,RID81213,extreme_heat,43.1,1,46.6,15.3,2.78,6,-0.98,22,0
CLM20260403003209,RID22397,extreme_heat,6.8,1,22.6,30.9,0.06,5,0.08,17,0
CLM20260403003210,RID69956,heavy_rainfall,23.7,1,108.6,30.2,0.64,3,1.41,24,0
CLM20260403003211,RID25765,civic_unrest,35.4,3,10.8,24.2,0.74,4,-1.05,11,0
CLM20260403003212,RID26554,civic_unrest,162.6,3,11.8,48.2,1.85,6,-0.19,28,0
CLM20260403003213,RID50243,severe_pollution,103.6,1,58.5,20.4,0.81,10,-2.82,16,0
CLM20260403003214,RID67168,heavy_rainfall,45.7,1,71.1,42.3,0.2,8,-0.17,10,0
CLM20260403003215,RID76155,extreme_heat,6.1,0,9.9,12.4,10.3,34,3.05,3,1
CLM20260403003216,RID62108,extreme_heat,46.6,2,8.5,28.7,0.28,11,-0.24,25,0
CLM20260403003217,RID28574,extreme_heat,128.9,1,47.0,11.4,0.38,12,-1.0,25,0
CLM20260403003218,RID12191,extreme_heat,72.9,1,15.1,47.4,1.72,9,-0.39,25,0
CLM20260403003219,RID56391,extreme_heat,83.0,2,18.7,15.2,0.95,8,-0.04,28,0
CLM20260403003220,RID83778,heavy_rainfall,44.5,4,65.5,41.2,0.87,13,2.44,16,0
CLM20260403003221,RID79881,civic_unrest,126.9,2,11.1,13.0,0.34,9,-0.35,26,0
CLM20260403003222,RID80707,extreme_heat,23.8,1,9.8,38.7,0.41,9,1.27,14,0
CLM20260403003223,RID79582,extreme_heat,77.3,4,30.1,26.3,1.56,10,-1.68,28,0
CLM20260403003224,RID59082,extreme_heat,108.9,1,37.2,15.3,2.33,10,0.2,28,0
CLM20260403003225,RID23125,extreme_heat,74.2,0,35.4,8.0,1.58,10,0.5,8,0
CLM20260403003226,RID93218,extreme_heat,98.3,4,56.9,19.3,0.12,6,0.92,25,0
CLM20260403003227,RID29929,severe_pollution,71.8,4,52.3,46.1,1.48,10,0.1,7,0
CLM20260403003228,RID36502,civic_unrest,73.1,4,51.9,12.0,0.24,6,2.05,13,0
CLM20260403003229,RID16411,severe_pollution,39.5,4,50.8,18.5,0.93,7,0.28,24,0
CLM20260403003230,RID48862,severe_pollution,52.1,2,16.1,15.5,0.82,7,-1.07,17,0
CLM20260403003231,RID78386,severe_pollution,26.1,5,24.6,48.9,1.78,10,-0.74,11,0
CLM20260403003232,RID72461,severe_pollution,7.6,3,34.3,5.9,5.84,15,0.58,23,0
CLM20260403003233,RID52194,extreme_heat,131.3,2,19.3,31.4,2.41,12,1.19,29,0
CLM20260403003234,RID49320,heavy_rainfall,29.4,4,121.3,8.9,2.75,14,1.14,28,0
CLM20260403003235,RID19813,civic_unrest,61.2,4,40.5,16.3,1.18,7,-1.2,22,0
CLM20260403003236,RID82844,civic_unrest,152.9,5,35.5,46.4,1.88,4,-2.0,21,0
CLM20260403003237,RID37361,heavy_rainfall,42.5,2,97.1,60.2,0.94,13,1.46,26,0
CLM20260403003238,RID17762,severe_pollution,127.5,8,9.6,24.7,0.4,6,-1.1,25,0
CLM20260403003239,RID28389,extreme_heat,111.2,6,56.0,15.2,3.96,8,-2.18,16,0
CLM20260403003240,RID73036,extreme_heat,30.8,2,8.4,23.6,0.16,6,-1.87,10,0
CLM20260403003241,RID41780,severe_pollution,46.2,1,15.0,16.2,1.22,10,0.24,21,0
CLM20260403003242,RID30898,severe_pollution,100.6,4,17.3,16.6,0.23,3,-1.46,7,0
CLM20260403003243,RID61249,extreme_heat,20.4,1,8.5,17.7,1.69,10,-1.18,18,0
CLM20260403003244,RID42580,civic_unrest,94.3,4,22.3,75.8,2.28,5,0.19,27,0
CLM20260403003245,RID19244,extreme_heat,34.5,0,14.9,5.4,2.28,5,-0.75,24,0
CLM20260403003246,RID46204,extreme_heat,70.0,2,34.6,15.0,1.35,9,-0.32,20,0
CLM20260403003247,RID62617,heavy_rainfall,48.2,8,21.7,55.8,3.26,7,0.92,27,0
CLM20260403003248,RID86798,extreme_heat,76.8,3,15.3,23.6,2.39,7,-0.36,14,0
CLM20260403003249,RID36978,severe_pollution,20.0,3,39.6,37.0,1.08,3,-0.01,21,0
CLM20260403003250,RID28665,civic_unrest,21.8,7,28.1,20.3,0.39,8,-0.13,26,0
CLM20260403003251,RID52922,heavy_rainfall,34.1,4,122.4,21.0,1.61,4,-0.87,11,0
CLM20260403003252,RID93460,heavy_rainfall,26.8,5,100.6,9.4,0.57,9,-0.35,29,0
CLM20260403003253,RID78238,civic_unrest,37.3,1,44.0,34.1,0.11,11,-0.79,20,0
CLM20260403003254,RID78713,heavy_rainfall,36.6,3,39.8,80.0,2.68,6,-0.44,16,0
CLM20260403003255,RID92384,severe_pollution,32.0,2,33.2,10.4,0.23,8,0.22,10,0
CLM20260403003256,RID40432,severe_pollution,43.5,2,48.2,44.1,0.91,13,1.04,22,0
CLM20260403003257,RID49167,heavy_rainfall,77.5,3,107.3,20.7,0.6,7,-0.33,23,1
CLM20260403003258,RID80943,severe_pollution,20.8,1,54.2,24.7,2.2,10,0.67,15,0
CLM20260403003259,RID30142,heavy_rainfall,58.1,2,64.4,28.1,2.03,8,-0.09,22,0
CLM20260403003260,RID54744,civic_unrest,17.7,2,53.3,19.7,2.3,9,0.51,9,0
CLM20260403003261,RID15370,severe_pollution,39.7,3,34.9,1.0,1.05,9,1.33,28,0
CLM20260403003262,RID43482,heavy_rainfall,60.5,1,50.8,11.1,0.1,10,-1.96,26,1
CLM20260403003263,RID92168,severe_pollution,60.7,2,34.7,34.2,2.21,8,-1.06,18,1
CLM20260403003264,RID65824,extreme_heat,2.3,0,114.9,6.8,12.48,32,3.82,1,1
CLM20260403003265,RID73871,civic_unrest,67.1,3,58.9,31.6,3.48,11,-0.22,28,0
CLM20260403003266,RID39443,heavy_rainfall,69.4,5,143.6,21.4,0.66,14,1.03,28,0
CLM20260403003267,RID21609,civic_unrest,48.1,3,31.3,42.9,2.4,10,0.42,15,0
CLM20260403003268,RID41626,severe_pollution,59.7,1,18.9,43.7,1.05,8,0.97,17,0
CLM20260403003269,RID66685,severe_pollution,26.5,4,57.3,28.6,0.75,10,-0.57,11,0
CLM20260403003270,RID17425,heavy_rainfall,103.3,2,62.8,7.9,1.53,8,-1.12,11,0
CLM20260403003271,RID46726,civic_unrest,95.8,5,11.2,14.8,1.04,10,0.04,14,0
CLM20260403003272,RID42986,civic_unrest,42.7,3,16.2,10.2,0.39,6,0.45,22,0
CLM20260403003273,RID65003,civic_unrest,51.7,3,31.6,46.7,0.55,6,-0.2,27,0
CLM20260403003274,RID56748,heavy_rainfall,35.7,2,137.8,56.7,0.41,10,1.2,18,0
CLM20260403003275,RID11694,heavy_rainfall,71.0,3,135.3,7.8,0.33,8,0.02,16,0
CLM20260403003276,RID73641,extreme_heat,7.0,4,24.2,4.1,1.79,11,-0.32,17,0
CLM20260403003277,RID86779,severe_pollution,48.6,2,42.7,40.1,0.22,6,0.78,14,0
CLM20260403003278,RID39017,severe_pollution,63.8,3,44.2,31.9,1.38,7,-0.4,22,0
CLM20260403003279,RID97245,civic_unrest,66.3,0,54.4,17.6,0.33,11,-1.25,14,0
CLM20260403003280,RID23626,severe_pollution,39.8,7,26.4,49.1,6.18,9,-0.53,24,0
CLM20260403003281,RID83488,severe_pollution,30.0,2,46.5,26.1,0.69,8,0.44,15,1
CLM20260403003282,RID89511,severe_pollution,125.4,2,41.6,10.4,2.33,10,1.08,29,0
CLM20260403003283,RID15518,heavy_rainfall,11.2,1,126.1,44.2,0.73,6,-1.09,12,0
CLM20260403003284,RID87377,heavy_rainfall,16.8,6,70.9,8.2,1.76,7,0.23,9,0
CLM20260403003285,RID85448,heavy_rainfall,91.2,4,132.3,55.0,0.53,6,-0.62,29,0
CLM20260403003286,RID25397,extreme_heat,1.4,1,7.7,8.3,1.04,30,3.6,2,1
CLM20260403003287,RID57277,severe_pollution,46.3,4,22.3,16.0,0.26,7,1.31,16,0
CLM20260403003288,RID61608,heavy_rainfall,54.9,2,140.2,31.1,0.22,12,-1.14,13,0
CLM20260403003289,RID55521,severe_pollution,196.2,5,38.7,36.1,0.4,9,0.05,20,0
CLM20260403003290,RID70390,heavy_rainfall,40.6,4,38.2,2.9,0.06,12,0.8,14,0
CLM20260403003291,RID62257,severe_pollution,113.3,4,19.7,29.5,0.99,10,-0.89,13,0
CLM20260403003292,RID97696,heavy_rainfall,82.4,3,38.4,6.7,1.84,8,0.32,24,0
CLM20260403003293,RID38316,extreme_heat,91.6,1,33.5,8.2,4.41,13,-0.24,12,0
CLM20260403003294,RID13164,civic_unrest,37.8,3,55.3,20.4,0.28,7,1.59,7,0
CLM20260403003295,RID22950,civic_unrest,62.9,1,20.8,32.7,0.44,2,0.69,23,0
CLM20260403003296,RID64020,heavy_rainfall,13.9,3,67.1,22.3,0.38,7,-0.41,10,0
CLM20260403003297,RID69850,civic_unrest,2.9,5,8.1,19.2,0.0,7,0.86,7,0
CLM20260403003298,RID57000,civic_unrest,40.5,5,14.8,55.9,0.91,9,-1.69,24,0
CLM20260403003299,RID56186,extreme_heat,60.4,4,38.4,23.3,3.68,9,0.89,12,0
CLM20260403003300,RID46258,severe_pollution,24.1,3,53.3,2.5,1.4,4,1.16,18,0
CLM20260403003301,RID16265,civic_unrest,23.3,0,12.9,18.1,0.56,5,-0.36,29,0
CLM20260403003302,RID70057,civic_unrest,52.0,2,10.6,45.4,0.68,7,-1.76,22,0
CLM20260403003303,RID31049,extreme_heat,69.0,2,20.9,80.0,1.19,6,-0.83,25,0
CLM20260403003304,RID83200,civic_unrest,4.4,0,3.1,14.9,14.58,37,2.34,2,1
CLM20260403003305,RID62601,civic_unrest,76.2,2,56.6,13.1,4.86,9,-0.05,16,0
CLM20260403003306,RID32551,severe_pollution,35.2,1,17.6,19.4,0.21,8,0.57,25,0
CLM20260403003307,RID21648,civic_unrest,92.3,0,54.7,47.8,0.28,7,-0.02,15,0
CLM20260403003308,RID56111,extreme_heat,17.1,3,46.9,58.2,1.27,8,-2.11,24,0
CLM20260403003309,RID51488,civic_unrest,79.0,2,11.3,18.2,2.42,10,-1.93,16,0
CLM20260403003310,RID23277,heavy_rainfall,30.3,4,52.7,40.5,5.59,8,0.09,19,0
CLM20260403003311,RID93814,severe_pollution,66.4,2,39.9,23.2,1.4,11,0.85,7,0
CLM20260403003312,RID51015,severe_pollution,85.3,3,48.1,15.1,0.24,11,-0.82,15,0
CLM20260403003313,RID93817,extreme_heat,11.6,3,47.8,80.0,0.49,13,-1.74,21,0
CLM20260403003314,RID60160,extreme_heat,43.2,1,48.0,28.9,0.5,9,1.37,28,0
CLM20260403003315,RID44692,severe_pollution,66.4,2,32.0,15.0,7.26,16,-1.99,18,0
CLM20260403003316,RID55953,civic_unrest,141.6,3,31.6,16.0,0.51,11,0.91,9,0
CLM20260403003317,RID67379,civic_unrest,59.8,3,17.5,3.6,5.88,5,-1.79,15,0
CLM20260403003318,RID30868,extreme_heat,55.2,3,55.8,75.9,2.4,6,0.1,25,0
CLM20260403003319,RID52304,heavy_rainfall,83.2,2,124.4,19.2,3.12,4,0.05,12,0
CLM20260403003320,RID24611,extreme_heat,103.0,4,22.3,40.7,0.08,7,0.53,8,0
CLM20260403003321,RID86263,civic_unrest,10.1,1,8.0,34.7,1.65,3,-2.45,24,1
CLM20260403003322,RID76338,civic_unrest,121.4,3,20.6,32.4,2.57,8,-0.5,27,0
CLM20260403003323,RID83389,extreme_heat,10.5,2,22.6,30.1,4.41,6,0.48,9,0
CLM20260403003324,RID62162,heavy_rainfall,82.0,10,89.0,32.7,0.29,4,-1.09,25,0
CLM20260403003325,RID36033,heavy_rainfall,16.2,1,52.2,14.4,1.95,8,-1.19,14,0
CLM20260403003326,RID21867,severe_pollution,8.3,5,49.3,33.6,0.98,10,-1.46,20,0
CLM20260403003327,RID44520,extreme_heat,25.9,0,7.8,2.3,8.27,30,3.77,2,1
CLM20260403003328,RID54585,civic_unrest,47.0,1,54.0,34.2,1.78,7,2.68,7,0
CLM20260403003329,RID62003,extreme_heat,50.6,4,52.8,26.7,2.13,4,-2.22,24,0
CLM20260403003330,RID60494,heavy_rainfall,7.5,0,6.6,3.5,19.73,37,3.78,12,1
CLM20260403003331,RID48523,heavy_rainfall,34.6,3,25.7,71.9,0.65,10,-0.99,14,0
CLM20260403003332,RID52445,extreme_heat,12.8,4,39.5,25.1,1.29,9,-0.82,28,0
CLM20260403003333,RID68004,heavy_rainfall,23.4,0,103.8,6.0,12.41,41,2.25,1,1
CLM20260403003334,RID42231,extreme_heat,59.7,1,20.3,46.8,8.37,4,1.37,27,0
CLM20260403003335,RID97493,civic_unrest,18.8,1,39.9,46.7,1.24,7,-0.9,7,0
CLM20260403003336,RID13454,severe_pollution,26.8,2,23.9,35.2,2.86,9,-1.1,12,0
CLM20260403003337,RID39421,extreme_heat,59.1,5,34.3,24.0,0.01,5,0.3,7,0
CLM20260403003338,RID42158,extreme_heat,59.0,3,44.6,23.5,2.43,7,0.94,18,0
CLM20260403003339,RID67718,extreme_heat,104.5,2,23.1,21.6,3.52,6,0.54,16,0
CLM20260403003340,RID29054,heavy_rainfall,2.1,1,34.3,19.7,2.07,6,0.07,18,1
CLM20260403003341,RID48901,extreme_heat,18.8,6,30.4,54.5,0.15,5,-0.58,27,0
CLM20260403003342,RID12722,severe_pollution,5.1,0,9.5,9.6,9.14,23,3.53,3,1
CLM20260403003343,RID67534,severe_pollution,39.7,7,23.3,16.0,1.17,7,1.35,27,0
CLM20260403003344,RID82918,extreme_heat,86.8,3,21.8,24.2,1.78,9,1.48,26,0
CLM20260403003345,RID64044,extreme_heat,92.5,5,57.0,2.8,2.79,10,0.19,18,0
CLM20260403003346,RID77970,severe_pollution,70.2,4,39.4,47.4,1.75,7,-2.11,21,0
CLM20260403003347,RID92215,severe_pollution,16.0,2,37.7,34.1,0.76,11,0.72,9,0
CLM20260403003348,RID44274,civic_unrest,12.5,2,43.9,22.5,0.46,10,0.95,22,0
CLM20260403003349,RID44544,severe_pollution,42.7,3,31.2,57.2,2.91,9,-1.76,22,0
CLM20260403003350,RID58526,civic_unrest,114.8,0,11.4,27.6,5.55,10,-0.69,20,0
CLM20260403003351,RID40763,civic_unrest,66.6,1,8.2,80.0,1.97,11,-0.27,23,0
CLM20260403003352,RID80827,civic_unrest,129.8,4,33.4,27.3,0.53,12,0.88,9,0
CLM20260403003353,RID20097,extreme_heat,36.3,3,59.0,30.3,2.03,6,0.2,17,0
CLM20260403003354,RID52160,extreme_heat,23.9,1,90.0,8.8,19.35,38,3.85,1,1
CLM20260403003355,RID80552,extreme_heat,7.9,3,29.5,29.4,1.96,10,-0.08,26,0
CLM20260403003356,RID22664,severe_pollution,81.1,5,44.2,34.4,0.27,9,-3.38,23,0
CLM20260403003357,RID80170,civic_unrest,0.5,0,72.9,7.1,1.61,43,3.39,3,1
CLM20260403003358,RID23737,extreme_heat,131.2,4,50.8,32.9,0.3,4,2.27,19,0
CLM20260403003359,RID55657,extreme_heat,6.3,3,18.7,12.5,0.27,7,2.17,28,0
CLM20260403003360,RID70986,civic_unrest,7.3,0,8.3,4.9,18.3,38,3.77,3,1
CLM20260403003361,RID85269,heavy_rainfall,80.0,1,44.6,45.6,0.13,13,-0.73,20,0
CLM20260403003362,RID70324,severe_pollution,46.7,3,36.8,25.4,0.52,10,-1.05,27,0
CLM20260403003363,RID75160,severe_pollution,15.4,2,55.8,9.1,1.66,9,-2.78,29,0
CLM20260403003364,RID18474,extreme_heat,33.4,1,14.7,14.3,0.36,9,0.06,11,0
CLM20260403003365,RID12898,severe_pollution,187.2,3,8.3,12.5,0.76,11,2.67,18,0
CLM20260403003366,RID83268,heavy_rainfall,3.6,0,8.6,13.4,12.64,37,2.94,1,1
CLM20260403003367,RID55561,severe_pollution,91.4,3,44.5,45.5,1.71,13,1.48,18,0
CLM20260403003368,RID29382,heavy_rainfall,41.9,4,142.5,64.8,1.54,6,-0.57,27,0
CLM20260403003369,RID99392,civic_unrest,19.0,3,44.7,12.9,1.61,7,1.36,17,0
CLM20260403003370,RID18573,civic_unrest,25.6,3,59.1,25.0,0.28,7,0.56,17,0
CLM20260403003371,RID84678,civic_unrest,0.5,0,9.4,10.1,19.16,37,2.95,2,1
CLM20260403003372,RID13614,severe_pollution,19.0,3,8.7,20.5,2.18,7,-2.46,21,0
CLM20260403003373,RID66469,extreme_heat,4.6,1,6.7,12.5,15.95,36,3.79,3,1
CLM20260403003374,RID61936,extreme_heat,9.7,0,48.5,57.9,1.27,5,2.01,10,0
CLM20260403003375,RID96743,severe_pollution,65.1,4,53.3,24.9,2.01,6,0.17,19,0
CLM20260403003376,RID50609,civic_unrest,76.6,1,12.4,12.7,0.86,5,-0.64,25,0
CLM20260403003377,RID53323,extreme_heat,47.2,2,15.8,24.9,0.34,5,0.02,12,0
CLM20260403003378,RID84692,severe_pollution,39.2,4,59.7,12.3,0.16,17,0.31,13,0
CLM20260403003379,RID28904,civic_unrest,80.1,4,12.3,21.4,1.42,7,1.13,26,0
CLM20260403003380,RID10888,heavy_rainfall,13.4,7,113.2,33.2,0.41,8,-2.54,17,0
CLM20260403003381,RID56969,heavy_rainfall,25.3,1,95.7,29.1,1.35,5,-0.91,28,0
CLM20260403003382,RID19307,heavy_rainfall,29.5,7,49.1,27.4,0.36,6,-0.04,15,0
CLM20260403003383,RID79438,severe_pollution,43.7,3,9.3,13.8,1.97,7,-1.44,17,0
CLM20260403003384,RID31129,extreme_heat,85.9,4,30.1,15.3,1.97,12,-2.57,11,0
CLM20260403003385,RID42610,extreme_heat,28.0,3,44.0,24.8,1.44,6,0.59,14,0
CLM20260403003386,RID33755,heavy_rainfall,29.2,2,147.8,8.7,0.51,5,0.31,13,0
CLM20260403003387,RID95119,severe_pollution,76.7,1,21.9,31.1,0.24,9,0.0,27,0
CLM20260403003388,RID25663,civic_unrest,22.1,1,28.9,59.7,0.88,5,-0.83,25,1
CLM20260403003389,RID21679,heavy_rainfall,87.4,1,125.6,67.1,1.24,9,-0.12,10,0
CLM20260403003390,RID62894,severe_pollution,66.2,4,13.8,42.5,7.15,8,1.39,26,0
CLM20260403003391,RID63421,severe_pollution,7.4,6,24.7,19.2,0.72,11,0.52,14,0
CLM20260403003392,RID72181,extreme_heat,119.6,2,10.8,11.9,0.05,7,-0.73,27,0
CLM20260403003393,RID54996,extreme_heat,26.7,4,58.2,7.9,0.3,10,-0.87,10,0
CLM20260403003394,RID22564,civic_unrest,50.5,2,52.6,49.9,0.5,3,1.37,27,0
CLM20260403003395,RID56551,extreme_heat,2.7,0,6.1,9.6,11.99,38,2.88,3,1
CLM20260403003396,RID66408,civic_unrest,16.4,3,29.4,13.2,1.46,12,-1.65,11,0
CLM20260403003397,RID75494,heavy_rainfall,202.8,1,87.1,27.1,0.64,8,1.22,13,0
CLM20260403003398,RID34191,civic_unrest,43.5,9,53.8,24.3,1.51,12,0.39,22,0
CLM20260403003399,RID62615,extreme_heat,9.4,1,16.5,22.0,0.29,3,0.45,12,0
CLM20260403003400,RID39706,civic_unrest,142.3,2,43.9,8.1,0.33,12,-0.92,22,0
CLM20260403003401,RID94833,heavy_rainfall,55.2,1,48.0,28.2,1.3,12,-1.19,22,0
CLM20260403003402,RID54527,severe_pollution,192.2,2,17.7,11.9,0.51,3,2.33,29,0
CLM20260403003403,RID22324,civic_unrest,14.9,4,17.6,41.0,4.04,10,-0.28,25,0
CLM20260403003404,RID12673,heavy_rainfall,8.2,0,8.9,4.0,7.74,28,3.46,1,1
CLM20260403003405,RID83023,heavy_rainfall,57.5,8,134.8,9.9,1.51,11,-1.99,29,0
CLM20260403003406,RID99484,civic_unrest,15.8,4,57.7,4.1,1.24,9,-0.23,11,0
CLM20260403003407,RID22516,extreme_heat,50.5,3,11.7,24.8,2.16,7,0.82,14,0
CLM20260403003408,RID10226,heavy_rainfall,8.4,3,106.1,57.9,2.1,4,-0.56,28,0
CLM20260403003409,RID10610,civic_unrest,48.5,3,24.9,33.9,1.6,2,-1.73,13,0
CLM20260403003410,RID60430,civic_unrest,23.1,3,10.2,34.7,0.01,6,-0.8,11,0
CLM20260403003411,RID13624,civic_unrest,57.0,1,14.7,13.1,0.72,7,-0.6,22,0
CLM20260403003412,RID19094,extreme_heat,86.7,4,46.1,15.3,1.55,7,0.24,29,0
CLM20260403003413,RID34704,severe_pollution,46.0,2,41.9,14.0,1.38,13,-0.26,19,0
CLM20260403003414,RID33827,extreme_heat,50.8,1,53.7,22.8,2.47,7,0.3,13,0
CLM20260403003415,RID55252,heavy_rainfall,5.0,0,4.1,0.6,9.05,34,2.91,4,1
CLM20260403003416,RID99545,extreme_heat,100.3,5,40.7,41.2,3.35,8,0.16,11,0
CLM20260403003417,RID88606,civic_unrest,72.6,5,42.8,20.2,1.79,2,0.42,17,0
CLM20260403003418,RID85233,extreme_heat,4.2,4,13.3,20.5,0.09,8,0.97,16,0
CLM20260403003419,RID67763,extreme_heat,75.3,3,12.1,6.7,0.16,4,0.47,14,0
CLM20260403003420,RID76496,extreme_heat,59.8,5,41.1,63.1,0.83,8,-1.99,21,0
CLM20260403003421,RID68340,heavy_rainfall,60.5,0,49.1,25.0,1.75,7,1.07,26,0
CLM20260403003422,RID91537,heavy_rainfall,4.6,0,63.0,10.3,1.7,24,3.42,1,1
CLM20260403003423,RID80462,heavy_rainfall,67.0,3,52.2,26.4,0.85,10,-0.71,11,0
CLM20260403003424,RID50850,civic_unrest,46.2,2,59.2,41.9,0.28,7,1.12,17,0
CLM20260403003425,RID24126,civic_unrest,108.6,2,54.3,11.4,1.84,10,0.3,10,0
CLM20260403003426,RID99526,extreme_heat,3.0,1,185.6,3.7,13.14,43,1.99,1,1
CLM20260403003427,RID87346,extreme_heat,2.8,0,3.7,0.6,17.76,32,2.27,3,1
CLM20260403003428,RID23070,severe_pollution,91.0,6,26.6,33.0,3.03,2,0.84,27,0
CLM20260403003429,RID35317,extreme_heat,91.5,2,19.6,27.1,1.87,5,0.2,8,0
CLM20260403003430,RID90372,civic_unrest,123.4,5,31.7,66.4,1.34,6,0.57,18,0
CLM20260403003431,RID69594,severe_pollution,66.1,6,34.7,19.3,1.64,5,1.06,17,0
CLM20260403003432,RID68711,heavy_rainfall,1.5,0,8.2,9.4,6.72,41,3.86,4,1
CLM20260403003433,RID97648,heavy_rainfall,22.8,2,131.5,67.7,0.74,5,-0.86,10,0
CLM20260403003434,RID54347,extreme_heat,107.1,2,37.8,74.0,0.25,3,-0.77,9,0
CLM20260403003435,RID57932,extreme_heat,92.8,1,40.0,80.0,1.03,7,-1.22,8,0
CLM20260403003436,RID41385,severe_pollution,51.1,2,53.0,19.8,0.02,6,1.03,25,1
CLM20260403003437,RID34686,severe_pollution,106.0,3,9.8,32.5,1.04,8,0.47,28,0
CLM20260403003438,RID15451,civic_unrest,52.7,7,25.2,14.6,0.6,5,1.12,22,0
CLM20260403003439,RID17683,severe_pollution,106.0,2,58.6,8.7,2.19,6,2.08,21,0
CLM20260403003440,RID96462,heavy_rainfall,177.6,4,29.2,80.0,0.6,6,-1.26,18,0
CLM20260403003441,RID78136,heavy_rainfall,111.9,4,59.8,80.0,0.62,8,0.88,21,0
CLM20260403003442,RID96967,civic_unrest,47.0,4,46.7,9.9,0.19,13,0.44,9,1
CLM20260403003443,RID79119,severe_pollution,33.5,2,11.4,40.3,2.11,4,-0.42,20,0
CLM20260403003444,RID81615,extreme_heat,30.7,2,10.2,39.1,0.02,7,1.33,14,0
CLM20260403003445,RID47035,civic_unrest,78.0,3,20.7,14.6,1.35,4,2.41,22,0
CLM20260403003446,RID27757,severe_pollution,126.8,3,32.2,33.1,0.82,9,-0.77,10,0
CLM20260403003447,RID35957,civic_unrest,2.4,0,152.1,6.7,0.29,33,2.13,2,1
CLM20260403003448,RID92095,severe_pollution,5.6,0,55.3,14.8,1.22,44,3.29,1,0
CLM20260403003449,RID62984,severe_pollution,25.2,1,49.4,6.1,0.39,5,0.66,24,1
CLM20260403003450,RID59422,heavy_rainfall,12.1,3,44.2,23.3,0.44,6,0.08,29,0
CLM20260403003451,RID74286,heavy_rainfall,15.9,7,74.2,79.7,4.01,3,0.38,21,0
CLM20260403003452,RID74387,heavy_rainfall,40.1,4,129.1,55.1,0.49,6,0.85,26,0
CLM20260403003453,RID52141,severe_pollution,46.4,3,56.1,69.4,4.35,13,1.3,19,0
CLM20260403003454,RID89909,severe_pollution,9.0,4,16.4,61.4,2.66,4,-0.14,7,0
CLM20260403003455,RID50094,severe_pollution,77.3,3,24.5,6.4,2.89,7,-2.06,11,0
CLM20260403003456,RID47643,heavy_rainfall,33.4,2,128.7,15.5,0.68,8,-1.44,7,0
CLM20260403003457,RID79147,heavy_rainfall,14.4,0,7.4,6.7,17.14,35,4.07,1,1
CLM20260403003458,RID34651,heavy_rainfall,18.3,6,79.1,80.0,0.65,5,0.22,8,0
CLM20260403003459,RID50254,extreme_heat,30.9,1,18.3,9.5,1.67,7,-0.65,26,1
CLM20260403003460,RID94008,civic_unrest,20.8,1,11.5,7.5,0.22,4,-1.04,21,0
CLM20260403003461,RID16285,heavy_rainfall,90.2,3,92.1,23.0,0.15,11,1.83,29,0
CLM20260403003462,RID16187,civic_unrest,6.9,2,58.0,8.3,0.03,6,-2.94,14,0
CLM20260403003463,RID60449,extreme_heat,0.5,0,6.7,3.2,1.38,45,3.01,2,1
CLM20260403003464,RID56106,heavy_rainfall,4.3,0,60.0,13.0,10.26,41,3.82,1,1
CLM20260403003465,RID99674,severe_pollution,19.0,4,13.7,39.2,0.77,8,-1.63,23,0
CLM20260403003466,RID76633,extreme_heat,1.4,0,2.4,0.4,11.12,34,3.71,12,1
CLM20260403003467,RID76682,civic_unrest,84.2,1,50.0,13.8,2.74,12,2.41,18,0
CLM20260403003468,RID99277,heavy_rainfall,96.3,3,29.3,18.4,1.71,8,2.21,21,0
CLM20260403003469,RID38114,heavy_rainfall,229.1,0,22.1,74.1,0.59,7,0.91,16,0
CLM20260403003470,RID69930,extreme_heat,7.3,3,20.0,15.9,2.49,7,-0.62,13,0
CLM20260403003471,RID39041,civic_unrest,81.4,1,8.9,26.6,0.65,9,-1.86,11,0
CLM20260403003472,RID19563,extreme_heat,29.3,0,38.1,46.1,1.15,9,-0.62,16,1
CLM20260403003473,RID74916,extreme_heat,2.8,0,181.0,4.2,15.96,30,2.61,8,1
CLM20260403003474,RID84861,heavy_rainfall,103.4,2,115.3,30.7,0.74,7,-0.54,21,0
CLM20260403003475,RID15928,severe_pollution,89.6,1,45.9,26.5,2.17,8,1.15,25,0
CLM20260403003476,RID37004,heavy_rainfall,64.2,0,30.6,36.4,1.53,7,-1.06,16,0
CLM20260403003477,RID48068,heavy_rainfall,47.6,0,104.1,14.1,0.98,4,-0.99,9,0
CLM20260403003478,RID41508,civic_unrest,18.4,0,36.7,22.5,1.77,7,-0.65,29,0
CLM20260403003479,RID33207,severe_pollution,94.5,4,52.8,26.4,1.47,10,-1.13,20,0
CLM20260403003480,RID39933,civic_unrest,46.4,2,34.5,19.2,0.45,10,0.26,11,0
CLM20260403003481,RID62685,heavy_rainfall,31.1,7,131.4,52.3,6.45,14,0.1,16,0
CLM20260403003482,RID30437,extreme_heat,141.1,2,49.4,16.9,1.51,6,4.05,19,0
CLM20260403003483,RID88479,extreme_heat,60.4,4,42.4,24.8,0.8,9,1.49,10,0
CLM20260403003484,RID91495,civic_unrest,4.5,0,5.9,8.6,11.47,29,3.24,2,1
CLM20260403003485,RID65422,civic_unrest,66.4,1,22.2,13.9,1.37,7,-0.17,13,0
CLM20260403003486,RID36853,civic_unrest,87.2,3,18.6,12.7,3.08,9,0.87,18,0
CLM20260403003487,RID63635,heavy_rainfall,36.3,4,95.6,16.1,0.7,7,-0.29,23,0
CLM20260403003488,RID64511,severe_pollution,29.0,2,49.1,50.4,0.13,7,-0.07,24,0
CLM20260403003489,RID59431,civic_unrest,0.5,1,4.6,6.1,11.28,36,3.52,2,1
CLM20260403003490,RID34837,severe_pollution,41.3,2,40.5,17.7,4.37,9,-0.6,27,0
CLM20260403003491,RID43216,heavy_rainfall,25.7,0,46.9,19.6,0.29,5,0.53,14,0
CLM20260403003492,RID92121,severe_pollution,22.1,0,48.6,17.5,1.82,10,1.36,11,0
CLM20260403003493,RID15478,severe_pollution,66.6,7,8.4,36.0,0.77,5,-0.24,14,1
CLM20260403003494,RID26893,extreme_heat,19.5,5,55.6,44.5,4.32,6,2.47,14,0
CLM20260403003495,RID19243,heavy_rainfall,53.6,4,66.4,12.1,0.81,5,-0.21,10,0
CLM20260403003496,RID25109,extreme_heat,67.4,1,17.7,15.0,3.66,8,-0.08,20,0
CLM20260403003497,RID74033,heavy_rainfall,52.4,2,41.8,46.7,3.09,10,0.45,11,0
CLM20260403003498,RID34033,civic_unrest,54.5,6,56.1,28.9,3.25,10,0.43,10,0
CLM20260403003499,RID31937,civic_unrest,4.2,0,50.2,2.9,10.25,39,4.18,2,1
CLM20260403003500,RID99247,severe_pollution,24.4,3,10.9,29.4,3.49,9,1.58,7,0
CLM20260403003501,RID47330,civic_unrest,63.6,2,42.3,14.8,0.93,7,2.27,17,0
CLM20260403003502,RID47316,civic_unrest,42.1,2,23.4,20.2,0.66,5,0.2,23,0
CLM20260403003503,RID24220,heavy_rainfall,27.9,0,103.0,37.4,1.0,7,-0.19,28,0
CLM20260403003504,RID61761,extreme_heat,23.5,3,55.3,34.2,8.38,10,-0.71,14,0
CLM20260403003505,RID21338,severe_pollution,8.9,0,169.8,3.3,12.57,30,4.1,3,1
CLM20260403003506,RID36317,extreme_heat,87.4,2,45.8,45.8,0.56,8,1.04,18,0
CLM20260403003507,RID77924,heavy_rainfall,24.4,4,93.6,26.5,1.25,10,0.15,10,0
CLM20260403003508,RID71467,severe_pollution,49.7,2,23.2,9.7,1.32,10,-0.87,14,0
CLM20260403003509,RID24331,heavy_rainfall,24.0,0,90.0,29.0,0.9,9,1.7,22,0
CLM20260403003510,RID39968,heavy_rainfall,39.3,1,51.8,12.7,4.44,7,2.47,25,0
CLM20260403003511,RID60864,extreme_heat,34.1,1,55.0,21.4,1.43,7,-2.06,21,0
CLM20260403003512,RID20958,heavy_rainfall,3.5,4,33.1,13.8,1.99,5,0.95,20,0
CLM20260403003513,RID41686,severe_pollution,100.6,7,9.1,19.0,0.05,8,-0.85,20,0
CLM20260403003514,RID90651,civic_unrest,64.8,4,39.4,80.0,0.35,9,-2.1,15,0
CLM20260403003515,RID67423,extreme_heat,40.9,5,27.5,29.8,0.98,7,2.13,10,0
CLM20260403003516,RID67936,heavy_rainfall,6.4,1,38.5,35.6,2.14,5,-1.37,18,0
CLM20260403003517,RID96884,extreme_heat,30.1,4,34.4,40.4,6.69,9,-0.97,28,0
CLM20260403003518,RID37581,civic_unrest,29.4,3,32.2,27.3,0.46,7,0.29,14,1
CLM20260403003519,RID15735,heavy_rainfall,0.5,0,70.8,3.9,8.46,32,3.65,2,1
CLM20260403003520,RID30016,civic_unrest,3.1,0,7.4,12.3,19.24,38,4.07,1,1
CLM20260403003521,RID42873,extreme_heat,33.2,4,9.6,22.5,0.46,12,0.55,25,0
CLM20260403003522,RID55890,severe_pollution,58.0,8,19.6,44.9,0.28,5,1.81,29,0
CLM20260403003523,RID36299,heavy_rainfall,15.9,4,63.7,57.8,0.77,2,1.01,28,0
CLM20260403003524,RID61290,severe_pollution,10.9,0,7.4,10.9,0.41,37,1.58,3,1
CLM20260403003525,RID30066,civic_unrest,50.3,6,8.7,29.8,0.52,9,2.27,11,0
CLM20260403003526,RID76269,heavy_rainfall,52.5,1,28.0,8.8,0.34,9,0.64,21,0
CLM20260403003527,RID39522,extreme_heat,115.7,3,23.8,25.5,0.18,10,1.78,28,0
CLM20260403003528,RID92210,extreme_heat,2.1,0,190.0,9.8,6.62,39,3.66,4,1
CLM20260403003529,RID54025,severe_pollution,61.5,0,15.8,24.9,2.24,6,0.89,21,0
CLM20260403003530,RID13317,severe_pollution,46.8,10,28.8,5.4,0.83,4,2.68,13,0
CLM20260403003531,RID19094,extreme_heat,104.8,3,16.8,27.7,2.36,4,2.24,9,0
CLM20260403003532,RID88860,civic_unrest,1.0,0,124.5,0.3,6.12,26,3.71,3,1
CLM20260403003533,RID82987,extreme_heat,47.3,3,29.5,12.1,2.61,6,-1.57,10,0
CLM20260403003534,RID28790,civic_unrest,82.4,3,53.6,10.8,0.05,13,0.53,8,1
CLM20260403003535,RID17433,heavy_rainfall,109.9,3,139.5,41.2,0.19,12,-1.46,22,0
CLM20260403003536,RID99753,heavy_rainfall,51.1,1,141.0,11.1,6.13,7,0.56,19,1
CLM20260403003537,RID63729,heavy_rainfall,52.2,1,27.3,28.1,1.17,8,-1.03,18,0
CLM20260403003538,RID91079,extreme_heat,19.6,4,19.4,25.9,2.01,6,-0.65,29,0
CLM20260403003539,RID52160,civic_unrest,0.5,0,2.2,2.1,13.94,33,2.02,1,0
CLM20260403003540,RID15037,extreme_heat,163.0,1,53.5,24.7,2.99,6,-1.77,19,0
CLM20260403003541,RID23604,extreme_heat,69.0,3,8.7,37.5,0.32,6,2.61,22,0
CLM20260403003542,RID10773,severe_pollution,27.5,3,38.9,22.1,1.92,8,0.75,10,0
CLM20260403003543,RID10448,heavy_rainfall,55.7,1,55.4,36.1,0.67,12,0.22,8,0
CLM20260403003544,RID60793,heavy_rainfall,65.1,3,115.6,58.2,3.2,7,-0.8,21,0
CLM20260403003545,RID39428,heavy_rainfall,69.1,0,149.2,8.5,0.57,8,-0.52,19,0
CLM20260403003546,RID83877,heavy_rainfall,110.5,4,132.8,46.3,0.31,5,2.14,27,0
CLM20260403003547,RID12594,severe_pollution,56.1,4,10.8,66.8,1.05,11,-2.03,14,0
CLM20260403003548,RID84906,severe_pollution,62.6,0,28.6,41.0,0.55,11,-0.45,10,1
CLM20260403003549,RID47023,severe_pollution,143.9,6,49.6,17.3,0.7,6,1.18,27,1
CLM20260403003550,RID68939,extreme_heat,61.1,3,32.6,5.7,2.94,14,-2.14,24,0
CLM20260403003551,RID99506,severe_pollution,38.1,3,51.2,29.5,2.33,9,1.09,24,0
CLM20260403003552,RID90295,civic_unrest,15.1,3,47.2,26.6,1.57,5,0.15,11,0
CLM20260403003553,RID55239,severe_pollution,6.4,0,9.5,7.1,8.52,33,2.19,3,1
CLM20260403003554,RID72800,extreme_heat,3.6,2,41.6,10.5,2.21,8,0.72,28,0
CLM20260403003555,RID69535,civic_unrest,20.0,3,12.0,80.0,1.01,7,-0.72,17,0
CLM20260403003556,RID39339,extreme_heat,0.8,0,5.5,14.6,0.14,30,2.96,1,1
CLM20260403003557,RID47599,extreme_heat,48.6,1,12.6,24.0,0.71,17,0.3,11,0
CLM20260403003558,RID60915,civic_unrest,13.6,4,45.2,40.5,3.39,9,1.05,21,0
CLM20260403003559,RID31013,civic_unrest,181.0,1,21.5,40.6,3.29,7,0.1,25,0
CLM20260403003560,RID12744,severe_pollution,64.6,3,42.4,11.8,0.29,13,0.99,13,0
CLM20260403003561,RID49302,extreme_heat,14.6,4,56.8,80.0,0.17,13,-1.05,18,0
CLM20260403003562,RID15577,severe_pollution,40.4,2,44.5,74.5,1.47,5,1.86,21,0
CLM20260403003563,RID63788,extreme_heat,2.0,3,36.4,54.0,0.75,3,2.32,8,0
CLM20260403003564,RID62721,extreme_heat,52.7,2,9.3,4.9,3.25,9,1.64,23,0
CLM20260403003565,RID92116,civic_unrest,50.3,3,20.1,4.8,0.14,4,-1.25,25,0
CLM20260403003566,RID37276,severe_pollution,42.9,5,46.1,80.0,2.47,10,-0.73,26,0
CLM20260403003567,RID65199,severe_pollution,16.1,2,8.6,18.7,0.08,10,-1.53,26,0
CLM20260403003568,RID70369,severe_pollution,45.6,1,30.8,30.5,1.02,10,-1.5,25,0
CLM20260403003569,RID68181,severe_pollution,2.4,0,9.3,3.0,7.72,43,2.53,1,1
CLM20260403003570,RID70754,civic_unrest,50.9,2,46.6,25.3,1.66,9,0.76,28,0
CLM20260403003571,RID54276,civic_unrest,49.4,1,51.0,5.6,1.06,8,-0.68,21,1
CLM20260403003572,RID97211,severe_pollution,61.7,5,38.9,55.8,0.2,7,-0.64,17,0
CLM20260403003573,RID27447,extreme_heat,0.7,0,4.1,8.6,19.83,36,2.54,3,1
CLM20260403003574,RID42244,extreme_heat,46.1,2,38.8,36.0,0.79,9,-0.0,11,1
CLM20260403003575,RID35030,extreme_heat,100.4,4,47.6,17.8,0.27,11,0.55,11,0
CLM20260403003576,RID96419,civic_unrest,108.3,4,31.1,8.8,0.4,10,-3.07,13,0
CLM20260403003577,RID70735,severe_pollution,37.9,2,30.8,17.3,0.41,7,-0.87,19,0
CLM20260403003578,RID59127,civic_unrest,39.0,5,56.5,9.9,2.66,7,1.52,16,1
CLM20260403003579,RID37985,severe_pollution,55.7,3,54.7,53.1,0.02,7,1.11,20,0
CLM20260403003580,RID28524,severe_pollution,89.0,4,12.1,23.9,0.19,12,-0.46,16,0
CLM20260403003581,RID24240,severe_pollution,126.4,2,10.6,44.5,0.05,6,1.2,8,0
CLM20260403003582,RID49363,severe_pollution,50.3,2,44.7,20.5,1.43,10,-0.8,9,0
CLM20260403003583,RID16669,extreme_heat,37.2,5,26.1,33.8,0.25,11,0.34,25,0
CLM20260403003584,RID38465,civic_unrest,38.3,2,45.9,6.7,2.21,9,1.01,17,0
CLM20260403003585,RID82311,extreme_heat,142.4,2,35.7,32.3,0.14,11,1.19,16,0
CLM20260403003586,RID96461,severe_pollution,18.6,3,43.6,4.4,0.31,5,1.41,25,0
CLM20260403003587,RID77829,severe_pollution,52.5,2,17.1,24.6,0.32,5,-0.93,21,0
CLM20260403003588,RID33634,severe_pollution,3.7,0,169.5,7.6,11.58,39,2.12,1,1
CLM20260403003589,RID13124,extreme_heat,6.1,0,3.1,9.9,19.93,43,3.22,1,1
CLM20260403003590,RID60589,extreme_heat,141.3,7,32.0,18.2,1.33,14,-0.87,12,0
CLM20260403003591,RID45824,extreme_heat,48.8,3,52.7,19.2,1.18,7,-1.74,10,0
CLM20260403003592,RID94048,severe_pollution,81.2,1,35.7,7.5,1.99,4,-1.32,29,0
CLM20260403003593,RID85375,extreme_heat,98.4,2,9.6,64.3,0.73,10,1.19,24,0
CLM20260403003594,RID29750,severe_pollution,9.6,2,36.2,71.1,0.65,7,-0.65,24,0
CLM20260403003595,RID51483,severe_pollution,36.9,1,35.7,10.8,0.33,6,-0.46,26,0
CLM20260403003596,RID42204,extreme_heat,30.9,3,14.2,35.9,1.03,12,-0.9,7,0
CLM20260403003597,RID73790,civic_unrest,80.3,3,16.7,39.6,0.2,3,-0.02,9,0
CLM20260403003598,RID90000,heavy_rainfall,140.2,2,109.8,10.5,0.27,11,-1.16,18,0
CLM20260403003599,RID98629,heavy_rainfall,2.5,0,5.2,3.3,12.46,43,1.61,3,1
CLM20260403003600,RID18566,heavy_rainfall,85.1,4,135.4,49.6,0.98,5,-0.36,21,0
CLM20260403003601,RID12813,heavy_rainfall,97.3,5,128.7,3.2,0.16,12,0.91,13,0
CLM20260403003602,RID16914,civic_unrest,198.5,8,28.3,45.1,0.79,11,0.77,18,0
CLM20260403003603,RID21789,civic_unrest,46.1,2,34.5,32.7,1.85,8,0.29,16,1
CLM20260403003604,RID56752,extreme_heat,79.5,4,24.6,21.0,1.6,9,0.08,12,0
CLM20260403003605,RID29739,extreme_heat,55.4,2,32.7,19.0,0.16,13,-0.59,24,0
CLM20260403003606,RID50312,heavy_rainfall,46.2,2,145.8,52.3,3.19,2,-0.7,20,0
CLM20260403003607,RID57571,civic_unrest,195.7,1,19.8,7.0,0.98,9,0.05,28,0
CLM20260403003608,RID86473,severe_pollution,41.7,1,23.4,14.5,1.46,12,0.38,13,0
CLM20260403003609,RID72270,civic_unrest,43.7,7,39.7,5.8,2.7,12,-1.33,7,0
CLM20260403003610,RID32966,civic_unrest,54.1,1,49.2,13.6,0.36,9,-2.14,15,0
CLM20260403003611,RID49746,heavy_rainfall,60.2,2,79.7,36.4,1.73,7,1.73,15,0
CLM20260403003612,RID83647,extreme_heat,33.5,4,46.0,58.1,1.71,6,-0.24,27,0
CLM20260403003613,RID29925,extreme_heat,23.6,3,25.5,11.8,0.49,10,0.82,20,0
CLM20260403003614,RID64419,heavy_rainfall,0.5,0,92.8,3.4,19.95,37,3.05,2,1
CLM20260403003615,RID79770,severe_pollution,82.0,5,31.7,19.3,0.21,15,-1.48,13,0
CLM20260403003616,RID30746,severe_pollution,32.8,2,14.8,48.5,0.78,8,2.5,9,0
CLM20260403003617,RID46861,extreme_heat,115.3,2,39.7,17.6,2.98,9,2.24,24,0
CLM20260403003618,RID24858,extreme_heat,36.7,2,56.5,40.7,3.71,9,0.21,15,0
CLM20260403003619,RID68314,heavy_rainfall,89.7,2,140.4,7.4,2.81,11,-0.23,28,0
CLM20260403003620,RID15161,extreme_heat,24.7,2,41.5,37.2,1.14,6,-1.6,9,0
CLM20260403003621,RID59931,severe_pollution,66.4,2,48.7,24.9,1.2,8,0.94,17,0
CLM20260403003622,RID59724,severe_pollution,11.7,3,58.8,22.0,4.04,9,-1.43,12,0
CLM20260403003623,RID32342,heavy_rainfall,38.2,6,106.2,36.6,1.8,3,0.39,20,0
CLM20260403003624,RID86831,civic_unrest,56.7,3,31.7,37.0,0.81,4,2.7,10,0
CLM20260403003625,RID67794,extreme_heat,18.9,7,51.6,33.8,0.98,4,2.33,8,0
CLM20260403003626,RID68632,heavy_rainfall,96.8,5,99.3,30.7,0.41,6,-0.58,23,0
CLM20260403003627,RID74456,civic_unrest,72.6,1,19.5,4.0,0.36,8,-1.09,8,0
CLM20260403003628,RID54535,heavy_rainfall,41.7,5,40.1,10.2,0.58,8,-0.02,26,0
CLM20260403003629,RID58492,heavy_rainfall,136.8,3,130.0,80.0,0.07,4,1.35,14,0
CLM20260403003630,RID33230,extreme_heat,53.9,2,59.6,52.9,2.64,10,0.0,26,0
CLM20260403003631,RID91793,civic_unrest,0.5,0,186.1,14.5,13.57,28,4.39,2,0
CLM20260403003632,RID98784,severe_pollution,109.9,2,59.1,3.7,0.39,8,0.29,26,0
CLM20260403003633,RID29593,heavy_rainfall,3.8,2,110.5,33.4,0.99,9,-1.42,15,0
CLM20260403003634,RID97674,extreme_heat,55.9,2,25.8,7.3,0.04,6,-0.34,13,0
CLM20260403003635,RID93128,civic_unrest,128.6,3,30.2,7.5,0.03,16,1.26,26,1
CLM20260403003636,RID48318,heavy_rainfall,1.5,1,186.4,3.1,15.51,27,3.92,12,1
CLM20260403003637,RID56492,severe_pollution,89.4,3,38.5,38.5,0.79,9,-0.88,13,0
CLM20260403003638,RID12091,severe_pollution,155.8,1,53.7,28.0,1.53,7,-0.74,16,0
CLM20260403003639,RID32159,civic_unrest,8.3,0,199.6,6.9,18.33,36,1.66,3,1
CLM20260403003640,RID43123,extreme_heat,117.7,3,30.5,35.7,1.97,4,-0.8,25,0
CLM20260403003641,RID77295,civic_unrest,28.6,3,56.2,29.7,0.48,6,-0.79,25,0
CLM20260403003642,RID78214,heavy_rainfall,65.2,0,133.0,14.5,0.36,12,-0.18,17,0
CLM20260403003643,RID74174,civic_unrest,81.1,4,50.4,13.5,0.4,5,-0.04,12,0
CLM20260403003644,RID31873,heavy_rainfall,9.6,1,92.1,10.7,3.26,7,0.25,15,0
CLM20260403003645,RID95118,extreme_heat,28.8,4,43.2,5.5,2.86,8,-2.15,12,0
CLM20260403003646,RID50191,civic_unrest,4.1,3,27.6,30.3,2.3,11,2.02,20,0
CLM20260403003647,RID68842,severe_pollution,74.7,8,19.2,40.8,2.7,7,-0.49,27,0
CLM20260403003648,RID54239,heavy_rainfall,79.4,4,120.5,57.6,3.63,6,-0.07,7,0
CLM20260403003649,RID45761,severe_pollution,206.5,2,22.2,3.2,1.86,10,0.14,19,1
CLM20260403003650,RID96430,heavy_rainfall,13.8,4,33.9,9.1,0.52,9,0.37,23,0
CLM20260403003651,RID53636,heavy_rainfall,14.8,2,69.6,44.5,1.61,11,-0.84,12,0
CLM20260403003652,RID27124,heavy_rainfall,11.1,2,89.5,9.3,1.55,6,0.92,11,0
CLM20260403003653,RID85189,heavy_rainfall,5.4,0,184.5,13.7,14.57,32,3.85,2,1
CLM20260403003654,RID49676,severe_pollution,63.9,1,33.2,14.8,0.02,10,-0.52,14,0
CLM20260403003655,RID36167,severe_pollution,40.1,3,43.2,13.7,0.14,6,0.28,9,0
CLM20260403003656,RID59809,severe_pollution,41.6,4,58.2,32.4,2.0,10,1.23,18,0
CLM20260403003657,RID14716,civic_unrest,148.7,4,18.6,29.9,0.7,9,0.58,9,0
CLM20260403003658,RID59170,civic_unrest,36.7,4,10.9,18.6,0.27,6,-0.51,7,0
CLM20260403003659,RID58076,severe_pollution,2.7,0,7.5,8.3,0.89,30,3.51,1,1
CLM20260403003660,RID63371,civic_unrest,2.2,0,2.7,11.0,1.53,45,3.4,3,1
CLM20260403003661,RID27346,civic_unrest,110.8,0,38.9,15.3,1.53,3,1.62,16,0
CLM20260403003662,RID44286,extreme_heat,133.1,3,29.9,51.1,0.75,9,1.06,19,0
CLM20260403003663,RID74071,civic_unrest,39.6,5,56.1,18.9,1.01,12,-2.78,25,0
CLM20260403003664,RID44953,heavy_rainfall,8.4,2,76.7,29.3,0.18,11,-0.45,26,0
CLM20260403003665,RID68965,heavy_rainfall,5.9,5,129.2,12.7,2.14,3,0.5,28,0
CLM20260403003666,RID97323,civic_unrest,0.6,0,76.4,2.6,16.42,37,3.35,1,1
CLM20260403003667,RID76688,heavy_rainfall,86.1,3,67.9,28.8,0.15,10,-0.31,17,0
CLM20260403003668,RID13015,extreme_heat,168.5,1,37.8,49.8,4.76,6,3.1,7,0
CLM20260403003669,RID24031,extreme_heat,55.3,1,34.7,27.1,1.23,8,2.15,12,0
CLM20260403003670,RID19753,extreme_heat,16.2,3,10.0,50.2,1.97,8,-0.97,13,0
CLM20260403003671,RID58940,heavy_rainfall,80.1,5,134.2,59.5,3.0,9,-1.28,19,0
CLM20260403003672,RID30185,extreme_heat,35.0,6,25.8,38.6,0.81,9,-1.52,28,0
CLM20260403003673,RID21453,heavy_rainfall,35.4,5,129.5,5.4,2.37,7,-1.15,18,0
CLM20260403003674,RID11264,heavy_rainfall,58.1,4,41.3,33.3,0.21,5,-0.04,28,0
CLM20260403003675,RID54713,heavy_rainfall,113.7,4,62.7,7.9,1.66,6,-0.26,23,0
CLM20260403003676,RID30479,severe_pollution,15.2,3,20.3,42.1,3.63,15,-0.51,28,0
CLM20260403003677,RID92706,civic_unrest,52.0,2,23.6,50.3,0.25,12,0.92,10,0
CLM20260403003678,RID97154,heavy_rainfall,93.1,2,66.8,27.3,5.71,8,-1.49,19,0
CLM20260403003679,RID90290,heavy_rainfall,61.2,2,141.1,1.6,3.32,10,-0.24,29,1
CLM20260403003680,RID17361,extreme_heat,33.6,0,15.7,45.4,0.01,9,-0.32,25,0
CLM20260403003681,RID36151,heavy_rainfall,46.8,3,46.9,22.6,1.84,11,-1.0,15,0
CLM20260403003682,RID34323,heavy_rainfall,128.6,4,24.3,8.0,2.87,9,1.36,15,0
CLM20260403003683,RID22004,heavy_rainfall,9.9,0,180.9,10.9,14.8,36,2.69,2,1
CLM20260403003684,RID66750,extreme_heat,28.5,1,43.1,24.4,5.65,13,-0.75,17,0
CLM20260403003685,RID37553,heavy_rainfall,12.8,4,96.3,18.7,0.7,6,0.93,12,0
CLM20260403003686,RID20408,severe_pollution,28.1,4,42.0,31.2,0.07,8,-0.83,9,1
CLM20260403003687,RID51996,extreme_heat,40.8,4,42.9,11.6,0.66,9,0.7,12,0
CLM20260403003688,RID72396,extreme_heat,213.1,5,32.4,44.3,1.13,3,-1.96,9,0
CLM20260403003689,RID74920,extreme_heat,117.3,4,30.0,12.6,0.15,7,-0.96,19,0
CLM20260403003690,RID71500,civic_unrest,88.2,4,42.2,53.7,1.08,7,-0.44,12,0
CLM20260403003691,RID98625,heavy_rainfall,18.8,1,124.4,28.6,1.0,10,-1.33,19,0
CLM20260403003692,RID68001,extreme_heat,81.1,4,39.8,19.1,3.68,6,-0.63,13,0
CLM20260403003693,RID76530,heavy_rainfall,52.3,1,83.7,13.7,6.92,3,2.28,10,0
CLM20260403003694,RID20427,extreme_heat,17.8,0,9.0,1.8,18.47,36,3.82,1,1
CLM20260403003695,RID35915,civic_unrest,51.2,4,28.5,40.3,2.21,9,1.33,13,0
CLM20260403003696,RID28860,extreme_heat,13.2,3,32.8,42.2,0.64,11,-0.03,19,0
CLM20260403003697,RID26254,heavy_rainfall,77.7,3,89.4,80.0,0.85,11,0.04,9,0
CLM20260403003698,RID34667,extreme_heat,49.0,4,17.6,27.6,1.12,11,-0.32,14,0
CLM20260403003699,RID52127,extreme_heat,12.0,1,35.1,26.9,0.05,10,-0.47,9,0
CLM20260403003700,RID31289,severe_pollution,40.9,6,24.7,18.3,3.48,5,2.04,8,0
CLM20260403003701,RID93269,civic_unrest,48.8,1,55.2,63.7,0.57,4,1.88,21,0
CLM20260403003702,RID88846,severe_pollution,59.7,1,14.7,12.2,1.83,5,-0.19,15,0
CLM20260403003703,RID76408,civic_unrest,8.4,1,28.8,80.0,0.97,4,-0.62,17,0
CLM20260403003704,RID38607,severe_pollution,159.0,5,56.4,47.3,1.89,9,-1.14,27,0
CLM20260403003705,RID42892,civic_unrest,175.4,4,57.0,36.3,0.82,8,0.95,24,0
CLM20260403003706,RID41558,heavy_rainfall,127.5,5,105.0,7.0,1.87,10,0.55,12,0
CLM20260403003707,RID95831,civic_unrest,49.7,5,28.8,44.3,2.74,7,-0.23,12,0
CLM20260403003708,RID46890,extreme_heat,2.9,0,2.2,5.9,13.44,37,4.0,5,1
CLM20260403003709,RID18474,heavy_rainfall,63.2,1,37.2,80.0,0.9,9,2.08,11,0
CLM20260403003710,RID18229,severe_pollution,84.9,3,56.1,34.7,0.21,7,0.65,8,0
CLM20260403003711,RID55118,heavy_rainfall,52.3,3,63.6,41.0,1.65,7,-1.08,15,0
CLM20260403003712,RID91244,severe_pollution,21.1,7,33.3,9.9,0.69,6,0.05,10,0
CLM20260403003713,RID20479,severe_pollution,21.2,1,13.3,30.5,0.49,6,-2.5,22,0
CLM20260403003714,RID11572,heavy_rainfall,8.3,0,67.2,9.4,0.14,6,0.02,15,0
CLM20260403003715,RID51733,civic_unrest,10.5,3,21.6,48.7,0.51,9,1.28,7,0
CLM20260403003716,RID99270,heavy_rainfall,207.7,3,106.2,16.3,0.19,7,2.79,16,0
CLM20260403003717,RID84606,civic_unrest,50.8,2,43.4,39.4,0.05,8,2.32,16,0
CLM20260403003718,RID51820,severe_pollution,1.2,0,61.1,7.5,6.99,32,1.5,8,1
CLM20260403003719,RID56938,severe_pollution,31.1,2,25.5,63.3,0.97,16,-0.92,11,0
CLM20260403003720,RID58554,severe_pollution,88.5,5,27.6,8.0,0.16,6,2.5,25,0
CLM20260403003721,RID49353,severe_pollution,1.5,0,152.8,4.2,15.28,40,3.38,2,1
CLM20260403003722,RID51087,extreme_heat,21.8,3,51.8,10.0,1.61,6,1.07,10,0
CLM20260403003723,RID39899,extreme_heat,26.7,1,55.5,12.5,0.01,9,-1.56,18,0
CLM20260403003724,RID15596,civic_unrest,67.2,7,28.9,27.5,0.69,8,0.54,24,0
CLM20260403003725,RID63704,severe_pollution,67.1,3,8.8,7.4,0.04,6,1.01,20,0
CLM20260403003726,RID70508,civic_unrest,46.9,4,31.0,18.7,2.69,6,2.1,24,0
CLM20260403003727,RID62853,severe_pollution,44.9,3,26.4,25.6,1.64,2,-0.28,21,0
CLM20260403003728,RID70868,severe_pollution,2.2,0,173.1,3.2,18.44,28,3.53,4,1
CLM20260403003729,RID30012,extreme_heat,107.0,1,55.8,80.0,1.28,8,0.51,17,0
CLM20260403003730,RID60536,severe_pollution,18.2,3,43.7,18.8,0.84,6,-0.59,27,0
CLM20260403003731,RID13208,extreme_heat,15.3,2,22.9,16.6,7.86,7,0.3,22,0
CLM20260403003732,RID51513,severe_pollution,6.5,0,9.8,10.3,18.77,30,3.91,1,1
CLM20260403003733,RID92862,extreme_heat,69.7,4,39.4,6.4,0.79,9,-2.34,29,0
CLM20260403003734,RID62352,civic_unrest,4.7,3,9.0,20.0,0.11,4,2.23,22,0
CLM20260403003735,RID11828,severe_pollution,71.1,0,48.0,40.8,3.65,4,-1.65,29,0
CLM20260403003736,RID96739,extreme_heat,60.2,6,45.3,77.6,1.52,1,-1.18,29,0
CLM20260403003737,RID29796,extreme_heat,26.0,0,12.6,12.6,0.11,5,0.93,29,0
CLM20260403003738,RID38441,heavy_rainfall,148.0,5,112.1,26.4,2.06,7,0.0,29,0
CLM20260403003739,RID12148,severe_pollution,32.0,3,16.4,33.5,2.51,7,-0.82,28,0
CLM20260403003740,RID71903,extreme_heat,29.2,1,46.0,9.5,4.0,8,0.82,28,0
CLM20260403003741,RID45506,civic_unrest,58.6,1,30.3,4.4,0.58,8,1.7,12,0
CLM20260403003742,RID35920,heavy_rainfall,59.8,4,23.5,39.2,0.89,7,-1.82,7,0
CLM20260403003743,RID75185,severe_pollution,0.9,0,8.3,5.2,7.07,40,2.95,1,1
CLM20260403003744,RID30750,civic_unrest,85.1,3,40.4,22.0,0.87,7,-0.64,19,0
CLM20260403003745,RID82001,civic_unrest,22.1,4,58.8,12.7,0.24,10,0.03,14,0
CLM20260403003746,RID39850,extreme_heat,74.9,3,19.0,9.9,1.25,12,-0.81,15,0
CLM20260403003747,RID73771,severe_pollution,51.3,6,8.3,32.1,0.9,4,1.65,14,0
CLM20260403003748,RID66735,severe_pollution,0.5,0,9.9,13.7,17.84,27,3.19,2,1
CLM20260403003749,RID30948,severe_pollution,16.6,1,40.6,39.7,0.98,8,-1.04,11,0
CLM20260403003750,RID97266,heavy_rainfall,97.1,5,90.5,44.4,0.43,7,0.76,16,0
CLM20260403003751,RID56316,heavy_rainfall,52.0,5,94.9,6.9,0.05,5,0.08,12,0
CLM20260403003752,RID18769,civic_unrest,10.3,1,53.3,45.0,1.53,6,-2.34,9,0
CLM20260403003753,RID72482,civic_unrest,12.3,0,21.1,21.2,0.23,9,0.99,11,0
CLM20260403003754,RID28543,extreme_heat,36.6,3,39.7,26.6,0.02,11,0.53,19,0
CLM20260403003755,RID77995,severe_pollution,20.3,4,36.8,54.2,1.26,8,-1.83,12,0
CLM20260403003756,RID38364,severe_pollution,34.8,2,16.9,37.9,1.54,6,0.34,13,0
CLM20260403003757,RID74291,heavy_rainfall,49.9,4,110.3,12.6,0.14,11,1.0,16,0
CLM20260403003758,RID50371,extreme_heat,11.4,4,27.3,64.6,1.63,8,0.58,28,0
CLM20260403003759,RID54378,civic_unrest,81.5,2,11.0,7.1,1.7,14,-0.89,20,0
CLM20260403003760,RID99660,severe_pollution,32.1,1,13.6,54.7,0.36,7,-0.99,22,0
CLM20260403003761,RID90167,heavy_rainfall,34.8,7,48.7,30.9,0.27,8,1.0,22,0
CLM20260403003762,RID88527,extreme_heat,36.9,2,10.3,33.5,0.17,5,-1.18,15,0
CLM20260403003763,RID79420,civic_unrest,40.2,4,17.8,20.6,1.59,9,-1.65,28,0
CLM20260403003764,RID54708,civic_unrest,53.0,1,34.3,26.9,0.0,8,0.13,24,0
CLM20260403003765,RID26794,civic_unrest,45.4,5,36.5,62.8,1.53,14,-0.9,10,0
CLM20260403003766,RID84098,severe_pollution,11.1,0,119.4,10.4,13.55,37,3.7,3,1
CLM20260403003767,RID18273,heavy_rainfall,65.7,3,95.6,9.2,0.12,10,2.04,10,0
CLM20260403003768,RID68599,civic_unrest,36.9,2,52.0,35.6,0.49,7,-2.22,11,0
CLM20260403003769,RID64657,extreme_heat,77.1,3,32.0,5.4,0.55,8,2.74,8,0
CLM20260403003770,RID37453,civic_unrest,14.6,1,8.9,24.7,2.2,9,0.83,28,0
CLM20260403003771,RID40597,civic_unrest,59.4,5,19.9,37.9,5.62,9,-0.36,10,0
CLM20260403003772,RID93082,severe_pollution,58.6,2,45.7,11.0,2.64,17,1.07,16,0
CLM20260403003773,RID46769,civic_unrest,93.8,5,48.9,24.9,5.79,9,0.64,11,0
CLM20260403003774,RID85657,civic_unrest,110.1,7,37.3,23.3,3.96,3,-0.87,23,0
CLM20260403003775,RID35477,extreme_heat,66.2,4,47.9,42.9,1.02,10,0.84,8,0
CLM20260403003776,RID52183,extreme_heat,41.8,3,18.8,6.4,0.0,8,0.3,11,0
CLM20260403003777,RID87704,extreme_heat,127.6,4,15.4,1.1,0.32,9,0.93,18,0
CLM20260403003778,RID42649,severe_pollution,31.1,1,18.9,28.3,1.97,7,0.2,25,0
CLM20260403003779,RID83832,severe_pollution,154.2,3,16.9,22.1,1.02,9,-1.97,17,0
CLM20260403003780,RID12542,civic_unrest,18.7,3,36.4,29.8,1.1,10,2.56,8,0
CLM20260403003781,RID76972,heavy_rainfall,17.3,3,119.7,6.2,1.05,4,0.72,26,0
CLM20260403003782,RID60350,extreme_heat,62.1,2,8.0,47.7,0.37,3,1.32,19,0
CLM20260403003783,RID91737,civic_unrest,60.8,2,37.6,28.2,1.84,14,-1.73,29,0
CLM20260403003784,RID20657,severe_pollution,240.0,7,30.5,80.0,0.25,7,2.19,22,0
CLM20260403003785,RID70645,civic_unrest,74.5,3,38.3,7.2,4.35,13,0.53,9,0
CLM20260403003786,RID18772,severe_pollution,0.5,0,103.1,6.9,0.76,39,2.86,1,1
CLM20260403003787,RID61062,extreme_heat,107.0,3,47.8,38.3,0.46,12,0.34,28,0
CLM20260403003788,RID46203,extreme_heat,75.1,3,25.1,25.3,0.78,4,-1.56,14,0
CLM20260403003789,RID57681,heavy_rainfall,54.1,0,95.9,21.3,2.27,8,-0.52,17,1
CLM20260403003790,RID72094,extreme_heat,51.3,3,34.5,50.0,0.81,6,-0.65,25,0
CLM20260403003791,RID39272,heavy_rainfall,94.8,3,31.1,29.1,0.68,7,1.61,21,0
CLM20260403003792,RID52888,civic_unrest,86.3,5,56.2,36.9,4.75,9,-0.91,14,0
CLM20260403003793,RID91350,severe_pollution,84.9,3,34.4,33.6,0.31,3,1.87,12,0
CLM20260403003794,RID83646,extreme_heat,74.3,6,43.0,16.6,1.34,9,-0.55,25,0
CLM20260403003795,RID45750,civic_unrest,0.5,0,4.7,8.8,1.81,43,3.12,2,1
CLM20260403003796,RID73530,civic_unrest,80.4,4,21.6,70.5,0.58,8,0.54,19,0
CLM20260403003797,RID89268,extreme_heat,25.4,5,8.1,64.5,2.34,8,0.67,26,0
CLM20260403003798,RID94651,extreme_heat,13.1,1,59.8,52.6,0.45,9,0.58,28,0
CLM20260403003799,RID88326,heavy_rainfall,59.9,2,87.9,8.0,0.53,8,1.08,23,0
CLM20260403003800,RID48747,heavy_rainfall,36.2,3,133.9,52.8,0.76,12,-2.02,26,0
CLM20260403003801,RID35551,civic_unrest,63.4,3,31.6,5.8,1.92,8,1.37,15,0
CLM20260403003802,RID42535,severe_pollution,90.0,2,9.5,1.8,1.91,15,-0.69,27,0
CLM20260403003803,RID65442,heavy_rainfall,119.9,4,101.8,38.3,1.63,4,0.2,23,0
CLM20260403003804,RID49082,civic_unrest,140.2,2,48.4,26.2,1.39,8,-2.1,10,0
CLM20260403003805,RID36770,extreme_heat,25.7,5,59.1,13.3,1.44,9,1.63,26,0
CLM20260403003806,RID48810,heavy_rainfall,32.6,4,28.2,70.6,0.46,5,0.96,16,0
CLM20260403003807,RID13777,severe_pollution,50.6,8,54.9,40.0,0.35,13,1.89,17,0
CLM20260403003808,RID20316,civic_unrest,40.8,5,22.2,58.2,0.99,14,1.56,12,0
CLM20260403003809,RID70940,extreme_heat,220.5,1,14.0,46.9,0.2,8,-1.29,26,1
CLM20260403003810,RID68547,severe_pollution,81.9,3,26.0,26.8,1.24,12,-1.48,13,0
CLM20260403003811,RID82779,extreme_heat,11.4,3,36.1,15.1,1.92,8,-1.06,28,0
CLM20260403003812,RID87836,severe_pollution,20.4,2,19.5,2.8,0.25,9,-1.73,16,1
CLM20260403003813,RID51168,heavy_rainfall,18.5,3,95.2,18.3,2.73,11,-1.37,24,0
CLM20260403003814,RID45855,severe_pollution,22.0,6,42.6,10.9,1.34,9,0.84,27,0
CLM20260403003815,RID46169,extreme_heat,37.3,3,46.8,60.0,4.41,10,-0.74,11,1
CLM20260403003816,RID89500,severe_pollution,143.0,2,18.9,27.7,0.82,7,-2.5,10,0
CLM20260403003817,RID47324,extreme_heat,76.5,1,8.0,27.5,0.99,9,-0.17,23,0
CLM20260403003818,RID86871,extreme_heat,48.0,3,29.4,60.2,1.02,7,-0.14,26,1
CLM20260403003819,RID52310,heavy_rainfall,13.0,2,24.2,24.8,1.21,9,2.21,23,0
CLM20260403003820,RID26241,heavy_rainfall,9.6,1,9.8,0.7,17.81,28,3.36,4,1
CLM20260403003821,RID52799,severe_pollution,4.3,1,42.9,79.6,1.41,3,0.69,27,0
CLM20260403003822,RID58342,extreme_heat,37.7,4,10.1,24.4,1.72,5,0.55,25,0
CLM20260403003823,RID51322,severe_pollution,47.5,2,56.2,59.3,2.97,3,0.96,26,0
CLM20260403003824,RID82106,heavy_rainfall,36.9,2,60.4,15.8,1.28,8,-2.41,29,0
CLM20260403003825,RID92429,severe_pollution,106.3,8,45.8,20.8,1.11,7,1.51,13,0
CLM20260403003826,RID94715,civic_unrest,9.0,0,2.7,14.8,16.94,38,3.53,3,1
CLM20260403003827,RID61843,extreme_heat,123.2,3,53.8,4.4,0.47,8,-1.4,26,0
CLM20260403003828,RID52809,heavy_rainfall,154.5,3,24.2,10.8,2.5,5,1.67,28,0
CLM20260403003829,RID94360,civic_unrest,143.9,6,28.2,13.5,2.99,6,-0.92,28,0
CLM20260403003830,RID52469,heavy_rainfall,34.2,4,58.0,5.7,0.84,7,1.19,13,0
CLM20260403003831,RID77070,heavy_rainfall,0.7,0,141.4,12.8,18.01,25,1.85,5,1
CLM20260403003832,RID27284,severe_pollution,57.8,6,35.6,18.7,2.1,10,1.6,27,0
CLM20260403003833,RID18372,heavy_rainfall,2.4,5,46.8,1.5,1.56,7,-0.35,20,0
CLM20260403003834,RID28338,extreme_heat,12.4,0,14.4,48.1,3.59,8,0.57,29,0
CLM20260403003835,RID23402,extreme_heat,35.4,1,23.3,10.6,6.0,12,1.91,27,0
CLM20260403003836,RID40803,heavy_rainfall,33.4,6,60.8,30.4,5.26,6,-0.92,9,0
CLM20260403003837,RID57227,civic_unrest,92.9,0,30.5,24.4,1.26,8,-0.2,20,0
CLM20260403003838,RID54323,heavy_rainfall,5.3,0,4.1,4.5,9.9,31,4.04,2,0
CLM20260403003839,RID64085,civic_unrest,2.6,0,6.1,10.9,1.24,36,2.09,1,1
CLM20260403003840,RID19119,severe_pollution,50.4,8,29.0,27.9,0.25,7,-0.57,26,0
CLM20260403003841,RID62502,heavy_rainfall,95.9,3,139.5,6.8,3.69,6,-0.33,26,0
CLM20260403003842,RID78770,severe_pollution,181.8,4,46.6,12.9,1.99,6,-0.1,14,1
CLM20260403003843,RID94124,severe_pollution,67.0,6,24.7,21.6,0.17,6,0.83,9,0
CLM20260403003844,RID30314,heavy_rainfall,55.3,2,61.1,43.9,0.27,13,-0.56,26,0
CLM20260403003845,RID37165,severe_pollution,121.6,5,43.4,27.5,1.14,7,0.18,13,0
CLM20260403003846,RID30848,heavy_rainfall,33.3,1,144.1,58.7,1.33,10,1.48,23,0
CLM20260403003847,RID44177,extreme_heat,8.5,5,33.4,8.6,0.06,5,0.0,20,0
CLM20260403003848,RID41360,heavy_rainfall,44.4,5,36.4,33.7,1.72,7,-0.65,8,0
CLM20260403003849,RID94509,heavy_rainfall,74.4,4,37.6,21.6,8.24,5,-0.49,29,0
CLM20260403003850,RID16879,extreme_heat,24.3,2,27.9,1.5,0.71,8,-1.74,20,0
CLM20260403003851,RID72743,heavy_rainfall,76.1,0,116.3,45.7,1.3,7,-0.7,23,0
CLM20260403003852,RID15528,extreme_heat,48.2,5,46.0,15.1,0.58,7,0.58,16,0
CLM20260403003853,RID40495,extreme_heat,32.4,2,59.4,26.3,1.96,7,-0.51,23,0
CLM20260403003854,RID28045,civic_unrest,38.7,2,16.1,18.8,2.12,8,-2.22,21,0
CLM20260403003855,RID52329,severe_pollution,3.1,0,9.9,9.5,19.18,28,2.4,2,1
CLM20260403003856,RID93142,severe_pollution,58.8,1,57.9,29.9,1.26,12,-0.99,12,0
CLM20260403003857,RID12523,civic_unrest,7.6,3,54.8,10.7,0.45,7,-0.76,27,0
CLM20260403003858,RID74517,heavy_rainfall,203.3,2,51.6,48.5,0.76,2,-1.71,22,0
CLM20260403003859,RID97771,severe_pollution,26.6,2,21.9,19.1,2.28,15,0.29,12,1
CLM20260403003860,RID82093,heavy_rainfall,7.0,1,5.1,13.4,7.09,40,4.68,2,1
CLM20260403003861,RID15259,extreme_heat,114.1,6,43.4,9.7,0.13,12,-3.52,23,0
CLM20260403003862,RID87289,heavy_rainfall,34.4,4,107.4,19.6,0.3,7,-1.22,20,0
CLM20260403003863,RID37372,extreme_heat,46.2,2,38.2,39.0,2.53,11,0.01,19,1
CLM20260403003864,RID86380,severe_pollution,10.7,4,32.5,14.7,1.43,7,-0.94,26,0
CLM20260403003865,RID10937,civic_unrest,1.2,1,2.3,4.9,0.03,37,3.27,3,1
CLM20260403003866,RID20567,civic_unrest,38.1,6,25.2,30.9,1.15,5,0.36,24,0
CLM20260403003867,RID76735,extreme_heat,4.3,0,7.7,14.5,15.47,38,3.47,1,1
CLM20260403003868,RID62059,extreme_heat,32.1,4,27.8,19.4,0.01,7,1.17,13,0
CLM20260403003869,RID29956,heavy_rainfall,101.6,5,113.0,25.0,0.13,7,-1.15,21,1
CLM20260403003870,RID92271,civic_unrest,62.2,0,16.5,59.5,1.9,14,-0.8,13,0
CLM20260403003871,RID44818,civic_unrest,72.7,0,48.2,21.8,0.02,6,-0.49,20,0
CLM20260403003872,RID76962,severe_pollution,6.2,4,20.7,12.6,0.65,5,1.71,12,0
CLM20260403003873,RID30953,extreme_heat,46.0,1,44.5,27.9,0.41,12,0.54,8,0
CLM20260403003874,RID89641,civic_unrest,1.5,0,8.3,5.8,0.91,30,2.61,1,1
CLM20260403003875,RID53841,extreme_heat,7.7,5,46.9,25.8,3.49,12,-2.76,25,0
CLM20260403003876,RID52868,civic_unrest,45.4,3,35.0,7.6,6.89,4,-0.77,16,0
CLM20260403003877,RID61463,heavy_rainfall,112.6,1,128.2,23.2,0.76,11,0.36,15,0
CLM20260403003878,RID95257,civic_unrest,35.2,2,30.9,28.3,0.37,5,0.98,7,0
CLM20260403003879,RID69198,heavy_rainfall,139.1,1,140.1,80.0,3.49,9,-1.32,18,0
CLM20260403003880,RID68398,severe_pollution,28.8,5,16.6,39.6,3.72,5,-2.2,20,0
CLM20260403003881,RID36816,extreme_heat,70.7,3,14.1,1.5,0.3,9,-1.46,20,0
CLM20260403003882,RID24770,heavy_rainfall,60.0,6,38.2,57.5,0.6,7,0.13,9,0
CLM20260403003883,RID60784,heavy_rainfall,47.3,2,77.8,11.7,0.01,7,1.17,12,0
CLM20260403003884,RID36946,extreme_heat,0.5,0,8.7,13.6,1.9,40,2.41,3,1
CLM20260403003885,RID84738,civic_unrest,133.2,3,37.3,19.0,0.81,6,0.54,12,0
CLM20260403003886,RID98369,extreme_heat,63.0,2,25.5,48.0,1.12,10,-1.14,19,0
CLM20260403003887,RID87759,civic_unrest,20.1,3,47.0,49.6,0.16,8,-0.36,24,0
CLM20260403003888,RID57308,severe_pollution,58.1,4,18.0,6.1,0.77,6,1.12,12,0
CLM20260403003889,RID17126,extreme_heat,52.8,4,24.2,27.9,0.48,14,0.65,19,0
CLM20260403003890,RID84297,civic_unrest,9.2,1,37.3,2.4,2.52,11,1.73,29,0
CLM20260403003891,RID38417,heavy_rainfall,73.3,3,94.6,44.5,2.15,9,0.46,28,0
CLM20260403003892,RID50619,heavy_rainfall,66.8,1,75.5,29.5,0.17,10,-1.33,21,0
CLM20260403003893,RID38367,extreme_heat,115.1,4,18.7,9.8,0.02,11,1.1,13,0
CLM20260403003894,RID53769,extreme_heat,70.1,5,43.1,11.9,2.65,6,1.2,11,0
CLM20260403003895,RID75482,severe_pollution,9.5,4,32.4,65.9,0.9,6,-1.86,28,0
CLM20260403003896,RID52907,severe_pollution,35.1,3,26.9,21.4,0.73,9,-1.26,16,0
CLM20260403003897,RID61216,extreme_heat,123.2,5,27.0,33.9,0.77,12,1.08,23,0
CLM20260403003898,RID74445,severe_pollution,38.8,2,9.9,35.2,1.13,10,0.34,11,0
CLM20260403003899,RID83509,civic_unrest,3.0,2,6.9,12.0,9.3,49,3.81,2,1
CLM20260403003900,RID97428,extreme_heat,75.1,4,26.5,22.1,2.51,4,2.15,19,0
CLM20260403003901,RID20180,heavy_rainfall,64.1,2,22.6,34.4,0.16,5,-0.26,26,0
CLM20260403003902,RID10035,heavy_rainfall,49.9,0,122.8,22.0,0.4,8,-1.41,24,0
CLM20260403003903,RID91169,heavy_rainfall,5.2,0,3.3,6.6,16.21,34,3.07,2,1
CLM20260403003904,RID11469,civic_unrest,0.9,0,132.4,2.7,13.39,28,2.88,1,1
CLM20260403003905,RID10001,civic_unrest,44.4,0,31.5,10.1,0.49,13,1.85,16,0
CLM20260403003906,RID68334,severe_pollution,38.5,4,15.0,4.7,0.19,15,-0.71,24,0
CLM20260403003907,RID84463,extreme_heat,37.3,2,45.2,37.0,1.95,7,-0.18,17,0
CLM20260403003908,RID22744,heavy_rainfall,32.7,2,90.1,43.3,4.01,7,0.24,25,0
CLM20260403003909,RID58241,extreme_heat,113.1,3,24.6,33.8,0.05,9,-1.0,7,0
CLM20260403003910,RID94642,extreme_heat,2.6,0,94.2,3.5,6.83,44,3.88,1,1
CLM20260403003911,RID65465,civic_unrest,13.8,2,23.9,51.0,1.07,8,-2.31,11,0
CLM20260403003912,RID19974,civic_unrest,25.5,2,14.8,30.0,1.76,13,0.92,19,0
CLM20260403003913,RID64720,heavy_rainfall,39.8,6,85.0,10.7,1.46,10,0.88,13,0
CLM20260403003914,RID48989,heavy_rainfall,47.5,3,133.2,36.3,1.46,8,1.89,15,0
CLM20260403003915,RID25738,civic_unrest,96.8,7,42.0,30.3,0.27,5,-1.32,16,0
CLM20260403003916,RID28591,civic_unrest,137.9,1,53.5,1.4,0.66,5,0.96,16,0
CLM20260403003917,RID69890,extreme_heat,10.6,3,43.2,48.1,4.84,7,-1.17,24,0
CLM20260403003918,RID25771,heavy_rainfall,110.8,3,96.6,15.7,0.81,14,1.1,16,0
CLM20260403003919,RID72456,extreme_heat,59.9,1,16.8,80.0,0.58,7,-0.35,25,0
CLM20260403003920,RID11880,heavy_rainfall,9.2,3,67.2,20.8,1.97,11,-0.71,19,0
CLM20260403003921,RID21284,extreme_heat,53.4,1,58.9,8.1,0.84,15,-0.65,12,0
CLM20260403003922,RID69669,civic_unrest,117.0,3,55.7,27.2,0.18,8,0.46,15,0
CLM20260403003923,RID45398,heavy_rainfall,9.8,6,129.7,45.3,2.42,11,0.71,17,0
CLM20260403003924,RID83823,severe_pollution,47.1,4,10.9,17.9,3.69,6,3.6,19,0
CLM20260403003925,RID18294,extreme_heat,31.2,6,42.6,25.7,1.36,6,-0.07,10,0
CLM20260403003926,RID38242,heavy_rainfall,8.0,5,123.6,12.6,0.01,7,-0.78,20,0
CLM20260403003927,RID62106,severe_pollution,101.0,0,50.6,9.9,4.88,7,-1.54,21,0
CLM20260403003928,RID13918,heavy_rainfall,58.3,2,59.9,31.0,0.22,9,-0.76,11,0
CLM20260403003929,RID75198,severe_pollution,4.9,3,17.0,15.5,3.66,13,-0.99,26,0
CLM20260403003930,RID71040,severe_pollution,127.5,3,38.6,37.4,1.51,8,0.71,7,0
CLM20260403003931,RID32940,heavy_rainfall,4.2,0,9.4,9.2,9.01,38,2.21,1,1
CLM20260403003932,RID85597,heavy_rainfall,55.7,3,52.1,24.7,0.77,11,1.43,11,0
CLM20260403003933,RID96063,heavy_rainfall,98.2,3,97.2,4.6,0.43,8,-0.3,12,0
CLM20260403003934,RID46808,civic_unrest,4.7,0,157.6,13.4,16.92,32,3.08,4,1
CLM20260403003935,RID72805,extreme_heat,79.6,1,35.3,7.2,0.92,5,0.02,24,0
CLM20260403003936,RID45033,heavy_rainfall,11.1,5,84.8,38.6,2.17,7,-1.26,9,0
CLM20260403003937,RID97981,civic_unrest,75.2,3,48.0,14.1,1.63,10,-0.89,11,0
CLM20260403003938,RID34650,extreme_heat,61.7,7,18.3,67.1,1.65,8,-0.38,14,0
CLM20260403003939,RID68718,heavy_rainfall,5.6,0,156.7,4.9,14.68,45,3.55,8,1
CLM20260403003940,RID95220,heavy_rainfall,127.0,4,79.8,25.4,4.34,12,1.38,13,0
CLM20260403003941,RID83821,severe_pollution,10.8,0,74.6,9.9,11.85,27,3.85,3,1
CLM20260403003942,RID83261,severe_pollution,4.1,0,162.7,13.0,10.91,38,2.35,1,1
CLM20260403003943,RID40345,heavy_rainfall,29.3,2,44.4,47.8,2.94,6,0.94,9,0
CLM20260403003944,RID47554,civic_unrest,52.2,3,50.4,22.1,0.04,7,-0.6,16,0
CLM20260403003945,RID21588,civic_unrest,116.7,2,30.3,43.2,3.0,9,0.65,12,0
CLM20260403003946,RID69802,severe_pollution,140.6,5,51.6,18.4,1.57,8,0.37,26,0
CLM20260403003947,RID81380,extreme_heat,129.3,4,35.7,22.2,0.35,9,1.21,16,0
CLM20260403003948,RID58924,civic_unrest,26.8,3,41.0,13.3,0.3,13,-0.03,23,0
CLM20260403003949,RID82223,extreme_heat,79.0,0,32.9,2.9,0.13,8,1.67,23,0
CLM20260403003950,RID52036,civic_unrest,35.5,1,16.4,10.0,0.17,9,-1.95,19,0
CLM20260403003951,RID63346,extreme_heat,5.5,5,13.3,13.0,0.59,8,1.46,21,0
CLM20260403003952,RID86049,severe_pollution,41.3,3,18.8,20.3,0.4,6,-0.12,23,0
CLM20260403003953,RID58773,severe_pollution,13.9,4,52.7,14.6,0.62,3,-0.27,14,0
CLM20260403003954,RID55539,civic_unrest,218.4,5,23.8,18.4,0.34,6,0.29,14,0
CLM20260403003955,RID29350,severe_pollution,143.0,1,49.3,15.7,0.16,8,1.37,10,0
CLM20260403003956,RID98566,severe_pollution,122.9,3,51.2,16.4,0.81,11,0.46,14,0
CLM20260403003957,RID57229,severe_pollution,81.3,4,33.5,22.2,2.44,11,1.81,11,0
CLM20260403003958,RID21330,civic_unrest,47.3,2,20.7,19.3,1.68,7,-0.21,10,0
CLM20260403003959,RID28040,civic_unrest,7.0,3,42.4,12.5,0.32,8,1.94,22,0
CLM20260403003960,RID57011,severe_pollution,34.6,3,47.5,42.2,1.36,9,-0.96,21,0
CLM20260403003961,RID69083,extreme_heat,174.9,6,55.1,80.0,0.79,8,-0.78,19,0
CLM20260403003962,RID15604,civic_unrest,26.9,1,47.5,29.9,0.65,12,1.33,16,0
CLM20260403003963,RID76368,extreme_heat,31.1,4,38.8,40.9,0.96,10,-0.18,8,0
CLM20260403003964,RID88484,civic_unrest,7.3,2,41.6,28.2,1.84,3,-2.32,17,0
CLM20260403003965,RID80806,extreme_heat,12.6,3,19.1,25.3,0.4,12,2.04,14,0
CLM20260403003966,RID85195,extreme_heat,76.4,5,14.6,32.8,0.2,6,2.05,23,0
CLM20260403003967,RID36976,severe_pollution,14.0,3,48.3,27.0,2.33,5,-1.69,27,0
CLM20260403003968,RID20714,severe_pollution,24.2,2,46.9,53.4,1.79,11,-0.24,10,0
CLM20260403003969,RID24664,heavy_rainfall,70.6,3,61.9,17.8,2.45,11,-0.03,15,0
CLM20260403003970,RID78100,heavy_rainfall,22.0,1,129.2,17.6,1.14,8,0.47,29,0
CLM20260403003971,RID85427,heavy_rainfall,87.4,5,43.8,6.2,0.77,14,-0.02,20,0
CLM20260403003972,RID43386,extreme_heat,117.0,2,18.5,12.1,1.81,9,-1.34,9,0
CLM20260403003973,RID39724,civic_unrest,74.3,1,36.6,29.6,0.11,5,1.94,9,0
CLM20260403003974,RID74117,heavy_rainfall,69.8,3,22.9,18.9,1.4,9,1.68,20,0
CLM20260403003975,RID52662,civic_unrest,216.1,2,35.2,60.2,3.51,8,-1.46,19,0
CLM20260403003976,RID81886,severe_pollution,105.8,2,59.1,22.1,1.45,6,-1.21,7,0
CLM20260403003977,RID78566,severe_pollution,40.8,3,40.3,21.6,1.0,11,0.19,20,0
CLM20260403003978,RID38714,civic_unrest,172.0,2,28.4,20.8,1.23,9,2.33,16,0
CLM20260403003979,RID63477,heavy_rainfall,55.5,1,134.0,46.1,1.4,7,-0.33,12,0
CLM20260403003980,RID39597,severe_pollution,90.7,3,34.1,8.0,2.9,4,0.43,7,0
CLM20260403003981,RID30408,extreme_heat,14.0,0,92.1,1.3,13.94,36,4.12,4,1
CLM20260403003982,RID10078,heavy_rainfall,0.8,0,3.5,3.0,9.59,41,3.46,1,1
CLM20260403003983,RID74907,extreme_heat,102.6,5,33.2,29.1,0.13,4,-1.25,27,0
CLM20260403003984,RID19464,civic_unrest,82.8,1,17.6,33.5,0.53,7,0.87,8,0
CLM20260403003985,RID41697,severe_pollution,61.9,2,9.4,30.9,4.94,10,0.89,12,0
CLM20260403003986,RID49696,extreme_heat,90.2,1,33.9,11.9,0.72,10,-0.97,23,0
CLM20260403003987,RID81036,heavy_rainfall,35.2,4,104.0,47.3,1.51,4,1.03,19,0
CLM20260403003988,RID35035,heavy_rainfall,41.8,5,44.8,22.1,1.88,13,1.41,14,0
CLM20260403003989,RID12125,heavy_rainfall,77.0,3,97.3,28.4,0.07,7,-1.11,20,0
CLM20260403003990,RID48769,heavy_rainfall,70.0,2,68.7,16.8,2.81,9,-0.28,20,0
CLM20260403003991,RID37143,extreme_heat,19.5,1,33.5,21.6,2.31,6,0.62,21,0
CLM20260403003992,RID99192,heavy_rainfall,54.8,3,146.6,30.7,0.14,11,-0.23,10,0
CLM20260403003993,RID18784,civic_unrest,121.1,5,44.5,30.8,0.48,8,0.48,16,0
CLM20260403003994,RID69323,heavy_rainfall,4.4,0,124.3,8.3,11.52,35,2.66,3,1
CLM20260403003995,RID65301,civic_unrest,4.0,0,7.0,0.3,5.84,47,2.88,3,1
CLM20260403003996,RID96715,severe_pollution,76.1,3,38.4,38.9,1.19,13,1.24,20,0
CLM20260403003997,RID11385,civic_unrest,41.7,1,32.6,63.3,0.1,2,-0.07,27,0
CLM20260403003998,RID54979,severe_pollution,154.3,7,57.0,10.2,2.02,10,-0.54,15,1
CLM20260403003999,RID59140,extreme_heat,137.5,2,54.1,32.1,2.18,7,0.12,10,0
CLM20260403004000,RID49817,severe_pollution,53.5,2,29.5,6.9,4.81,9,-1.18,10,0
CLM20260403004001,RID91167,severe_pollution,94.0,2,25.0,69.1,3.46,8,0.92,18,0
CLM20260403004002,RID93259,heavy_rainfall,53.5,5,126.6,34.5,0.12,10,-0.21,24,0
CLM20260403004003,RID99013,severe_pollution,79.1,6,19.5,55.9,0.05,5,0.45,8,0
CLM20260403004004,RID14131,severe_pollution,71.2,1,45.5,3.8,0.4,9,0.88,25,0
CLM20260403004005,RID51894,civic_unrest,1.3,0,5.9,2.1,0.03,39,1.51,2,1
CLM20260403004006,RID14068,civic_unrest,118.5,5,35.5,26.0,3.36,9,2.48,18,0
CLM20260403004007,RID72075,severe_pollution,32.3,3,27.4,20.5,0.23,10,0.32,19,0
CLM20260403004008,RID80650,heavy_rainfall,12.1,1,125.7,35.4,4.15,13,0.38,28,1
CLM20260403004009,RID65404,civic_unrest,109.6,3,16.0,2.2,2.32,10,-0.16,20,0
CLM20260403004010,RID99764,severe_pollution,62.7,2,36.0,20.3,0.02,6,-0.42,7,0
CLM20260403004011,RID13581,severe_pollution,86.4,2,40.3,4.1,2.7,13,-0.55,28,0
CLM20260403004012,RID15068,severe_pollution,129.9,2,29.5,46.3,1.3,4,1.0,16,0
CLM20260403004013,RID21380,severe_pollution,56.0,2,20.0,11.8,2.46,6,1.19,12,0
CLM20260403004014,RID43050,heavy_rainfall,84.4,3,74.5,36.5,0.13,8,0.75,19,0
CLM20260403004015,RID20874,extreme_heat,35.9,3,30.4,5.5,2.3,9,1.05,25,0
CLM20260403004016,RID92745,heavy_rainfall,93.8,2,139.8,78.1,0.87,3,0.59,29,0
CLM20260403004017,RID69596,severe_pollution,67.0,2,54.8,6.6,0.26,11,1.06,14,0
CLM20260403004018,RID54221,extreme_heat,57.0,1,8.4,20.5,0.6,12,-2.13,28,0
CLM20260403004019,RID89116,severe_pollution,52.6,1,21.1,4.6,3.61,6,0.68,12,0
CLM20260403004020,RID14501,civic_unrest,34.2,2,42.3,17.5,1.11,9,-1.89,16,0
CLM20260403004021,RID50607,severe_pollution,13.2,5,46.5,12.4,0.49,10,0.16,16,0
CLM20260403004022,RID38384,severe_pollution,43.3,3,36.7,15.4,0.62,8,-2.42,29,0
CLM20260403004023,RID22445,heavy_rainfall,70.3,6,97.5,20.9,2.62,9,-0.65,8,0
CLM20260403004024,RID99630,extreme_heat,53.6,4,51.8,31.0,0.67,1,1.96,8,0
CLM20260403004025,RID87781,heavy_rainfall,101.3,3,140.9,80.0,1.7,10,-0.15,8,0
CLM20260403004026,RID76361,severe_pollution,21.9,4,48.7,80.0,0.77,8,-0.41,11,0
CLM20260403004027,RID19057,extreme_heat,57.5,2,18.9,8.2,0.24,2,1.7,21,0
CLM20260403004028,RID70709,civic_unrest,25.6,6,45.0,30.2,4.01,9,-1.06,11,0
CLM20260403004029,RID84062,severe_pollution,36.0,4,23.7,17.5,0.01,9,0.43,25,0
CLM20260403004030,RID80210,heavy_rainfall,121.6,1,149.7,27.0,2.67,8,-1.33,19,0
CLM20260403004031,RID43187,heavy_rainfall,74.1,2,42.3,32.1,1.03,5,-0.61,24,0
CLM20260403004032,RID77729,severe_pollution,48.9,0,16.7,12.0,0.64,7,-0.92,25,0
CLM20260403004033,RID32795,severe_pollution,154.9,3,44.2,6.9,2.23,7,0.92,18,0
CLM20260403004034,RID48455,extreme_heat,5.8,1,4.4,10.4,9.98,37,3.34,1,1
CLM20260403004035,RID15218,civic_unrest,47.4,0,54.4,34.7,1.63,6,-0.57,21,0
CLM20260403004036,RID88790,civic_unrest,20.0,5,45.3,35.6,0.33,18,1.27,8,0
CLM20260403004037,RID65932,heavy_rainfall,56.0,0,106.9,29.0,2.43,14,-0.03,8,0
CLM20260403004038,RID30289,heavy_rainfall,2.5,0,4.0,12.8,13.4,30,3.81,1,1
CLM20260403004039,RID36099,severe_pollution,73.5,6,51.8,31.4,0.66,7,-1.19,26,0
CLM20260403004040,RID73733,extreme_heat,7.3,2,45.1,2.0,1.0,5,-1.84,12,0
CLM20260403004041,RID10746,severe_pollution,56.5,3,32.5,17.5,0.76,10,-0.34,15,0
CLM20260403004042,RID95704,extreme_heat,135.5,0,41.3,7.2,0.18,11,1.51,11,0
CLM20260403004043,RID59377,heavy_rainfall,108.0,2,134.5,71.5,4.26,11,0.9,21,0
CLM20260403004044,RID49620,extreme_heat,2.4,3,29.1,13.7,1.07,8,-0.68,19,0
CLM20260403004045,RID39284,civic_unrest,192.2,6,20.0,31.6,0.52,8,0.17,28,0
CLM20260403004046,RID99526,severe_pollution,132.8,3,21.0,5.8,0.58,4,-1.82,23,0
CLM20260403004047,RID39980,severe_pollution,2.2,1,2.6,12.8,8.54,42,3.04,2,1
CLM20260403004048,RID25216,heavy_rainfall,184.8,2,117.7,7.2,0.22,9,0.49,26,0
CLM20260403004049,RID31552,extreme_heat,30.9,3,56.9,33.6,3.44,10,-1.18,9,0
CLM20260403004050,RID27301,heavy_rainfall,51.3,2,30.3,3.4,1.13,8,0.22,14,0
CLM20260403004051,RID67422,severe_pollution,20.3,6,29.0,22.4,0.35,11,1.0,22,1
CLM20260403004052,RID58060,severe_pollution,30.1,3,18.1,9.1,2.2,3,0.65,26,0
CLM20260403004053,RID12691,civic_unrest,10.4,0,91.2,2.8,11.19,36,4.58,5,1
CLM20260403004054,RID93208,heavy_rainfall,27.2,5,135.3,19.4,0.14,6,-1.29,24,0
CLM20260403004055,RID64869,severe_pollution,22.0,0,14.1,21.4,0.3,10,1.1,13,0
CLM20260403004056,RID14395,civic_unrest,37.6,2,35.6,57.5,5.22,3,-1.08,24,0
CLM20260403004057,RID67185,severe_pollution,18.1,3,15.3,19.2,0.91,8,-1.98,12,0
CLM20260403004058,RID18773,heavy_rainfall,29.7,2,88.6,7.3,3.14,4,1.87,27,0
CLM20260403004059,RID21435,civic_unrest,12.9,4,45.5,34.9,0.91,13,-0.09,25,0
CLM20260403004060,RID97123,civic_unrest,59.3,6,45.0,3.6,1.12,11,0.13,22,0
CLM20260403004061,RID72210,severe_pollution,60.9,2,21.1,27.2,0.05,7,-1.31,18,0
CLM20260403004062,RID76468,extreme_heat,25.1,7,23.7,25.4,0.11,11,-0.25,21,0
CLM20260403004063,RID28025,heavy_rainfall,6.5,2,94.9,41.0,0.74,6,1.25,20,0
CLM20260403004064,RID13160,extreme_heat,54.4,2,32.8,5.9,1.99,10,0.03,20,0
CLM20260403004065,RID21321,extreme_heat,61.1,2,56.6,7.2,0.41,6,2.44,8,0
CLM20260403004066,RID97115,extreme_heat,5.0,3,52.6,56.5,1.81,7,-0.01,27,0
CLM20260403004067,RID68471,civic_unrest,39.1,4,33.1,80.0,1.26,10,-1.41,22,0
CLM20260403004068,RID83055,civic_unrest,49.2,1,58.2,46.3,0.08,11,1.1,21,0
CLM20260403004069,RID72636,heavy_rainfall,56.7,3,55.1,21.9,1.13,9,2.03,11,1
CLM20260403004070,RID96017,extreme_heat,61.6,2,38.1,5.9,2.08,10,1.15,10,0
CLM20260403004071,RID86299,severe_pollution,4.8,0,6.7,14.4,8.8,25,3.31,4,1
CLM20260403004072,RID25184,heavy_rainfall,28.9,2,130.2,19.3,0.22,12,0.74,19,0
CLM20260403004073,RID40441,extreme_heat,26.3,4,33.4,18.7,2.98,6,-0.61,26,0
CLM20260403004074,RID29318,civic_unrest,0.5,0,189.3,1.0,14.21,43,1.74,1,1
CLM20260403004075,RID27460,severe_pollution,62.3,5,56.2,22.3,1.07,8,-2.5,11,0
CLM20260403004076,RID11467,civic_unrest,70.0,2,37.0,33.5,0.26,5,1.19,9,0
CLM20260403004077,RID17863,heavy_rainfall,162.8,2,64.7,43.1,4.02,11,-0.8,24,0
CLM20260403004078,RID24778,civic_unrest,115.0,4,44.3,80.0,0.02,9,-1.04,26,0
CLM20260403004079,RID86752,heavy_rainfall,47.8,0,100.8,41.2,0.11,6,0.01,9,0
CLM20260403004080,RID49759,extreme_heat,78.4,3,12.2,34.4,2.78,6,-1.08,13,0
CLM20260403004081,RID51881,extreme_heat,39.1,6,12.9,49.2,1.38,12,2.44,11,0
CLM20260403004082,RID72965,extreme_heat,41.0,2,9.1,24.8,3.5,10,1.33,20,0
CLM20260403004083,RID34728,severe_pollution,55.9,5,22.0,40.8,0.44,5,-0.13,13,0
CLM20260403004084,RID72688,severe_pollution,46.6,3,48.7,18.2,0.82,7,0.1,17,0
CLM20260403004085,RID38065,heavy_rainfall,0.5,0,9.8,2.4,13.07,33,5.79,1,1
CLM20260403004086,RID32599,severe_pollution,83.9,2,18.1,23.0,0.57,7,-0.79,18,0
CLM20260403004087,RID82487,heavy_rainfall,60.3,3,82.8,80.0,0.1,12,-0.19,14,0
CLM20260403004088,RID29151,extreme_heat,53.4,5,55.1,20.7,0.73,7,-0.68,19,0
CLM20260403004089,RID76829,extreme_heat,5.2,0,7.8,2.8,17.99,26,3.14,1,1
CLM20260403004090,RID18912,severe_pollution,45.0,3,23.1,17.3,1.64,10,0.11,15,0
CLM20260403004091,RID77290,heavy_rainfall,6.7,0,90.5,8.9,9.98,44,3.44,2,1
CLM20260403004092,RID84207,extreme_heat,79.6,2,32.9,14.5,0.99,4,-0.5,19,0
CLM20260403004093,RID42383,severe_pollution,62.7,2,57.2,34.4,7.25,9,-0.05,18,0
CLM20260403004094,RID92001,civic_unrest,94.6,4,19.4,5.1,0.1,10,1.17,27,0
CLM20260403004095,RID39536,civic_unrest,49.8,3,32.5,7.0,3.06,10,-0.75,14,0
CLM20260403004096,RID63266,heavy_rainfall,51.0,1,145.0,23.3,1.19,2,1.42,7,0
CLM20260403004097,RID66606,heavy_rainfall,21.8,3,67.6,28.1,1.82,8,-1.14,19,0
CLM20260403004098,RID52006,severe_pollution,22.8,1,51.3,23.0,0.56,8,-1.44,16,0
CLM20260403004099,RID13626,extreme_heat,157.9,3,49.5,53.1,1.26,6,-1.46,27,0
CLM20260403004100,RID98035,civic_unrest,7.9,0,6.7,8.8,16.08,20,1.63,12,1
CLM20260403004101,RID61219,severe_pollution,19.7,0,23.4,1.8,1.43,9,0.94,25,0
CLM20260403004102,RID89486,extreme_heat,31.2,3,54.2,65.8,0.32,11,-0.91,10,0
CLM20260403004103,RID26688,severe_pollution,76.4,5,23.3,12.9,0.25,12,-1.25,24,0
CLM20260403004104,RID90595,severe_pollution,120.9,2,33.8,44.4,0.09,17,-0.02,16,0
CLM20260403004105,RID94677,extreme_heat,84.6,0,31.1,0.7,0.48,5,-0.05,18,0
CLM20260403004106,RID41632,civic_unrest,26.2,3,32.3,80.0,0.61,9,-1.58,14,0
CLM20260403004107,RID75160,heavy_rainfall,21.2,1,146.5,50.3,1.44,8,-1.42,29,0
CLM20260403004108,RID66720,heavy_rainfall,58.7,4,86.0,26.8,0.83,10,-0.5,13,0
CLM20260403004109,RID64698,heavy_rainfall,124.7,1,56.9,13.3,0.29,11,0.4,19,0
CLM20260403004110,RID83621,heavy_rainfall,105.0,1,147.0,20.4,3.83,1,3.22,28,0
CLM20260403004111,RID29079,heavy_rainfall,47.7,4,136.5,58.3,0.29,9,0.22,20,0
CLM20260403004112,RID58433,civic_unrest,81.0,6,41.4,25.7,2.5,6,0.33,29,0
CLM20260403004113,RID61546,civic_unrest,14.7,1,41.1,17.5,2.26,5,-0.85,17,0
CLM20260403004114,RID70883,civic_unrest,70.8,3,24.4,8.1,1.34,8,1.07,15,0
CLM20260403004115,RID49779,civic_unrest,31.4,2,42.5,7.3,0.4,8,0.35,24,0
CLM20260403004116,RID50388,severe_pollution,131.4,2,15.9,17.7,0.16,7,-0.82,25,0
CLM20260403004117,RID77035,severe_pollution,25.8,5,51.1,21.1,1.4,5,-0.39,23,0
CLM20260403004118,RID60606,extreme_heat,23.0,3,12.6,28.4,2.17,9,-2.85,8,0
CLM20260403004119,RID71515,civic_unrest,20.7,2,24.8,78.2,1.48,10,2.83,20,0
CLM20260403004120,RID21925,severe_pollution,7.1,2,25.6,34.2,1.79,8,-2.08,10,0
CLM20260403004121,RID54880,heavy_rainfall,115.4,2,67.2,4.1,2.2,5,-0.51,29,1
CLM20260403004122,RID42976,civic_unrest,49.5,2,17.9,21.2,0.74,4,-1.01,9,0
CLM20260403004123,RID45553,civic_unrest,48.1,2,56.5,36.5,0.23,7,1.24,10,0
CLM20260403004124,RID87913,extreme_heat,48.3,5,11.9,79.1,0.51,4,-1.23,19,0
CLM20260403004125,RID51032,civic_unrest,78.0,2,41.6,80.0,0.52,6,-1.02,7,0
CLM20260403004126,RID41380,extreme_heat,49.4,1,43.2,24.6,3.43,13,0.25,29,0
CLM20260403004127,RID55680,civic_unrest,12.7,3,42.2,8.0,2.21,11,1.34,23,0
CLM20260403004128,RID35145,civic_unrest,81.5,1,34.0,50.2,0.8,5,-0.0,16,0
CLM20260403004129,RID77852,severe_pollution,6.3,6,51.7,18.3,2.09,9,0.64,29,0
CLM20260403004130,RID46506,civic_unrest,67.5,0,48.8,6.7,1.37,12,-2.23,13,0
CLM20260403004131,RID88349,severe_pollution,61.2,6,42.2,11.0,1.56,9,-0.29,21,0
CLM20260403004132,RID97776,extreme_heat,69.2,1,46.9,38.4,1.18,4,0.03,7,0
CLM20260403004133,RID90354,extreme_heat,20.2,4,51.6,22.4,0.08,10,-2.04,14,0
CLM20260403004134,RID48668,extreme_heat,61.3,2,26.3,26.0,1.71,11,-0.91,23,0
CLM20260403004135,RID99912,civic_unrest,48.1,1,38.9,9.1,1.34,11,0.43,26,0
CLM20260403004136,RID81142,civic_unrest,126.4,7,34.4,27.3,2.69,11,-0.5,8,0
CLM20260403004137,RID36799,severe_pollution,32.5,5,21.1,13.1,0.25,7,0.72,20,0
CLM20260403004138,RID86251,extreme_heat,8.7,3,11.2,21.2,2.2,9,-0.19,17,0
CLM20260403004139,RID25363,civic_unrest,13.0,3,49.6,11.2,0.36,9,-0.92,26,0
CLM20260403004140,RID93701,extreme_heat,62.4,2,48.2,28.8,1.03,6,1.13,27,0
CLM20260403004141,RID36965,civic_unrest,102.9,2,8.6,74.3,0.99,4,-1.39,7,0
CLM20260403004142,RID33996,severe_pollution,193.4,3,11.8,45.1,0.84,10,-1.48,15,0
CLM20260403004143,RID59151,extreme_heat,40.9,5,13.8,41.4,0.69,9,-1.14,16,0
CLM20260403004144,RID61331,severe_pollution,18.0,2,46.4,26.2,0.33,6,0.3,16,0
CLM20260403004145,RID45486,severe_pollution,47.8,5,39.8,4.0,0.37,11,-0.06,12,0
CLM20260403004146,RID80439,civic_unrest,47.9,3,8.7,38.9,0.19,11,1.13,20,0
CLM20260403004147,RID29181,civic_unrest,62.0,5,31.7,47.8,1.54,11,-0.49,13,1
CLM20260403004148,RID89427,heavy_rainfall,125.0,6,140.0,24.8,0.31,15,-1.05,12,1
CLM20260403004149,RID43100,heavy_rainfall,1.9,0,70.0,8.7,1.69,45,3.91,1,1
CLM20260403004150,RID59356,severe_pollution,32.1,2,48.9,7.2,1.49,6,-1.09,28,0
CLM20260403004151,RID10428,heavy_rainfall,62.6,1,59.9,36.3,0.41,7,2.54,16,0
CLM20260403004152,RID34763,civic_unrest,72.3,2,21.7,18.6,1.8,11,0.22,22,0
CLM20260403004153,RID74887,severe_pollution,49.8,3,36.0,18.7,0.91,5,-0.81,29,0
CLM20260403004154,RID82174,civic_unrest,17.7,4,15.2,66.2,0.27,8,-0.3,16,0
CLM20260403004155,RID76993,severe_pollution,34.8,3,17.7,33.3,0.61,9,-2.21,23,0
CLM20260403004156,RID36108,civic_unrest,90.3,3,9.3,14.8,3.02,7,-0.24,7,0
CLM20260403004157,RID16683,severe_pollution,20.3,2,9.5,30.4,2.83,9,-0.47,14,0
CLM20260403004158,RID92327,severe_pollution,143.7,4,24.2,25.3,0.23,7,1.78,21,0
CLM20260403004159,RID88023,heavy_rainfall,55.5,0,145.5,35.5,3.14,11,-0.19,23,0
CLM20260403004160,RID72438,severe_pollution,11.7,2,8.1,4.8,1.71,31,3.74,2,1
CLM20260403004161,RID60709,civic_unrest,81.2,3,21.9,16.4,5.7,7,-0.89,9,0
CLM20260403004162,RID25655,extreme_heat,34.3,3,28.6,50.5,3.26,9,1.03,21,0
CLM20260403004163,RID33737,heavy_rainfall,55.2,7,34.7,2.0,1.22,9,-0.12,21,0
CLM20260403004164,RID57360,heavy_rainfall,17.7,4,100.5,29.5,0.3,5,0.09,23,0
CLM20260403004165,RID15378,heavy_rainfall,31.9,2,106.2,31.3,0.36,10,0.9,20,1
CLM20260403004166,RID46353,heavy_rainfall,0.5,0,68.7,7.6,5.04,39,3.87,2,1
CLM20260403004167,RID81891,civic_unrest,88.2,7,53.5,8.5,1.86,5,-1.08,28,0
CLM20260403004168,RID26701,heavy_rainfall,122.8,3,118.9,24.2,0.62,5,-0.11,24,0
CLM20260403004169,RID65478,extreme_heat,25.8,1,50.0,7.7,0.98,9,0.21,7,0
CLM20260403004170,RID15234,heavy_rainfall,109.6,3,132.8,15.8,2.22,10,-0.29,9,0
CLM20260403004171,RID11291,heavy_rainfall,49.1,1,112.5,14.9,5.62,11,-1.58,17,0
CLM20260403004172,RID54250,civic_unrest,67.4,1,52.8,5.7,2.04,9,-0.27,24,0
CLM20260403004173,RID47249,severe_pollution,182.3,1,56.0,27.7,0.65,13,-0.72,12,0
CLM20260403004174,RID41546,extreme_heat,43.4,4,14.7,11.4,0.38,6,0.63,23,0
CLM20260403004175,RID38893,civic_unrest,199.2,4,25.2,43.9,1.17,9,-0.37,26,0
CLM20260403004176,RID82432,civic_unrest,0.5,0,7.7,5.1,12.34,36,3.85,8,1
CLM20260403004177,RID40980,extreme_heat,75.9,4,32.8,66.4,0.94,6,-0.64,19,0
CLM20260403004178,RID13008,civic_unrest,54.4,4,54.0,13.1,0.32,12,-0.93,18,0
CLM20260403004179,RID38819,extreme_heat,54.4,3,42.9,13.2,0.72,3,-0.2,23,0
CLM20260403004180,RID60236,extreme_heat,10.1,0,7.6,14.0,0.11,40,3.08,2,1
CLM20260403004181,RID81003,heavy_rainfall,35.7,1,101.5,24.4,0.8,8,1.31,17,0
CLM20260403004182,RID31023,heavy_rainfall,44.5,1,42.4,80.0,1.17,4,-0.8,25,0
CLM20260403004183,RID84873,civic_unrest,106.0,4,12.8,20.9,3.77,1,1.46,24,0
CLM20260403004184,RID73734,heavy_rainfall,36.9,1,64.1,23.5,3.97,6,-0.18,16,0
CLM20260403004185,RID22541,extreme_heat,28.6,3,49.1,13.0,1.34,4,-1.65,17,0
CLM20260403004186,RID63267,extreme_heat,92.8,1,57.0,35.5,2.78,5,-0.29,16,0
CLM20260403004187,RID41722,severe_pollution,67.1,3,20.4,20.4,0.25,8,0.5,22,0
CLM20260403004188,RID89902,extreme_heat,7.7,4,58.2,27.8,1.47,11,0.24,10,0
CLM20260403004189,RID32746,extreme_heat,43.6,1,11.4,39.4,0.61,5,-1.8,11,0
CLM20260403004190,RID46630,heavy_rainfall,0.5,0,4.1,7.7,7.47,31,3.17,1,1
CLM20260403004191,RID10415,extreme_heat,107.7,3,36.5,16.9,2.4,11,2.31,14,0
CLM20260403004192,RID97970,civic_unrest,26.4,2,44.3,43.4,0.83,10,1.89,11,0
CLM20260403004193,RID67041,severe_pollution,38.2,3,10.1,43.1,0.33,13,-0.25,29,0
CLM20260403004194,RID68479,extreme_heat,88.5,3,45.5,15.4,0.23,10,-2.19,26,0
CLM20260403004195,RID40432,heavy_rainfall,47.2,3,107.4,11.3,3.14,5,1.27,20,0
CLM20260403004196,RID20747,severe_pollution,11.2,3,37.4,26.8,0.84,8,-0.67,26,0
CLM20260403004197,RID68213,severe_pollution,10.9,2,46.4,24.3,0.03,10,-0.34,8,0
CLM20260403004198,RID29711,severe_pollution,23.6,7,9.0,27.8,0.96,10,-0.54,17,0
CLM20260403004199,RID90616,severe_pollution,20.0,2,26.3,12.4,0.43,11,-1.08,24,0
CLM20260403004200,RID13018,civic_unrest,1.1,0,9.1,10.8,15.61,30,3.1,2,1
CLM20260403004201,RID36886,severe_pollution,65.4,1,35.4,6.3,1.2,6,1.26,16,0
CLM20260403004202,RID67232,civic_unrest,6.8,5,50.0,20.2,1.42,5,0.02,7,0
CLM20260403004203,RID52215,heavy_rainfall,1.8,1,185.5,4.1,7.48,41,3.27,4,0
CLM20260403004204,RID75409,severe_pollution,143.8,2,52.6,40.8,0.76,8,0.21,14,0
CLM20260403004205,RID67958,extreme_heat,3.4,3,45.1,50.3,0.62,7,-1.07,20,0
CLM20260403004206,RID58884,extreme_heat,94.8,3,10.1,17.6,1.92,8,-1.66,10,0
CLM20260403004207,RID20139,severe_pollution,147.8,5,36.9,43.6,1.91,16,-1.85,13,0
CLM20260403004208,RID32070,severe_pollution,3.7,4,55.4,2.1,2.36,3,-0.1,10,0
CLM20260403004209,RID37149,extreme_heat,45.0,1,40.4,10.9,0.86,13,-0.67,20,0
CLM20260403004210,RID51184,civic_unrest,103.1,1,16.0,5.2,3.73,3,-1.58,26,0
CLM20260403004211,RID63097,civic_unrest,93.8,2,17.7,40.2,1.56,6,1.59,7,1
CLM20260403004212,RID42606,civic_unrest,31.7,1,9.0,15.4,2.21,12,1.25,26,0
CLM20260403004213,RID40263,severe_pollution,101.3,3,15.3,25.7,1.57,7,2.06,12,0
CLM20260403004214,RID88700,severe_pollution,124.8,3,58.5,15.8,1.77,8,-0.04,18,0
CLM20260403004215,RID13181,extreme_heat,106.0,3,29.4,23.0,2.67,4,0.3,16,0
CLM20260403004216,RID94603,heavy_rainfall,150.6,0,98.4,31.9,3.14,6,0.5,20,0
CLM20260403004217,RID69276,heavy_rainfall,103.9,3,71.7,39.6,1.31,3,0.15,15,0
CLM20260403004218,RID60969,civic_unrest,51.9,3,38.4,34.0,0.99,6,-0.24,26,0
CLM20260403004219,RID57123,severe_pollution,18.9,5,33.5,55.5,5.18,10,0.92,9,0
CLM20260403004220,RID12686,severe_pollution,15.1,7,53.1,54.7,6.94,7,-0.63,20,0
CLM20260403004221,RID67185,severe_pollution,71.5,4,50.5,51.4,1.15,5,0.16,8,0
CLM20260403004222,RID65592,heavy_rainfall,41.7,5,33.9,21.2,0.27,9,-1.42,20,0
CLM20260403004223,RID67325,civic_unrest,89.2,2,8.8,34.0,0.61,9,1.38,11,0
CLM20260403004224,RID55643,extreme_heat,0.5,0,92.2,8.2,15.29,32,2.81,3,1
CLM20260403004225,RID45274,civic_unrest,49.6,0,13.5,11.5,2.67,9,2.78,22,0
CLM20260403004226,RID44060,severe_pollution,155.1,7,42.5,36.1,0.98,3,1.1,22,0
CLM20260403004227,RID30722,extreme_heat,35.1,2,24.1,31.8,2.77,5,1.14,7,0
CLM20260403004228,RID38722,extreme_heat,55.8,2,12.2,21.6,1.66,7,-1.11,11,1
CLM20260403004229,RID14757,severe_pollution,97.6,1,59.8,29.5,1.67,11,-0.7,16,0
CLM20260403004230,RID57785,heavy_rainfall,133.7,3,112.4,80.0,2.43,11,-0.41,20,0
CLM20260403004231,RID39960,heavy_rainfall,70.5,3,57.5,9.3,0.53,10,0.11,7,1
CLM20260403004232,RID30808,heavy_rainfall,58.7,4,94.1,19.3,2.87,6,1.74,28,0
CLM20260403004233,RID90668,heavy_rainfall,59.0,3,147.1,24.0,0.14,14,-0.38,13,0
CLM20260403004234,RID42819,heavy_rainfall,2.7,0,6.1,12.9,13.45,39,2.44,4,1
CLM20260403004235,RID78846,civic_unrest,185.1,3,9.4,44.7,2.69,6,1.14,16,0
CLM20260403004236,RID69388,extreme_heat,63.4,0,28.3,47.3,0.52,7,-0.34,10,0
CLM20260403004237,RID48424,extreme_heat,45.3,2,17.5,21.5,0.77,6,1.28,10,0
CLM20260403004238,RID67133,civic_unrest,8.9,0,6.6,10.6,14.79,23,2.55,1,1
CLM20260403004239,RID34382,extreme_heat,20.7,2,55.1,21.9,1.41,12,1.91,23,0
CLM20260403004240,RID63669,civic_unrest,36.7,3,53.9,22.3,0.37,8,-1.02,28,0
CLM20260403004241,RID31840,heavy_rainfall,49.6,1,86.2,59.3,0.95,5,0.49,7,0
CLM20260403004242,RID40384,heavy_rainfall,56.0,5,95.8,34.9,4.07,8,-1.03,24,0
CLM20260403004243,RID91388,heavy_rainfall,68.8,1,49.0,10.5,0.15,8,-1.99,26,0
CLM20260403004244,RID85053,extreme_heat,65.4,4,38.0,17.6,5.85,9,-0.31,8,0
CLM20260403004245,RID47780,severe_pollution,18.6,0,2.4,10.9,14.68,40,1.83,1,1
CLM20260403004246,RID65478,extreme_heat,42.7,3,54.8,22.4,3.12,7,-1.72,25,0
CLM20260403004247,RID40965,heavy_rainfall,10.0,3,117.2,55.3,0.23,7,-1.58,7,0
CLM20260403004248,RID35609,heavy_rainfall,25.2,5,27.5,37.3,0.17,12,0.62,10,0
CLM20260403004249,RID18831,heavy_rainfall,73.6,5,145.1,27.2,0.28,14,-0.55,19,0
CLM20260403004250,RID45264,extreme_heat,1.7,2,8.1,13.6,0.74,34,2.77,3,1
CLM20260403004251,RID79986,heavy_rainfall,129.1,4,119.4,11.4,1.72,10,-0.4,12,0
CLM20260403004252,RID70625,civic_unrest,35.2,4,55.2,3.6,0.02,12,-0.33,20,0
CLM20260403004253,RID33451,extreme_heat,2.8,0,7.9,2.4,5.07,35,4.89,8,1
CLM20260403004254,RID79947,extreme_heat,93.6,3,52.1,29.0,0.98,9,-0.71,24,0
CLM20260403004255,RID42197,heavy_rainfall,21.9,0,120.9,55.7,1.01,11,0.39,25,1
CLM20260403004256,RID52661,extreme_heat,49.1,4,24.0,42.4,3.38,7,2.09,17,0
CLM20260403004257,RID45695,heavy_rainfall,191.3,1,84.2,12.1,0.1,6,-1.32,22,0
CLM20260403004258,RID75655,heavy_rainfall,37.1,2,144.8,16.6,0.68,12,-0.93,7,0
CLM20260403004259,RID61616,extreme_heat,48.6,4,16.0,12.2,3.1,4,0.14,8,0
CLM20260403004260,RID31889,heavy_rainfall,7.3,0,7.7,7.3,18.51,44,3.38,8,1
CLM20260403004261,RID71481,extreme_heat,65.3,2,10.7,35.4,1.13,8,0.53,21,0
CLM20260403004262,RID27339,extreme_heat,24.6,4,34.3,15.8,5.3,5,-0.58,29,0
CLM20260403004263,RID89818,civic_unrest,64.3,5,23.6,19.2,1.63,9,0.0,29,0
CLM20260403004264,RID85217,civic_unrest,21.7,3,37.8,16.7,3.21,8,2.77,11,0
CLM20260403004265,RID70608,extreme_heat,50.5,3,35.1,10.9,0.38,6,0.47,14,0
CLM20260403004266,RID69630,extreme_heat,114.8,6,37.6,7.7,0.71,9,0.0,17,0
CLM20260403004267,RID24401,extreme_heat,75.8,5,44.4,32.2,0.08,12,-0.89,16,0
CLM20260403004268,RID31245,heavy_rainfall,38.8,3,111.1,25.5,0.34,9,0.68,26,0
CLM20260403004269,RID18791,severe_pollution,3.3,0,110.2,0.6,18.11,34,2.32,8,1
CLM20260403004270,RID27813,heavy_rainfall,74.6,5,74.0,24.4,1.13,9,0.85,12,0
CLM20260403004271,RID47644,severe_pollution,5.6,4,44.7,80.0,0.54,9,1.76,19,0
CLM20260403004272,RID79323,severe_pollution,61.7,3,57.2,20.2,0.74,7,0.89,22,0
CLM20260403004273,RID98804,severe_pollution,0.7,0,5.4,3.4,17.25,39,1.75,1,1
CLM20260403004274,RID82130,severe_pollution,85.5,2,39.5,28.5,0.5,4,-0.13,28,0
CLM20260403004275,RID78819,severe_pollution,17.7,0,64.1,7.6,7.67,36,1.78,8,1
CLM20260403004276,RID94849,civic_unrest,113.3,2,12.9,17.3,1.2,6,-1.77,22,0
CLM20260403004277,RID89366,severe_pollution,44.6,3,17.0,16.0,0.29,5,0.91,19,0
CLM20260403004278,RID42955,severe_pollution,92.1,2,19.8,33.1,0.55,4,0.13,12,0
CLM20260403004279,RID31875,severe_pollution,78.2,2,45.6,12.4,1.54,11,-0.24,14,0
CLM20260403004280,RID26546,heavy_rainfall,78.2,0,34.7,17.5,0.65,4,-0.91,28,0
CLM20260403004281,RID37117,heavy_rainfall,15.8,5,42.5,23.0,0.71,8,2.19,24,0
CLM20260403004282,RID88616,civic_unrest,149.2,1,30.1,18.3,3.36,7,0.73,9,0
CLM20260403004283,RID49117,heavy_rainfall,45.2,2,59.0,43.8,1.28,5,0.96,20,0
CLM20260403004284,RID89219,severe_pollution,39.7,2,26.2,16.9,2.35,6,0.25,22,0
CLM20260403004285,RID60144,severe_pollution,56.7,6,29.7,14.8,0.18,8,-1.89,27,0
CLM20260403004286,RID49258,civic_unrest,46.6,1,13.6,10.6,1.65,11,0.3,17,0
CLM20260403004287,RID13129,civic_unrest,20.3,1,58.7,3.3,1.91,12,3.29,20,0
CLM20260403004288,RID73861,extreme_heat,45.3,8,14.9,80.0,0.89,10,-0.25,23,0
CLM20260403004289,RID12102,extreme_heat,7.2,2,59.3,28.2,5.0,8,1.02,7,0
CLM20260403004290,RID67086,extreme_heat,63.0,1,23.2,42.9,1.07,8,-1.03,22,0
CLM20260403004291,RID68974,extreme_heat,3.9,0,120.9,14.2,19.45,37,2.4,4,1
CLM20260403004292,RID95075,civic_unrest,35.1,1,58.6,8.9,0.28,12,1.04,29,0
CLM20260403004293,RID61951,extreme_heat,62.7,3,11.5,38.5,2.59,6,0.45,23,0
CLM20260403004294,RID28653,heavy_rainfall,43.4,3,46.8,34.4,0.87,10,0.17,16,1
CLM20260403004295,RID39762,severe_pollution,57.4,7,38.9,32.8,1.35,14,1.49,22,0
CLM20260403004296,RID43150,severe_pollution,42.0,2,50.3,43.3,0.06,9,2.02,17,0
CLM20260403004297,RID62329,severe_pollution,22.8,3,29.4,29.7,0.0,11,-0.22,11,0
CLM20260403004298,RID70975,civic_unrest,29.5,3,19.0,34.7,2.38,8,0.48,26,0
CLM20260403004299,RID36829,severe_pollution,108.8,3,47.9,22.6,0.53,5,0.98,26,0
CLM20260403004300,RID27093,severe_pollution,64.7,2,15.5,38.5,0.37,16,0.15,29,0
CLM20260403004301,RID16730,extreme_heat,55.6,0,11.0,26.0,3.89,13,1.78,22,0
CLM20260403004302,RID29075,heavy_rainfall,1.5,0,52.9,14.3,5.03,34,2.53,3,1
CLM20260403004303,RID48721,civic_unrest,56.9,2,45.0,11.5,0.21,7,-0.5,20,0
CLM20260403004304,RID16962,civic_unrest,4.9,0,182.3,4.4,7.04,34,3.96,4,1
CLM20260403004305,RID70960,severe_pollution,42.9,5,8.8,6.8,0.3,2,-0.54,25,0
CLM20260403004306,RID95646,severe_pollution,58.8,4,46.9,67.9,2.32,8,-0.0,25,0
CLM20260403004307,RID20239,civic_unrest,12.3,4,37.9,24.1,1.97,5,1.49,18,0
CLM20260403004308,RID56500,severe_pollution,82.3,1,41.3,25.4,0.99,9,0.58,8,0
CLM20260403004309,RID15311,severe_pollution,30.3,4,56.2,21.0,0.96,10,0.43,9,0
CLM20260403004310,RID18880,civic_unrest,37.1,2,18.7,22.3,0.18,9,-0.11,17,0
CLM20260403004311,RID53444,extreme_heat,43.0,4,27.8,48.2,3.55,3,-1.08,13,0
CLM20260403004312,RID50677,extreme_heat,88.9,3,38.9,3.2,0.73,14,-0.22,7,0
CLM20260403004313,RID11449,heavy_rainfall,2.1,0,7.4,13.3,16.31,43,4.54,4,1
CLM20260403004314,RID29128,civic_unrest,162.2,3,43.6,12.0,4.4,11,0.03,20,0
CLM20260403004315,RID17849,heavy_rainfall,53.8,2,101.1,12.0,1.48,9,-0.08,7,0
CLM20260403004316,RID76782,extreme_heat,31.3,2,51.3,26.9,0.37,9,-0.06,21,0
CLM20260403004317,RID92663,civic_unrest,49.3,6,47.0,21.4,1.46,9,-0.82,21,0
CLM20260403004318,RID13164,severe_pollution,61.6,4,16.3,29.0,0.85,8,-0.71,21,0
CLM20260403004319,RID62876,civic_unrest,11.0,3,37.7,53.3,0.13,12,0.32,20,0
CLM20260403004320,RID90337,severe_pollution,2.0,0,3.5,12.1,16.01,33,1.5,2,1
CLM20260403004321,RID55472,civic_unrest,59.6,1,44.6,29.2,0.92,4,0.84,16,0
CLM20260403004322,RID47345,civic_unrest,114.3,4,40.1,2.1,2.22,12,-0.15,16,0
CLM20260403004323,RID16673,heavy_rainfall,53.2,0,82.7,11.6,5.02,7,-0.82,14,0
CLM20260403004324,RID67461,severe_pollution,41.5,1,29.1,62.9,1.57,7,-1.17,12,0
CLM20260403004325,RID66807,heavy_rainfall,37.7,2,90.0,44.9,1.2,8,1.14,29,0
CLM20260403004326,RID97335,heavy_rainfall,40.7,5,32.5,13.6,1.81,4,-0.81,15,0
CLM20260403004327,RID30097,severe_pollution,24.1,5,30.2,5.6,0.18,11,-2.83,14,0
CLM20260403004328,RID53273,severe_pollution,13.3,0,175.2,2.4,12.73,37,3.05,4,1
CLM20260403004329,RID93257,civic_unrest,82.8,3,13.8,39.3,0.33,6,-1.14,19,0
CLM20260403004330,RID28868,extreme_heat,1.0,0,124.2,0.6,14.46,33,4.22,2,1
CLM20260403004331,RID35733,heavy_rainfall,12.0,0,4.1,1.6,0.43,40,3.55,1,1
CLM20260403004332,RID90854,severe_pollution,5.4,5,19.0,41.2,3.8,5,-2.54,29,0
CLM20260403004333,RID46144,severe_pollution,103.5,2,48.7,54.5,1.59,6,1.64,25,0
CLM20260403004334,RID38866,heavy_rainfall,44.8,2,100.6,53.4,0.2,7,0.3,29,0
CLM20260403004335,RID15768,civic_unrest,83.5,5,17.0,10.1,2.11,6,-0.74,9,0
CLM20260403004336,RID11587,extreme_heat,22.4,5,59.6,13.9,0.08,8,1.35,24,0
CLM20260403004337,RID35492,severe_pollution,55.0,4,51.0,24.9,0.94,13,-0.94,15,0
CLM20260403004338,RID84618,extreme_heat,20.3,4,31.6,19.1,0.02,6,-1.33,7,0
CLM20260403004339,RID64734,extreme_heat,38.9,2,56.6,34.9,2.35,6,-0.61,21,0
CLM20260403004340,RID65956,civic_unrest,122.2,1,40.1,19.7,0.08,5,0.27,10,0
CLM20260403004341,RID37605,heavy_rainfall,65.4,2,38.5,25.4,4.23,15,-1.12,23,0
CLM20260403004342,RID18680,extreme_heat,24.4,4,11.5,65.2,0.72,11,1.52,12,0
CLM20260403004343,RID14910,civic_unrest,76.2,3,48.6,76.3,4.37,12,-2.7,22,0
CLM20260403004344,RID73263,heavy_rainfall,60.1,4,95.7,44.8,1.17,5,-0.11,28,0
CLM20260403004345,RID38717,severe_pollution,7.5,2,41.2,12.1,1.06,10,0.5,14,0
CLM20260403004346,RID31706,severe_pollution,18.7,4,41.3,11.1,1.6,7,-1.34,27,0
CLM20260403004347,RID24973,heavy_rainfall,36.0,2,128.3,14.4,1.07,5,0.88,20,0
CLM20260403004348,RID97741,severe_pollution,42.0,1,54.2,22.7,0.04,8,-0.43,24,0
CLM20260403004349,RID54923,civic_unrest,84.3,3,30.7,8.2,2.23,10,-1.75,20,0
CLM20260403004350,RID71463,civic_unrest,8.6,1,51.9,25.4,0.14,8,0.17,14,0
CLM20260403004351,RID85634,civic_unrest,12.9,3,14.9,14.9,0.97,5,0.74,29,0
CLM20260403004352,RID92775,civic_unrest,57.3,4,38.1,36.9,2.32,12,-0.94,21,0
CLM20260403004353,RID79036,extreme_heat,41.4,2,39.3,39.0,0.23,8,-0.14,11,0
CLM20260403004354,RID97523,civic_unrest,38.1,4,28.6,32.4,0.58,8,-0.26,7,1
CLM20260403004355,RID87837,extreme_heat,120.3,4,46.6,58.7,0.02,7,-2.41,12,0
CLM20260403004356,RID39648,heavy_rainfall,96.1,2,71.5,36.7,0.52,7,-0.85,28,0
CLM20260403004357,RID66868,severe_pollution,20.4,4,58.1,40.1,2.14,10,1.12,25,0
CLM20260403004358,RID45676,civic_unrest,2.7,0,68.6,8.7,1.37,26,3.16,1,1
CLM20260403004359,RID76694,civic_unrest,9.7,0,176.2,6.7,7.77,37,3.9,4,1
CLM20260403004360,RID75388,severe_pollution,1.5,0,116.2,0.5,16.89,36,4.27,1,1
CLM20260403004361,RID16722,civic_unrest,86.1,3,10.3,56.1,1.77,12,-3.02,28,0
CLM20260403004362,RID43769,heavy_rainfall,61.3,4,74.7,12.4,4.24,8,-0.76,11,0
CLM20260403004363,RID29394,extreme_heat,6.5,1,43.5,4.2,6.31,31,1.64,3,1
CLM20260403004364,RID38698,extreme_heat,102.0,1,54.5,17.9,1.87,8,0.92,28,0
CLM20260403004365,RID70862,extreme_heat,51.4,1,46.2,42.3,0.74,4,-0.4,26,0
CLM20260403004366,RID22923,civic_unrest,150.9,4,11.3,11.6,0.23,11,-1.0,28,0
CLM20260403004367,RID64086,severe_pollution,23.0,4,21.9,34.2,3.93,7,1.02,14,0
CLM20260403004368,RID64957,civic_unrest,41.6,1,22.0,73.1,7.7,7,-0.68,22,0
CLM20260403004369,RID49201,heavy_rainfall,36.4,6,97.3,45.3,4.2,6,-0.78,23,0
CLM20260403004370,RID41784,extreme_heat,66.5,1,52.4,23.3,0.12,7,-0.68,7,1
CLM20260403004371,RID91665,severe_pollution,86.4,2,53.4,10.5,0.39,8,0.11,21,0
CLM20260403004372,RID96885,heavy_rainfall,88.8,4,125.2,39.1,0.72,5,-2.54,10,0
CLM20260403004373,RID51150,heavy_rainfall,145.0,2,53.0,29.3,0.73,5,-1.37,20,0
CLM20260403004374,RID67098,severe_pollution,78.3,2,22.1,43.1,1.43,8,1.27,21,0
CLM20260403004375,RID66645,extreme_heat,19.7,3,57.0,31.5,0.83,9,-0.4,8,0
CLM20260403004376,RID64293,severe_pollution,88.7,3,19.2,14.9,1.04,6,0.34,27,0
CLM20260403004377,RID14010,civic_unrest,2.3,3,54.9,45.0,0.47,9,0.39,20,0
CLM20260403004378,RID58546,heavy_rainfall,5.5,0,101.4,40.5,5.97,7,0.75,23,1
CLM20260403004379,RID50371,extreme_heat,79.4,2,30.4,38.0,0.88,9,0.45,16,0
CLM20260403004380,RID73769,severe_pollution,181.9,5,23.6,13.8,5.44,5,2.25,13,0
CLM20260403004381,RID61949,extreme_heat,54.0,3,27.2,61.8,0.16,5,0.63,8,0
CLM20260403004382,RID63125,severe_pollution,128.8,0,29.9,13.5,2.25,9,1.69,21,0
CLM20260403004383,RID40816,civic_unrest,170.7,3,49.5,7.4,0.18,6,-0.72,7,0
CLM20260403004384,RID41881,extreme_heat,4.0,0,172.4,3.5,18.2,34,3.86,2,1
CLM20260403004385,RID54054,extreme_heat,12.9,0,31.5,39.7,1.2,8,0.69,20,0
CLM20260403004386,RID88378,civic_unrest,6.7,2,17.1,19.8,1.81,4,-1.32,24,0
CLM20260403004387,RID87784,severe_pollution,49.4,1,18.3,29.0,1.35,10,0.39,11,0
CLM20260403004388,RID20863,heavy_rainfall,62.4,3,60.4,32.4,5.2,7,-0.33,16,0
CLM20260403004389,RID20760,heavy_rainfall,49.1,1,145.6,43.1,0.69,4,-0.29,10,0
CLM20260403004390,RID11112,extreme_heat,59.7,1,18.6,20.3,3.16,7,-0.51,12,0
CLM20260403004391,RID80827,severe_pollution,55.9,3,59.9,68.3,1.78,10,-0.31,28,0
CLM20260403004392,RID74572,heavy_rainfall,1.1,0,4.3,4.6,10.45,30,4.09,1,1
CLM20260403004393,RID94930,extreme_heat,40.9,6,33.6,8.0,1.74,7,-0.84,20,0
CLM20260403004394,RID16731,heavy_rainfall,42.1,1,76.6,45.9,0.33,8,3.07,22,0
CLM20260403004395,RID71762,extreme_heat,15.3,1,13.6,62.6,0.01,11,-1.08,27,0
CLM20260403004396,RID14284,extreme_heat,15.4,2,30.0,33.0,0.55,8,-0.19,21,0
CLM20260403004397,RID48197,civic_unrest,110.2,6,15.8,51.4,0.95,10,0.14,25,0
CLM20260403004398,RID98963,civic_unrest,39.7,4,14.5,32.7,0.92,11,0.87,25,0
CLM20260403004399,RID97301,heavy_rainfall,54.0,1,77.1,16.2,0.17,4,0.76,13,0
CLM20260403004400,RID15299,extreme_heat,65.6,1,26.3,8.8,0.52,9,1.37,25,0
CLM20260403004401,RID50601,civic_unrest,39.4,3,53.4,5.1,2.19,5,2.16,13,0
CLM20260403004402,RID23103,heavy_rainfall,54.4,0,147.6,49.9,3.02,12,-0.25,11,0
CLM20260403004403,RID86397,heavy_rainfall,69.5,6,108.2,4.5,3.06,7,1.63,15,0
CLM20260403004404,RID15179,heavy_rainfall,7.8,0,170.1,7.9,1.33,33,3.2,1,1
CLM20260403004405,RID35198,extreme_heat,0.8,0,7.7,8.6,17.94,36,2.96,5,0
CLM20260403004406,RID61231,severe_pollution,47.0,8,10.4,22.4,0.8,13,0.5,23,0
CLM20260403004407,RID24095,civic_unrest,5.7,0,86.0,14.0,6.63,36,2.91,1,1
CLM20260403004408,RID87774,civic_unrest,56.2,3,47.5,44.7,1.1,5,-1.43,28,0
CLM20260403004409,RID90666,heavy_rainfall,17.7,4,94.3,70.1,0.17,4,0.18,16,0
CLM20260403004410,RID90312,civic_unrest,20.4,4,27.8,5.7,0.12,15,0.78,24,0
CLM20260403004411,RID28168,heavy_rainfall,89.9,4,113.6,46.5,1.89,5,-1.28,10,0
CLM20260403004412,RID70599,civic_unrest,57.1,0,34.7,9.3,1.52,5,0.75,22,0
CLM20260403004413,RID30629,heavy_rainfall,3.5,1,6.3,13.2,16.16,36,2.21,1,1
CLM20260403004414,RID75066,extreme_heat,85.9,4,52.8,51.0,1.95,5,1.02,25,0
CLM20260403004415,RID47184,heavy_rainfall,55.8,3,40.0,2.1,0.52,8,-1.86,16,0
CLM20260403004416,RID61562,civic_unrest,31.4,4,22.9,38.9,0.94,10,-0.6,12,0
CLM20260403004417,RID97164,extreme_heat,41.1,4,28.1,56.6,0.19,10,1.63,15,0
CLM20260403004418,RID71952,severe_pollution,61.5,5,57.2,33.6,4.42,6,-0.08,25,0
CLM20260403004419,RID57022,civic_unrest,41.8,1,42.0,16.3,0.19,7,0.46,21,0
CLM20260403004420,RID48489,severe_pollution,82.0,3,19.8,26.5,2.2,11,0.43,25,0
CLM20260403004421,RID64784,extreme_heat,67.0,7,27.2,69.1,0.06,8,1.05,24,0
CLM20260403004422,RID50543,civic_unrest,77.9,0,50.3,7.3,0.2,9,2.58,11,0
CLM20260403004423,RID37596,extreme_heat,13.9,6,36.0,18.2,1.16,7,0.58,16,0
CLM20260403004424,RID70461,extreme_heat,31.2,1,30.6,27.0,4.45,10,-0.74,12,0
CLM20260403004425,RID30344,heavy_rainfall,37.5,3,51.9,39.2,0.68,9,-0.13,29,0
CLM20260403004426,RID20414,heavy_rainfall,17.6,2,56.2,37.6,3.99,8,-0.04,7,1
CLM20260403004427,RID87028,heavy_rainfall,32.4,3,141.6,80.0,1.18,17,0.18,19,0
CLM20260403004428,RID29356,heavy_rainfall,22.5,2,92.0,13.5,0.0,11,1.59,8,0
CLM20260403004429,RID68840,extreme_heat,7.6,0,172.3,2.8,13.33,45,3.46,3,1
CLM20260403004430,RID29572,heavy_rainfall,28.8,3,76.2,8.5,0.76,7,0.38,17,0
CLM20260403004431,RID47024,civic_unrest,59.1,3,56.3,1.3,0.69,12,-1.41,24,0
CLM20260403004432,RID51936,extreme_heat,53.3,1,9.4,80.0,2.07,13,0.64,28,0
CLM20260403004433,RID73123,severe_pollution,118.9,2,40.1,29.1,0.72,6,0.21,16,0
CLM20260403004434,RID63723,heavy_rainfall,28.1,2,56.3,75.2,0.09,9,-0.16,7,1
CLM20260403004435,RID94451,civic_unrest,1.6,1,6.2,8.1,9.6,40,1.98,1,0
CLM20260403004436,RID37495,severe_pollution,140.2,3,13.6,1.1,1.69,8,-0.15,7,0
CLM20260403004437,RID96007,heavy_rainfall,88.4,6,41.6,9.1,2.49,8,0.33,18,0
CLM20260403004438,RID57737,extreme_heat,63.0,2,8.3,20.7,1.2,9,1.0,25,0
CLM20260403004439,RID61222,extreme_heat,104.3,3,39.4,29.3,0.21,10,-1.45,26,1
CLM20260403004440,RID55231,heavy_rainfall,77.8,4,71.5,5.5,0.46,6,0.07,16,0
CLM20260403004441,RID16411,heavy_rainfall,21.9,3,144.3,7.8,0.55,6,-0.2,12,0
CLM20260403004442,RID43053,severe_pollution,138.7,2,31.9,50.7,0.99,8,-0.99,28,0
CLM20260403004443,RID34453,severe_pollution,34.4,1,25.0,24.6,0.93,6,0.81,29,1
CLM20260403004444,RID70752,severe_pollution,8.8,1,54.4,1.3,7.09,27,4.03,2,1
CLM20260403004445,RID52412,severe_pollution,1.2,0,2.5,0.5,10.21,38,2.32,1,1
CLM20260403004446,RID27419,civic_unrest,7.6,0,7.7,0.5,12.55,39,2.98,2,1
CLM20260403004447,RID65358,civic_unrest,42.3,3,23.3,43.4,1.56,7,0.27,18,0
CLM20260403004448,RID84261,extreme_heat,111.5,2,34.3,56.3,0.7,6,0.93,17,0
CLM20260403004449,RID10975,extreme_heat,19.8,4,59.4,33.0,0.36,7,-1.15,13,0
CLM20260403004450,RID42846,severe_pollution,33.7,2,38.5,10.0,0.92,7,-0.94,22,0
CLM20260403004451,RID22218,severe_pollution,95.2,1,22.8,39.1,0.07,6,1.72,24,0
CLM20260403004452,RID53850,extreme_heat,43.4,4,55.5,27.3,0.26,4,0.28,12,0
CLM20260403004453,RID15508,extreme_heat,22.0,1,39.1,46.8,0.19,9,-0.38,8,0
CLM20260403004454,RID41460,severe_pollution,63.3,2,26.2,30.3,0.23,8,-1.03,29,0
CLM20260403004455,RID46419,extreme_heat,40.5,1,21.8,73.6,1.51,4,0.1,20,0
CLM20260403004456,RID33660,severe_pollution,134.3,1,24.8,72.0,2.28,9,0.64,20,0
CLM20260403004457,RID15039,heavy_rainfall,47.4,3,105.8,59.0,0.83,7,-0.75,14,0
CLM20260403004458,RID92776,civic_unrest,48.3,1,59.4,7.5,0.35,9,-0.32,29,0
CLM20260403004459,RID54952,civic_unrest,87.9,2,60.0,19.9,0.44,7,1.86,21,0
CLM20260403004460,RID54194,heavy_rainfall,55.1,1,74.1,37.6,0.09,14,2.38,28,0
CLM20260403004461,RID23709,severe_pollution,56.5,6,42.7,31.4,2.78,6,-1.97,22,0
CLM20260403004462,RID75677,extreme_heat,14.7,0,40.0,27.1,1.8,13,-2.3,24,0
CLM20260403004463,RID37664,extreme_heat,47.6,3,24.6,32.5,0.7,6,-2.52,21,0
CLM20260403004464,RID53583,civic_unrest,31.9,2,16.7,8.5,0.16,5,-1.8,7,0
CLM20260403004465,RID79582,severe_pollution,50.1,3,39.2,9.5,0.28,9,-0.29,10,0
CLM20260403004466,RID79302,extreme_heat,55.0,4,45.4,28.0,9.75,6,0.01,26,0
CLM20260403004467,RID67008,heavy_rainfall,102.0,5,35.9,46.6,0.81,9,-3.1,25,1
CLM20260403004468,RID69631,civic_unrest,2.0,0,8.3,5.8,0.52,41,2.9,1,1
CLM20260403004469,RID80620,severe_pollution,51.7,6,17.9,20.6,2.2,4,-0.53,17,0
CLM20260403004470,RID15834,civic_unrest,54.2,0,53.0,25.3,1.54,10,0.09,26,0
CLM20260403004471,RID53595,heavy_rainfall,12.8,3,91.1,2.3,2.46,12,0.3,8,0
CLM20260403004472,RID63390,heavy_rainfall,127.3,1,146.7,26.6,1.48,8,0.72,14,0
CLM20260403004473,RID72195,severe_pollution,60.3,2,47.5,24.4,1.57,5,0.02,12,0
CLM20260403004474,RID70757,extreme_heat,46.2,4,39.2,8.5,1.34,6,-0.67,13,0
CLM20260403004475,RID51311,extreme_heat,77.7,2,23.5,31.6,1.06,8,-0.11,11,0
CLM20260403004476,RID68886,civic_unrest,109.2,4,43.8,12.4,0.74,6,-0.79,10,0
CLM20260403004477,RID49358,heavy_rainfall,35.3,5,81.9,77.5,2.17,8,0.28,19,0
CLM20260403004478,RID40077,civic_unrest,177.0,6,40.4,23.8,1.15,11,-0.86,15,0
CLM20260403004479,RID61748,civic_unrest,42.0,7,11.1,44.5,1.26,15,0.42,16,0
CLM20260403004480,RID10561,extreme_heat,69.0,3,10.6,80.0,2.72,7,-2.23,26,0
CLM20260403004481,RID15314,extreme_heat,19.5,6,19.4,15.5,0.47,6,0.0,12,0
CLM20260403004482,RID68884,extreme_heat,50.9,3,33.4,39.5,0.51,5,0.23,12,0
CLM20260403004483,RID62032,heavy_rainfall,95.5,5,43.0,16.7,1.94,6,-0.71,21,0
CLM20260403004484,RID66362,heavy_rainfall,13.7,4,81.4,34.7,0.04,4,1.84,26,0
CLM20260403004485,RID19975,civic_unrest,53.0,3,36.9,19.2,3.21,7,-1.44,25,0
CLM20260403004486,RID80157,severe_pollution,39.5,6,13.3,21.3,0.3,12,1.93,23,0
CLM20260403004487,RID12142,civic_unrest,154.2,1,14.0,11.9,0.58,8,-0.89,23,0
CLM20260403004488,RID88675,heavy_rainfall,53.3,1,106.2,28.1,1.44,8,-0.68,11,0
CLM20260403004489,RID75095,extreme_heat,15.6,3,10.7,30.1,0.18,6,0.66,16,0
CLM20260403004490,RID80004,civic_unrest,138.8,3,34.6,30.3,1.44,15,-0.68,12,0
CLM20260403004491,RID25187,extreme_heat,36.1,3,56.0,13.1,0.96,9,0.53,24,1
CLM20260403004492,RID60990,civic_unrest,35.5,1,52.9,34.7,1.14,6,0.36,11,0
CLM20260403004493,RID33230,extreme_heat,219.8,1,53.1,4.8,3.18,3,-0.24,13,1
CLM20260403004494,RID11862,severe_pollution,42.2,2,47.8,23.2,0.43,9,-1.62,18,0
CLM20260403004495,RID20443,civic_unrest,12.4,4,30.2,29.0,2.63,8,1.23,7,0
CLM20260403004496,RID94783,extreme_heat,43.1,4,48.8,21.9,1.23,3,0.94,28,1
CLM20260403004497,RID72896,heavy_rainfall,57.9,3,91.1,80.0,0.26,7,0.61,8,0
CLM20260403004498,RID23036,extreme_heat,66.1,1,16.6,37.3,1.67,12,0.74,29,0
CLM20260403004499,RID43841,extreme_heat,59.6,1,37.4,24.2,2.12,8,1.01,12,0
CLM20260403004500,RID96174,civic_unrest,40.3,3,53.1,25.2,0.31,4,-2.32,29,0
CLM20260403004501,RID98055,civic_unrest,66.0,4,49.8,13.0,2.15,9,0.22,27,0
CLM20260403004502,RID64470,extreme_heat,37.4,2,24.3,26.6,0.89,6,-0.78,10,0
CLM20260403004503,RID65895,extreme_heat,57.4,1,13.5,11.2,0.97,12,-0.02,29,0
CLM20260403004504,RID31483,civic_unrest,49.6,2,29.5,10.1,2.29,9,-1.48,19,0
CLM20260403004505,RID22793,civic_unrest,43.6,4,26.6,16.6,1.95,9,0.59,21,0
CLM20260403004506,RID50565,heavy_rainfall,148.6,2,33.4,51.3,4.38,4,0.86,28,0
CLM20260403004507,RID19991,extreme_heat,17.7,3,29.4,46.8,0.73,6,1.86,25,0
CLM20260403004508,RID25917,heavy_rainfall,138.6,3,40.5,15.7,0.02,14,1.69,16,0
CLM20260403004509,RID41398,heavy_rainfall,35.6,6,149.8,7.2,0.94,9,-0.66,11,0
CLM20260403004510,RID45396,extreme_heat,80.0,6,8.7,23.0,0.71,5,-0.54,10,0
CLM20260403004511,RID24859,severe_pollution,75.0,3,48.1,52.0,2.06,13,-2.01,19,0
CLM20260403004512,RID54240,heavy_rainfall,91.5,2,76.8,5.2,0.35,9,1.26,17,0
CLM20260403004513,RID75596,severe_pollution,3.9,0,3.0,10.0,7.05,37,2.47,2,1
CLM20260403004514,RID76948,heavy_rainfall,62.0,3,24.9,25.0,0.41,8,0.67,13,0
CLM20260403004515,RID73077,civic_unrest,43.3,3,39.8,26.4,0.09,14,-2.44,17,0
CLM20260403004516,RID20914,civic_unrest,28.1,3,12.4,19.4,1.29,8,1.14,25,0
CLM20260403004517,RID22062,civic_unrest,28.9,4,55.1,43.0,2.14,6,-0.11,18,0
CLM20260403004518,RID33120,severe_pollution,26.6,2,35.7,21.8,0.93,7,0.99,14,0
CLM20260403004519,RID34811,civic_unrest,92.1,0,39.8,10.7,1.79,7,2.33,24,0
CLM20260403004520,RID12389,heavy_rainfall,39.8,7,49.6,8.3,0.1,4,0.6,14,0
CLM20260403004521,RID18314,extreme_heat,29.3,3,11.6,62.0,0.98,9,0.05,29,0
CLM20260403004522,RID29111,civic_unrest,35.0,3,11.1,31.9,3.83,6,0.46,26,0
CLM20260403004523,RID31016,extreme_heat,1.5,0,4.4,1.9,18.57,31,2.77,1,0
CLM20260403004524,RID72742,civic_unrest,21.2,0,147.6,1.9,9.76,35,2.72,1,1
CLM20260403004525,RID13904,civic_unrest,38.5,5,48.7,24.4,1.76,5,-0.34,10,0
CLM20260403004526,RID61023,severe_pollution,2.6,0,9.1,8.5,10.37,32,3.53,2,1
CLM20260403004527,RID23575,severe_pollution,2.7,1,135.8,7.6,9.96,28,3.43,2,1
CLM20260403004528,RID37834,extreme_heat,17.1,9,22.3,32.9,5.76,6,0.21,13,0
CLM20260403004529,RID34922,severe_pollution,1.9,1,182.6,13.4,11.42,39,3.57,1,1
CLM20260403004530,RID86854,heavy_rainfall,81.5,6,127.8,80.0,0.26,10,1.05,27,0
CLM20260403004531,RID39720,severe_pollution,21.7,3,50.3,9.2,1.57,8,2.32,13,0
CLM20260403004532,RID83067,severe_pollution,34.5,3,56.7,48.0,1.08,12,1.34,26,0
CLM20260403004533,RID60760,civic_unrest,45.6,0,30.1,55.8,0.98,7,1.56,23,0
CLM20260403004534,RID94217,civic_unrest,94.1,3,29.1,55.2,0.68,11,1.02,18,0
CLM20260403004535,RID36098,heavy_rainfall,19.7,2,80.6,37.6,3.31,12,0.98,17,0
CLM20260403004536,RID14768,severe_pollution,45.2,3,48.8,26.2,0.03,6,-1.38,20,0
CLM20260403004537,RID34652,heavy_rainfall,40.8,4,107.9,2.1,0.12,15,1.64,13,0
CLM20260403004538,RID84834,civic_unrest,7.9,0,65.7,7.1,9.63,39,3.27,1,1
CLM20260403004539,RID12244,civic_unrest,1.9,0,64.0,12.6,6.34,25,1.46,2,1
CLM20260403004540,RID95028,civic_unrest,156.2,2,14.0,47.9,5.63,10,0.77,11,0
CLM20260403004541,RID64464,heavy_rainfall,18.4,4,113.6,27.1,0.01,10,-0.81,25,0
CLM20260403004542,RID51309,severe_pollution,59.7,1,57.9,29.4,1.56,9,0.68,13,0
CLM20260403004543,RID21170,extreme_heat,129.7,1,52.7,9.0,0.0,8,0.35,12,0
CLM20260403004544,RID22579,heavy_rainfall,1.1,0,6.2,9.5,19.63,37,4.13,1,1
CLM20260403004545,RID87710,extreme_heat,63.2,2,47.0,52.1,1.29,14,-1.63,12,0
CLM20260403004546,RID72053,severe_pollution,52.3,4,17.4,37.8,0.44,5,1.4,15,0
CLM20260403004547,RID82559,civic_unrest,61.1,4,30.1,24.2,0.0,7,0.02,8,0
CLM20260403004548,RID25696,heavy_rainfall,24.4,4,61.0,2.4,1.32,6,-0.23,26,0
CLM20260403004549,RID93634,civic_unrest,194.4,4,45.9,21.3,3.26,7,-0.13,7,0
CLM20260403004550,RID42248,civic_unrest,101.0,0,53.7,2.6,1.14,13,1.07,22,0
CLM20260403004551,RID80396,severe_pollution,96.8,4,17.8,50.1,0.45,12,0.06,19,0
CLM20260403004552,RID48463,heavy_rainfall,84.1,2,112.8,29.3,3.6,7,0.92,25,0
CLM20260403004553,RID23968,heavy_rainfall,31.3,1,82.4,18.2,6.92,7,-1.01,15,0
CLM20260403004554,RID49348,extreme_heat,31.8,2,15.7,15.7,0.16,6,3.07,8,0
CLM20260403004555,RID43853,severe_pollution,136.6,3,21.4,42.3,1.32,4,0.65,7,0
CLM20260403004556,RID30058,civic_unrest,56.3,0,26.0,25.4,2.44,19,-0.04,16,0
CLM20260403004557,RID54556,severe_pollution,19.3,6,49.8,11.7,1.3,8,1.53,16,1
CLM20260403004558,RID19751,civic_unrest,57.6,1,45.2,61.8,3.28,10,0.47,10,0
CLM20260403004559,RID19845,severe_pollution,71.5,2,37.6,32.1,1.17,11,-0.77,29,0
CLM20260403004560,RID50420,civic_unrest,151.5,2,20.8,67.5,1.01,9,1.11,7,0
CLM20260403004561,RID63329,heavy_rainfall,110.7,3,102.4,1.0,0.73,6,0.37,25,1
CLM20260403004562,RID13427,civic_unrest,1.3,0,5.0,4.6,13.88,47,3.76,1,1
CLM20260403004563,RID52959,extreme_heat,56.7,4,25.6,32.1,1.98,10,0.73,8,0
CLM20260403004564,RID22199,extreme_heat,134.3,5,40.2,43.8,0.29,12,0.6,8,0
CLM20260403004565,RID78806,heavy_rainfall,30.8,4,91.7,62.5,1.33,11,0.59,26,0
CLM20260403004566,RID57517,heavy_rainfall,46.0,4,67.2,62.0,0.51,10,0.2,8,1
CLM20260403004567,RID22472,civic_unrest,26.9,2,58.8,15.1,1.51,6,-0.58,20,0
CLM20260403004568,RID53749,civic_unrest,74.7,7,24.5,5.2,2.65,16,0.43,29,0
CLM20260403004569,RID26217,extreme_heat,102.4,4,37.3,58.9,0.69,5,0.36,29,0
CLM20260403004570,RID85551,extreme_heat,126.2,4,50.9,51.2,3.86,9,-0.31,15,0
CLM20260403004571,RID86313,heavy_rainfall,33.6,1,115.3,18.5,0.33,9,1.96,19,0
CLM20260403004572,RID40345,heavy_rainfall,155.5,2,78.9,32.1,1.72,5,1.54,19,0
CLM20260403004573,RID46243,civic_unrest,47.1,3,9.0,49.8,0.53,8,-0.24,25,0
CLM20260403004574,RID82116,heavy_rainfall,8.2,6,133.7,28.7,1.68,6,-1.51,10,0
CLM20260403004575,RID81950,civic_unrest,56.5,5,23.4,24.1,0.01,7,-0.95,23,0
CLM20260403004576,RID82399,civic_unrest,56.7,1,11.6,6.1,1.47,13,-1.68,13,0
CLM20260403004577,RID23164,severe_pollution,44.1,2,34.8,80.0,0.13,11,-0.19,20,0
CLM20260403004578,RID15339,civic_unrest,166.1,1,54.9,66.0,1.23,11,-0.9,14,1
CLM20260403004579,RID65072,heavy_rainfall,53.4,2,41.6,40.7,0.12,7,0.91,21,0
CLM20260403004580,RID96231,civic_unrest,57.2,2,29.2,31.1,3.43,13,0.59,29,0
CLM20260403004581,RID45264,heavy_rainfall,48.4,4,124.2,28.1,0.05,11,0.76,24,0
CLM20260403004582,RID27942,heavy_rainfall,67.1,1,77.0,40.6,1.01,10,0.58,10,0
CLM20260403004583,RID22362,heavy_rainfall,39.1,2,112.2,12.3,0.67,11,0.19,15,0
CLM20260403004584,RID24002,severe_pollution,24.7,2,17.5,21.7,1.47,3,0.71,10,0
CLM20260403004585,RID15573,severe_pollution,108.9,1,51.7,24.5,0.62,7,-0.55,13,0
CLM20260403004586,RID57333,severe_pollution,20.5,1,11.2,12.1,3.83,10,0.26,29,0
CLM20260403004587,RID81036,heavy_rainfall,8.0,0,4.7,3.8,0.85,37,1.97,12,1
CLM20260403004588,RID44640,extreme_heat,114.0,4,39.6,11.2,1.67,11,-1.55,20,0
CLM20260403004589,RID87444,extreme_heat,26.1,3,10.1,29.9,0.53,8,0.98,12,0
CLM20260403004590,RID20749,civic_unrest,107.6,3,23.3,42.6,1.97,17,-0.57,17,0
CLM20260403004591,RID32069,extreme_heat,90.6,1,59.2,11.1,0.3,10,0.12,18,0
CLM20260403004592,RID94998,heavy_rainfall,99.3,1,137.0,37.7,2.03,13,1.82,15,0
CLM20260403004593,RID92685,heavy_rainfall,57.5,3,26.8,17.6,1.04,12,0.5,15,0
CLM20260403004594,RID71645,extreme_heat,42.3,0,13.7,55.1,5.15,13,-1.21,16,1
CLM20260403004595,RID26601,extreme_heat,162.9,0,38.1,10.1,1.17,4,-0.34,19,0
CLM20260403004596,RID99449,extreme_heat,130.7,4,38.1,40.8,1.16,10,1.61,25,0
CLM20260403004597,RID63465,heavy_rainfall,30.9,4,123.1,33.2,0.78,9,0.44,8,0
CLM20260403004598,RID99313,civic_unrest,54.8,5,10.2,28.2,0.01,7,-0.5,18,0
CLM20260403004599,RID85588,extreme_heat,43.8,3,13.6,9.3,0.52,7,0.77,18,0
CLM20260403004600,RID74572,extreme_heat,2.1,0,65.2,14.5,17.79,42,2.17,12,1
CLM20260403004601,RID17781,severe_pollution,29.6,3,58.6,4.2,0.62,5,-2.66,25,0
CLM20260403004602,RID37657,severe_pollution,82.2,3,16.2,28.4,1.96,8,-0.26,29,0
CLM20260403004603,RID35227,civic_unrest,147.1,1,45.4,25.9,1.26,8,0.23,13,0
CLM20260403004604,RID55123,extreme_heat,55.7,3,14.9,21.5,4.13,7,0.11,22,0
CLM20260403004605,RID63021,severe_pollution,30.3,2,56.7,46.0,4.82,7,0.24,13,0
CLM20260403004606,RID85803,civic_unrest,17.0,4,41.7,50.2,0.16,6,-1.41,20,0
CLM20260403004607,RID45305,extreme_heat,20.4,8,13.2,15.5,1.77,5,1.85,25,0
CLM20260403004608,RID90790,heavy_rainfall,100.4,3,102.7,10.7,0.5,9,0.05,18,0
CLM20260403004609,RID65079,civic_unrest,168.2,2,54.9,25.9,0.79,5,0.84,10,0
CLM20260403004610,RID94978,severe_pollution,1.7,0,8.7,12.0,7.29,30,2.65,2,0
CLM20260403004611,RID10190,heavy_rainfall,35.4,3,141.1,26.4,0.04,7,2.11,9,0
CLM20260403004612,RID63155,extreme_heat,49.7,6,10.1,25.7,2.86,10,-0.7,17,0
CLM20260403004613,RID43152,extreme_heat,39.3,6,25.1,12.9,2.64,4,-0.75,27,1
CLM20260403004614,RID85578,extreme_heat,12.4,1,49.1,15.3,1.2,3,0.4,24,1
CLM20260403004615,RID93993,heavy_rainfall,80.3,4,79.8,35.2,0.47,3,0.13,15,0
CLM20260403004616,RID97952,extreme_heat,24.6,2,54.1,57.0,0.87,6,0.92,11,0
CLM20260403004617,RID27360,heavy_rainfall,120.6,0,83.1,58.6,0.63,13,0.91,29,0
CLM20260403004618,RID40258,extreme_heat,28.6,6,20.3,35.5,1.7,5,0.82,18,1
CLM20260403004619,RID16103,heavy_rainfall,17.2,3,149.5,11.7,0.23,8,-1.14,14,0
CLM20260403004620,RID99662,severe_pollution,85.6,0,26.6,8.7,5.32,9,-2.48,9,0
CLM20260403004621,RID27427,extreme_heat,57.9,1,33.5,27.0,0.31,8,0.16,24,0
CLM20260403004622,RID46247,heavy_rainfall,0.5,0,4.8,11.8,0.07,34,3.21,2,1
CLM20260403004623,RID85310,heavy_rainfall,27.2,2,129.2,34.8,1.28,5,0.18,14,0
CLM20260403004624,RID95439,extreme_heat,88.1,1,26.4,13.3,1.41,10,-1.35,23,1
CLM20260403004625,RID24519,heavy_rainfall,52.8,3,88.3,46.1,1.05,8,3.11,26,0
CLM20260403004626,RID64179,heavy_rainfall,29.1,1,39.5,35.3,1.22,9,-0.08,22,0
CLM20260403004627,RID54742,extreme_heat,47.6,2,48.3,21.7,0.89,9,1.57,29,0
CLM20260403004628,RID68598,extreme_heat,57.1,4,28.3,35.2,0.61,7,0.2,19,0
CLM20260403004629,RID29265,heavy_rainfall,65.0,2,106.7,27.0,1.01,6,0.38,15,0
CLM20260403004630,RID58333,civic_unrest,15.7,3,28.1,4.4,2.89,10,-0.08,15,0
CLM20260403004631,RID63887,severe_pollution,7.2,1,45.0,4.8,3.88,8,0.6,22,0
CLM20260403004632,RID96444,civic_unrest,24.4,2,51.6,25.3,3.3,5,-2.02,26,0
CLM20260403004633,RID68118,extreme_heat,3.8,2,6.9,5.7,0.38,26,3.1,4,1
CLM20260403004634,RID93237,extreme_heat,21.9,3,11.6,38.7,0.05,3,0.23,12,0
CLM20260403004635,RID37103,severe_pollution,23.0,2,39.6,80.0,1.39,6,-0.16,9,0
CLM20260403004636,RID56291,extreme_heat,91.7,5,11.5,36.8,0.45,10,-0.67,14,0
CLM20260403004637,RID97275,extreme_heat,15.2,1,37.6,7.8,2.87,8,0.2,10,0
CLM20260403004638,RID74213,severe_pollution,17.2,5,27.5,31.3,0.02,9,2.54,26,0
CLM20260403004639,RID45900,severe_pollution,21.1,2,27.3,71.6,2.87,2,0.14,9,0
CLM20260403004640,RID16413,civic_unrest,63.0,1,58.6,7.0,1.11,7,-0.36,19,0
CLM20260403004641,RID10400,severe_pollution,60.7,3,13.7,15.1,1.55,7,-0.23,14,0
CLM20260403004642,RID70762,extreme_heat,17.0,0,79.3,0.9,13.44,25,2.53,2,0
CLM20260403004643,RID18048,heavy_rainfall,115.3,5,125.9,8.3,2.88,11,3.53,16,0
CLM20260403004644,RID70128,civic_unrest,21.7,4,48.5,29.3,0.03,7,-0.38,29,0
CLM20260403004645,RID36717,severe_pollution,50.6,3,56.5,18.1,0.85,11,0.65,23,0
CLM20260403004646,RID24472,civic_unrest,88.5,5,30.9,34.1,0.18,6,0.48,24,0
CLM20260403004647,RID28441,civic_unrest,50.1,3,40.1,50.9,0.88,4,0.45,16,0
CLM20260403004648,RID46612,extreme_heat,88.8,3,39.8,4.0,2.0,6,-0.83,7,0
CLM20260403004649,RID65856,heavy_rainfall,2.1,2,76.9,31.3,2.52,1,1.48,11,0
CLM20260403004650,RID72027,heavy_rainfall,54.4,7,70.3,80.0,3.1,15,0.35,15,0
CLM20260403004651,RID86871,severe_pollution,87.9,1,35.0,18.6,1.97,9,-0.08,24,1
CLM20260403004652,RID55592,civic_unrest,1.4,0,7.1,14.9,8.07,40,3.28,1,1
CLM20260403004653,RID94443,extreme_heat,200.3,3,49.3,11.9,1.86,15,0.64,8,0
CLM20260403004654,RID68896,extreme_heat,36.4,4,9.7,62.7,2.22,4,-3.04,23,0
CLM20260403004655,RID46125,severe_pollution,38.5,3,44.8,12.5,0.16,9,0.04,11,0
CLM20260403004656,RID61196,civic_unrest,44.5,6,53.2,39.8,2.25,3,-0.64,7,0
CLM20260403004657,RID31031,severe_pollution,26.6,3,21.2,63.3,0.18,9,-2.84,24,0
CLM20260403004658,RID38909,severe_pollution,71.7,4,50.3,15.7,1.22,4,-1.8,15,0
CLM20260403004659,RID27496,heavy_rainfall,31.6,5,47.1,6.5,1.78,7,0.27,23,0
CLM20260403004660,RID40726,severe_pollution,44.8,4,41.8,70.9,4.07,10,-1.8,16,0
CLM20260403004661,RID60407,extreme_heat,24.0,3,26.6,80.0,3.1,8,-2.12,18,0
CLM20260403004662,RID82318,extreme_heat,50.5,4,31.8,61.4,0.22,8,-0.04,12,0
CLM20260403004663,RID24394,civic_unrest,80.5,2,21.4,18.4,6.2,10,0.3,16,0
CLM20260403004664,RID58605,civic_unrest,162.5,3,30.6,14.9,0.4,7,-0.46,14,0
CLM20260403004665,RID22954,civic_unrest,84.7,3,31.1,47.8,1.15,14,-2.11,11,0
CLM20260403004666,RID96283,civic_unrest,24.5,3,34.0,39.5,2.07,13,1.05,24,0
CLM20260403004667,RID62915,heavy_rainfall,2.3,2,7.5,10.2,1.51,32,3.75,1,1
CLM20260403004668,RID18253,heavy_rainfall,85.3,3,146.9,14.1,0.32,7,-1.07,23,0
CLM20260403004669,RID41617,civic_unrest,42.9,3,57.5,21.4,1.49,13,0.52,9,0
CLM20260403004670,RID43043,extreme_heat,20.3,3,53.2,20.1,0.18,11,-0.7,13,0
CLM20260403004671,RID97614,extreme_heat,30.8,3,20.1,28.6,2.53,8,-1.15,24,0
CLM20260403004672,RID92250,severe_pollution,23.2,6,58.9,56.2,0.91,7,-0.67,26,0
CLM20260403004673,RID79248,heavy_rainfall,89.9,4,75.4,45.2,1.72,10,0.42,9,0
CLM20260403004674,RID29542,heavy_rainfall,74.0,1,74.1,34.2,5.07,13,-1.65,14,0
CLM20260403004675,RID52909,severe_pollution,16.4,4,35.7,11.6,0.04,9,0.01,19,0
CLM20260403004676,RID84442,civic_unrest,12.3,3,40.0,7.6,0.49,5,2.17,10,0
CLM20260403004677,RID10191,severe_pollution,5.6,0,95.0,10.0,14.21,32,2.53,2,1
CLM20260403004678,RID35351,extreme_heat,2.5,0,64.3,6.4,8.59,40,2.41,4,1
CLM20260403004679,RID24216,civic_unrest,78.0,3,41.7,19.8,1.99,10,1.7,22,0
CLM20260403004680,RID65685,civic_unrest,94.7,5,44.4,75.4,0.71,5,0.04,22,0
CLM20260403004681,RID45643,extreme_heat,2.7,4,31.3,11.1,1.64,10,1.16,16,0
CLM20260403004682,RID92424,severe_pollution,13.5,1,59.0,22.9,0.55,14,2.24,8,0
CLM20260403004683,RID97796,civic_unrest,59.3,2,20.4,2.0,1.67,8,0.95,18,0
CLM20260403004684,RID22594,severe_pollution,26.2,3,48.9,37.9,0.23,9,-0.16,16,0
CLM20260403004685,RID71846,extreme_heat,114.8,1,21.1,38.4,0.91,9,2.15,26,0
CLM20260403004686,RID42097,civic_unrest,41.4,4,47.3,21.4,2.71,6,-1.16,21,0
CLM20260403004687,RID16003,civic_unrest,2.1,0,4.7,8.1,8.33,35,3.51,2,1
CLM20260403004688,RID56777,severe_pollution,42.7,5,26.1,26.4,1.27,8,2.26,9,0
CLM20260403004689,RID41610,civic_unrest,80.0,3,17.5,25.2,1.27,5,-0.45,29,0
CLM20260403004690,RID74638,extreme_heat,52.2,0,22.4,42.4,1.37,11,-1.51,10,0
CLM20260403004691,RID66468,heavy_rainfall,8.3,4,133.5,12.5,1.0,10,-0.2,12,0
CLM20260403004692,RID19996,heavy_rainfall,132.8,4,135.1,59.1,0.96,9,0.56,23,0
CLM20260403004693,RID84076,extreme_heat,58.4,6,21.0,41.0,0.38,10,0.89,8,0
CLM20260403004694,RID40317,severe_pollution,53.3,6,48.8,6.4,0.19,7,-0.44,25,0
CLM20260403004695,RID15751,extreme_heat,129.6,3,10.5,25.8,1.8,6,-0.02,13,0
CLM20260403004696,RID71221,severe_pollution,54.4,3,56.1,29.1,0.32,7,-0.83,25,0
CLM20260403004697,RID80120,heavy_rainfall,92.7,4,30.4,13.8,1.48,7,0.14,11,0
CLM20260403004698,RID23449,severe_pollution,122.6,7,28.5,16.5,1.22,5,1.39,28,0
CLM20260403004699,RID27789,extreme_heat,10.5,0,131.9,12.0,9.99,31,2.55,3,1
CLM20260403004700,RID38119,extreme_heat,21.2,1,57.2,35.7,0.18,11,0.53,11,0
CLM20260403004701,RID58611,heavy_rainfall,22.4,6,53.7,11.2,0.97,7,-2.03,15,0
CLM20260403004702,RID14799,civic_unrest,99.9,2,27.5,43.7,1.86,5,0.73,27,0
CLM20260403004703,RID11533,severe_pollution,15.3,5,52.5,20.1,0.08,11,0.68,7,0
CLM20260403004704,RID25765,civic_unrest,15.4,3,31.1,16.2,2.48,6,1.3,26,0
CLM20260403004705,RID94281,severe_pollution,39.4,2,37.6,8.6,0.76,12,-0.52,16,0
CLM20260403004706,RID37405,heavy_rainfall,10.1,1,101.1,12.6,3.47,7,2.37,9,0
CLM20260403004707,RID54671,extreme_heat,22.0,4,17.5,42.6,0.17,9,0.5,22,0
CLM20260403004708,RID90186,heavy_rainfall,49.8,1,21.4,17.3,1.79,14,-1.02,25,0
CLM20260403004709,RID22256,civic_unrest,61.1,4,54.5,10.8,0.21,6,-0.0,16,0
CLM20260403004710,RID88423,extreme_heat,21.8,1,10.4,33.9,0.03,10,1.18,8,0
CLM20260403004711,RID15789,severe_pollution,31.2,3,11.6,21.4,0.36,6,0.8,18,0
CLM20260403004712,RID46317,extreme_heat,21.2,3,36.5,11.2,1.04,8,-0.81,19,0
CLM20260403004713,RID96153,heavy_rainfall,24.8,1,146.1,70.6,2.5,10,0.79,8,0
CLM20260403004714,RID74166,extreme_heat,173.8,5,53.2,46.4,0.23,10,0.41,20,0
CLM20260403004715,RID63976,civic_unrest,96.8,3,8.5,3.6,0.94,3,2.24,10,0
CLM20260403004716,RID23119,heavy_rainfall,17.3,1,96.0,33.2,3.28,7,-0.11,13,0
CLM20260403004717,RID76021,extreme_heat,121.3,1,27.5,43.0,1.51,8,1.5,22,0
CLM20260403004718,RID85454,civic_unrest,9.6,0,2.2,7.0,9.69,41,2.75,5,1
CLM20260403004719,RID10012,severe_pollution,5.8,0,3.2,5.6,9.0,33,1.66,4,1
CLM20260403004720,RID55738,civic_unrest,19.9,1,52.5,31.7,1.2,6,1.46,11,0
CLM20260403004721,RID69291,extreme_heat,18.4,2,12.0,25.7,0.39,8,1.46,22,0
CLM20260403004722,RID13525,heavy_rainfall,26.7,2,50.9,31.8,0.1,9,1.13,24,0
CLM20260403004723,RID92209,heavy_rainfall,56.6,1,121.6,52.9,0.86,13,0.23,17,0
CLM20260403004724,RID97464,civic_unrest,17.7,1,44.6,27.1,1.5,5,1.03,25,0
CLM20260403004725,RID35237,extreme_heat,130.0,3,58.8,51.5,1.58,5,-0.37,11,0
CLM20260403004726,RID30572,extreme_heat,43.3,0,40.3,26.2,1.6,5,-0.88,19,1
CLM20260403004727,RID15925,extreme_heat,54.9,3,53.9,12.3,1.14,5,0.32,28,0
CLM20260403004728,RID35671,extreme_heat,15.2,3,54.9,55.8,1.17,6,1.14,27,0
CLM20260403004729,RID35905,extreme_heat,0.5,0,155.3,8.3,17.59,26,3.0,1,1
CLM20260403004730,RID48666,severe_pollution,95.7,2,15.2,80.0,2.43,6,0.84,20,1
CLM20260403004731,RID18031,severe_pollution,79.8,3,22.5,20.2,0.19,11,0.95,26,0
CLM20260403004732,RID39573,extreme_heat,40.7,2,36.5,20.3,6.04,11,-0.82,20,0
CLM20260403004733,RID14127,heavy_rainfall,41.6,4,120.1,16.0,0.53,6,0.11,19,0
CLM20260403004734,RID36760,civic_unrest,30.3,1,14.4,14.6,4.49,8,-0.87,10,0
CLM20260403004735,RID92199,civic_unrest,66.6,3,31.4,35.1,2.08,6,-0.65,28,0
CLM20260403004736,RID66599,extreme_heat,47.2,0,50.6,8.6,1.25,12,1.36,29,0
CLM20260403004737,RID18292,extreme_heat,10.1,6,17.3,8.5,0.59,7,-0.81,28,0
CLM20260403004738,RID72092,severe_pollution,0.6,0,2.8,4.5,9.8,30,2.5,5,1
CLM20260403004739,RID10999,extreme_heat,55.3,3,19.7,53.2,0.97,4,-0.96,13,0
CLM20260403004740,RID59091,heavy_rainfall,38.5,6,55.8,22.1,2.62,14,0.36,20,0
CLM20260403004741,RID79865,extreme_heat,71.3,2,49.3,7.3,0.35,9,-0.07,29,0
CLM20260403004742,RID99710,severe_pollution,57.9,4,46.4,42.0,0.34,10,1.21,11,0
CLM20260403004743,RID24224,heavy_rainfall,117.8,1,109.3,28.8,0.32,11,-0.95,21,0
CLM20260403004744,RID30648,extreme_heat,178.2,6,43.5,1.4,1.68,7,0.71,27,0
CLM20260403004745,RID19596,extreme_heat,2.4,0,144.6,10.6,7.13,30,5.0,3,1
CLM20260403004746,RID64401,heavy_rainfall,117.7,3,116.8,35.4,6.15,10,0.5,14,0
CLM20260403004747,RID66966,extreme_heat,51.9,2,14.5,36.3,0.47,6,-0.18,16,0
CLM20260403004748,RID31782,civic_unrest,55.8,5,13.8,80.0,1.5,8,-1.03,29,0
CLM20260403004749,RID78191,civic_unrest,28.9,2,59.7,9.2,0.32,4,2.58,12,0
CLM20260403004750,RID69382,extreme_heat,67.4,6,47.6,29.2,0.82,7,-2.03,19,0
CLM20260403004751,RID87892,extreme_heat,33.2,6,10.5,20.2,2.51,4,-1.04,19,1
CLM20260403004752,RID68859,severe_pollution,61.6,4,35.1,22.5,2.99,14,-0.93,24,0
CLM20260403004753,RID32562,severe_pollution,38.3,3,48.1,37.6,1.09,12,0.14,7,0
CLM20260403004754,RID46592,civic_unrest,172.9,0,20.1,1.0,1.63,9,1.22,24,0
CLM20260403004755,RID44108,extreme_heat,48.0,5,56.0,10.2,0.19,7,-0.87,20,0
CLM20260403004756,RID12625,extreme_heat,26.7,1,12.9,13.2,4.38,9,-0.02,15,0
CLM20260403004757,RID63191,civic_unrest,28.8,0,31.9,29.1,1.98,12,0.77,21,1
CLM20260403004758,RID59220,severe_pollution,1.5,0,195.2,2.3,0.96,45,2.75,3,1
CLM20260403004759,RID21930,heavy_rainfall,53.8,5,128.7,48.4,9.41,9,-0.64,29,0
CLM20260403004760,RID26617,heavy_rainfall,26.6,4,144.2,48.0,4.94,4,-0.26,24,0
CLM20260403004761,RID40112,heavy_rainfall,69.7,5,30.5,37.7,1.31,6,1.46,28,0
CLM20260403004762,RID83408,severe_pollution,54.8,5,26.0,23.6,1.57,11,1.55,18,0
CLM20260403004763,RID61721,extreme_heat,77.8,3,49.8,6.2,1.91,8,-0.9,28,0
CLM20260403004764,RID16924,extreme_heat,88.7,1,55.2,47.2,3.09,7,2.59,18,0
CLM20260403004765,RID80651,extreme_heat,90.1,5,27.6,43.9,1.05,13,1.28,17,0
CLM20260403004766,RID26571,extreme_heat,140.6,0,36.0,24.1,0.83,6,0.02,11,0
CLM20260403004767,RID16652,heavy_rainfall,180.9,2,104.1,22.0,2.23,5,0.94,19,0
CLM20260403004768,RID41653,heavy_rainfall,31.4,3,88.1,49.2,0.34,7,0.76,9,0
CLM20260403004769,RID54448,heavy_rainfall,5.3,3,141.2,29.3,2.35,16,1.87,27,0
CLM20260403004770,RID44033,civic_unrest,0.5,0,199.7,5.5,13.9,34,2.44,1,1
CLM20260403004771,RID53525,extreme_heat,25.9,3,44.5,37.3,0.09,11,-0.03,16,0
CLM20260403004772,RID33371,heavy_rainfall,5.3,0,63.1,3.8,9.81,26,2.68,1,1
CLM20260403004773,RID66062,severe_pollution,16.0,4,32.5,25.8,0.65,7,0.48,24,0
CLM20260403004774,RID36909,extreme_heat,32.1,2,40.4,33.3,2.3,6,0.02,18,0
CLM20260403004775,RID38902,heavy_rainfall,52.3,3,102.9,31.4,1.31,9,-0.14,27,0
CLM20260403004776,RID77889,extreme_heat,183.1,5,56.1,11.2,0.62,8,-0.29,20,0
CLM20260403004777,RID91899,severe_pollution,1.0,3,9.4,76.7,1.46,8,-1.6,19,0
CLM20260403004778,RID19363,severe_pollution,61.8,6,53.7,33.7,0.78,9,0.17,17,0
CLM20260403004779,RID93080,heavy_rainfall,44.4,2,146.1,74.2,1.22,11,-1.82,29,0
CLM20260403004780,RID52184,severe_pollution,58.7,2,55.7,46.9,2.16,9,1.58,29,0
CLM20260403004781,RID31578,civic_unrest,30.2,4,15.5,25.0,3.15,7,1.9,8,0
CLM20260403004782,RID54260,heavy_rainfall,46.8,0,98.1,8.8,0.14,7,-0.41,10,0
CLM20260403004783,RID14339,heavy_rainfall,34.2,2,101.7,41.4,1.45,9,1.22,9,0
CLM20260403004784,RID13581,heavy_rainfall,99.5,3,122.5,12.2,0.28,6,-0.19,21,0
CLM20260403004785,RID13977,heavy_rainfall,37.9,3,25.7,33.7,0.01,8,0.0,10,0
CLM20260403004786,RID52270,extreme_heat,78.8,4,42.6,28.7,0.16,7,-0.87,16,0
CLM20260403004787,RID93498,heavy_rainfall,80.0,5,67.9,72.4,1.24,6,-2.41,27,0
CLM20260403004788,RID20830,extreme_heat,93.9,1,27.9,73.4,0.44,8,1.59,29,0
CLM20260403004789,RID73016,heavy_rainfall,91.6,2,39.7,2.3,2.41,9,0.94,24,0
CLM20260403004790,RID67537,civic_unrest,43.0,3,58.4,29.0,0.95,3,-0.99,29,0
CLM20260403004791,RID17503,heavy_rainfall,153.1,3,137.0,35.4,0.45,7,0.84,29,0
CLM20260403004792,RID29631,civic_unrest,9.4,1,135.0,9.6,17.34,32,1.92,3,1
CLM20260403004793,RID51005,severe_pollution,8.8,2,41.6,9.2,1.84,7,-0.07,8,0
CLM20260403004794,RID98103,heavy_rainfall,96.2,4,127.5,44.1,0.94,8,0.8,25,0
CLM20260403004795,RID76062,civic_unrest,43.1,1,58.3,80.0,1.96,7,-0.0,18,0
CLM20260403004796,RID48291,civic_unrest,79.7,5,11.3,21.6,1.11,7,-1.38,24,0
CLM20260403004797,RID30876,heavy_rainfall,73.1,1,86.3,19.5,1.81,10,0.32,25,0
CLM20260403004798,RID81535,extreme_heat,31.8,4,57.9,11.7,5.31,6,-0.01,12,0
CLM20260403004799,RID88688,severe_pollution,44.5,4,21.9,27.3,0.92,7,0.31,12,0
CLM20260403004800,RID47641,severe_pollution,4.4,0,7.5,0.7,14.49,39,3.09,2,1
CLM20260403004801,RID78448,heavy_rainfall,28.7,5,101.3,4.1,0.69,8,-1.58,7,0
CLM20260403004802,RID29736,extreme_heat,28.0,2,34.4,1.1,0.52,7,-1.49,28,0
CLM20260403004803,RID47876,heavy_rainfall,56.9,5,121.0,39.3,0.91,9,0.78,7,0
CLM20260403004804,RID51171,severe_pollution,99.9,1,53.7,26.3,3.29,10,-0.64,12,0
CLM20260403004805,RID71456,heavy_rainfall,24.6,3,122.1,4.8,0.54,11,0.19,11,0
CLM20260403004806,RID76472,severe_pollution,99.6,1,37.1,30.1,1.1,7,0.25,27,0
CLM20260403004807,RID71251,heavy_rainfall,16.3,1,37.4,22.9,2.11,11,-0.62,15,0
CLM20260403004808,RID15786,heavy_rainfall,121.1,1,82.6,31.2,0.45,7,0.77,22,0
CLM20260403004809,RID10366,civic_unrest,83.5,3,37.0,28.2,0.74,7,1.19,19,0
CLM20260403004810,RID42192,severe_pollution,31.2,3,45.0,19.2,2.47,11,0.42,14,0
CLM20260403004811,RID55265,civic_unrest,240.0,1,16.0,12.4,0.15,6,0.03,12,0
CLM20260403004812,RID21624,civic_unrest,2.8,0,156.3,6.4,1.6,37,3.24,1,1
CLM20260403004813,RID77618,civic_unrest,58.7,5,16.7,26.5,5.72,4,0.08,11,1
CLM20260403004814,RID79472,extreme_heat,79.9,5,37.7,18.5,4.52,12,2.06,8,0
CLM20260403004815,RID63108,severe_pollution,53.0,2,34.5,14.6,0.2,8,-0.29,17,1
CLM20260403004816,RID83793,heavy_rainfall,67.0,0,125.0,20.5,1.91,6,-0.23,11,0
CLM20260403004817,RID40907,severe_pollution,44.5,2,11.0,22.9,0.49,13,1.4,7,0
CLM20260403004818,RID29565,civic_unrest,22.4,2,27.1,19.2,0.28,16,0.05,15,0
CLM20260403004819,RID77067,extreme_heat,43.1,9,38.1,71.9,0.2,10,0.38,29,0
CLM20260403004820,RID52158,civic_unrest,180.2,5,41.4,41.1,2.03,9,1.65,14,0
CLM20260403004821,RID96681,heavy_rainfall,10.7,3,142.0,20.2,4.91,10,1.92,25,0
CLM20260403004822,RID57999,civic_unrest,31.3,3,59.3,28.3,0.59,6,0.44,16,0
CLM20260403004823,RID32313,severe_pollution,91.3,2,50.1,12.8,1.12,9,-0.44,27,0
CLM20260403004824,RID15488,heavy_rainfall,50.2,2,148.4,38.6,0.5,10,0.25,26,0
CLM20260403004825,RID91922,severe_pollution,17.1,1,59.5,18.5,0.3,10,-0.61,8,0
CLM20260403004826,RID16951,severe_pollution,2.4,0,6.4,13.5,9.19,39,2.25,1,1
CLM20260403004827,RID37252,extreme_heat,6.6,5,24.8,47.8,4.28,4,-1.04,11,1
CLM20260403004828,RID63763,severe_pollution,4.1,0,180.0,8.6,8.5,35,3.58,1,1
CLM20260403004829,RID91014,civic_unrest,23.4,4,18.8,11.8,0.96,6,-0.98,11,0
CLM20260403004830,RID12227,extreme_heat,30.0,4,33.0,39.3,3.8,8,1.34,7,0
CLM20260403004831,RID26484,heavy_rainfall,43.6,4,78.7,80.0,0.32,9,0.38,29,0
CLM20260403004832,RID17957,civic_unrest,51.2,2,23.8,29.3,0.73,14,-0.73,22,0
CLM20260403004833,RID16158,heavy_rainfall,128.6,3,108.4,56.8,2.15,11,-0.79,12,0
CLM20260403004834,RID61337,civic_unrest,35.5,2,15.0,34.5,1.13,8,-1.07,11,1
CLM20260403004835,RID79281,heavy_rainfall,240.0,6,64.9,26.2,0.8,11,0.33,12,0
CLM20260403004836,RID82848,heavy_rainfall,36.7,0,81.8,17.8,2.03,9,2.75,12,0
CLM20260403004837,RID44289,civic_unrest,75.7,4,57.2,50.7,2.13,6,1.37,12,0
CLM20260403004838,RID94381,extreme_heat,39.0,1,19.3,16.3,0.31,4,0.04,29,0
CLM20260403004839,RID81758,severe_pollution,79.2,5,50.1,10.6,0.86,11,-2.29,29,0
CLM20260403004840,RID75332,extreme_heat,41.3,3,13.6,19.9,2.69,13,-1.47,28,0
CLM20260403004841,RID77589,extreme_heat,8.2,3,20.5,28.7,0.31,10,0.26,10,0
CLM20260403004842,RID59556,extreme_heat,68.5,2,57.0,37.0,0.21,7,-1.31,11,0
CLM20260403004843,RID79248,heavy_rainfall,24.7,0,141.9,51.0,3.06,6,-0.24,17,0
CLM20260403004844,RID62390,civic_unrest,19.5,4,50.1,43.7,0.41,3,-1.53,21,1
CLM20260403004845,RID41749,extreme_heat,5.4,0,49.2,10.3,11.94,37,1.96,5,1
CLM20260403004846,RID98211,heavy_rainfall,68.4,2,148.0,64.6,3.1,10,-0.53,28,0
CLM20260403004847,RID28546,severe_pollution,140.6,2,15.0,28.2,1.99,12,0.17,23,0
CLM20260403004848,RID91143,civic_unrest,8.6,1,30.4,52.5,1.49,8,-0.35,28,0
CLM20260403004849,RID32396,civic_unrest,22.8,1,53.0,25.4,6.17,9,0.37,21,0
CLM20260403004850,RID63430,civic_unrest,28.7,4,44.8,20.9,1.14,9,1.47,7,0
CLM20260403004851,RID30787,heavy_rainfall,2.1,0,113.1,10.4,18.39,47,2.93,4,1
CLM20260403004852,RID41813,severe_pollution,76.1,0,54.7,7.0,0.02,8,0.09,8,0
CLM20260403004853,RID27106,civic_unrest,84.1,0,9.4,80.0,2.15,7,0.5,8,0
CLM20260403004854,RID79248,severe_pollution,1.7,0,130.3,12.7,17.01,36,3.55,1,1
CLM20260403004855,RID38032,heavy_rainfall,1.5,0,7.8,4.4,15.76,34,2.92,2,1
CLM20260403004856,RID50577,civic_unrest,86.2,5,29.7,13.1,0.32,11,1.53,16,0
CLM20260403004857,RID20769,severe_pollution,40.9,5,59.6,80.0,0.28,12,-1.99,13,0
CLM20260403004858,RID15344,severe_pollution,74.9,2,17.7,3.5,0.04,10,-2.19,7,0
CLM20260403004859,RID48223,severe_pollution,119.1,5,44.4,12.8,0.71,7,0.0,18,0
CLM20260403004860,RID30535,civic_unrest,50.5,3,28.0,9.9,0.52,13,0.18,21,0
CLM20260403004861,RID58977,civic_unrest,19.7,3,43.0,34.6,0.55,11,-0.3,12,0
CLM20260403004862,RID15546,extreme_heat,72.1,2,54.0,60.4,0.12,4,-0.65,25,0
CLM20260403004863,RID62858,extreme_heat,0.5,0,4.6,2.6,8.18,42,2.6,1,1
CLM20260403004864,RID98572,civic_unrest,24.0,6,52.3,14.5,1.12,9,-1.9,22,0
CLM20260403004865,RID54555,extreme_heat,37.9,3,42.2,23.5,1.38,4,1.67,10,0
CLM20260403004866,RID48513,extreme_heat,81.8,0,58.7,78.2,0.25,15,-2.75,24,0
CLM20260403004867,RID13049,heavy_rainfall,73.6,4,120.2,5.9,0.33,5,-0.72,27,0
CLM20260403004868,RID71581,severe_pollution,41.0,2,59.2,11.3,1.14,9,-1.52,8,0
CLM20260403004869,RID50334,severe_pollution,31.8,5,37.2,26.9,0.61,6,-0.11,24,0
CLM20260403004870,RID46672,civic_unrest,132.7,3,59.3,5.6,0.31,9,-1.0,16,0
CLM20260403004871,RID77237,heavy_rainfall,28.4,3,23.1,19.5,0.15,5,-0.95,24,1
CLM20260403004872,RID39604,heavy_rainfall,27.5,6,147.5,46.7,1.7,13,-0.93,28,0
CLM20260403004873,RID58283,extreme_heat,63.2,1,27.5,31.2,2.0,8,0.43,10,0
CLM20260403004874,RID82887,extreme_heat,85.6,5,24.1,78.3,2.24,10,-3.4,29,0
CLM20260403004875,RID46101,civic_unrest,29.8,2,50.0,16.9,0.43,5,-0.3,7,0
CLM20260403004876,RID27596,severe_pollution,8.4,0,67.4,7.0,11.3,33,2.01,3,1
CLM20260403004877,RID89966,heavy_rainfall,66.8,2,139.6,34.2,4.48,10,-1.06,11,0
CLM20260403004878,RID98300,civic_unrest,73.5,6,19.7,62.2,0.32,4,1.07,24,0
CLM20260403004879,RID14920,civic_unrest,125.6,2,41.4,23.0,0.34,15,-1.68,28,0
CLM20260403004880,RID93765,heavy_rainfall,0.5,0,3.1,7.5,10.34,31,2.93,2,1
CLM20260403004881,RID48191,extreme_heat,2.9,0,8.6,5.0,19.7,43,2.84,1,1
CLM20260403004882,RID36822,extreme_heat,9.9,2,54.4,20.1,1.69,7,0.69,23,0
CLM20260403004883,RID37385,civic_unrest,81.3,1,29.7,39.2,1.97,8,0.75,18,1
CLM20260403004884,RID35471,civic_unrest,56.8,4,28.1,14.6,5.62,14,1.22,12,0
CLM20260403004885,RID86955,civic_unrest,42.1,2,26.7,21.5,2.84,7,0.79,28,0
CLM20260403004886,RID26014,severe_pollution,127.9,3,15.0,7.6,2.47,13,1.15,11,0
CLM20260403004887,RID39082,extreme_heat,93.8,6,21.0,46.2,1.68,6,-1.09,18,0
CLM20260403004888,RID23392,heavy_rainfall,50.1,5,81.6,12.3,2.44,11,0.95,13,1
CLM20260403004889,RID22396,severe_pollution,27.8,5,40.1,51.4,0.72,6,0.66,8,0
CLM20260403004890,RID78971,severe_pollution,4.5,0,157.4,4.6,17.24,34,2.98,2,1
CLM20260403004891,RID26223,heavy_rainfall,114.4,3,35.8,25.5,2.51,7,-0.49,10,0
CLM20260403004892,RID89489,extreme_heat,58.8,1,25.3,14.8,3.76,6,-0.38,14,0
CLM20260403004893,RID41600,heavy_rainfall,45.4,6,61.5,8.9,2.82,13,-0.05,22,0
CLM20260403004894,RID92689,extreme_heat,27.1,3,48.7,51.9,0.39,6,-0.73,12,0
CLM20260403004895,RID74563,extreme_heat,19.9,1,51.8,48.8,2.63,8,-1.41,8,0
CLM20260403004896,RID27656,severe_pollution,1.8,2,3.0,13.1,0.95,31,4.14,2,1
CLM20260403004897,RID94414,civic_unrest,11.0,0,6.4,2.5,1.88,35,3.29,1,1
CLM20260403004898,RID39585,heavy_rainfall,50.1,3,41.0,24.2,3.55,6,-0.11,13,0
CLM20260403004899,RID63300,heavy_rainfall,75.9,2,46.4,32.2,9.67,9,-0.2,14,0
CLM20260403004900,RID20071,heavy_rainfall,32.4,3,34.9,25.9,1.5,10,0.89,29,0
CLM20260403004901,RID90199,severe_pollution,34.6,4,20.3,26.5,3.18,11,0.64,22,0
CLM20260403004902,RID52918,severe_pollution,36.1,3,57.9,64.7,1.72,9,-0.06,16,0
CLM20260403004903,RID22492,severe_pollution,37.6,8,41.9,11.8,0.32,7,-0.14,7,0
CLM20260403004904,RID75625,severe_pollution,105.1,1,31.9,1.7,1.82,5,0.25,13,0
CLM20260403004905,RID82423,heavy_rainfall,5.3,0,117.0,1.2,16.7,33,2.37,5,1
CLM20260403004906,RID11398,extreme_heat,57.2,5,56.9,80.0,0.39,6,0.94,21,0
CLM20260403004907,RID37355,heavy_rainfall,46.8,5,101.1,34.7,0.23,11,-0.06,23,0
CLM20260403004908,RID13853,heavy_rainfall,213.5,2,65.9,76.6,0.1,3,2.46,11,0
CLM20260403004909,RID53855,severe_pollution,37.8,4,42.5,11.6,1.39,7,0.83,19,0
CLM20260403004910,RID24681,extreme_heat,55.7,3,14.6,80.0,1.53,6,0.61,7,1
CLM20260403004911,RID88275,heavy_rainfall,64.4,1,36.8,4.8,3.36,8,-0.79,23,0
CLM20260403004912,RID42032,severe_pollution,63.7,1,14.6,80.0,0.5,8,0.01,22,0
CLM20260403004913,RID53758,severe_pollution,62.8,3,16.4,37.6,0.62,11,-1.5,13,0
CLM20260403004914,RID93471,severe_pollution,75.9,4,20.5,34.0,1.33,2,-1.04,23,0
CLM20260403004915,RID44588,civic_unrest,122.0,3,47.1,10.1,0.72,4,-0.11,28,0
CLM20260403004916,RID88128,heavy_rainfall,42.3,2,23.5,7.1,0.35,7,0.33,20,0
CLM20260403004917,RID64461,heavy_rainfall,2.1,0,175.8,3.0,15.27,26,3.35,1,1
CLM20260403004918,RID91403,extreme_heat,138.3,1,16.7,29.1,0.31,14,0.15,21,0
CLM20260403004919,RID61348,civic_unrest,107.9,4,11.8,39.3,1.57,8,1.81,22,0
CLM20260403004920,RID89920,civic_unrest,44.7,0,43.9,15.5,2.89,5,-0.81,25,0
CLM20260403004921,RID27553,heavy_rainfall,29.6,1,97.5,27.3,0.1,8,-0.62,18,0
CLM20260403004922,RID19994,civic_unrest,121.2,4,38.9,47.3,1.42,2,0.14,26,0
CLM20260403004923,RID89127,heavy_rainfall,32.9,1,105.6,80.0,2.84,3,1.22,21,0
CLM20260403004924,RID26144,civic_unrest,141.2,4,29.5,18.9,0.17,6,-1.04,12,0
CLM20260403004925,RID24267,civic_unrest,35.4,5,43.1,12.6,2.92,7,-0.3,21,0
CLM20260403004926,RID39601,extreme_heat,54.1,1,20.4,22.6,1.93,5,-2.04,8,0
CLM20260403004927,RID62035,severe_pollution,81.1,4,55.0,15.5,1.02,5,-2.08,26,0
CLM20260403004928,RID54951,heavy_rainfall,0.5,0,122.9,9.5,13.76,26,2.4,3,1
CLM20260403004929,RID86881,extreme_heat,8.2,1,44.9,47.2,1.99,6,0.52,27,0
CLM20260403004930,RID63382,extreme_heat,84.4,1,54.6,19.4,0.41,5,-2.36,7,1
CLM20260403004931,RID32360,extreme_heat,14.3,6,36.9,16.7,1.38,9,0.21,8,0
CLM20260403004932,RID38257,extreme_heat,84.5,1,47.1,8.0,3.06,8,0.82,10,0
CLM20260403004933,RID19633,extreme_heat,30.4,1,13.0,25.3,5.25,7,-1.11,24,0
CLM20260403004934,RID69151,civic_unrest,89.3,3,22.4,52.1,0.79,9,0.57,11,0
CLM20260403004935,RID53934,civic_unrest,25.9,6,19.5,37.7,2.04,2,-1.12,20,0
CLM20260403004936,RID64823,heavy_rainfall,65.5,2,88.3,18.0,2.2,14,-1.05,29,0
CLM20260403004937,RID22088,civic_unrest,97.8,3,58.6,17.4,0.37,13,0.23,7,0
CLM20260403004938,RID14781,civic_unrest,65.2,5,52.7,19.6,1.07,9,-1.71,15,0
CLM20260403004939,RID27046,severe_pollution,84.1,3,50.1,55.1,0.86,14,1.21,23,0
CLM20260403004940,RID15616,civic_unrest,120.4,3,58.7,14.7,4.22,10,1.84,19,0
CLM20260403004941,RID92638,heavy_rainfall,91.3,4,99.5,11.7,0.4,8,-0.61,21,0
CLM20260403004942,RID54235,extreme_heat,24.0,3,31.7,21.0,0.59,9,-0.97,27,0
CLM20260403004943,RID74536,severe_pollution,95.6,1,49.2,70.0,0.95,9,-0.1,25,0
CLM20260403004944,RID66186,severe_pollution,67.1,4,42.6,24.3,0.47,8,0.41,8,0
CLM20260403004945,RID16076,heavy_rainfall,22.5,3,114.7,26.1,0.69,4,-1.28,23,0
CLM20260403004946,RID25271,extreme_heat,4.9,4,56.8,24.4,2.13,4,-1.21,27,0
CLM20260403004947,RID65904,heavy_rainfall,18.7,0,4.9,3.3,9.48,43,3.96,2,1
CLM20260403004948,RID15525,extreme_heat,15.7,5,18.9,25.2,1.85,7,0.99,16,0
CLM20260403004949,RID17259,extreme_heat,6.5,3,29.2,26.3,1.55,11,-0.26,29,0
CLM20260403004950,RID57359,severe_pollution,30.1,4,51.2,45.2,2.38,11,1.63,27,0
CLM20260403004951,RID62144,heavy_rainfall,53.3,3,55.9,50.5,1.82,7,-2.96,24,0
CLM20260403004952,RID13574,severe_pollution,19.5,2,23.1,28.9,0.67,3,0.57,14,0
CLM20260403004953,RID30184,severe_pollution,39.6,2,12.9,26.0,0.88,7,-1.82,11,0
CLM20260403004954,RID19526,civic_unrest,38.9,4,17.0,22.1,0.27,7,0.56,13,0
CLM20260403004955,RID37899,heavy_rainfall,1.6,0,5.5,0.2,0.58,35,3.33,1,1
CLM20260403004956,RID33004,extreme_heat,122.6,4,10.2,65.8,2.35,8,1.43,9,0
CLM20260403004957,RID43295,civic_unrest,26.9,3,40.3,5.1,1.21,11,0.56,28,0
CLM20260403004958,RID56634,heavy_rainfall,38.1,4,125.5,37.2,1.13,7,-1.04,20,0
CLM20260403004959,RID66333,extreme_heat,41.2,3,19.4,39.9,3.89,5,0.21,21,0
CLM20260403004960,RID67178,heavy_rainfall,92.1,1,32.2,9.8,1.13,8,0.37,28,1
CLM20260403004961,RID73620,severe_pollution,34.0,5,54.2,44.0,1.84,8,-0.11,29,0
CLM20260403004962,RID65636,extreme_heat,23.6,1,57.2,24.8,3.68,7,1.32,25,0
CLM20260403004963,RID91419,extreme_heat,32.8,6,55.3,33.0,0.98,5,1.1,29,0
CLM20260403004964,RID78746,civic_unrest,150.0,2,56.0,27.7,4.39,6,0.18,18,0
CLM20260403004965,RID48063,heavy_rainfall,30.6,6,39.4,20.6,1.46,3,0.7,8,0
CLM20260403004966,RID25181,extreme_heat,71.8,0,41.8,4.3,0.84,10,-0.63,16,0
CLM20260403004967,RID49846,heavy_rainfall,1.7,0,67.0,4.6,6.8,33,2.48,2,1
CLM20260403004968,RID79181,severe_pollution,52.8,2,20.1,80.0,1.53,6,-0.56,7,0
CLM20260403004969,RID35437,civic_unrest,0.9,0,6.7,1.5,11.73,39,2.18,8,1
CLM20260403004970,RID49117,extreme_heat,49.6,2,50.1,61.7,0.48,9,-0.05,24,0
CLM20260403004971,RID72506,extreme_heat,10.8,4,23.0,17.7,0.02,10,0.37,27,0
CLM20260403004972,RID63406,heavy_rainfall,20.9,2,74.5,80.0,0.31,8,-1.84,7,1
CLM20260403004973,RID37782,extreme_heat,47.9,1,53.0,36.6,0.75,7,0.03,8,0
CLM20260403004974,RID94559,civic_unrest,54.5,2,17.6,29.4,0.35,9,0.23,26,0
CLM20260403004975,RID90544,heavy_rainfall,42.6,1,127.0,20.8,1.18,7,-0.51,11,0
CLM20260403004976,RID16999,heavy_rainfall,38.7,5,130.5,22.5,1.39,7,1.41,27,0
CLM20260403004977,RID97428,civic_unrest,37.3,2,50.6,38.6,0.76,3,1.0,10,0
CLM20260403004978,RID69183,heavy_rainfall,76.6,3,133.9,80.0,1.11,9,-0.19,9,0
CLM20260403004979,RID89387,heavy_rainfall,64.4,0,132.6,12.7,1.33,7,0.38,28,0
CLM20260403004980,RID76505,civic_unrest,39.2,3,41.1,44.1,0.21,6,1.56,29,0
CLM20260403004981,RID83985,heavy_rainfall,68.3,1,135.2,8.5,0.14,11,1.54,12,0
CLM20260403004982,RID47925,civic_unrest,58.5,4,38.5,11.5,1.66,4,0.23,23,0
CLM20260403004983,RID85246,extreme_heat,42.0,0,55.9,9.7,0.7,10,-0.8,25,0
CLM20260403004984,RID12067,severe_pollution,11.0,4,35.3,24.0,2.28,9,2.55,27,0
CLM20260403004985,RID43455,extreme_heat,48.5,4,10.3,63.3,0.2,7,0.55,7,0
CLM20260403004986,RID62803,severe_pollution,60.5,5,10.7,32.1,1.12,12,-0.94,22,0
CLM20260403004987,RID91852,severe_pollution,14.1,0,188.5,12.9,15.04,32,3.32,3,1
CLM20260403004988,RID96084,civic_unrest,62.1,1,26.3,18.8,0.99,7,-1.3,29,1
CLM20260403004989,RID82443,severe_pollution,56.9,3,23.9,15.2,0.73,8,1.01,12,0
CLM20260403004990,RID21751,civic_unrest,49.5,4,32.7,40.2,1.87,5,0.43,15,0
CLM20260403004991,RID29029,civic_unrest,114.3,3,52.1,14.2,0.4,6,-0.28,17,0
CLM20260403004992,RID85927,severe_pollution,83.9,1,8.5,25.2,1.13,9,0.85,24,0
CLM20260403004993,RID93463,extreme_heat,49.2,2,38.7,10.3,0.8,8,-0.77,16,0
CLM20260403004994,RID29258,civic_unrest,57.4,8,37.1,8.5,1.18,7,-0.27,27,0
CLM20260403004995,RID84100,heavy_rainfall,79.4,3,91.3,53.2,0.96,6,-0.03,13,0
CLM20260403004996,RID48588,heavy_rainfall,29.9,1,80.8,34.8,0.15,10,0.19,20,0
CLM20260403004997,RID75593,civic_unrest,31.9,3,31.6,22.3,1.44,7,-0.62,10,0
CLM20260403004998,RID84643,extreme_heat,90.8,3,28.1,53.5,1.48,10,1.03,19,0
CLM20260403004999,RID32953,extreme_heat,66.8,5,51.9,13.1,0.19,9,-1.17,9,0
CLM20260403005000,RID24202,extreme_heat,62.8,2,11.7,15.5,0.29,11,0.94,22,0
CLM20260403005001,RID39232,civic_unrest,240.0,5,14.0,8.3,1.64,7,-1.29,8,0
CLM20260403005002,RID28519,severe_pollution,8.7,1,55.6,56.8,0.37,7,-0.14,17,0
CLM20260403005003,RID62980,heavy_rainfall,50.8,5,77.5,31.3,0.21,14,1.11,7,0
CLM20260403005004,RID63453,heavy_rainfall,34.8,4,58.8,17.4,1.28,4,3.66,7,0
CLM20260403005005,RID83126,severe_pollution,56.7,1,48.7,1.5,0.7,8,0.76,7,0
CLM20260403005006,RID30316,severe_pollution,85.6,3,40.4,7.7,1.63,11,2.66,18,0
CLM20260403005007,RID93917,heavy_rainfall,4.0,2,2.6,3.8,6.2,32,3.9,3,1
CLM20260403005008,RID69923,severe_pollution,12.1,3,41.7,8.4,2.97,8,-0.79,29,0
CLM20260403005009,RID14000,severe_pollution,188.3,2,45.5,55.1,0.81,8,2.2,12,0
CLM20260403005010,RID32795,extreme_heat,55.8,3,59.7,10.8,0.36,10,-0.3,15,0
CLM20260403005011,RID50567,extreme_heat,24.9,3,53.3,6.1,2.14,8,0.0,16,0
CLM20260403005012,RID78156,extreme_heat,54.4,1,48.1,16.6,0.95,10,-0.36,23,0
CLM20260403005013,RID52700,civic_unrest,34.6,4,48.5,7.3,4.19,4,0.3,13,0
CLM20260403005014,RID95221,extreme_heat,96.4,3,38.9,40.8,4.01,10,-1.18,29,0
CLM20260403005015,RID78184,extreme_heat,59.8,1,48.2,3.4,1.06,11,-1.41,12,0
CLM20260403005016,RID96148,heavy_rainfall,180.3,2,28.4,37.6,1.38,8,0.91,23,0
CLM20260403005017,RID47316,heavy_rainfall,24.6,4,63.0,10.2,0.25,7,-2.91,11,0
CLM20260403005018,RID55178,severe_pollution,136.8,6,9.7,27.8,0.8,6,-1.07,17,0
CLM20260403005019,RID96977,heavy_rainfall,195.6,4,146.3,17.1,1.8,8,0.0,14,0
CLM20260403005020,RID28672,severe_pollution,20.2,5,45.0,65.8,0.99,12,-1.14,12,0
CLM20260403005021,RID54740,heavy_rainfall,36.5,6,99.8,25.1,3.32,13,2.15,21,0
CLM20260403005022,RID81991,extreme_heat,231.4,3,16.1,11.2,4.02,8,2.17,29,0
CLM20260403005023,RID63245,civic_unrest,1.4,0,2.9,13.7,18.64,47,3.41,4,1
CLM20260403005024,RID81368,extreme_heat,18.9,2,37.8,59.9,7.16,13,0.42,23,0
CLM20260403005025,RID66904,civic_unrest,73.7,2,46.3,12.4,0.7,11,-1.43,10,0
CLM20260403005026,RID22254,severe_pollution,14.7,4,26.5,20.2,1.72,5,-0.87,18,0
CLM20260403005027,RID85092,severe_pollution,76.7,2,40.3,10.3,3.04,8,1.04,20,0
CLM20260403005028,RID55182,severe_pollution,13.1,2,31.2,19.3,0.15,6,-0.4,7,0
CLM20260403005029,RID92621,heavy_rainfall,49.0,3,108.7,13.9,0.73,12,-0.21,29,0
CLM20260403005030,RID38394,heavy_rainfall,7.4,0,83.1,5.9,1.15,31,3.47,2,1
CLM20260403005031,RID83635,severe_pollution,19.3,0,30.7,7.2,2.52,5,0.76,20,0
CLM20260403005032,RID65830,heavy_rainfall,67.1,3,69.1,45.7,0.24,6,1.07,17,0
CLM20260403005033,RID98081,extreme_heat,38.5,7,34.2,36.4,1.62,10,2.27,8,0
CLM20260403005034,RID34941,civic_unrest,42.3,3,16.0,7.9,1.05,7,-1.6,29,0
CLM20260403005035,RID84908,civic_unrest,56.0,4,29.9,48.3,1.63,8,0.36,7,0
CLM20260403005036,RID25753,civic_unrest,109.8,6,58.5,57.4,0.17,7,0.79,27,0
CLM20260403005037,RID35171,civic_unrest,72.2,0,19.7,6.9,0.9,9,-0.54,26,1
CLM20260403005038,RID62254,extreme_heat,7.1,0,4.7,14.6,15.03,46,4.27,2,1
CLM20260403005039,RID41536,civic_unrest,59.0,6,43.4,22.3,0.67,8,-1.7,12,0
CLM20260403005040,RID76719,civic_unrest,54.5,4,50.8,12.2,0.43,11,1.07,11,0
CLM20260403005041,RID92056,heavy_rainfall,64.4,7,105.5,28.2,1.03,13,-0.17,26,0
CLM20260403005042,RID13860,extreme_heat,47.6,0,45.9,33.3,0.6,5,0.69,11,0
CLM20260403005043,RID72707,extreme_heat,25.4,7,14.1,20.3,0.08,4,1.45,18,0
CLM20260403005044,RID10128,heavy_rainfall,0.5,0,174.1,2.3,5.32,39,2.97,1,1
CLM20260403005045,RID97518,severe_pollution,42.2,5,58.6,79.0,0.57,9,-0.5,29,0
CLM20260403005046,RID88694,severe_pollution,19.9,4,28.9,13.5,1.53,5,0.56,20,1
CLM20260403005047,RID61024,heavy_rainfall,11.9,3,94.2,15.9,4.13,8,-0.26,15,0
CLM20260403005048,RID17228,heavy_rainfall,83.9,4,98.5,13.6,0.9,10,0.19,13,0
CLM20260403005049,RID60749,extreme_heat,48.9,6,47.6,34.5,0.39,10,1.31,26,0
CLM20260403005050,RID19837,heavy_rainfall,187.5,4,45.8,23.3,6.41,12,3.04,7,0
CLM20260403005051,RID97597,extreme_heat,4.0,0,60.9,9.7,11.81,24,2.4,8,1
CLM20260403005052,RID90201,civic_unrest,69.7,5,45.3,14.3,3.84,4,-0.59,14,0
CLM20260403005053,RID13340,heavy_rainfall,41.1,3,44.5,14.4,0.79,9,0.35,10,0
CLM20260403005054,RID18679,severe_pollution,12.0,1,25.2,22.5,6.04,7,2.22,10,0
CLM20260403005055,RID79181,heavy_rainfall,197.8,4,97.2,39.0,3.85,11,-0.15,27,0
CLM20260403005056,RID90224,civic_unrest,118.0,5,42.8,12.7,0.51,11,1.01,21,0
CLM20260403005057,RID20499,civic_unrest,127.1,3,59.5,11.2,7.42,9,0.67,11,0
CLM20260403005058,RID92557,heavy_rainfall,28.9,0,40.9,18.2,0.09,6,-0.23,27,0
CLM20260403005059,RID52125,heavy_rainfall,63.2,5,58.2,80.0,1.29,8,-1.34,18,0
CLM20260403005060,RID69393,severe_pollution,28.5,2,56.8,29.6,3.41,5,-0.29,9,0
CLM20260403005061,RID33224,extreme_heat,12.2,4,45.9,41.0,1.56,3,-2.34,21,1
CLM20260403005062,RID86344,severe_pollution,19.5,2,2.8,12.7,10.28,32,3.2,1,0
CLM20260403005063,RID94157,severe_pollution,45.8,0,42.9,70.0,0.57,8,-0.03,24,0
CLM20260403005064,RID92179,extreme_heat,16.9,0,123.9,7.5,17.21,39,2.46,1,1
CLM20260403005065,RID16592,civic_unrest,19.4,1,55.1,25.0,0.23,5,3.85,26,0
CLM20260403005066,RID38902,civic_unrest,164.7,3,50.3,16.5,1.05,9,-1.42,22,0
CLM20260403005067,RID45405,heavy_rainfall,32.4,0,69.2,24.5,0.72,9,0.03,25,0
CLM20260403005068,RID74915,severe_pollution,85.0,1,38.8,30.7,0.71,5,0.14,27,0
CLM20260403005069,RID68024,civic_unrest,47.4,2,30.6,33.6,0.83,11,-0.83,18,0
CLM20260403005070,RID61214,extreme_heat,44.7,1,17.5,51.0,1.74,10,-0.81,26,1
CLM20260403005071,RID17626,severe_pollution,33.6,5,45.1,11.7,0.05,12,-0.44,16,0
CLM20260403005072,RID28314,severe_pollution,104.0,4,52.5,39.2,2.58,5,-0.22,19,0
CLM20260403005073,RID63955,extreme_heat,13.6,3,47.9,17.3,1.36,8,-0.73,14,0
CLM20260403005074,RID88159,extreme_heat,51.0,5,49.3,5.2,2.79,11,0.37,13,0
CLM20260403005075,RID55160,heavy_rainfall,19.9,3,49.5,47.8,2.56,8,-1.55,20,0
CLM20260403005076,RID82805,heavy_rainfall,38.8,3,147.2,3.8,0.33,8,0.64,22,0
CLM20260403005077,RID74499,severe_pollution,210.4,2,17.6,45.5,0.19,4,1.75,14,0
CLM20260403005078,RID60393,heavy_rainfall,17.2,2,81.3,66.1,0.36,11,-0.08,22,0
CLM20260403005079,RID31098,heavy_rainfall,61.7,4,123.4,18.2,0.13,11,-0.03,15,0
CLM20260403005080,RID44543,heavy_rainfall,5.2,0,9.3,0.4,1.64,30,3.85,2,1
CLM20260403005081,RID62072,civic_unrest,92.3,8,32.8,9.5,3.69,9,1.12,11,0
CLM20260403005082,RID18802,extreme_heat,17.9,3,10.1,54.2,3.26,17,0.63,8,0
CLM20260403005083,RID36009,extreme_heat,7.3,1,40.3,46.2,0.64,9,0.76,29,0
CLM20260403005084,RID69489,extreme_heat,0.9,2,46.1,76.3,0.45,7,0.36,23,0
CLM20260403005085,RID21689,extreme_heat,24.2,3,41.0,22.0,3.8,11,-3.23,21,0
CLM20260403005086,RID51182,civic_unrest,10.3,4,50.4,34.5,0.08,6,0.05,16,0
CLM20260403005087,RID32445,extreme_heat,33.0,1,38.5,34.5,2.69,7,0.02,11,0
CLM20260403005088,RID55185,severe_pollution,24.8,2,16.4,33.2,0.74,9,3.13,10,0
CLM20260403005089,RID24249,severe_pollution,21.3,1,49.6,58.7,0.3,7,0.06,10,0
CLM20260403005090,RID81393,heavy_rainfall,120.9,2,113.2,13.4,2.53,12,-1.07,26,0
CLM20260403005091,RID70850,heavy_rainfall,135.7,3,27.7,55.8,0.74,5,-0.46,17,0
CLM20260403005092,RID36858,extreme_heat,46.6,5,44.9,20.6,0.04,6,0.38,18,0
CLM20260403005093,RID98871,heavy_rainfall,72.3,5,38.0,6.5,0.01,4,-1.35,19,0
CLM20260403005094,RID20301,extreme_heat,67.1,3,51.1,38.4,1.03,8,0.75,21,0
CLM20260403005095,RID10060,severe_pollution,47.6,1,49.8,45.5,2.72,9,0.4,14,0
CLM20260403005096,RID24761,extreme_heat,65.2,1,13.7,80.0,0.55,9,-0.2,15,0
CLM20260403005097,RID65299,extreme_heat,32.2,1,18.9,25.1,2.59,9,-0.03,17,1
CLM20260403005098,RID77278,civic_unrest,14.9,4,53.6,24.8,1.33,9,-0.03,11,0
CLM20260403005099,RID27348,severe_pollution,10.3,0,159.1,0.6,12.5,33,2.74,2,1
CLM20260403005100,RID74978,civic_unrest,11.9,4,25.7,68.4,5.71,11,-3.35,29,0
CLM20260403005101,RID59280,heavy_rainfall,153.0,3,75.4,15.7,0.21,7,0.7,7,0
CLM20260403005102,RID34954,extreme_heat,17.5,8,24.6,28.5,0.23,9,0.18,28,0
CLM20260403005103,RID68653,heavy_rainfall,62.6,2,22.6,28.7,3.14,7,-2.22,8,0
CLM20260403005104,RID97539,civic_unrest,120.8,3,17.7,6.4,1.0,4,0.5,23,0
CLM20260403005105,RID50251,civic_unrest,94.2,2,51.8,65.1,2.4,13,-0.33,29,0
CLM20260403005106,RID87667,heavy_rainfall,57.9,0,146.0,25.3,1.91,10,-0.24,11,0
CLM20260403005107,RID32111,civic_unrest,4.8,4,11.0,44.6,1.55,8,0.32,18,0
CLM20260403005108,RID16263,extreme_heat,81.3,6,14.3,12.3,2.07,5,-0.43,9,0
CLM20260403005109,RID61850,civic_unrest,14.9,3,40.0,26.5,0.52,7,-0.28,13,0
CLM20260403005110,RID76881,heavy_rainfall,3.9,5,44.7,3.1,2.64,1,-2.12,8,0
CLM20260403005111,RID22388,severe_pollution,80.6,5,18.5,45.7,0.71,8,0.93,7,0
CLM20260403005112,RID46096,civic_unrest,2.2,0,49.4,2.0,1.84,34,3.93,2,1
CLM20260403005113,RID16933,extreme_heat,70.4,5,47.9,5.8,0.71,5,-1.59,9,0
CLM20260403005114,RID69210,extreme_heat,66.3,2,23.1,11.1,3.11,10,-1.27,8,0
CLM20260403005115,RID99397,civic_unrest,7.5,0,64.1,13.3,8.61,35,4.07,2,1
CLM20260403005116,RID23318,severe_pollution,21.6,4,17.6,21.4,1.46,8,-1.37,24,0
CLM20260403005117,RID71656,heavy_rainfall,91.2,2,126.8,30.0,3.8,8,0.02,26,0
CLM20260403005118,RID28582,severe_pollution,58.6,2,38.4,49.3,1.19,8,-1.08,28,0
CLM20260403005119,RID75491,extreme_heat,24.1,2,52.9,5.0,1.68,12,-0.36,14,0
CLM20260403005120,RID34464,heavy_rainfall,51.0,1,32.0,12.3,0.48,9,0.31,24,0
CLM20260403005121,RID11836,extreme_heat,67.4,3,14.0,4.8,1.55,8,3.12,8,0
CLM20260403005122,RID93763,heavy_rainfall,26.9,3,103.4,34.6,2.07,11,-2.08,13,0
CLM20260403005123,RID74431,extreme_heat,94.0,0,53.0,45.1,0.53,10,1.35,9,0
CLM20260403005124,RID23413,extreme_heat,52.9,3,54.3,10.7,0.1,10,0.65,11,0
CLM20260403005125,RID44222,severe_pollution,66.7,4,58.9,37.7,0.39,10,-2.0,29,0
CLM20260403005126,RID32494,civic_unrest,39.6,2,54.2,20.3,0.27,3,-0.14,23,0
CLM20260403005127,RID74396,severe_pollution,60.3,2,33.1,20.0,0.69,10,-1.09,20,0
CLM20260403005128,RID40653,severe_pollution,69.1,4,14.8,27.2,0.31,9,1.26,24,0
CLM20260403005129,RID40360,extreme_heat,7.5,2,56.8,14.3,1.37,8,0.65,20,0
CLM20260403005130,RID25071,extreme_heat,54.6,4,14.4,37.8,1.67,11,-1.26,28,0
CLM20260403005131,RID81239,civic_unrest,41.9,1,50.1,33.6,0.77,6,1.53,29,0
CLM20260403005132,RID63533,heavy_rainfall,30.1,4,127.0,8.7,0.97,4,0.94,29,0
CLM20260403005133,RID54364,extreme_heat,62.4,3,39.1,17.7,0.09,3,-1.12,22,1
CLM20260403005134,RID85028,severe_pollution,95.5,1,11.3,19.7,0.6,6,-2.36,28,0
CLM20260403005135,RID13003,severe_pollution,137.0,3,11.5,16.1,1.74,10,-2.55,16,0
CLM20260403005136,RID87150,severe_pollution,29.9,4,17.0,45.0,4.3,10,0.9,29,0
CLM20260403005137,RID62793,heavy_rainfall,18.3,5,146.6,18.9,0.43,12,-0.34,8,0
CLM20260403005138,RID69450,severe_pollution,15.3,4,58.3,28.7,1.14,12,-1.84,11,0
CLM20260403005139,RID18007,severe_pollution,195.3,2,18.7,47.6,0.65,7,-1.22,15,0
CLM20260403005140,RID75072,extreme_heat,87.7,6,50.4,35.4,1.07,11,0.01,8,0
CLM20260403005141,RID63095,extreme_heat,35.1,2,17.3,15.9,1.77,7,-0.9,28,0
CLM20260403005142,RID12026,civic_unrest,71.3,3,14.3,24.0,5.95,9,-1.66,9,0
CLM20260403005143,RID10295,severe_pollution,15.8,3,38.1,26.0,1.01,7,-2.22,9,0
CLM20260403005144,RID80860,extreme_heat,85.9,3,49.7,23.4,0.16,5,-1.63,20,0
CLM20260403005145,RID21056,extreme_heat,41.5,3,26.2,38.7,0.39,14,0.88,8,0
CLM20260403005146,RID33651,extreme_heat,45.6,3,31.0,19.8,0.72,7,1.15,7,0
CLM20260403005147,RID92467,civic_unrest,57.5,2,27.5,2.8,0.04,4,-2.2,17,0
CLM20260403005148,RID52977,extreme_heat,101.8,3,35.7,24.0,0.99,11,1.18,27,0
CLM20260403005149,RID21296,severe_pollution,51.0,2,9.7,15.8,6.2,8,0.89,27,0
CLM20260403005150,RID98964,civic_unrest,37.6,1,27.1,80.0,0.21,10,0.27,19,0
CLM20260403005151,RID11944,civic_unrest,42.9,1,49.9,16.9,2.25,6,-1.19,12,0
CLM20260403005152,RID80657,severe_pollution,30.3,3,13.2,33.8,0.39,9,-0.36,18,0
CLM20260403005153,RID23749,civic_unrest,186.5,7,40.3,24.0,1.56,5,-0.13,7,0
CLM20260403005154,RID63075,extreme_heat,240.0,5,13.0,41.7,2.54,15,1.22,22,0
CLM20260403005155,RID19550,extreme_heat,81.4,3,31.7,38.9,1.75,10,0.57,15,0
CLM20260403005156,RID19535,extreme_heat,88.1,5,37.4,7.3,0.85,15,0.7,27,0
CLM20260403005157,RID52911,severe_pollution,57.9,3,59.0,18.0,2.54,7,-1.32,17,1
CLM20260403005158,RID69863,heavy_rainfall,20.8,1,93.5,31.2,1.25,10,1.08,17,0
CLM20260403005159,RID83076,civic_unrest,88.9,5,33.9,19.3,1.13,12,0.96,15,0
CLM20260403005160,RID40830,severe_pollution,72.9,6,59.0,4.1,1.73,11,-0.66,10,0
CLM20260403005161,RID91715,civic_unrest,35.1,5,36.8,6.7,1.92,7,0.21,28,0
CLM20260403005162,RID81660,heavy_rainfall,65.5,3,32.5,5.5,0.13,7,-1.0,27,0
CLM20260403005163,RID30753,extreme_heat,37.4,2,26.2,4.2,0.25,6,0.2,11,0
CLM20260403005164,RID14952,civic_unrest,5.1,1,137.4,1.2,1.72,37,3.76,1,1
CLM20260403005165,RID14444,extreme_heat,115.0,5,15.5,43.7,1.63,9,-2.96,27,0
CLM20260403005166,RID96810,severe_pollution,62.6,1,28.1,6.6,0.06,5,-0.04,13,0
CLM20260403005167,RID88410,civic_unrest,16.8,5,12.4,56.0,0.73,4,-0.25,19,0
CLM20260403005168,RID76500,civic_unrest,26.3,2,12.2,22.2,0.95,8,-0.69,9,0
CLM20260403005169,RID94983,extreme_heat,74.1,5,16.8,18.5,3.03,7,-0.08,10,1
CLM20260403005170,RID49077,civic_unrest,93.3,3,11.9,80.0,6.15,11,-1.24,21,0
CLM20260403005171,RID89918,heavy_rainfall,6.4,0,2.8,3.0,18.02,42,2.8,1,1
CLM20260403005172,RID94839,heavy_rainfall,0.6,0,153.0,11.4,16.63,32,3.38,2,1
CLM20260403005173,RID47167,civic_unrest,69.6,4,56.0,43.2,4.5,6,0.81,13,0
CLM20260403005174,RID69226,severe_pollution,50.4,2,9.1,10.5,0.0,6,0.75,15,0
CLM20260403005175,RID14692,severe_pollution,105.1,2,21.0,38.1,0.34,8,-0.66,26,0
CLM20260403005176,RID22014,civic_unrest,72.2,4,10.0,37.0,0.43,7,-2.17,28,0
CLM20260403005177,RID33467,extreme_heat,19.4,1,49.5,32.2,3.53,7,1.47,24,0
CLM20260403005178,RID81299,severe_pollution,6.2,0,196.4,8.5,1.86,33,2.83,1,1
CLM20260403005179,RID68665,severe_pollution,14.7,2,49.1,41.4,0.96,9,-1.25,10,0
CLM20260403005180,RID72600,extreme_heat,35.2,2,11.9,8.7,1.04,9,-1.63,26,0
CLM20260403005181,RID80683,extreme_heat,54.9,2,40.6,27.9,0.05,8,-1.4,23,0
CLM20260403005182,RID13436,severe_pollution,39.7,4,54.0,22.8,0.48,8,1.94,25,0
CLM20260403005183,RID46031,severe_pollution,100.2,2,54.3,74.3,1.27,10,0.77,24,0
CLM20260403005184,RID20222,heavy_rainfall,49.0,3,135.8,20.3,3.03,4,0.63,13,0
CLM20260403005185,RID92289,severe_pollution,14.1,2,48.1,32.8,0.5,9,0.71,29,1
CLM20260403005186,RID74867,severe_pollution,44.7,2,58.4,58.8,0.64,10,-0.49,16,0
CLM20260403005187,RID60393,extreme_heat,59.8,6,44.7,18.0,0.93,12,-1.24,16,0
CLM20260403005188,RID91741,severe_pollution,7.6,5,27.2,35.8,0.29,12,-0.82,15,0
CLM20260403005189,RID76296,severe_pollution,48.5,2,12.4,26.0,0.04,6,-0.38,13,0
CLM20260403005190,RID30173,extreme_heat,47.3,4,53.4,41.5,1.24,3,-0.93,20,0
CLM20260403005191,RID51958,extreme_heat,81.6,4,16.6,53.0,2.16,3,2.74,25,0
CLM20260403005192,RID74737,heavy_rainfall,170.5,3,144.1,52.2,0.82,6,0.13,16,0
CLM20260403005193,RID94319,civic_unrest,4.9,0,180.8,5.5,0.07,27,3.19,3,1
CLM20260403005194,RID99333,heavy_rainfall,28.4,2,143.1,49.2,0.9,8,-0.46,28,0
CLM20260403005195,RID62244,extreme_heat,41.0,4,40.0,2.2,0.05,15,-0.24,27,0
CLM20260403005196,RID99435,extreme_heat,4.1,2,54.2,11.5,1.45,10,-0.52,20,0
CLM20260403005197,RID58323,heavy_rainfall,31.3,1,113.0,73.0,0.52,10,-0.46,19,0
CLM20260403005198,RID45301,heavy_rainfall,33.6,1,36.3,77.0,0.65,6,0.5,14,0
CLM20260403005199,RID96975,civic_unrest,83.6,5,54.3,14.2,2.17,5,-1.26,13,0
CLM20260403005200,RID61138,severe_pollution,73.5,2,42.5,26.4,0.57,5,1.58,28,0
CLM20260403005201,RID91204,civic_unrest,51.7,3,50.4,4.0,0.64,13,-1.06,22,0
CLM20260403005202,RID99864,severe_pollution,88.0,2,17.0,12.2,3.21,10,1.77,11,0
CLM20260403005203,RID84605,heavy_rainfall,94.2,2,57.8,22.6,2.01,4,-0.79,23,1
CLM20260403005204,RID14015,heavy_rainfall,38.1,1,83.7,26.1,1.98,9,-0.96,16,0
CLM20260403005205,RID32009,civic_unrest,116.3,2,41.4,14.9,1.77,7,-0.19,27,0
CLM20260403005206,RID81010,extreme_heat,21.7,2,30.6,80.0,3.34,5,1.0,26,0
CLM20260403005207,RID54909,civic_unrest,43.2,1,42.2,2.9,3.28,7,-0.66,26,0
CLM20260403005208,RID45169,civic_unrest,27.1,2,21.3,41.9,1.03,6,-0.04,25,0
CLM20260403005209,RID33927,severe_pollution,2.5,0,153.1,14.3,8.94,38,4.03,1,1
CLM20260403005210,RID70383,severe_pollution,16.3,4,23.5,40.9,0.17,3,0.25,17,1
CLM20260403005211,RID35704,extreme_heat,36.9,3,52.7,34.8,2.85,8,-0.86,9,0
CLM20260403005212,RID56271,civic_unrest,79.9,3,41.7,31.5,1.73,7,0.91,21,0
CLM20260403005213,RID34338,extreme_heat,166.0,3,27.3,46.9,6.76,4,0.19,22,0
CLM20260403005214,RID93092,extreme_heat,56.1,2,10.5,47.7,0.01,11,-0.25,15,0
CLM20260403005215,RID99591,civic_unrest,67.1,4,39.2,43.7,0.52,12,0.24,8,0
CLM20260403005216,RID61299,extreme_heat,62.9,2,51.6,11.5,0.82,9,1.18,11,0
CLM20260403005217,RID35502,heavy_rainfall,71.7,0,78.7,44.1,0.66,8,-1.97,27,0
CLM20260403005218,RID54588,severe_pollution,40.7,3,13.3,19.8,1.74,5,2.11,27,0
CLM20260403005219,RID31551,civic_unrest,96.4,5,8.6,24.0,6.08,5,-1.29,25,0
CLM20260403005220,RID20434,civic_unrest,148.4,3,16.1,2.5,0.28,8,0.14,29,1
CLM20260403005221,RID34458,civic_unrest,88.5,1,26.7,34.7,1.52,6,-1.26,22,0
CLM20260403005222,RID73347,extreme_heat,101.8,1,47.1,12.5,3.66,4,-0.18,19,0
CLM20260403005223,RID55003,severe_pollution,27.7,1,56.1,80.0,4.66,3,1.63,12,0
CLM20260403005224,RID31978,extreme_heat,34.7,3,45.8,80.0,6.09,6,-0.39,14,1
CLM20260403005225,RID62907,extreme_heat,19.2,6,17.6,9.7,0.27,5,-0.38,7,0
CLM20260403005226,RID39133,civic_unrest,4.8,2,5.9,15.0,5.66,35,2.66,2,1
CLM20260403005227,RID79434,civic_unrest,136.7,3,27.1,24.2,2.38,6,-0.26,11,0
CLM20260403005228,RID23398,extreme_heat,1.2,0,82.4,14.3,18.05,24,5.88,2,1
CLM20260403005229,RID76123,heavy_rainfall,60.7,2,85.8,11.1,0.21,8,1.7,26,0
CLM20260403005230,RID83391,severe_pollution,25.3,3,55.7,29.5,0.29,9,-0.11,10,0
CLM20260403005231,RID58395,civic_unrest,93.9,2,37.5,12.5,5.23,14,-0.75,24,0
CLM20260403005232,RID13363,severe_pollution,72.6,4,31.7,28.7,2.67,11,-0.87,8,0
CLM20260403005233,RID78017,civic_unrest,163.2,1,36.5,15.1,0.3,6,-0.71,13,0
CLM20260403005234,RID60630,civic_unrest,56.7,2,24.1,45.7,1.75,7,-0.76,25,0
CLM20260403005235,RID12048,civic_unrest,49.1,4,26.3,22.6,5.0,11,-0.86,14,1
CLM20260403005236,RID73932,civic_unrest,29.7,5,28.3,71.9,3.54,13,0.08,7,0
CLM20260403005237,RID44302,extreme_heat,71.5,5,31.9,17.0,2.33,9,-2.07,23,0
CLM20260403005238,RID10996,extreme_heat,10.0,3,57.8,16.4,2.17,12,-0.05,8,1
CLM20260403005239,RID50189,heavy_rainfall,74.0,2,101.3,13.6,5.39,14,0.35,27,0
CLM20260403005240,RID98529,heavy_rainfall,49.7,0,149.1,36.9,1.41,10,-2.44,16,0
CLM20260403005241,RID24836,severe_pollution,92.7,3,19.5,10.1,0.6,5,1.13,18,0
CLM20260403005242,RID88512,severe_pollution,51.9,1,57.7,31.3,3.02,8,0.18,29,0
CLM20260403005243,RID31602,heavy_rainfall,42.4,2,123.2,10.5,1.92,7,1.11,15,0
CLM20260403005244,RID36102,civic_unrest,23.9,5,46.7,13.2,0.3,10,0.18,29,0
CLM20260403005245,RID86280,extreme_heat,106.5,3,48.3,33.3,1.19,6,1.56,7,0
CLM20260403005246,RID45275,heavy_rainfall,45.4,2,101.0,14.6,1.3,6,0.37,21,0
CLM20260403005247,RID21273,civic_unrest,17.7,2,52.7,34.4,0.38,7,-0.25,27,0
CLM20260403005248,RID37549,severe_pollution,55.6,4,14.3,11.1,4.84,4,-0.87,17,0
CLM20260403005249,RID50315,heavy_rainfall,8.3,3,124.8,27.8,2.68,12,-0.89,22,0
CLM20260403005250,RID52630,civic_unrest,27.2,2,22.7,12.2,3.98,5,0.48,21,0
CLM20260403005251,RID69464,heavy_rainfall,27.1,5,80.7,22.7,1.47,10,0.54,29,0
CLM20260403005252,RID52830,civic_unrest,108.4,1,48.8,26.2,1.42,8,-2.87,28,0
CLM20260403005253,RID36515,heavy_rainfall,7.6,0,21.5,25.8,1.41,3,-0.83,24,0
CLM20260403005254,RID38389,extreme_heat,6.1,0,9.1,12.9,18.63,31,3.24,4,1
CLM20260403005255,RID57986,extreme_heat,27.9,3,21.3,26.3,3.82,8,0.55,7,0
CLM20260403005256,RID64982,severe_pollution,0.8,0,9.0,0.8,9.16,39,3.51,2,1
CLM20260403005257,RID78750,heavy_rainfall,92.2,3,95.8,52.2,0.32,9,1.91,17,0
CLM20260403005258,RID41214,severe_pollution,55.5,5,26.5,37.4,0.26,6,0.73,11,0
CLM20260403005259,RID68632,civic_unrest,14.1,1,34.9,22.8,1.57,8,0.14,22,0
CLM20260403005260,RID16002,heavy_rainfall,47.9,3,144.2,29.4,0.6,9,-0.08,19,0
CLM20260403005261,RID91365,civic_unrest,65.9,3,46.4,27.2,0.41,14,0.71,20,0
CLM20260403005262,RID29619,heavy_rainfall,8.8,0,140.5,11.3,7.0,31,2.02,3,1
CLM20260403005263,RID47156,heavy_rainfall,101.5,1,73.0,16.2,0.68,7,-2.44,20,0
CLM20260403005264,RID14612,civic_unrest,10.5,0,71.7,13.8,9.44,31,3.3,1,1
CLM20260403005265,RID33242,severe_pollution,112.2,4,40.7,14.0,1.18,7,-1.54,16,0
CLM20260403005266,RID60191,heavy_rainfall,38.1,2,47.7,37.7,0.07,5,1.05,7,0
CLM20260403005267,RID87559,severe_pollution,46.9,4,19.5,27.8,0.91,9,-0.26,22,0
CLM20260403005268,RID83595,heavy_rainfall,71.0,2,64.2,71.9,0.01,5,-2.83,25,0
CLM20260403005269,RID89307,extreme_heat,54.8,5,16.2,18.5,2.36,10,0.45,24,0
CLM20260403005270,RID72654,heavy_rainfall,47.3,2,26.5,40.3,0.69,8,1.25,9,0
CLM20260403005271,RID45609,civic_unrest,108.8,3,21.5,36.8,1.52,8,0.02,13,0
CLM20260403005272,RID27009,extreme_heat,41.8,6,26.4,18.2,0.59,6,1.74,8,0
CLM20260403005273,RID77404,civic_unrest,2.7,0,58.0,11.7,14.55,36,5.24,2,1
CLM20260403005274,RID62716,extreme_heat,0.5,0,7.3,14.5,0.53,41,3.01,3,1
CLM20260403005275,RID27937,civic_unrest,107.4,2,9.7,80.0,3.73,10,0.23,16,0
CLM20260403005276,RID83060,severe_pollution,196.1,4,47.7,5.7,0.58,7,-1.03,21,0
CLM20260403005277,RID64536,heavy_rainfall,31.3,1,109.6,78.9,0.02,6,1.56,11,0
CLM20260403005278,RID52526,severe_pollution,114.4,1,13.3,30.5,1.52,13,0.67,8,0
CLM20260403005279,RID68953,severe_pollution,18.2,4,31.9,39.6,1.61,8,-2.16,15,0
CLM20260403005280,RID46639,civic_unrest,34.5,1,19.8,60.3,0.07,9,0.83,11,0
CLM20260403005281,RID31966,extreme_heat,16.8,2,46.6,8.7,0.3,6,-0.83,23,0
CLM20260403005282,RID74580,civic_unrest,48.8,3,17.0,34.8,0.7,8,1.37,23,0
CLM20260403005283,RID76874,civic_unrest,3.9,6,23.2,6.0,1.5,14,-3.93,10,0
CLM20260403005284,RID97728,civic_unrest,52.7,7,50.8,31.6,0.94,7,1.45,25,0
CLM20260403005285,RID80955,civic_unrest,81.2,1,27.8,5.6,1.78,10,1.37,18,0
CLM20260403005286,RID87112,severe_pollution,40.9,2,9.0,14.3,0.47,9,-0.92,22,0
CLM20260403005287,RID57672,civic_unrest,30.4,2,47.7,51.9,0.84,7,1.28,14,0
CLM20260403005288,RID90432,civic_unrest,47.8,6,29.4,28.4,5.96,8,0.22,25,0
CLM20260403005289,RID33301,extreme_heat,12.8,2,26.3,27.3,2.2,14,1.52,7,0
CLM20260403005290,RID49916,heavy_rainfall,106.6,4,78.2,27.8,1.82,6,-0.68,14,0
CLM20260403005291,RID20876,severe_pollution,72.1,3,45.7,19.1,0.95,5,0.18,15,0
CLM20260403005292,RID53554,heavy_rainfall,83.8,4,39.4,9.3,1.2,7,-1.05,22,1
CLM20260403005293,RID27842,heavy_rainfall,5.0,0,4.9,1.7,11.31,33,2.66,1,1
CLM20260403005294,RID15164,heavy_rainfall,50.0,3,135.8,44.0,0.02,10,-0.74,11,0
CLM20260403005295,RID30439,civic_unrest,107.8,5,10.9,15.6,0.35,8,1.04,9,0
CLM20260403005296,RID58824,extreme_heat,72.8,3,41.4,22.8,1.53,6,0.42,17,1
CLM20260403005297,RID86851,extreme_heat,98.0,4,14.8,40.6,2.07,7,-0.62,8,0
CLM20260403005298,RID19535,extreme_heat,93.0,1,59.6,17.8,3.57,4,-1.7,25,0
CLM20260403005299,RID27187,heavy_rainfall,16.6,5,129.3,26.2,0.05,14,1.3,13,0
CLM20260403005300,RID52726,civic_unrest,3.7,2,2.7,8.0,0.35,26,3.8,2,1
CLM20260403005301,RID19075,extreme_heat,106.5,4,59.0,38.6,0.51,11,1.58,9,0
CLM20260403005302,RID10730,civic_unrest,36.7,2,29.1,23.0,0.46,7,-1.28,14,0
CLM20260403005303,RID54555,severe_pollution,37.9,3,51.6,55.0,1.25,4,-0.2,25,0
CLM20260403005304,RID14428,extreme_heat,116.7,2,57.5,10.4,1.37,13,0.78,15,0
CLM20260403005305,RID93023,severe_pollution,89.0,4,40.8,6.4,1.41,13,-1.43,7,0
CLM20260403005306,RID82816,extreme_heat,24.9,1,35.5,26.4,0.35,5,-0.41,24,0
CLM20260403005307,RID99390,heavy_rainfall,107.8,2,139.7,50.5,4.18,11,-0.67,10,0
CLM20260403005308,RID47212,civic_unrest,47.2,2,56.4,50.2,2.4,17,-1.02,16,0
CLM20260403005309,RID47272,severe_pollution,62.6,3,46.6,31.8,0.21,10,1.39,19,0
CLM20260403005310,RID60570,severe_pollution,39.3,4,42.0,10.4,4.52,11,-0.07,15,0
CLM20260403005311,RID28883,severe_pollution,38.7,5,18.2,9.6,1.45,6,1.15,24,0
CLM20260403005312,RID39109,severe_pollution,84.1,1,39.2,62.5,0.17,8,-0.69,15,0
CLM20260403005313,RID68851,severe_pollution,79.3,6,30.0,17.8,0.52,9,2.75,28,0
CLM20260403005314,RID48360,severe_pollution,25.8,3,10.2,16.5,0.06,1,1.34,20,0
CLM20260403005315,RID29622,heavy_rainfall,11.7,2,101.4,20.4,1.49,5,0.23,27,0
CLM20260403005316,RID27004,civic_unrest,162.1,4,46.4,53.3,2.54,3,0.81,8,0
CLM20260403005317,RID77543,extreme_heat,49.7,2,30.0,7.7,1.25,11,0.24,9,0
CLM20260403005318,RID58343,civic_unrest,3.6,0,86.7,5.9,0.69,44,2.84,2,1
CLM20260403005319,RID37413,heavy_rainfall,23.8,5,58.4,78.4,0.32,5,0.58,24,0
CLM20260403005320,RID78921,extreme_heat,49.6,3,9.1,41.1,0.6,7,-1.16,14,0
CLM20260403005321,RID32658,heavy_rainfall,109.7,6,47.2,49.2,1.52,9,-0.5,20,0
CLM20260403005322,RID27527,extreme_heat,7.4,0,175.4,11.4,12.16,28,2.58,3,1
CLM20260403005323,RID18246,extreme_heat,32.4,3,27.0,19.1,1.17,13,-1.15,13,0
CLM20260403005324,RID36238,extreme_heat,0.6,0,9.0,11.0,17.22,31,2.77,1,1
CLM20260403005325,RID94560,heavy_rainfall,1.6,0,94.6,4.2,0.35,40,3.06,1,1
CLM20260403005326,RID92170,civic_unrest,115.9,2,9.1,53.0,2.68,7,-1.18,27,0
CLM20260403005327,RID91797,heavy_rainfall,93.8,2,111.7,23.5,0.75,12,-0.94,11,0
CLM20260403005328,RID17731,severe_pollution,93.3,1,39.9,50.9,2.6,5,-0.14,9,0
CLM20260403005329,RID11063,heavy_rainfall,75.3,3,104.8,38.0,0.4,12,0.01,25,0
CLM20260403005330,RID78103,extreme_heat,31.7,5,49.3,55.6,1.84,11,-1.19,21,0
CLM20260403005331,RID64443,civic_unrest,62.2,4,20.1,1.0,0.66,9,-2.4,28,0
CLM20260403005332,RID74164,extreme_heat,38.5,3,43.4,39.7,0.25,3,-0.1,12,0
CLM20260403005333,RID36733,severe_pollution,110.5,2,29.9,49.8,1.68,6,0.2,26,0
CLM20260403005334,RID55220,heavy_rainfall,14.7,0,126.2,11.8,1.72,42,3.4,3,1
CLM20260403005335,RID79797,extreme_heat,39.5,3,57.4,72.8,4.48,10,-0.01,7,0
CLM20260403005336,RID71821,severe_pollution,7.6,3,35.9,10.8,2.74,8,2.08,13,0
CLM20260403005337,RID77984,heavy_rainfall,30.7,1,92.0,9.5,0.06,10,0.09,27,0
CLM20260403005338,RID97183,severe_pollution,104.7,1,32.6,7.5,2.92,5,0.82,14,1
CLM20260403005339,RID33192,extreme_heat,1.7,0,3.2,2.3,8.56,34,2.66,12,1
CLM20260403005340,RID55886,severe_pollution,45.4,2,40.4,1.3,2.19,7,-1.54,29,0
CLM20260403005341,RID70851,civic_unrest,111.4,2,42.3,8.6,0.62,9,0.19,19,0
CLM20260403005342,RID44123,civic_unrest,50.5,1,15.7,11.8,1.39,13,0.61,9,0
CLM20260403005343,RID83667,civic_unrest,25.9,4,26.7,16.5,0.32,7,0.09,10,0
CLM20260403005344,RID73417,extreme_heat,37.9,2,41.7,56.4,0.95,6,2.85,20,0
CLM20260403005345,RID59664,extreme_heat,5.1,0,50.1,11.0,16.23,30,3.36,2,1
CLM20260403005346,RID84870,heavy_rainfall,77.8,2,73.8,36.9,0.66,8,1.72,29,0
CLM20260403005347,RID52655,extreme_heat,106.0,2,49.9,34.9,0.16,11,-1.49,7,0
CLM20260403005348,RID91082,heavy_rainfall,5.7,0,137.1,4.3,13.51,29,2.69,1,1
CLM20260403005349,RID76968,severe_pollution,53.8,2,54.4,61.3,0.18,7,-1.4,22,1
CLM20260403005350,RID60123,extreme_heat,2.0,0,9.2,13.2,19.98,37,3.72,1,1
CLM20260403005351,RID23402,severe_pollution,0.5,0,166.2,8.7,5.37,30,4.49,1,1
CLM20260403005352,RID16959,extreme_heat,21.9,2,37.2,28.5,0.35,8,-0.36,26,0
CLM20260403005353,RID67610,heavy_rainfall,32.5,1,103.0,36.4,0.05,8,-1.25,24,0
CLM20260403005354,RID94596,severe_pollution,33.2,3,14.4,80.0,1.34,7,-0.17,25,0
CLM20260403005355,RID33009,heavy_rainfall,70.7,3,86.4,27.6,2.51,9,-0.46,24,0
CLM20260403005356,RID69921,extreme_heat,44.1,2,44.9,80.0,1.92,9,-1.27,23,0
CLM20260403005357,RID35994,severe_pollution,68.7,2,33.1,54.7,2.0,5,-0.54,22,0
CLM20260403005358,RID38478,extreme_heat,14.1,2,11.0,71.6,0.32,13,-0.67,22,0
CLM20260403005359,RID13836,civic_unrest,29.9,3,47.9,20.5,4.83,5,-1.66,18,0
CLM20260403005360,RID33827,extreme_heat,90.6,2,35.0,50.5,1.38,7,0.78,23,0
CLM20260403005361,RID30341,extreme_heat,12.2,0,11.2,27.2,2.69,5,1.07,18,0
CLM20260403005362,RID63993,extreme_heat,6.6,0,182.9,6.6,11.45,32,2.29,2,1
CLM20260403005363,RID23213,severe_pollution,39.4,2,55.3,50.5,0.01,7,-0.34,10,0
CLM20260403005364,RID52854,heavy_rainfall,48.8,1,29.3,27.4,0.34,10,0.45,20,0
CLM20260403005365,RID93932,civic_unrest,18.9,2,16.8,14.5,2.38,6,1.72,22,0
CLM20260403005366,RID40968,extreme_heat,81.1,2,48.5,3.8,1.31,7,-0.95,20,0
CLM20260403005367,RID40992,extreme_heat,31.7,1,16.4,8.2,0.34,8,2.79,25,0
CLM20260403005368,RID52611,civic_unrest,42.7,6,18.9,3.5,1.41,5,-1.71,10,0
CLM20260403005369,RID42049,extreme_heat,67.8,2,41.1,79.1,1.42,14,-1.04,23,1
CLM20260403005370,RID51969,civic_unrest,33.8,7,16.1,33.9,1.05,8,1.54,29,1
CLM20260403005371,RID44967,severe_pollution,38.1,2,35.5,35.7,2.84,7,1.57,14,0
CLM20260403005372,RID26011,severe_pollution,165.7,3,48.4,53.8,0.34,8,0.02,12,0
CLM20260403005373,RID94489,severe_pollution,39.9,3,21.3,28.1,0.88,4,0.24,23,0
CLM20260403005374,RID74631,extreme_heat,55.5,1,16.3,42.0,1.19,8,-0.93,8,0
CLM20260403005375,RID31176,severe_pollution,42.8,2,54.3,47.2,0.72,8,2.05,18,0
CLM20260403005376,RID47990,extreme_heat,25.6,2,21.2,66.6,0.02,4,-1.4,10,0
CLM20260403005377,RID12563,civic_unrest,215.8,0,50.8,21.7,0.75,6,-0.71,8,0
CLM20260403005378,RID44214,civic_unrest,79.0,1,29.5,39.3,0.82,9,-0.06,26,0
CLM20260403005379,RID85708,severe_pollution,19.2,0,21.9,73.4,0.81,5,-0.37,16,0
CLM20260403005380,RID90112,heavy_rainfall,13.2,3,43.3,17.4,1.12,11,0.63,10,0
CLM20260403005381,RID33653,severe_pollution,96.2,0,41.5,30.2,4.75,6,-2.8,8,0
CLM20260403005382,RID89116,severe_pollution,69.5,2,48.7,31.3,1.37,8,0.23,20,0
CLM20260403005383,RID10352,extreme_heat,18.1,5,38.9,12.0,0.78,7,0.56,20,0
CLM20260403005384,RID84847,extreme_heat,64.3,3,25.7,34.1,2.18,11,-1.28,9,0
CLM20260403005385,RID67690,heavy_rainfall,29.3,5,142.5,24.2,4.01,10,-0.22,12,0
CLM20260403005386,RID31245,heavy_rainfall,50.2,1,88.7,10.8,1.22,11,1.59,14,0
CLM20260403005387,RID53399,extreme_heat,31.3,3,51.4,66.0,0.51,9,-1.03,8,0
CLM20260403005388,RID97388,severe_pollution,40.9,4,11.8,37.3,0.08,13,-0.72,20,0
CLM20260403005389,RID79074,severe_pollution,21.5,2,19.2,40.8,1.25,9,-0.42,12,0
CLM20260403005390,RID24747,extreme_heat,30.1,2,25.3,33.6,12.64,4,2.93,8,0
CLM20260403005391,RID74268,civic_unrest,33.7,1,46.3,8.8,1.12,8,-0.49,11,0
CLM20260403005392,RID28124,extreme_heat,49.5,1,8.9,17.8,0.81,10,0.99,25,0
CLM20260403005393,RID27126,extreme_heat,35.6,3,15.5,34.7,0.76,6,-0.4,23,0
CLM20260403005394,RID13680,heavy_rainfall,6.4,0,45.0,8.4,14.23,38,3.3,5,1
CLM20260403005395,RID27657,civic_unrest,20.5,4,38.3,23.2,0.35,5,1.47,26,0
CLM20260403005396,RID62052,heavy_rainfall,36.0,4,134.3,4.4,0.06,10,-1.88,27,0
CLM20260403005397,RID81824,extreme_heat,53.4,5,19.9,71.4,0.1,9,0.24,10,0
CLM20260403005398,RID32710,heavy_rainfall,88.3,2,135.9,11.5,0.9,10,0.75,25,0
CLM20260403005399,RID15828,civic_unrest,50.0,3,27.9,17.7,3.57,9,1.25,28,0
CLM20260403005400,RID82641,severe_pollution,6.9,0,185.6,4.6,14.1,35,3.91,2,1
CLM20260403005401,RID89505,severe_pollution,54.8,5,18.0,22.7,4.34,8,2.73,17,0
CLM20260403005402,RID77977,severe_pollution,49.7,2,10.2,12.8,0.49,8,2.03,22,0
CLM20260403005403,RID55785,extreme_heat,7.0,0,5.2,1.9,10.64,37,3.54,2,1
CLM20260403005404,RID58784,civic_unrest,75.8,3,13.0,41.2,5.26,9,-1.23,23,0
CLM20260403005405,RID34203,extreme_heat,37.9,3,8.5,45.6,4.89,8,-1.56,8,0
CLM20260403005406,RID93548,severe_pollution,21.8,3,53.6,27.3,0.81,5,-0.62,21,0
CLM20260403005407,RID17979,heavy_rainfall,50.8,2,88.7,20.3,1.11,10,-0.47,27,0
CLM20260403005408,RID36475,heavy_rainfall,4.5,0,138.9,3.4,1.52,35,3.07,1,1
CLM20260403005409,RID46455,civic_unrest,29.6,7,22.0,25.8,0.25,7,0.12,20,0
CLM20260403005410,RID40970,severe_pollution,52.0,4,16.6,43.4,0.41,9,-0.3,9,0
CLM20260403005411,RID94594,heavy_rainfall,92.6,1,49.2,42.9,0.05,5,-0.97,19,0
CLM20260403005412,RID85060,civic_unrest,6.5,5,53.7,12.0,4.26,5,-0.45,15,0
CLM20260403005413,RID24349,severe_pollution,3.2,3,31.3,28.6,0.43,8,0.53,9,0
CLM20260403005414,RID18704,civic_unrest,62.2,0,56.2,64.4,2.04,6,-0.08,23,0
CLM20260403005415,RID31365,extreme_heat,40.4,3,35.8,27.7,0.14,10,0.88,26,0
CLM20260403005416,RID84778,heavy_rainfall,47.2,1,132.6,13.0,0.1,7,-0.29,14,0
CLM20260403005417,RID12993,extreme_heat,75.5,2,30.7,16.5,0.91,8,-0.35,18,0
CLM20260403005418,RID94267,extreme_heat,9.0,2,10.5,35.6,0.34,11,0.78,25,0
CLM20260403005419,RID86923,civic_unrest,27.7,4,18.6,33.7,0.43,11,-1.72,12,0
CLM20260403005420,RID97032,heavy_rainfall,50.0,4,132.6,63.3,1.4,6,0.56,28,0
CLM20260403005421,RID22120,civic_unrest,67.9,5,44.3,61.1,2.74,8,-0.53,29,0
CLM20260403005422,RID36062,severe_pollution,127.8,2,12.5,15.8,2.0,8,1.08,13,0
CLM20260403005423,RID46331,extreme_heat,128.8,4,38.4,13.7,0.21,9,0.28,12,0
CLM20260403005424,RID17430,extreme_heat,50.5,4,14.1,32.7,0.95,6,1.5,29,0
CLM20260403005425,RID10643,severe_pollution,76.3,5,28.9,16.2,0.51,10,-0.85,15,0
CLM20260403005426,RID71616,heavy_rainfall,53.9,4,71.4,29.2,1.8,8,-1.73,21,0
CLM20260403005427,RID37579,severe_pollution,135.0,4,59.9,11.2,1.27,12,-0.33,7,0
CLM20260403005428,RID22180,heavy_rainfall,65.2,2,126.2,22.7,0.14,3,1.84,12,0
CLM20260403005429,RID29029,severe_pollution,6.2,2,42.2,26.1,0.85,9,0.23,16,0
CLM20260403005430,RID16346,extreme_heat,51.4,2,43.3,33.7,2.85,4,-2.26,11,0
CLM20260403005431,RID29895,heavy_rainfall,39.9,1,80.1,47.0,1.67,8,-0.26,24,0
CLM20260403005432,RID37164,extreme_heat,33.0,2,16.9,9.4,0.5,8,-0.65,14,1
CLM20260403005433,RID25476,severe_pollution,54.0,4,49.4,50.2,1.34,13,0.74,21,0
CLM20260403005434,RID63754,severe_pollution,25.1,3,48.6,10.0,2.58,6,-0.8,9,0
CLM20260403005435,RID96531,extreme_heat,25.5,1,18.4,11.0,0.59,7,0.68,14,0
CLM20260403005436,RID17012,heavy_rainfall,33.9,2,36.3,55.7,2.05,13,0.73,26,0
CLM20260403005437,RID89408,heavy_rainfall,44.7,4,122.9,80.0,0.54,9,-0.75,9,0
CLM20260403005438,RID25195,heavy_rainfall,10.1,2,41.7,80.0,3.86,11,-0.26,12,0
CLM20260403005439,RID60145,severe_pollution,38.3,2,36.6,63.4,0.14,7,0.87,14,0
CLM20260403005440,RID23697,extreme_heat,90.5,1,57.1,8.5,2.06,15,-3.26,26,0
CLM20260403005441,RID33685,heavy_rainfall,33.5,3,40.6,2.3,0.23,6,-0.25,17,0
CLM20260403005442,RID25854,heavy_rainfall,3.1,0,70.6,5.6,15.9,39,3.56,2,1
CLM20260403005443,RID68522,extreme_heat,12.4,0,39.6,30.9,1.4,13,-1.6,21,0
CLM20260403005444,RID54949,severe_pollution,102.2,5,50.3,20.7,0.8,7,3.06,23,1
CLM20260403005445,RID42594,extreme_heat,118.3,3,43.0,2.2,0.11,9,1.55,16,1
CLM20260403005446,RID91654,extreme_heat,108.2,2,26.3,8.1,0.56,9,-0.47,13,0
CLM20260403005447,RID14852,civic_unrest,40.5,4,56.9,34.5,0.65,2,-1.83,14,0
CLM20260403005448,RID84957,extreme_heat,48.5,7,15.1,15.9,0.74,4,-0.81,17,1
CLM20260403005449,RID66550,severe_pollution,73.7,4,13.0,23.1,4.43,8,0.13,28,0
CLM20260403005450,RID54212,extreme_heat,44.7,4,57.9,19.1,1.32,2,0.04,11,0
CLM20260403005451,RID80274,heavy_rainfall,3.6,0,114.7,13.3,5.4,36,2.75,4,1
CLM20260403005452,RID96551,extreme_heat,33.5,4,26.2,11.3,3.48,8,-2.6,29,0
CLM20260403005453,RID69682,civic_unrest,0.5,0,63.7,1.3,0.83,35,4.11,2,1
CLM20260403005454,RID78287,heavy_rainfall,23.9,2,75.8,71.9,2.56,9,-1.26,17,0
CLM20260403005455,RID29612,civic_unrest,41.1,2,38.4,22.3,1.57,6,0.66,20,0
CLM20260403005456,RID33086,heavy_rainfall,31.5,1,49.9,42.4,1.15,8,-0.31,21,0
CLM20260403005457,RID21809,civic_unrest,46.8,2,32.3,8.4,0.13,12,-1.33,15,0
CLM20260403005458,RID12976,severe_pollution,103.7,5,52.5,45.1,0.34,7,-0.3,13,0
CLM20260403005459,RID91965,extreme_heat,2.0,1,4.3,2.6,0.24,56,3.3,2,1
CLM20260403005460,RID54191,heavy_rainfall,4.7,0,56.6,1.0,8.8,41,2.82,3,1
CLM20260403005461,RID85553,civic_unrest,24.8,4,50.6,18.4,1.38,8,-0.11,15,0
CLM20260403005462,RID27646,extreme_heat,21.0,5,16.4,45.3,1.78,8,0.06,25,0
CLM20260403005463,RID88161,civic_unrest,98.5,2,26.9,24.9,2.24,11,-1.24,11,0
CLM20260403005464,RID59227,extreme_heat,1.1,0,93.4,7.2,14.73,32,1.87,8,1
CLM20260403005465,RID12243,extreme_heat,13.3,3,33.3,19.4,1.11,4,-0.59,16,0
CLM20260403005466,RID58067,civic_unrest,58.6,4,22.4,32.6,0.19,7,-0.79,27,0
CLM20260403005467,RID59872,heavy_rainfall,74.8,2,21.7,43.9,2.83,10,-0.63,16,0
CLM20260403005468,RID95872,heavy_rainfall,13.5,1,88.1,19.2,0.83,2,-0.71,25,0
CLM20260403005469,RID38130,civic_unrest,161.2,1,51.9,80.0,0.75,8,1.37,17,0
CLM20260403005470,RID26803,severe_pollution,165.4,4,44.4,14.9,0.26,10,-0.03,16,0
CLM20260403005471,RID12239,heavy_rainfall,58.0,2,96.0,13.0,0.86,7,-1.5,20,0
CLM20260403005472,RID39997,severe_pollution,87.8,3,35.7,8.8,1.53,8,0.28,11,0
CLM20260403005473,RID25551,extreme_heat,8.8,2,48.7,28.2,1.08,13,0.43,24,0
CLM20260403005474,RID46105,extreme_heat,47.2,4,50.8,41.5,1.87,11,0.05,20,0
CLM20260403005475,RID65556,civic_unrest,19.6,3,38.6,54.1,0.35,9,0.93,15,0
CLM20260403005476,RID82049,civic_unrest,133.4,1,56.0,29.3,0.34,6,0.87,22,0
CLM20260403005477,RID80731,civic_unrest,45.7,4,40.0,33.4,0.17,8,-1.99,13,0
CLM20260403005478,RID60773,civic_unrest,150.5,0,51.8,25.5,1.55,9,-0.79,23,0
CLM20260403005479,RID27083,extreme_heat,61.8,3,34.8,28.0,0.97,8,0.99,20,0
CLM20260403005480,RID13544,civic_unrest,44.6,2,59.3,10.0,0.02,9,0.05,11,0
CLM20260403005481,RID19823,extreme_heat,4.1,5,59.7,22.4,0.23,9,0.12,27,0
CLM20260403005482,RID13361,extreme_heat,43.3,1,52.0,15.5,0.38,15,1.15,26,0
CLM20260403005483,RID73157,heavy_rainfall,43.4,0,86.6,18.9,0.14,11,0.35,11,1
CLM20260403005484,RID65372,heavy_rainfall,81.4,1,50.0,61.9,0.87,8,0.74,8,0
CLM20260403005485,RID57424,extreme_heat,93.2,5,47.8,21.1,0.27,6,-1.15,8,0
CLM20260403005486,RID72824,extreme_heat,55.8,3,16.1,32.9,1.49,9,-0.17,8,0
CLM20260403005487,RID83076,severe_pollution,51.2,5,30.6,21.5,1.31,9,-0.83,17,0
CLM20260403005488,RID46428,heavy_rainfall,93.8,4,129.9,16.9,0.62,9,0.93,28,0
CLM20260403005489,RID31804,heavy_rainfall,45.2,2,123.4,10.2,1.65,8,-1.4,26,0
CLM20260403005490,RID68079,heavy_rainfall,44.5,4,133.6,12.8,0.67,8,1.06,14,0
CLM20260403005491,RID66521,severe_pollution,15.6,4,51.0,50.8,0.03,9,-0.98,25,0
CLM20260403005492,RID87438,heavy_rainfall,38.5,2,109.7,40.1,2.8,14,0.25,8,0
CLM20260403005493,RID64046,extreme_heat,26.8,4,44.2,17.6,0.47,5,0.79,18,0
CLM20260403005494,RID27037,extreme_heat,18.8,2,38.1,21.1,0.86,7,-0.1,7,0
CLM20260403005495,RID46883,heavy_rainfall,67.7,3,59.7,41.1,2.16,10,0.49,29,0
CLM20260403005496,RID54877,civic_unrest,112.8,2,41.6,5.6,0.17,9,-1.56,11,0
CLM20260403005497,RID44217,extreme_heat,25.0,3,50.9,29.9,0.36,11,0.36,18,0
CLM20260403005498,RID99712,heavy_rainfall,108.6,3,45.5,11.1,0.68,9,0.62,12,0
CLM20260403005499,RID39076,civic_unrest,7.5,0,7.0,0.5,0.01,38,3.02,4,1
CLM20260403005500,RID14244,extreme_heat,105.4,4,54.5,34.1,2.27,8,0.1,18,0
CLM20260403005501,RID17687,heavy_rainfall,114.4,8,53.3,40.2,2.12,12,-2.24,15,0
CLM20260403005502,RID12209,civic_unrest,81.4,1,21.8,39.8,0.89,14,-0.76,24,0
CLM20260403005503,RID63154,severe_pollution,85.2,3,55.0,5.4,0.54,7,2.87,12,0
CLM20260403005504,RID83980,severe_pollution,53.6,2,12.0,13.7,0.66,7,-1.41,15,0
CLM20260403005505,RID58308,severe_pollution,83.4,0,9.5,32.0,2.63,10,1.51,10,0
CLM20260403005506,RID50404,heavy_rainfall,95.7,4,101.8,7.4,1.55,9,0.95,13,1
CLM20260403005507,RID58613,severe_pollution,28.9,0,46.8,26.3,1.09,12,-0.62,15,0
CLM20260403005508,RID87348,civic_unrest,35.8,4,29.2,31.7,0.06,10,-0.28,13,0
CLM20260403005509,RID58754,civic_unrest,0.9,0,4.4,10.4,17.77,40,3.56,2,1
CLM20260403005510,RID65727,extreme_heat,55.1,2,26.8,17.2,0.63,8,0.69,26,1
CLM20260403005511,RID42256,civic_unrest,20.1,4,54.6,6.9,3.73,8,0.87,28,1
CLM20260403005512,RID72858,heavy_rainfall,15.8,5,111.6,3.1,0.12,9,-1.45,24,0
CLM20260403005513,RID27938,civic_unrest,65.4,7,21.4,23.5,0.83,8,2.56,10,0
CLM20260403005514,RID70521,severe_pollution,77.6,4,16.0,66.7,1.24,4,-1.62,14,0
CLM20260403005515,RID10358,heavy_rainfall,10.9,2,118.0,44.2,1.77,5,-1.95,27,0
CLM20260403005516,RID15783,heavy_rainfall,6.6,4,37.0,11.6,0.1,5,-0.96,26,0
CLM20260403005517,RID25533,heavy_rainfall,45.4,4,48.2,25.2,0.76,7,0.86,16,0
CLM20260403005518,RID15076,extreme_heat,22.6,2,47.9,5.8,4.08,9,0.16,18,0
CLM20260403005519,RID13492,severe_pollution,101.6,3,12.5,15.1,3.26,12,-0.01,10,0
CLM20260403005520,RID82593,extreme_heat,10.7,2,8.7,5.2,5.72,40,2.89,1,1
CLM20260403005521,RID23156,severe_pollution,60.1,0,59.6,22.7,0.1,7,2.06,17,0
CLM20260403005522,RID62250,civic_unrest,14.0,0,55.6,1.6,0.86,33,2.62,8,1
CLM20260403005523,RID21793,severe_pollution,43.4,2,26.3,80.0,5.81,16,-0.52,18,0
CLM20260403005524,RID31217,severe_pollution,60.4,5,45.5,24.9,0.68,3,1.27,27,0
CLM20260403005525,RID77669,heavy_rainfall,20.2,1,144.6,45.5,3.38,7,0.11,8,0
CLM20260403005526,RID81352,heavy_rainfall,67.8,10,68.7,14.0,5.8,11,1.68,15,0
CLM20260403005527,RID77744,heavy_rainfall,96.7,6,110.5,30.7,0.09,7,2.02,17,0
CLM20260403005528,RID97843,civic_unrest,45.1,4,41.0,27.8,2.58,6,-0.96,15,0
CLM20260403005529,RID68688,heavy_rainfall,108.2,5,98.7,19.0,3.16,6,-0.65,8,0
CLM20260403005530,RID29415,heavy_rainfall,17.4,4,79.4,79.0,3.0,9,0.44,12,0
CLM20260403005531,RID24179,civic_unrest,117.3,3,46.1,16.9,0.37,7,0.39,24,0
CLM20260403005532,RID17969,severe_pollution,77.0,1,45.8,32.5,1.49,5,-1.35,19,0
CLM20260403005533,RID21067,extreme_heat,107.0,3,31.4,80.0,0.22,11,1.67,11,0
CLM20260403005534,RID76632,heavy_rainfall,32.4,1,100.2,29.3,0.81,6,1.27,7,0
CLM20260403005535,RID63554,severe_pollution,42.1,2,51.5,54.3,2.23,10,0.22,15,0
CLM20260403005536,RID23325,extreme_heat,44.6,4,58.9,15.9,0.61,8,-1.01,19,0
CLM20260403005537,RID17062,severe_pollution,67.0,3,43.4,59.6,1.97,7,-0.37,11,0
CLM20260403005538,RID40040,civic_unrest,17.2,3,46.7,58.0,2.04,5,0.71,13,0
CLM20260403005539,RID20447,heavy_rainfall,75.1,3,78.1,38.4,0.39,6,-0.2,13,0
CLM20260403005540,RID47712,civic_unrest,49.9,5,55.9,8.2,1.83,11,0.89,19,0
CLM20260403005541,RID79559,civic_unrest,27.2,1,54.5,14.1,2.77,6,0.33,12,0
CLM20260403005542,RID74491,civic_unrest,14.5,0,83.5,8.7,8.89,42,2.77,1,1
CLM20260403005543,RID36148,severe_pollution,35.9,4,14.6,9.2,3.21,8,-0.25,12,0
CLM20260403005544,RID32935,heavy_rainfall,82.8,3,73.0,21.0,1.38,9,-0.49,7,0
CLM20260403005545,RID35762,heavy_rainfall,17.3,3,68.1,10.6,0.19,11,-0.79,27,0
CLM20260403005546,RID12284,severe_pollution,36.0,3,17.2,59.4,2.97,6,1.13,16,0
CLM20260403005547,RID33819,civic_unrest,70.4,2,37.6,6.1,3.5,10,3.41,12,0
CLM20260403005548,RID79689,civic_unrest,23.6,4,58.4,18.1,0.64,9,1.93,11,0
CLM20260403005549,RID68565,severe_pollution,79.0,6,12.4,22.5,3.08,11,0.13,14,0
CLM20260403005550,RID66293,civic_unrest,24.3,2,15.1,39.9,0.91,3,-1.14,15,0
CLM20260403005551,RID75034,heavy_rainfall,5.2,9,132.0,12.9,0.27,12,-0.31,9,0
CLM20260403005552,RID36812,heavy_rainfall,3.9,0,4.7,2.5,8.6,37,3.14,2,1
CLM20260403005553,RID83565,heavy_rainfall,50.6,8,103.6,1.0,1.97,15,-1.06,15,0
CLM20260403005554,RID53746,extreme_heat,84.2,2,52.2,2.8,1.0,1,1.21,25,1
CLM20260403005555,RID97955,extreme_heat,98.6,1,42.8,63.0,0.39,10,1.26,24,0
CLM20260403005556,RID89555,severe_pollution,21.6,5,35.7,66.2,3.31,3,0.71,21,0
CLM20260403005557,RID30523,severe_pollution,6.1,0,7.6,6.9,14.03,38,4.03,1,1
CLM20260403005558,RID43321,severe_pollution,27.4,1,44.3,11.6,0.51,7,0.32,21,0
CLM20260403005559,RID61593,severe_pollution,3.1,1,15.2,18.4,0.2,5,-1.93,15,0
CLM20260403005560,RID29518,heavy_rainfall,19.7,5,54.4,12.0,2.33,10,0.97,25,0
CLM20260403005561,RID56299,heavy_rainfall,37.9,4,20.9,8.4,0.48,6,-0.23,25,1
CLM20260403005562,RID78762,extreme_heat,26.7,1,15.2,72.1,1.03,13,-0.1,17,0
CLM20260403005563,RID28117,severe_pollution,58.3,3,38.0,77.0,0.17,10,-0.92,22,0
CLM20260403005564,RID12487,heavy_rainfall,17.6,1,49.9,2.8,0.55,8,0.4,16,0
CLM20260403005565,RID17547,civic_unrest,99.5,3,24.8,20.1,1.05,13,1.38,17,0
CLM20260403005566,RID62819,severe_pollution,9.4,0,6.9,11.2,18.87,31,4.07,3,1
CLM20260403005567,RID65779,heavy_rainfall,56.4,4,92.8,20.7,1.3,9,-2.28,24,0
CLM20260403005568,RID50711,civic_unrest,71.6,4,11.4,19.2,0.43,7,-0.49,16,0
CLM20260403005569,RID92160,heavy_rainfall,79.3,2,149.4,11.1,1.09,10,0.83,11,0
CLM20260403005570,RID18888,heavy_rainfall,65.7,4,87.4,21.0,0.31,13,-1.46,9,0
CLM20260403005571,RID16629,severe_pollution,165.5,3,41.9,18.2,3.32,2,-1.15,10,0
CLM20260403005572,RID87137,severe_pollution,18.1,1,51.5,57.5,0.82,7,-0.4,16,0
CLM20260403005573,RID97364,severe_pollution,17.3,0,58.6,49.9,2.4,8,2.28,12,0
CLM20260403005574,RID26295,civic_unrest,16.7,0,9.7,6.9,6.84,44,3.2,12,1
CLM20260403005575,RID14895,heavy_rainfall,2.0,0,55.6,7.0,18.32,41,2.46,3,1
CLM20260403005576,RID95865,civic_unrest,40.2,5,24.8,45.9,1.5,8,-0.49,23,0
CLM20260403005577,RID86751,extreme_heat,66.7,4,40.4,80.0,0.2,13,1.72,26,0
CLM20260403005578,RID81287,heavy_rainfall,94.7,6,73.4,13.1,0.24,10,-2.77,24,0
CLM20260403005579,RID83783,civic_unrest,10.3,5,13.7,17.0,0.46,9,-0.89,7,0
CLM20260403005580,RID85257,heavy_rainfall,13.8,1,106.6,22.1,1.18,8,1.36,16,0
CLM20260403005581,RID51293,extreme_heat,69.3,3,18.3,10.7,0.27,8,-0.64,29,0
CLM20260403005582,RID97518,heavy_rainfall,47.4,0,55.8,2.8,9.39,7,1.93,24,0
CLM20260403005583,RID51506,extreme_heat,52.7,3,16.1,28.8,0.46,9,-0.69,20,0
CLM20260403005584,RID15543,civic_unrest,27.2,5,13.6,27.1,0.97,7,-1.2,14,0
CLM20260403005585,RID90027,heavy_rainfall,6.1,6,46.0,29.0,0.83,10,-0.14,24,0
CLM20260403005586,RID87286,civic_unrest,86.7,1,38.0,34.1,0.08,9,-1.91,22,0
CLM20260403005587,RID94749,severe_pollution,4.5,0,5.5,13.1,5.68,37,2.66,2,1
CLM20260403005588,RID61773,severe_pollution,8.2,0,48.4,8.8,7.41,33,2.57,4,1
CLM20260403005589,RID93739,extreme_heat,25.0,5,36.7,21.1,3.22,1,1.39,27,0
CLM20260403005590,RID94938,heavy_rainfall,0.5,0,2.3,13.9,7.84,36,3.58,3,1
CLM20260403005591,RID36039,severe_pollution,48.7,4,30.9,13.7,0.03,12,-1.48,13,0
CLM20260403005592,RID87374,severe_pollution,127.1,5,48.7,42.1,0.54,8,2.26,16,0
CLM20260403005593,RID99804,heavy_rainfall,6.3,2,199.6,8.8,0.55,44,3.84,1,1
CLM20260403005594,RID64339,severe_pollution,66.9,1,41.6,14.6,0.57,6,0.11,18,0
CLM20260403005595,RID89034,civic_unrest,44.2,3,19.2,24.6,0.64,9,-0.78,22,0
CLM20260403005596,RID23376,severe_pollution,159.2,2,14.7,7.4,5.3,6,-2.02,18,0
CLM20260403005597,RID60070,heavy_rainfall,78.2,4,66.9,56.7,1.1,10,-1.6,29,0
CLM20260403005598,RID29456,extreme_heat,52.2,0,9.7,12.6,0.31,10,-0.81,14,0
CLM20260403005599,RID73564,civic_unrest,29.0,4,25.7,11.5,1.1,12,0.91,21,0
CLM20260403005600,RID16436,severe_pollution,70.8,3,57.7,21.6,2.16,5,-0.47,27,0
CLM20260403005601,RID72900,civic_unrest,46.4,1,38.1,1.7,1.01,10,0.19,7,0
CLM20260403005602,RID42537,extreme_heat,53.7,4,33.2,6.4,0.25,9,1.17,15,0
CLM20260403005603,RID32832,civic_unrest,15.4,4,31.0,2.6,0.6,14,0.02,24,0
CLM20260403005604,RID67264,extreme_heat,30.5,7,23.8,12.6,1.19,4,0.95,19,0
CLM20260403005605,RID37647,civic_unrest,45.6,2,10.2,16.4,2.65,11,1.48,14,0
CLM20260403005606,RID86397,heavy_rainfall,33.8,3,98.5,27.3,3.4,4,-2.11,21,0
CLM20260403005607,RID90025,severe_pollution,110.9,2,15.5,20.3,2.01,9,-1.85,9,0
CLM20260403005608,RID11921,heavy_rainfall,8.7,2,64.2,19.2,1.52,8,-0.33,8,0
CLM20260403005609,RID44617,extreme_heat,1.1,0,2.6,5.1,1.48,52,1.91,4,1
CLM20260403005610,RID66464,extreme_heat,60.2,0,56.9,6.2,0.2,12,1.25,21,0
CLM20260403005611,RID13448,extreme_heat,51.0,1,49.7,44.5,0.27,11,-0.33,19,0
CLM20260403005612,RID71245,heavy_rainfall,88.1,0,85.3,11.4,1.12,14,-0.1,17,0
CLM20260403005613,RID77576,severe_pollution,27.0,2,52.3,34.8,0.8,6,1.36,13,0
CLM20260403005614,RID80851,extreme_heat,62.3,3,9.7,60.6,2.9,8,1.29,9,0
CLM20260403005615,RID23853,heavy_rainfall,24.2,6,122.9,3.0,1.56,4,0.47,15,0
CLM20260403005616,RID63836,heavy_rainfall,60.5,3,125.7,26.0,1.41,10,-0.57,9,0
CLM20260403005617,RID30756,heavy_rainfall,11.9,2,62.9,4.8,0.53,5,0.11,11,1
CLM20260403005618,RID92683,civic_unrest,33.0,2,28.6,15.3,0.35,8,-0.43,29,0
CLM20260403005619,RID22462,heavy_rainfall,15.9,3,71.2,56.0,1.69,9,0.03,8,1
CLM20260403005620,RID40829,civic_unrest,46.3,1,13.4,14.2,1.09,4,-0.01,21,0
CLM20260403005621,RID99698,severe_pollution,28.5,4,34.2,3.1,1.92,8,1.16,27,0
CLM20260403005622,RID29215,heavy_rainfall,83.7,2,64.3,9.8,0.26,9,1.28,22,0
CLM20260403005623,RID20944,severe_pollution,78.4,1,56.0,31.4,0.45,8,0.95,23,0
CLM20260403005624,RID12937,civic_unrest,4.6,0,186.2,4.6,17.3,33,2.59,3,1
CLM20260403005625,RID96702,heavy_rainfall,73.4,2,137.6,40.4,0.63,11,0.42,18,0
CLM20260403005626,RID19254,severe_pollution,15.1,1,14.4,15.8,0.1,16,0.07,14,0
CLM20260403005627,RID44083,civic_unrest,98.9,3,57.8,9.1,3.49,5,2.15,18,0
CLM20260403005628,RID80137,extreme_heat,39.3,0,42.6,29.8,2.41,9,-1.21,17,0
CLM20260403005629,RID31065,heavy_rainfall,57.5,5,90.6,6.6,4.95,4,0.93,7,0
CLM20260403005630,RID69151,civic_unrest,53.6,4,30.0,40.7,2.93,7,-1.33,22,0
CLM20260403005631,RID78412,extreme_heat,70.9,3,41.0,16.9,4.8,6,2.28,18,0
CLM20260403005632,RID84853,severe_pollution,10.8,4,21.3,22.5,0.45,6,-0.19,22,0
CLM20260403005633,RID76433,civic_unrest,149.7,2,45.3,9.6,3.03,5,1.08,8,0
CLM20260403005634,RID67365,heavy_rainfall,153.3,5,75.5,55.0,2.45,4,0.03,24,0
CLM20260403005635,RID80660,extreme_heat,38.9,5,18.1,20.5,1.35,11,0.73,13,0
CLM20260403005636,RID18089,heavy_rainfall,10.5,5,116.0,38.9,2.42,7,-0.43,10,0
CLM20260403005637,RID44013,heavy_rainfall,49.6,5,73.3,9.3,1.08,8,1.05,28,0
CLM20260403005638,RID64891,severe_pollution,67.0,2,48.3,16.9,0.03,8,0.65,29,0
CLM20260403005639,RID51969,severe_pollution,108.3,3,21.6,10.3,2.22,4,0.66,18,0
CLM20260403005640,RID97370,heavy_rainfall,44.9,5,78.3,26.4,0.17,8,-0.15,9,0
CLM20260403005641,RID33570,extreme_heat,40.4,1,32.1,15.7,0.12,12,1.85,10,0
CLM20260403005642,RID59840,heavy_rainfall,13.9,2,51.4,29.4,1.34,5,-1.34,8,0
CLM20260403005643,RID49263,severe_pollution,16.5,3,42.0,40.1,0.28,6,-0.34,23,0
CLM20260403005644,RID21993,heavy_rainfall,40.8,1,109.9,12.6,4.04,9,-0.87,8,0
CLM20260403005645,RID30687,severe_pollution,32.6,1,41.8,47.9,0.84,9,1.6,9,0
CLM20260403005646,RID98387,civic_unrest,105.9,3,22.6,32.3,0.02,8,0.27,19,0
CLM20260403005647,RID31672,severe_pollution,33.2,3,23.4,14.4,1.01,11,0.12,28,0
CLM20260403005648,RID83359,extreme_heat,101.1,3,20.1,25.0,7.24,6,0.72,17,0
CLM20260403005649,RID70733,severe_pollution,35.9,1,41.6,31.7,0.56,3,1.24,10,0
CLM20260403005650,RID85837,severe_pollution,41.6,6,24.8,80.0,0.52,8,-0.35,7,0
CLM20260403005651,RID97108,heavy_rainfall,31.9,3,122.4,33.0,2.35,6,0.83,21,0
CLM20260403005652,RID45013,heavy_rainfall,10.2,4,99.2,7.2,0.07,11,1.74,16,0
CLM20260403005653,RID87180,civic_unrest,88.2,4,19.0,29.7,1.7,9,-0.17,26,0
CLM20260403005654,RID40059,heavy_rainfall,37.3,0,147.2,48.6,0.43,10,-1.63,21,0
CLM20260403005655,RID43901,heavy_rainfall,2.5,2,104.7,12.4,2.81,16,-0.47,10,1
CLM20260403005656,RID86149,severe_pollution,22.3,3,29.2,10.9,3.4,8,0.13,9,0
CLM20260403005657,RID24744,civic_unrest,24.8,2,11.0,11.2,5.65,16,0.29,21,0
CLM20260403005658,RID65987,heavy_rainfall,16.4,5,21.5,42.3,1.2,2,1.32,15,0
CLM20260403005659,RID74796,extreme_heat,39.1,4,38.1,25.4,5.33,8,-0.23,11,0
CLM20260403005660,RID33203,severe_pollution,7.8,3,11.1,30.7,1.16,9,0.37,16,0
CLM20260403005661,RID47239,extreme_heat,19.3,1,11.9,25.2,1.46,7,1.21,22,0
CLM20260403005662,RID53687,severe_pollution,18.4,2,12.6,20.0,4.36,4,1.51,17,0
CLM20260403005663,RID56405,heavy_rainfall,146.2,1,46.7,7.5,0.46,8,1.87,9,0
CLM20260403005664,RID70324,severe_pollution,57.7,4,40.9,15.1,0.49,8,0.71,26,0
CLM20260403005665,RID33819,civic_unrest,17.3,3,35.8,3.9,1.33,7,-0.56,26,0
CLM20260403005666,RID93885,heavy_rainfall,14.9,6,81.1,15.8,1.45,6,-0.27,13,0
CLM20260403005667,RID89265,severe_pollution,74.9,3,49.2,10.0,1.14,8,0.56,23,0
CLM20260403005668,RID93840,civic_unrest,24.2,2,29.8,12.3,1.69,9,0.45,29,0
CLM20260403005669,RID89930,severe_pollution,56.2,4,44.4,31.3,1.01,5,0.81,10,0
CLM20260403005670,RID60296,extreme_heat,45.8,3,30.7,40.7,0.43,6,-0.21,12,0
CLM20260403005671,RID44711,severe_pollution,35.1,2,21.2,69.4,9.11,11,-1.47,24,0
CLM20260403005672,RID13358,civic_unrest,127.5,2,15.5,37.2,2.58,9,-0.95,8,0
CLM20260403005673,RID69383,civic_unrest,11.1,4,53.4,12.5,4.16,5,1.72,7,0
CLM20260403005674,RID29882,heavy_rainfall,16.9,4,138.1,16.5,0.11,6,-1.95,29,0
CLM20260403005675,RID68188,heavy_rainfall,19.4,2,129.5,47.1,0.3,10,0.96,26,0
CLM20260403005676,RID30047,civic_unrest,71.7,4,20.8,75.1,2.06,8,0.65,28,0
CLM20260403005677,RID23396,severe_pollution,191.3,1,36.5,3.9,0.71,12,-0.89,8,0
CLM20260403005678,RID28656,extreme_heat,38.6,4,50.4,55.3,3.59,12,-1.93,21,0
CLM20260403005679,RID56605,extreme_heat,110.4,1,30.8,22.2,1.83,5,-2.03,15,0
CLM20260403005680,RID92616,severe_pollution,140.9,3,36.2,23.3,1.53,7,-0.21,17,0
CLM20260403005681,RID46073,extreme_heat,1.1,0,6.7,10.7,5.23,29,3.05,1,1
CLM20260403005682,RID10044,extreme_heat,109.9,1,28.9,80.0,0.48,8,-0.03,23,0
CLM20260403005683,RID44854,severe_pollution,45.4,5,41.7,17.7,9.6,9,-1.07,21,0
CLM20260403005684,RID79822,extreme_heat,32.5,1,16.5,26.8,1.47,10,0.03,23,0
CLM20260403005685,RID90488,heavy_rainfall,46.0,3,135.5,46.1,1.44,3,-1.31,16,0
CLM20260403005686,RID67135,extreme_heat,46.5,4,47.5,4.8,6.63,8,0.2,9,0
CLM20260403005687,RID43886,severe_pollution,1.8,0,89.7,8.3,0.31,33,3.39,1,1
CLM20260403005688,RID72852,extreme_heat,16.0,4,47.3,7.8,1.45,8,2.2,26,0
CLM20260403005689,RID79102,severe_pollution,66.0,2,39.5,44.9,0.96,5,-0.54,27,0
CLM20260403005690,RID88897,heavy_rainfall,100.7,2,83.9,29.7,0.51,6,-2.99,10,1
CLM20260403005691,RID65694,heavy_rainfall,49.9,3,131.9,28.8,3.32,8,0.2,22,0
CLM20260403005692,RID91689,heavy_rainfall,36.8,0,63.7,51.2,2.63,7,0.77,17,0
CLM20260403005693,RID21689,civic_unrest,100.7,1,39.2,23.7,1.66,10,-1.66,22,0
CLM20260403005694,RID19680,extreme_heat,78.3,2,50.6,19.0,0.22,4,1.36,11,0
CLM20260403005695,RID24804,extreme_heat,77.4,5,38.5,40.7,0.24,8,1.49,22,0
CLM20260403005696,RID56890,extreme_heat,38.9,7,46.0,22.1,0.37,6,0.93,12,0
CLM20260403005697,RID36813,severe_pollution,43.9,4,21.7,8.6,0.68,8,0.61,29,0
CLM20260403005698,RID24150,extreme_heat,42.4,1,25.8,12.5,1.48,9,-0.42,25,0
CLM20260403005699,RID37963,severe_pollution,74.9,3,57.3,32.2,3.23,11,-1.15,27,0
CLM20260403005700,RID63429,heavy_rainfall,78.8,1,43.0,33.9,3.0,5,-0.94,25,0
CLM20260403005701,RID54791,extreme_heat,35.1,3,41.2,14.3,0.12,13,-1.18,18,0
CLM20260403005702,RID42587,heavy_rainfall,62.3,3,69.4,54.9,2.08,10,-1.13,8,0
CLM20260403005703,RID43359,civic_unrest,105.5,5,52.2,32.7,3.05,6,1.53,11,0
CLM20260403005704,RID82914,heavy_rainfall,81.4,4,120.7,15.5,4.19,3,0.94,14,0
CLM20260403005705,RID62508,civic_unrest,74.0,4,21.1,6.7,0.7,5,0.18,29,0
CLM20260403005706,RID12874,extreme_heat,2.2,0,2.5,10.5,6.16,29,3.39,4,1
CLM20260403005707,RID57227,civic_unrest,217.6,1,23.4,31.4,0.03,9,-0.43,28,0
CLM20260403005708,RID49595,severe_pollution,24.0,2,32.4,10.8,0.66,8,1.2,9,0
CLM20260403005709,RID28958,civic_unrest,231.3,0,55.9,19.4,4.26,9,0.35,13,0
CLM20260403005710,RID26327,heavy_rainfall,23.2,5,76.0,54.9,0.55,14,-0.61,29,0
CLM20260403005711,RID66219,civic_unrest,38.1,6,35.5,28.7,6.24,8,-1.98,9,0
CLM20260403005712,RID95234,heavy_rainfall,18.1,4,62.2,19.1,0.48,5,2.55,28,0
CLM20260403005713,RID35329,civic_unrest,46.4,1,58.7,20.2,3.41,9,0.06,26,0
CLM20260403005714,RID45861,heavy_rainfall,9.6,1,56.8,17.4,1.89,6,0.03,20,0
CLM20260403005715,RID84346,severe_pollution,2.5,0,108.8,14.2,18.97,32,3.22,2,1
CLM20260403005716,RID62699,heavy_rainfall,38.9,7,83.2,36.9,0.23,13,-0.92,12,1
CLM20260403005717,RID71609,severe_pollution,4.9,0,169.1,14.0,11.7,32,4.22,1,1
CLM20260403005718,RID18563,extreme_heat,0.6,0,7.0,3.5,19.58,40,2.44,1,1
CLM20260403005719,RID43907,heavy_rainfall,37.9,2,139.0,10.6,2.62,9,1.39,11,0
CLM20260403005720,RID81657,heavy_rainfall,53.1,1,35.8,24.0,2.17,8,2.5,15,0
CLM20260403005721,RID62521,severe_pollution,137.0,2,24.1,35.6,4.03,11,0.58,27,0
CLM20260403005722,RID82240,extreme_heat,36.7,3,57.7,46.2,1.45,9,0.93,29,0
CLM20260403005723,RID22700,civic_unrest,15.4,0,33.5,36.5,0.19,8,-1.02,24,0
CLM20260403005724,RID20435,severe_pollution,33.5,2,15.6,33.9,0.01,11,-0.52,23,0
CLM20260403005725,RID45503,severe_pollution,49.5,2,54.4,56.4,0.56,6,-0.25,24,0
CLM20260403005726,RID77760,heavy_rainfall,67.6,9,125.4,24.7,1.22,12,-1.04,28,0
CLM20260403005727,RID39684,civic_unrest,43.5,3,21.8,15.1,0.85,8,-1.97,14,0
CLM20260403005728,RID91598,extreme_heat,138.4,5,23.3,55.9,1.1,10,-1.68,18,0
CLM20260403005729,RID61710,severe_pollution,51.1,3,22.1,8.4,0.22,10,1.52,25,0
CLM20260403005730,RID44737,severe_pollution,29.3,2,29.6,37.9,1.14,10,-1.44,29,0
CLM20260403005731,RID90801,extreme_heat,56.2,4,45.1,19.6,1.41,12,0.46,7,0
CLM20260403005732,RID86253,severe_pollution,43.7,3,14.8,13.5,2.34,7,0.95,8,0
CLM20260403005733,RID91073,severe_pollution,27.9,7,27.5,43.1,1.02,5,-0.58,13,0
CLM20260403005734,RID50844,severe_pollution,35.2,5,29.6,12.9,0.38,5,0.5,8,0
CLM20260403005735,RID84346,civic_unrest,16.2,3,8.3,61.6,2.35,11,1.88,22,0
CLM20260403005736,RID21835,civic_unrest,53.4,2,29.1,9.7,0.5,7,1.8,26,0
CLM20260403005737,RID54601,civic_unrest,33.0,3,54.9,28.8,0.02,10,0.38,11,0
CLM20260403005738,RID51098,heavy_rainfall,37.1,1,123.0,11.7,2.76,7,-0.16,27,0
CLM20260403005739,RID24502,heavy_rainfall,93.4,3,32.7,38.7,0.84,5,-0.97,14,0
CLM20260403005740,RID90438,extreme_heat,73.5,4,32.2,31.5,0.96,4,-0.67,13,0
CLM20260403005741,RID88526,extreme_heat,68.5,5,17.4,46.5,1.38,7,-0.47,13,0
CLM20260403005742,RID17679,severe_pollution,59.8,4,43.3,3.3,3.01,8,0.49,7,0
CLM20260403005743,RID57358,extreme_heat,65.5,3,45.5,17.3,1.2,6,-3.28,15,0
CLM20260403005744,RID60002,heavy_rainfall,89.0,7,54.1,13.6,0.06,14,1.35,12,0
CLM20260403005745,RID56040,heavy_rainfall,27.7,2,113.4,23.1,0.44,8,0.27,29,0
CLM20260403005746,RID19225,severe_pollution,78.5,5,22.4,9.6,0.69,10,0.08,12,0
CLM20260403005747,RID20303,severe_pollution,31.0,4,49.8,9.3,6.13,9,-0.4,7,0
CLM20260403005748,RID99491,heavy_rainfall,26.7,1,63.1,76.9,0.47,7,-0.7,22,0
CLM20260403005749,RID39762,severe_pollution,99.1,5,26.4,80.0,0.29,6,0.83,28,0
CLM20260403005750,RID37150,severe_pollution,53.2,2,53.7,17.8,0.75,7,-0.13,9,0
CLM20260403005751,RID51207,extreme_heat,2.0,0,2.3,7.7,10.47,37,3.56,2,1
CLM20260403005752,RID63843,extreme_heat,20.1,5,56.8,17.1,1.05,15,0.69,27,0
CLM20260403005753,RID23108,civic_unrest,69.8,4,40.6,36.5,1.8,9,-1.22,17,0
CLM20260403005754,RID52946,civic_unrest,0.5,0,88.1,7.8,1.37,38,4.08,1,1
CLM20260403005755,RID88576,heavy_rainfall,59.2,2,22.7,47.1,0.23,3,-1.22,16,0
CLM20260403005756,RID59674,severe_pollution,125.6,0,36.6,10.3,0.13,5,1.79,7,0
CLM20260403005757,RID11006,heavy_rainfall,72.0,3,146.3,58.7,0.53,6,-0.84,19,0
CLM20260403005758,RID13247,civic_unrest,60.8,6,46.9,27.7,0.33,10,-1.26,19,0
CLM20260403005759,RID27810,civic_unrest,88.4,4,14.0,36.1,0.89,7,-0.48,8,0
CLM20260403005760,RID79514,civic_unrest,41.8,3,25.9,51.4,4.18,11,1.32,13,0
CLM20260403005761,RID33452,heavy_rainfall,55.6,5,61.6,49.3,0.28,7,0.27,19,0
CLM20260403005762,RID48445,severe_pollution,51.0,5,27.6,29.7,0.71,7,1.52,8,0
CLM20260403005763,RID59157,civic_unrest,16.2,2,8.1,12.3,0.68,8,-1.4,28,0
CLM20260403005764,RID82974,severe_pollution,143.0,2,26.5,13.7,1.09,5,1.13,28,0
CLM20260403005765,RID66536,severe_pollution,2.6,0,8.7,12.9,12.7,34,1.49,3,1
CLM20260403005766,RID63799,heavy_rainfall,115.1,0,61.5,16.9,0.56,6,-0.92,7,0
CLM20260403005767,RID52844,severe_pollution,16.5,2,57.2,24.4,0.08,13,0.04,14,1
CLM20260403005768,RID44358,extreme_heat,33.4,4,22.9,14.1,0.75,11,1.17,21,0
CLM20260403005769,RID11881,civic_unrest,1.5,0,4.0,11.0,0.32,44,3.68,12,1
CLM20260403005770,RID51254,severe_pollution,103.8,1,18.7,80.0,1.25,6,0.27,26,0
CLM20260403005771,RID57734,severe_pollution,26.8,4,53.4,33.3,0.07,8,-0.49,12,1
CLM20260403005772,RID68077,civic_unrest,63.0,8,13.2,9.5,3.56,8,0.57,24,0
CLM20260403005773,RID80453,heavy_rainfall,87.4,3,98.1,57.0,0.53,13,-0.73,24,0
CLM20260403005774,RID84869,severe_pollution,26.4,4,27.8,15.0,0.57,7,0.89,28,0
CLM20260403005775,RID50438,civic_unrest,64.8,1,38.9,13.1,6.74,11,1.46,23,0
CLM20260403005776,RID38931,extreme_heat,36.0,0,18.3,19.1,0.76,10,1.03,7,0
CLM20260403005777,RID76377,heavy_rainfall,19.3,4,125.8,12.8,0.01,6,-2.16,9,0
CLM20260403005778,RID65725,extreme_heat,19.2,4,50.3,30.2,2.01,8,-1.39,27,0
CLM20260403005779,RID41787,civic_unrest,41.0,2,38.4,5.0,1.66,8,1.46,27,0
CLM20260403005780,RID43828,severe_pollution,60.9,2,44.6,17.6,2.32,8,-0.55,28,0
CLM20260403005781,RID59972,extreme_heat,77.1,4,21.7,10.7,0.78,7,0.71,17,0
CLM20260403005782,RID93038,extreme_heat,1.3,0,143.3,7.3,12.4,35,3.04,2,1
CLM20260403005783,RID64884,civic_unrest,66.5,0,36.5,20.5,0.66,9,2.66,28,0
CLM20260403005784,RID47904,heavy_rainfall,28.3,2,100.1,2.8,0.01,9,-1.73,13,0
CLM20260403005785,RID24208,severe_pollution,14.3,2,10.9,18.5,0.78,11,-2.43,23,0
CLM20260403005786,RID92919,civic_unrest,13.9,2,29.2,11.3,0.16,10,0.22,16,0
CLM20260403005787,RID89121,civic_unrest,21.6,2,26.5,23.6,1.64,9,0.05,22,0
CLM20260403005788,RID40002,heavy_rainfall,40.1,1,135.2,38.1,0.61,9,1.89,21,0
CLM20260403005789,RID11200,severe_pollution,179.7,5,31.6,39.3,0.07,11,-0.03,11,0
CLM20260403005790,RID31006,extreme_heat,2.1,1,44.3,11.9,8.34,32,3.33,1,1
CLM20260403005791,RID25520,extreme_heat,68.6,1,13.0,64.7,1.65,12,-0.56,16,0
CLM20260403005792,RID29943,civic_unrest,92.3,6,32.1,13.7,0.46,7,0.53,24,0
CLM20260403005793,RID33729,severe_pollution,3.4,0,5.1,1.3,9.78,41,3.06,2,1
CLM20260403005794,RID66122,severe_pollution,50.9,3,14.7,47.8,1.46,14,-0.38,9,0
CLM20260403005795,RID96067,severe_pollution,42.1,1,49.0,46.0,1.06,15,0.1,8,0
CLM20260403005796,RID50713,severe_pollution,105.6,5,59.4,13.6,0.14,7,0.06,9,1
CLM20260403005797,RID27607,civic_unrest,53.7,4,52.9,3.9,3.21,11,0.24,25,0
CLM20260403005798,RID90382,heavy_rainfall,67.8,2,119.7,10.5,0.83,8,0.31,29,0
CLM20260403005799,RID61136,heavy_rainfall,14.3,0,173.4,4.8,5.57,41,2.75,2,1
CLM20260403005800,RID23586,heavy_rainfall,12.7,4,109.9,16.6,0.54,12,1.62,26,0
CLM20260403005801,RID33183,civic_unrest,84.8,2,43.5,14.9,0.25,9,-0.26,12,0
CLM20260403005802,RID23096,heavy_rainfall,1.5,0,138.6,14.6,18.16,38,2.79,12,1
CLM20260403005803,RID58825,civic_unrest,65.5,3,19.9,39.8,2.85,3,-0.42,13,1
CLM20260403005804,RID79914,severe_pollution,7.9,4,49.8,55.1,0.42,9,-0.48,28,0
CLM20260403005805,RID17860,heavy_rainfall,34.5,3,141.4,16.7,4.28,9,0.05,12,0
CLM20260403005806,RID80366,heavy_rainfall,33.8,3,136.8,31.8,1.89,9,0.27,9,0
CLM20260403005807,RID24201,severe_pollution,16.2,2,57.7,27.7,2.85,8,1.46,27,0
CLM20260403005808,RID87176,severe_pollution,1.4,2,154.0,1.3,10.04,37,3.37,2,1
CLM20260403005809,RID73071,severe_pollution,23.7,3,19.3,22.0,1.6,9,0.91,25,0
CLM20260403005810,RID83246,extreme_heat,6.8,0,64.4,7.9,10.82,33,3.55,3,1
CLM20260403005811,RID35674,heavy_rainfall,38.7,0,80.0,72.5,1.46,10,1.39,18,0
CLM20260403005812,RID32660,civic_unrest,24.7,7,45.9,8.4,0.53,6,1.22,29,0
CLM20260403005813,RID68207,heavy_rainfall,162.9,2,57.5,27.2,0.14,7,0.27,7,0
CLM20260403005814,RID45808,severe_pollution,28.9,2,27.9,51.4,0.96,6,-0.53,9,0
CLM20260403005815,RID27682,severe_pollution,2.9,0,149.0,0.2,19.98,42,3.9,8,1
CLM20260403005816,RID44487,extreme_heat,38.0,2,48.2,1.8,3.02,6,0.25,10,0
CLM20260403005817,RID93701,severe_pollution,15.7,2,44.7,40.0,0.96,10,2.09,27,1
CLM20260403005818,RID19979,extreme_heat,45.6,3,29.3,4.8,0.88,6,-1.09,20,0
CLM20260403005819,RID24536,extreme_heat,24.1,4,33.2,57.3,1.52,9,-0.21,19,0
CLM20260403005820,RID17008,extreme_heat,14.0,4,19.6,18.3,0.87,10,1.04,24,0
CLM20260403005821,RID79305,civic_unrest,11.4,3,22.6,21.3,1.93,8,-1.14,8,0
CLM20260403005822,RID39990,severe_pollution,114.3,1,32.6,4.6,1.29,8,-2.62,7,1
CLM20260403005823,RID54846,extreme_heat,9.2,0,5.3,13.8,10.36,41,2.0,2,1
CLM20260403005824,RID66371,civic_unrest,76.1,0,28.9,53.5,0.82,5,-0.01,10,0
CLM20260403005825,RID87167,severe_pollution,90.8,1,48.1,24.8,2.51,3,-0.92,23,0
CLM20260403005826,RID79768,heavy_rainfall,7.0,1,29.8,8.7,3.89,11,0.61,13,1
CLM20260403005827,RID70450,civic_unrest,2.8,0,104.3,1.1,5.64,44,2.64,4,1
CLM20260403005828,RID93303,extreme_heat,7.3,1,42.7,15.3,2.9,7,-1.23,19,0
CLM20260403005829,RID58299,civic_unrest,72.7,2,47.9,6.7,0.84,6,0.34,17,0
CLM20260403005830,RID77378,extreme_heat,35.4,1,15.5,26.2,0.04,11,-0.35,21,0
CLM20260403005831,RID50601,extreme_heat,33.3,2,16.7,47.0,0.49,7,-0.92,8,0
CLM20260403005832,RID26175,extreme_heat,18.7,1,18.8,10.7,2.12,8,0.08,26,0
CLM20260403005833,RID75989,civic_unrest,29.5,6,36.1,48.7,0.69,4,-0.44,9,0
CLM20260403005834,RID43189,civic_unrest,89.8,3,14.3,12.9,2.43,6,-2.56,25,0
CLM20260403005835,RID45173,heavy_rainfall,43.5,0,45.3,8.4,6.33,10,1.6,29,0
CLM20260403005836,RID14120,severe_pollution,17.0,3,20.9,17.6,1.81,5,-1.65,14,1
CLM20260403005837,RID43353,civic_unrest,33.4,5,26.8,34.8,2.15,10,1.28,29,0
CLM20260403005838,RID95566,civic_unrest,69.9,6,59.0,51.2,0.01,9,0.42,17,0
CLM20260403005839,RID47382,severe_pollution,51.6,2,31.3,44.0,0.58,8,1.42,16,0
CLM20260403005840,RID54373,extreme_heat,45.9,2,37.3,12.8,0.2,9,-0.63,17,0
CLM20260403005841,RID35796,heavy_rainfall,34.7,2,68.4,3.9,0.61,5,-0.48,8,0
CLM20260403005842,RID24601,extreme_heat,26.0,0,57.8,24.0,1.76,3,-1.85,23,0
CLM20260403005843,RID35368,extreme_heat,88.0,2,10.4,60.5,1.85,11,1.77,28,0
CLM20260403005844,RID68648,civic_unrest,66.7,2,12.7,6.5,0.14,11,-1.15,26,0
CLM20260403005845,RID80420,severe_pollution,53.5,3,24.0,62.1,0.07,11,-0.55,27,0
CLM20260403005846,RID99413,heavy_rainfall,48.6,2,108.6,29.4,1.33,11,-1.37,28,0
CLM20260403005847,RID69080,severe_pollution,42.2,2,36.7,57.1,0.85,10,-0.53,10,0
CLM20260403005848,RID62185,extreme_heat,97.2,1,34.2,25.6,0.18,10,-0.41,14,0
CLM20260403005849,RID41836,civic_unrest,84.4,2,17.0,45.3,0.03,3,-0.28,28,0
CLM20260403005850,RID94549,extreme_heat,92.0,5,14.9,26.1,2.07,11,-1.55,22,0
CLM20260403005851,RID74131,extreme_heat,74.5,3,40.2,32.4,0.56,7,-0.15,25,0
CLM20260403005852,RID14024,extreme_heat,31.7,2,24.6,47.3,1.25,9,0.88,23,0
CLM20260403005853,RID82756,severe_pollution,14.2,2,46.1,7.6,0.26,6,-0.08,13,1
CLM20260403005854,RID99795,extreme_heat,57.8,1,53.7,22.8,0.91,9,0.66,25,0
CLM20260403005855,RID19538,severe_pollution,47.4,1,48.3,7.6,2.48,7,-1.1,23,0
CLM20260403005856,RID56351,heavy_rainfall,53.1,4,79.0,25.2,0.17,7,-3.15,10,0
CLM20260403005857,RID95859,heavy_rainfall,14.4,2,136.7,5.0,17.63,44,2.88,12,1
CLM20260403005858,RID18817,severe_pollution,13.3,0,6.9,0.8,7.79,35,2.84,2,1
CLM20260403005859,RID42366,heavy_rainfall,36.4,3,138.6,18.1,4.37,7,-1.34,13,0
CLM20260403005860,RID43414,civic_unrest,106.3,3,9.8,18.2,1.79,8,-0.04,17,0
CLM20260403005861,RID93275,extreme_heat,90.5,6,59.4,36.2,1.44,10,1.56,13,0
CLM20260403005862,RID14351,severe_pollution,15.6,2,51.7,19.6,0.95,11,0.92,13,0
CLM20260403005863,RID89807,extreme_heat,55.2,3,10.7,9.1,0.06,7,-1.84,12,0
CLM20260403005864,RID52598,extreme_heat,48.8,0,22.5,3.6,4.26,7,0.97,29,0
CLM20260403005865,RID44965,extreme_heat,68.5,2,28.4,21.1,0.25,6,1.29,20,0
CLM20260403005866,RID53387,extreme_heat,42.4,2,24.7,14.0,0.39,10,1.44,25,0
CLM20260403005867,RID50053,heavy_rainfall,60.9,1,36.1,23.3,1.75,5,-3.29,27,0
CLM20260403005868,RID14687,heavy_rainfall,97.7,5,95.7,14.4,0.11,8,-0.74,11,0
CLM20260403005869,RID77463,heavy_rainfall,5.0,0,3.3,12.8,16.75,39,3.42,3,1
CLM20260403005870,RID61948,severe_pollution,57.5,2,51.2,69.5,0.35,6,1.98,15,0
CLM20260403005871,RID72150,civic_unrest,3.8,0,168.8,12.3,5.72,32,2.54,3,1
CLM20260403005872,RID77395,heavy_rainfall,11.1,3,129.9,22.0,0.44,6,2.03,27,0
CLM20260403005873,RID65703,civic_unrest,52.0,2,10.3,37.5,0.91,10,0.82,16,0
CLM20260403005874,RID32577,civic_unrest,5.8,0,4.5,8.7,0.6,41,3.35,5,1
CLM20260403005875,RID43305,civic_unrest,18.4,4,37.7,80.0,0.05,8,0.37,14,0
CLM20260403005876,RID97821,civic_unrest,88.6,5,46.1,45.1,2.18,3,0.82,15,0
CLM20260403005877,RID44295,civic_unrest,84.1,4,20.4,21.1,2.91,7,0.68,17,1
CLM20260403005878,RID66032,heavy_rainfall,2.7,2,59.1,30.0,1.92,5,-0.52,13,0
CLM20260403005879,RID79695,extreme_heat,13.4,2,19.2,16.0,0.9,5,0.22,27,1
CLM20260403005880,RID80134,civic_unrest,18.2,2,45.3,62.3,0.68,10,1.78,13,0
CLM20260403005881,RID18645,severe_pollution,42.3,5,47.2,13.1,2.34,11,1.28,25,0
CLM20260403005882,RID89005,extreme_heat,67.1,2,8.1,12.9,2.37,10,1.14,20,0
CLM20260403005883,RID69026,heavy_rainfall,61.7,3,85.2,33.1,1.51,9,0.54,11,0
CLM20260403005884,RID12040,civic_unrest,34.6,3,53.1,2.9,0.13,8,0.54,29,0
CLM20260403005885,RID41578,heavy_rainfall,33.0,3,76.8,14.2,3.34,6,-2.43,14,0
CLM20260403005886,RID29278,severe_pollution,50.7,4,56.6,21.7,1.2,9,-0.77,21,1
CLM20260403005887,RID75842,civic_unrest,32.9,4,41.2,4.0,0.01,6,0.43,16,0
CLM20260403005888,RID80630,severe_pollution,17.0,2,42.3,22.7,0.08,10,-1.26,8,0
CLM20260403005889,RID91539,severe_pollution,50.7,1,28.6,41.4,1.17,4,1.09,18,0
CLM20260403005890,RID86850,extreme_heat,91.3,5,55.4,42.0,2.74,8,-0.67,9,0
CLM20260403005891,RID88492,heavy_rainfall,12.9,2,58.0,12.6,0.78,3,-0.44,24,0
CLM20260403005892,RID50117,civic_unrest,110.8,2,46.6,15.6,0.4,5,1.54,25,0
CLM20260403005893,RID73077,extreme_heat,10.0,4,45.8,44.8,0.21,8,0.4,11,0
CLM20260403005894,RID72828,heavy_rainfall,55.6,7,27.3,41.5,0.96,4,-0.39,8,0
CLM20260403005895,RID45945,severe_pollution,73.0,4,15.3,36.2,0.5,10,-0.66,29,0
CLM20260403005896,RID99263,extreme_heat,42.1,3,46.7,24.1,0.56,6,0.42,23,0
CLM20260403005897,RID43265,severe_pollution,11.3,4,17.9,20.8,1.9,7,-0.25,24,0
CLM20260403005898,RID40480,heavy_rainfall,4.3,0,8.7,5.5,16.63,23,3.24,5,1
CLM20260403005899,RID21736,severe_pollution,28.3,2,48.8,56.2,0.75,4,-2.08,22,1
CLM20260403005900,RID43113,extreme_heat,46.0,3,42.9,14.5,2.42,7,0.26,13,0
CLM20260403005901,RID45101,extreme_heat,16.8,2,45.3,4.7,1.23,5,-1.58,9,0
CLM20260403005902,RID36703,extreme_heat,77.7,6,47.2,27.5,0.65,6,-1.34,23,0
CLM20260403005903,RID87646,severe_pollution,35.9,2,30.4,12.7,2.13,10,-0.56,15,0
CLM20260403005904,RID31329,extreme_heat,76.5,5,20.5,47.0,0.36,8,0.87,25,0
CLM20260403005905,RID41230,heavy_rainfall,66.5,7,89.5,18.5,0.02,8,0.69,9,0
CLM20260403005906,RID29785,heavy_rainfall,19.1,1,146.2,24.2,2.34,8,-2.38,14,0
CLM20260403005907,RID94681,severe_pollution,66.3,5,9.5,22.0,0.67,5,0.03,25,0
CLM20260403005908,RID13943,severe_pollution,49.1,3,21.2,49.4,0.93,6,-0.17,29,0
CLM20260403005909,RID30593,extreme_heat,54.8,4,15.8,6.6,10.95,7,-0.16,27,0
CLM20260403005910,RID32597,heavy_rainfall,42.6,1,30.5,26.9,0.2,7,-1.07,19,0
CLM20260403005911,RID85769,extreme_heat,9.6,4,41.7,29.4,0.11,9,0.43,11,0
CLM20260403005912,RID31991,extreme_heat,1.6,0,179.6,11.3,10.36,32,3.21,3,1
CLM20260403005913,RID25876,heavy_rainfall,1.4,0,75.9,7.4,5.74,29,3.65,12,1
CLM20260403005914,RID25331,heavy_rainfall,0.5,0,2.2,11.2,16.96,22,2.1,3,1
CLM20260403005915,RID34263,extreme_heat,24.5,1,26.2,10.2,5.17,10,-0.28,18,1
CLM20260403005916,RID33033,heavy_rainfall,97.8,1,115.0,13.6,3.24,9,-2.69,23,0
CLM20260403005917,RID12133,heavy_rainfall,12.7,1,50.4,34.5,0.43,10,0.68,25,0
CLM20260403005918,RID78422,severe_pollution,14.7,3,55.7,2.7,1.92,7,-2.01,11,0
CLM20260403005919,RID70464,severe_pollution,114.8,4,36.4,57.7,2.24,6,1.69,28,0
CLM20260403005920,RID59729,heavy_rainfall,72.6,3,111.8,20.8,4.54,10,0.25,12,0
CLM20260403005921,RID15938,heavy_rainfall,47.0,2,39.0,42.6,0.7,5,0.62,8,0
CLM20260403005922,RID76574,severe_pollution,240.0,3,29.8,32.3,4.16,6,0.2,8,0
CLM20260403005923,RID60624,heavy_rainfall,62.9,1,92.9,16.9,3.68,13,-0.6,10,0
CLM20260403005924,RID11468,heavy_rainfall,48.1,3,62.0,31.4,2.22,11,-0.41,8,0
CLM20260403005925,RID48728,extreme_heat,47.3,4,50.2,14.9,0.48,8,0.12,17,0
CLM20260403005926,RID58846,severe_pollution,50.5,4,34.0,26.0,1.23,7,1.26,13,0
CLM20260403005927,RID22181,civic_unrest,7.7,3,17.8,24.9,0.1,8,2.02,22,0
CLM20260403005928,RID18088,extreme_heat,66.1,4,45.6,41.6,0.82,6,-0.85,20,0
CLM20260403005929,RID82487,civic_unrest,105.0,1,52.9,28.0,0.56,12,-1.09,12,0
CLM20260403005930,RID51854,extreme_heat,74.2,2,59.2,41.7,0.04,8,-0.63,12,0
CLM20260403005931,RID94037,heavy_rainfall,4.7,1,24.1,3.1,1.45,7,1.49,29,0
CLM20260403005932,RID87284,heavy_rainfall,27.1,5,116.0,47.7,0.46,12,1.57,7,0
CLM20260403005933,RID73253,civic_unrest,43.6,2,46.2,11.4,0.41,4,0.77,14,1
CLM20260403005934,RID65199,extreme_heat,19.8,2,46.5,22.7,3.02,6,1.19,25,0
CLM20260403005935,RID35557,civic_unrest,36.8,5,9.2,80.0,0.52,14,-1.3,8,0
CLM20260403005936,RID50544,severe_pollution,101.1,4,12.0,18.4,3.31,10,1.38,16,0
CLM20260403005937,RID87162,civic_unrest,3.3,0,89.8,9.4,8.28,32,4.25,2,1
CLM20260403005938,RID98641,heavy_rainfall,13.2,7,41.9,13.2,0.16,8,0.95,15,0
CLM20260403005939,RID14570,heavy_rainfall,27.5,4,67.0,50.6,0.43,9,-0.94,12,0
CLM20260403005940,RID36025,heavy_rainfall,41.5,2,124.9,32.4,1.25,7,1.84,7,0
CLM20260403005941,RID69905,severe_pollution,31.1,3,44.9,13.9,0.43,11,-0.79,21,0
CLM20260403005942,RID33904,heavy_rainfall,20.5,2,34.1,37.5,1.62,5,1.71,14,0
CLM20260403005943,RID58504,civic_unrest,59.8,1,58.3,7.2,0.21,6,0.61,26,0
CLM20260403005944,RID53178,severe_pollution,111.5,1,45.7,23.4,0.86,6,-0.5,23,1
CLM20260403005945,RID67348,heavy_rainfall,3.8,0,3.0,6.1,18.78,38,2.32,1,1
CLM20260403005946,RID53438,heavy_rainfall,12.0,4,80.9,37.2,4.86,6,0.61,22,0
CLM20260403005947,RID16039,severe_pollution,97.2,5,43.0,80.0,0.56,4,-2.21,10,1
CLM20260403005948,RID66734,severe_pollution,25.6,5,14.4,15.2,0.7,9,0.0,28,0
CLM20260403005949,RID65323,civic_unrest,96.8,2,12.4,31.5,0.8,7,0.99,26,0
CLM20260403005950,RID22062,heavy_rainfall,30.8,2,146.9,70.2,0.09,10,0.84,28,0
CLM20260403005951,RID11709,severe_pollution,12.0,0,173.4,5.1,7.18,36,4.25,1,1
CLM20260403005952,RID58623,civic_unrest,41.0,5,50.5,29.1,2.21,8,1.61,11,1
CLM20260403005953,RID21343,heavy_rainfall,69.5,2,129.8,17.2,2.13,5,-0.82,8,0
CLM20260403005954,RID39464,civic_unrest,12.1,0,5.9,8.4,8.04,39,2.57,3,0
CLM20260403005955,RID10207,severe_pollution,22.0,3,47.2,10.4,0.12,9,-0.13,12,0
CLM20260403005956,RID80995,civic_unrest,52.8,1,42.9,19.7,0.86,5,-0.89,27,0
CLM20260403005957,RID23182,severe_pollution,29.4,3,31.1,20.4,2.1,7,1.66,27,0
CLM20260403005958,RID90493,civic_unrest,49.5,3,42.3,39.5,1.62,12,-1.29,8,0
CLM20260403005959,RID91082,severe_pollution,103.0,3,18.5,46.7,0.09,7,0.03,19,0
CLM20260403005960,RID15499,heavy_rainfall,32.9,4,41.9,65.6,0.73,8,-1.45,15,0
CLM20260403005961,RID58140,extreme_heat,63.8,2,54.0,11.0,0.05,6,-2.24,16,0
CLM20260403005962,RID66347,severe_pollution,95.0,3,48.9,23.2,6.14,9,-2.37,16,0
CLM20260403005963,RID81858,extreme_heat,19.2,1,25.4,11.2,0.11,7,1.37,23,0
CLM20260403005964,RID48561,extreme_heat,112.3,6,23.0,6.5,0.37,12,-1.4,18,0
CLM20260403005965,RID59534,severe_pollution,34.4,1,57.0,9.9,5.69,10,-0.23,17,0
CLM20260403005966,RID30880,severe_pollution,10.8,0,166.7,3.8,7.5,22,2.85,3,1
CLM20260403005967,RID89551,severe_pollution,126.7,4,51.8,77.7,0.06,13,-1.22,18,0
CLM20260403005968,RID12021,extreme_heat,172.8,3,35.3,50.3,0.08,8,0.19,25,0
CLM20260403005969,RID80770,severe_pollution,190.6,6,35.4,33.3,0.69,8,-1.56,11,0
CLM20260403005970,RID83142,heavy_rainfall,184.8,6,107.9,16.3,1.76,4,-1.35,13,1
CLM20260403005971,RID71928,severe_pollution,66.8,3,34.1,71.5,0.61,8,1.08,22,0
CLM20260403005972,RID90526,heavy_rainfall,34.7,2,43.8,19.8,0.4,4,1.66,18,0
CLM20260403005973,RID57721,heavy_rainfall,64.7,4,58.3,13.5,1.27,1,0.48,11,0
CLM20260403005974,RID58627,severe_pollution,13.8,2,33.0,29.3,0.79,5,1.52,20,0
CLM20260403005975,RID33672,civic_unrest,41.9,6,28.5,10.6,0.79,9,-0.12,8,0
CLM20260403005976,RID69445,heavy_rainfall,88.4,3,47.7,5.6,1.52,8,-1.77,13,0
CLM20260403005977,RID84625,severe_pollution,17.3,4,16.2,64.7,0.66,10,0.12,7,0
CLM20260403005978,RID59421,heavy_rainfall,95.1,4,53.2,11.7,0.09,8,0.23,27,0
CLM20260403005979,RID87948,extreme_heat,22.8,6,46.5,41.1,0.12,8,0.92,10,0
CLM20260403005980,RID26581,heavy_rainfall,57.9,1,136.3,20.8,1.54,3,-1.99,26,0
CLM20260403005981,RID21400,extreme_heat,70.8,0,45.4,42.7,3.55,7,-0.68,17,0
CLM20260403005982,RID66572,civic_unrest,18.6,3,20.9,16.4,0.61,9,0.67,10,0
CLM20260403005983,RID69579,extreme_heat,84.8,4,49.8,7.6,0.99,10,0.13,21,0
CLM20260403005984,RID59825,heavy_rainfall,0.7,0,132.7,5.9,6.78,28,2.81,1,1
CLM20260403005985,RID49678,heavy_rainfall,65.5,3,63.0,28.1,0.54,9,0.81,12,0
CLM20260403005986,RID82521,heavy_rainfall,0.5,0,9.5,4.9,9.58,31,4.1,3,1
CLM20260403005987,RID84925,civic_unrest,6.5,0,124.5,2.8,5.64,28,1.12,1,1
CLM20260403005988,RID28245,heavy_rainfall,80.4,6,30.9,2.2,1.67,12,-0.86,11,0
CLM20260403005989,RID70422,civic_unrest,89.2,5,49.6,45.4,2.33,6,0.04,11,0
CLM20260403005990,RID53989,civic_unrest,3.4,0,69.1,7.8,1.96,26,2.81,1,1
CLM20260403005991,RID25437,severe_pollution,6.5,0,8.5,3.3,13.05,42,4.07,3,1
CLM20260403005992,RID73787,severe_pollution,63.0,7,12.5,2.4,3.06,6,1.33,11,1
CLM20260403005993,RID48114,heavy_rainfall,67.3,4,34.5,20.0,2.64,10,-1.9,21,0
CLM20260403005994,RID97944,extreme_heat,42.2,3,16.2,5.5,0.55,10,0.26,23,0
CLM20260403005995,RID73999,civic_unrest,62.1,2,47.7,54.9,0.52,6,0.95,8,0
CLM20260403005996,RID60475,extreme_heat,33.1,2,45.2,27.7,1.82,8,0.57,20,0
CLM20260403005997,RID19781,heavy_rainfall,37.2,4,93.6,23.4,1.73,9,0.71,21,0
CLM20260403005998,RID81016,extreme_heat,63.5,4,17.5,22.6,0.72,14,-0.93,24,0
CLM20260403005999,RID46743,heavy_rainfall,39.9,0,89.5,80.0,0.65,12,0.04,18,0
CLM20260403006000,RID89764,severe_pollution,72.6,2,12.7,53.1,0.16,6,0.34,16,0
CLM20260403006001,RID28057,severe_pollution,19.5,4,33.4,46.4,0.72,3,-0.08,26,0
CLM20260403006002,RID44900,extreme_heat,51.3,3,24.7,28.7,0.37,7,0.18,24,0
CLM20260403006003,RID31327,extreme_heat,60.4,3,33.0,7.0,0.29,10,0.26,16,0
CLM20260403006004,RID89057,severe_pollution,94.0,5,41.7,27.4,0.21,9,-1.45,18,0
CLM20260403006005,RID53813,heavy_rainfall,49.7,6,101.3,15.5,0.28,7,-1.55,24,0
CLM20260403006006,RID68887,heavy_rainfall,16.2,1,125.3,56.6,3.97,5,-1.11,25,0
CLM20260403006007,RID44646,civic_unrest,51.1,2,36.0,18.2,0.28,4,-3.15,10,0
CLM20260403006008,RID44917,extreme_heat,38.4,3,13.3,12.8,2.42,5,-1.85,22,0
CLM20260403006009,RID23793,civic_unrest,119.2,2,16.1,17.0,1.59,6,1.58,13,0
CLM20260403006010,RID99262,civic_unrest,28.2,1,19.4,41.3,0.72,9,-1.11,16,0
CLM20260403006011,RID58869,severe_pollution,42.7,5,46.5,22.9,1.9,7,2.47,26,0
CLM20260403006012,RID15946,civic_unrest,19.3,1,28.3,26.5,1.83,9,2.73,28,0
CLM20260403006013,RID67031,extreme_heat,7.7,1,4.2,13.6,8.48,37,3.67,1,1
CLM20260403006014,RID10378,extreme_heat,81.0,3,38.7,29.6,3.53,9,-0.88,29,0
CLM20260403006015,RID26558,civic_unrest,27.5,3,13.6,29.7,0.32,8,1.16,17,0
CLM20260403006016,RID75135,heavy_rainfall,27.1,5,127.8,36.0,2.99,10,0.62,29,0
CLM20260403006017,RID85303,heavy_rainfall,16.2,0,39.0,20.4,2.8,9,-2.15,9,0
CLM20260403006018,RID16524,heavy_rainfall,37.6,3,114.0,23.1,0.15,9,2.21,11,0
CLM20260403006019,RID92853,severe_pollution,42.7,4,16.5,18.6,1.56,8,2.77,22,0
CLM20260403006020,RID38777,civic_unrest,31.3,2,16.9,66.7,1.7,8,-0.19,17,0
CLM20260403006021,RID63740,civic_unrest,40.2,2,42.7,24.6,2.81,10,0.97,27,0
CLM20260403006022,RID16925,severe_pollution,134.0,0,57.9,4.3,1.45,6,1.86,12,0
CLM20260403006023,RID32502,extreme_heat,0.5,0,4.5,14.1,0.51,28,3.31,5,1
CLM20260403006024,RID27827,civic_unrest,46.1,1,19.7,64.8,4.23,7,-0.13,8,0
CLM20260403006025,RID71604,extreme_heat,30.0,5,16.6,38.1,4.79,12,-0.64,21,0
CLM20260403006026,RID75942,extreme_heat,67.4,4,34.5,34.5,2.06,7,1.22,17,0
CLM20260403006027,RID83399,civic_unrest,21.6,6,59.9,13.3,2.59,6,-1.61,28,0
CLM20260403006028,RID46699,heavy_rainfall,34.5,5,51.1,15.6,3.54,9,0.33,15,0
CLM20260403006029,RID17656,heavy_rainfall,40.2,1,50.5,45.3,0.86,9,1.47,10,0
CLM20260403006030,RID73632,extreme_heat,14.1,1,43.9,32.0,0.28,6,1.57,22,0
CLM20260403006031,RID31091,civic_unrest,15.6,0,7.5,11.9,9.23,31,1.39,1,1
CLM20260403006032,RID69326,extreme_heat,0.7,2,2.5,1.2,14.93,33,1.6,3,0
CLM20260403006033,RID21808,extreme_heat,151.0,0,37.6,80.0,2.78,4,-0.55,20,0
CLM20260403006034,RID65008,heavy_rainfall,31.8,3,132.2,36.4,0.73,5,0.43,7,0
CLM20260403006035,RID61050,civic_unrest,16.8,0,35.3,38.3,0.41,7,0.63,24,0
CLM20260403006036,RID10818,severe_pollution,31.1,2,57.5,11.8,4.29,9,0.61,21,0
CLM20260403006037,RID18639,heavy_rainfall,10.6,2,79.6,19.4,4.92,7,0.02,23,0
CLM20260403006038,RID56062,heavy_rainfall,0.5,0,87.1,8.2,14.63,44,4.15,3,1
CLM20260403006039,RID21988,heavy_rainfall,39.7,0,80.5,21.3,0.87,4,-0.66,19,0
CLM20260403006040,RID85282,civic_unrest,40.5,2,37.2,1.5,1.23,8,-1.81,12,0
CLM20260403006041,RID10134,extreme_heat,40.8,1,52.7,14.8,0.2,9,0.47,21,0
CLM20260403006042,RID70794,heavy_rainfall,114.1,4,94.3,23.2,4.22,7,-0.44,9,0
CLM20260403006043,RID96106,heavy_rainfall,88.1,4,121.2,43.1,2.39,8,-0.45,10,0
CLM20260403006044,RID51285,extreme_heat,25.2,2,47.3,12.0,1.35,6,1.47,9,0
CLM20260403006045,RID66020,heavy_rainfall,37.1,1,141.6,55.3,2.57,8,-0.86,21,0
CLM20260403006046,RID15717,civic_unrest,76.8,4,32.3,20.1,5.89,8,-0.77,12,0
CLM20260403006047,RID39807,severe_pollution,36.5,4,16.8,20.3,0.84,11,-0.93,8,0
CLM20260403006048,RID16978,extreme_heat,38.0,2,9.7,4.5,1.42,9,0.74,17,0
CLM20260403006049,RID36163,heavy_rainfall,41.3,3,40.7,13.4,0.08,5,0.58,10,0
CLM20260403006050,RID14302,severe_pollution,45.0,4,25.8,29.7,0.03,3,0.54,22,0
CLM20260403006051,RID19290,severe_pollution,31.3,5,59.6,34.6,0.56,4,1.06,24,0
CLM20260403006052,RID87810,civic_unrest,19.0,2,8.4,5.2,0.11,8,0.55,10,0
CLM20260403006053,RID99192,heavy_rainfall,96.5,2,58.3,12.0,0.19,14,0.25,25,0
CLM20260403006054,RID10603,severe_pollution,0.6,0,91.2,6.5,0.34,30,3.22,2,1
CLM20260403006055,RID43610,heavy_rainfall,22.1,1,107.4,27.1,0.85,11,-1.03,11,0
CLM20260403006056,RID76083,civic_unrest,60.5,3,35.8,21.1,2.01,4,2.86,19,0
CLM20260403006057,RID83632,civic_unrest,118.5,2,8.4,37.4,0.36,11,-0.5,10,1
CLM20260403006058,RID48408,extreme_heat,69.7,3,45.0,28.8,0.23,6,-0.36,28,0
CLM20260403006059,RID94654,extreme_heat,48.9,1,59.3,10.6,4.8,12,1.72,13,0
CLM20260403006060,RID84381,severe_pollution,23.5,4,33.0,29.5,0.68,11,-1.53,14,0
CLM20260403006061,RID64159,extreme_heat,8.9,0,10.0,14.4,5.79,44,1.4,2,1
CLM20260403006062,RID64018,civic_unrest,25.6,5,18.6,33.7,0.76,8,-0.63,26,0
CLM20260403006063,RID27236,civic_unrest,17.2,0,23.2,23.6,2.74,7,-1.08,25,0
CLM20260403006064,RID46572,severe_pollution,54.5,2,16.3,43.9,1.81,6,1.02,9,0
CLM20260403006065,RID25147,severe_pollution,7.1,5,38.4,21.7,0.22,8,0.03,10,0
CLM20260403006066,RID21546,extreme_heat,46.5,7,26.4,31.7,1.02,7,-0.22,18,0
CLM20260403006067,RID72145,extreme_heat,51.5,4,30.6,35.8,1.93,8,-0.89,22,0
CLM20260403006068,RID50744,heavy_rainfall,117.2,2,100.1,19.4,0.66,8,0.47,16,0
CLM20260403006069,RID37946,heavy_rainfall,20.6,3,46.2,34.1,2.3,11,-1.4,19,1
CLM20260403006070,RID14655,civic_unrest,30.9,1,59.2,22.0,0.76,16,-1.45,19,0
CLM20260403006071,RID53553,heavy_rainfall,8.4,3,51.3,71.0,0.85,6,-0.55,10,0
CLM20260403006072,RID30149,civic_unrest,17.6,3,59.1,26.9,0.18,15,0.2,20,0
CLM20260403006073,RID83594,severe_pollution,75.6,3,11.8,42.2,0.14,12,-2.22,28,0
CLM20260403006074,RID39069,extreme_heat,66.8,2,44.6,5.6,1.09,8,1.45,25,0
CLM20260403006075,RID19007,severe_pollution,15.2,4,17.7,26.0,1.18,10,0.74,15,0
CLM20260403006076,RID48898,extreme_heat,179.9,4,43.9,80.0,0.83,10,1.23,29,0
CLM20260403006077,RID57178,severe_pollution,45.3,3,40.3,10.0,0.07,11,0.07,15,0
CLM20260403006078,RID43558,extreme_heat,2.0,0,4.2,11.9,6.5,36,2.8,1,1
CLM20260403006079,RID54223,extreme_heat,35.2,1,53.8,14.2,0.28,5,0.16,7,0
CLM20260403006080,RID65138,heavy_rainfall,94.4,3,123.7,21.0,1.41,11,0.8,19,0
CLM20260403006081,RID63166,civic_unrest,27.3,6,39.9,80.0,0.44,11,0.62,15,0
CLM20260403006082,RID81522,severe_pollution,30.8,4,56.4,49.4,0.54,14,-0.81,23,0
CLM20260403006083,RID15101,severe_pollution,99.6,5,22.2,13.8,0.58,17,-2.13,11,1
CLM20260403006084,RID68694,extreme_heat,35.1,2,33.5,13.4,3.28,10,-0.59,11,0
CLM20260403006085,RID87107,extreme_heat,144.1,0,52.6,80.0,1.34,9,0.4,14,0
CLM20260403006086,RID42947,civic_unrest,37.0,4,27.6,7.7,0.82,12,-0.47,25,0
CLM20260403006087,RID81033,extreme_heat,30.9,1,8.3,24.8,2.29,4,-0.6,23,0
CLM20260403006088,RID81717,civic_unrest,0.5,0,165.5,5.3,5.46,47,2.48,3,1
CLM20260403006089,RID33183,civic_unrest,21.9,5,50.6,6.1,0.43,8,1.48,17,0
CLM20260403006090,RID39864,severe_pollution,88.9,3,30.8,5.8,0.08,6,-0.12,15,0
CLM20260403006091,RID92656,civic_unrest,112.8,4,20.6,18.4,0.18,13,-0.07,7,0
CLM20260403006092,RID63201,extreme_heat,24.0,6,32.6,17.9,1.67,6,0.43,13,0
CLM20260403006093,RID80804,heavy_rainfall,50.3,3,24.1,12.7,1.87,11,0.82,13,0
CLM20260403006094,RID53364,civic_unrest,149.7,5,24.6,21.7,2.16,7,-1.69,20,0
CLM20260403006095,RID16956,severe_pollution,66.6,3,56.1,61.5,1.71,6,1.61,7,0
CLM20260403006096,RID68239,civic_unrest,65.5,2,44.2,45.4,0.52,5,1.32,16,0
CLM20260403006097,RID16569,severe_pollution,27.5,3,36.6,65.8,3.39,7,-1.75,21,0
CLM20260403006098,RID57199,severe_pollution,91.2,3,45.1,15.6,0.74,7,-1.59,26,0
CLM20260403006099,RID91248,civic_unrest,40.6,3,26.4,50.6,0.18,9,0.75,24,0
CLM20260403006100,RID56194,heavy_rainfall,35.9,3,123.9,11.1,0.17,7,-0.75,29,0
CLM20260403006101,RID57739,severe_pollution,117.8,3,30.3,15.6,0.4,10,-0.99,15,0
CLM20260403006102,RID30900,extreme_heat,1.4,0,147.5,7.9,5.19,30,1.85,2,1
CLM20260403006103,RID83999,extreme_heat,78.5,3,10.8,4.6,0.06,9,-1.21,19,1
CLM20260403006104,RID11275,heavy_rainfall,29.2,3,68.4,20.1,0.04,12,1.49,29,0
CLM20260403006105,RID80889,civic_unrest,65.2,2,24.8,24.3,0.78,10,-2.41,27,0
CLM20260403006106,RID52539,heavy_rainfall,3.8,8,101.9,48.2,2.58,6,-1.85,25,0
CLM20260403006107,RID15571,severe_pollution,49.6,3,26.7,29.3,0.31,4,0.95,17,0
CLM20260403006108,RID92436,civic_unrest,42.3,3,47.5,3.3,2.66,15,0.84,16,0
CLM20260403006109,RID13611,heavy_rainfall,19.6,3,56.2,76.1,5.36,11,-0.45,23,1
CLM20260403006110,RID40614,heavy_rainfall,34.3,3,82.3,80.0,1.16,11,-1.97,19,0
CLM20260403006111,RID20922,heavy_rainfall,25.8,1,145.5,43.4,1.11,6,2.59,19,0
CLM20260403006112,RID70646,severe_pollution,82.4,2,43.9,80.0,2.96,12,-0.09,28,0
CLM20260403006113,RID22419,heavy_rainfall,61.1,3,70.7,4.4,1.54,13,-0.3,19,0
CLM20260403006114,RID28654,civic_unrest,64.0,3,30.9,38.6,0.36,8,0.47,8,0
CLM20260403006115,RID48657,severe_pollution,122.7,4,20.1,22.9,0.96,7,-0.95,19,0
CLM20260403006116,RID99388,severe_pollution,38.8,4,54.2,21.5,5.68,7,0.9,13,0
CLM20260403006117,RID17075,extreme_heat,67.5,9,53.3,34.6,1.97,6,-0.85,10,0
CLM20260403006118,RID32045,heavy_rainfall,94.3,3,131.8,16.1,0.06,6,1.14,20,0
CLM20260403006119,RID63231,civic_unrest,9.6,0,3.9,9.1,6.24,27,3.95,2,1
CLM20260403006120,RID40645,civic_unrest,57.7,2,26.6,26.2,0.25,7,-0.91,9,0
CLM20260403006121,RID45133,heavy_rainfall,50.9,2,76.0,12.5,4.87,8,0.6,23,0
CLM20260403006122,RID99468,extreme_heat,82.1,4,39.5,41.6,0.68,8,0.51,10,0
CLM20260403006123,RID10085,heavy_rainfall,124.6,0,125.2,15.1,0.83,4,-1.89,8,0
CLM20260403006124,RID97406,extreme_heat,108.9,3,27.7,23.3,0.19,6,0.19,9,0
CLM20260403006125,RID33886,severe_pollution,30.7,3,46.7,30.9,0.5,4,1.66,8,0
CLM20260403006126,RID51123,civic_unrest,48.6,0,19.7,42.8,3.3,4,-1.68,18,0
CLM20260403006127,RID17801,heavy_rainfall,11.4,2,130.7,80.0,0.01,8,-0.12,7,0
CLM20260403006128,RID30697,severe_pollution,70.7,3,14.2,63.7,0.51,8,1.83,21,0
CLM20260403006129,RID16655,heavy_rainfall,41.6,3,29.0,51.1,2.06,7,-0.72,7,0
CLM20260403006130,RID51878,heavy_rainfall,29.8,2,145.3,30.1,3.0,5,0.9,29,0
CLM20260403006131,RID54205,extreme_heat,102.3,4,32.3,16.0,0.8,9,1.98,23,0
CLM20260403006132,RID33998,civic_unrest,91.7,5,34.0,58.0,0.31,14,0.92,9,0
CLM20260403006133,RID95809,civic_unrest,13.8,0,19.1,36.5,1.81,10,-2.81,27,0
CLM20260403006134,RID67691,civic_unrest,45.4,4,48.9,39.3,2.74,12,0.42,8,0
CLM20260403006135,RID14193,severe_pollution,1.7,0,9.4,12.3,10.44,39,2.47,8,1
CLM20260403006136,RID47030,heavy_rainfall,19.4,4,96.8,19.0,0.31,2,-0.12,29,0
CLM20260403006137,RID74528,heavy_rainfall,21.0,1,117.9,80.0,1.55,8,1.34,7,0
CLM20260403006138,RID68057,extreme_heat,56.7,2,34.5,51.2,1.16,6,-1.47,25,0
CLM20260403006139,RID26926,severe_pollution,36.9,3,30.5,45.6,2.59,7,2.8,10,0
CLM20260403006140,RID87982,heavy_rainfall,21.9,2,78.3,10.1,0.34,8,0.72,16,0
CLM20260403006141,RID56381,civic_unrest,36.8,3,30.0,42.3,0.0,9,-0.41,20,0
CLM20260403006142,RID94399,heavy_rainfall,6.4,1,54.0,21.1,0.41,11,-1.34,17,0
CLM20260403006143,RID40225,heavy_rainfall,156.8,7,79.4,40.0,5.95,7,-0.73,25,0
CLM20260403006144,RID16310,heavy_rainfall,110.0,2,96.4,39.5,0.53,10,0.97,18,0
CLM20260403006145,RID61468,civic_unrest,13.3,0,49.7,20.7,0.19,7,-1.79,17,1
CLM20260403006146,RID98806,extreme_heat,91.0,4,53.4,8.0,0.9,9,-1.22,8,1
CLM20260403006147,RID49854,heavy_rainfall,0.9,0,8.1,0.3,11.97,37,2.94,2,1
CLM20260403006148,RID36642,heavy_rainfall,14.2,7,49.5,12.9,1.08,5,0.64,22,0
CLM20260403006149,RID10393,civic_unrest,73.3,3,23.8,23.7,1.63,7,1.76,11,0
CLM20260403006150,RID55640,extreme_heat,14.5,2,31.7,20.6,0.33,10,0.14,20,0
CLM20260403006151,RID14119,extreme_heat,4.8,0,124.4,12.7,9.67,29,3.31,2,1
CLM20260403006152,RID66152,heavy_rainfall,240.0,2,21.4,9.3,0.06,5,0.75,29,0
CLM20260403006153,RID76385,civic_unrest,128.8,7,22.3,28.4,0.88,7,1.26,15,0
CLM20260403006154,RID18442,heavy_rainfall,70.3,4,22.8,36.3,1.48,10,-1.29,20,0
CLM20260403006155,RID81140,civic_unrest,72.0,3,40.5,27.1,0.12,7,1.28,7,0
CLM20260403006156,RID92163,heavy_rainfall,24.0,3,122.3,35.7,1.06,8,0.0,13,0
CLM20260403006157,RID39016,civic_unrest,43.5,6,44.6,16.0,2.61,13,0.01,16,0
CLM20260403006158,RID90658,extreme_heat,86.6,5,51.2,18.7,0.61,7,-1.08,12,0
CLM20260403006159,RID81492,civic_unrest,162.0,3,15.4,20.4,2.07,5,-2.93,8,0
CLM20260403006160,RID55365,extreme_heat,50.0,0,59.6,80.0,1.46,6,3.13,27,0
CLM20260403006161,RID58994,civic_unrest,96.0,4,41.4,56.7,0.27,7,-0.63,14,0
CLM20260403006162,RID29203,heavy_rainfall,71.5,2,90.5,38.0,0.5,2,1.68,22,0
CLM20260403006163,RID57362,severe_pollution,0.7,0,9.4,2.0,1.31,39,2.92,5,1
CLM20260403006164,RID19261,heavy_rainfall,25.4,2,53.0,39.6,1.09,9,0.23,23,0
CLM20260403006165,RID17775,severe_pollution,54.9,8,54.7,43.8,2.78,8,1.15,22,0
CLM20260403006166,RID73818,heavy_rainfall,14.1,2,85.0,17.9,0.76,5,-0.13,22,0
CLM20260403006167,RID94426,heavy_rainfall,18.1,2,135.3,26.4,3.37,11,-0.86,7,0
CLM20260403006168,RID62138,severe_pollution,61.0,4,25.9,4.7,5.39,9,1.68,20,0
CLM20260403006169,RID81761,heavy_rainfall,55.2,1,115.9,15.0,2.51,9,2.34,8,1
CLM20260403006170,RID19658,severe_pollution,40.0,3,40.1,26.7,0.36,5,0.72,15,0
CLM20260403006171,RID67571,severe_pollution,13.1,3,32.4,18.3,0.94,10,1.52,22,0
CLM20260403006172,RID44441,heavy_rainfall,43.9,3,63.8,9.8,5.45,6,-1.83,23,0
CLM20260403006173,RID41671,severe_pollution,4.3,0,77.7,10.3,0.79,38,2.85,1,1
CLM20260403006174,RID75661,civic_unrest,121.1,2,24.4,19.3,3.23,6,-1.43,20,1
CLM20260403006175,RID99157,extreme_heat,17.7,1,14.8,41.0,1.15,6,3.57,18,0
CLM20260403006176,RID38548,extreme_heat,34.1,3,21.8,6.4,0.37,8,1.38,25,0
CLM20260403006177,RID84747,civic_unrest,18.5,3,41.4,30.3,2.16,11,-0.89,13,0
CLM20260403006178,RID50207,civic_unrest,78.8,5,23.0,21.3,2.4,6,-0.65,12,0
CLM20260403006179,RID39494,heavy_rainfall,70.3,2,120.6,80.0,0.22,9,1.62,13,0
CLM20260403006180,RID10364,severe_pollution,29.7,4,13.6,39.1,0.33,10,-3.34,28,0
CLM20260403006181,RID74327,severe_pollution,0.5,0,5.6,6.0,9.63,36,4.13,1,1
CLM20260403006182,RID59411,extreme_heat,73.2,1,52.4,20.9,0.32,2,-0.42,13,0
CLM20260403006183,RID53800,civic_unrest,55.4,1,21.0,15.3,0.66,7,0.22,15,0
CLM20260403006184,RID11055,extreme_heat,65.3,4,29.3,4.3,0.24,12,0.07,28,0
CLM20260403006185,RID31060,civic_unrest,45.2,2,15.4,39.4,0.58,2,-0.23,15,0
CLM20260403006186,RID11448,heavy_rainfall,29.6,1,31.1,18.4,1.06,7,1.3,26,0
CLM20260403006187,RID74648,extreme_heat,5.0,2,28.9,29.5,0.88,13,-1.15,23,0
CLM20260403006188,RID59739,civic_unrest,138.2,1,40.9,30.9,1.29,11,-1.01,13,0
CLM20260403006189,RID43436,extreme_heat,30.7,1,33.6,10.2,1.71,4,-0.08,25,0
CLM20260403006190,RID61270,extreme_heat,84.1,3,20.5,28.1,0.98,8,-0.66,18,0
CLM20260403006191,RID47469,heavy_rainfall,16.4,3,108.1,22.5,0.4,9,2.51,15,0
CLM20260403006192,RID70211,civic_unrest,39.3,4,57.8,26.5,0.41,8,-1.58,10,0
CLM20260403006193,RID34087,heavy_rainfall,74.2,0,111.0,44.1,0.02,13,-1.81,9,1
CLM20260403006194,RID92278,extreme_heat,4.2,0,21.1,30.0,0.03,8,0.41,7,0
CLM20260403006195,RID96703,extreme_heat,4.2,0,59.1,5.9,0.74,39,3.17,4,1
CLM20260403006196,RID38683,extreme_heat,31.9,4,26.6,10.4,0.29,6,1.1,17,0
CLM20260403006197,RID50332,civic_unrest,55.8,4,15.0,34.8,1.86,8,1.68,13,0
CLM20260403006198,RID22484,heavy_rainfall,28.3,3,26.4,18.4,0.05,8,0.72,24,0
CLM20260403006199,RID11996,heavy_rainfall,44.1,4,138.7,47.0,2.08,5,0.44,27,0
CLM20260403006200,RID84883,heavy_rainfall,24.0,6,100.7,80.0,2.73,9,-1.63,23,0
CLM20260403006201,RID94299,severe_pollution,1.7,0,50.1,33.0,0.55,6,-0.6,27,0
CLM20260403006202,RID98705,heavy_rainfall,74.9,2,118.6,23.9,1.43,8,-0.03,14,0
CLM20260403006203,RID56683,extreme_heat,16.5,5,48.7,15.6,0.2,6,-1.2,7,0
CLM20260403006204,RID10736,severe_pollution,83.7,2,17.6,26.1,0.11,11,1.06,16,0
CLM20260403006205,RID76903,civic_unrest,85.3,2,38.2,10.3,0.29,11,-0.88,22,0
CLM20260403006206,RID41847,heavy_rainfall,111.5,1,58.3,42.0,0.05,13,-0.85,15,0
CLM20260403006207,RID29853,heavy_rainfall,27.3,1,36.0,25.2,0.08,9,0.5,18,0
CLM20260403006208,RID21584,severe_pollution,52.0,4,36.6,24.6,0.71,6,0.45,16,0
CLM20260403006209,RID61456,severe_pollution,55.5,5,32.6,41.5,0.6,9,-1.55,8,0
CLM20260403006210,RID38828,extreme_heat,15.2,0,7.7,10.9,8.15,27,4.19,3,1
CLM20260403006211,RID90775,heavy_rainfall,0.5,0,8.3,12.7,14.26,33,3.86,3,1
CLM20260403006212,RID46908,civic_unrest,52.2,3,49.8,32.0,0.9,6,-0.57,26,0
CLM20260403006213,RID69839,civic_unrest,16.3,4,49.9,37.4,3.27,9,0.6,21,0
CLM20260403006214,RID83737,severe_pollution,32.8,6,45.8,34.3,1.05,5,-1.31,26,0
CLM20260403006215,RID52372,extreme_heat,62.3,1,50.3,47.1,1.0,7,-0.32,19,0
CLM20260403006216,RID21498,extreme_heat,65.1,4,9.5,7.8,1.51,11,-0.91,13,1
CLM20260403006217,RID87780,severe_pollution,66.9,1,35.0,61.0,2.01,7,0.92,19,0
CLM20260403006218,RID50853,extreme_heat,29.0,2,27.8,80.0,0.65,7,0.18,8,0
CLM20260403006219,RID61805,heavy_rainfall,79.0,3,87.3,18.9,2.13,6,0.87,22,0
CLM20260403006220,RID40270,extreme_heat,46.0,3,41.1,20.2,1.86,10,0.8,24,0
CLM20260403006221,RID64929,extreme_heat,24.8,1,51.6,29.7,2.68,7,-1.16,24,0
CLM20260403006222,RID11110,extreme_heat,13.9,5,29.0,9.2,1.24,7,-1.5,14,0
CLM20260403006223,RID69975,civic_unrest,61.8,4,18.5,53.5,1.14,7,-0.46,21,0
CLM20260403006224,RID56363,extreme_heat,80.1,5,12.5,13.6,2.93,3,-0.07,25,0
CLM20260403006225,RID20189,civic_unrest,69.9,4,15.1,41.7,1.01,8,-0.6,8,0
CLM20260403006226,RID70547,severe_pollution,47.4,7,56.2,27.2,0.64,7,2.9,26,0
CLM20260403006227,RID13232,extreme_heat,42.8,3,9.2,13.8,3.11,9,-0.52,29,0
CLM20260403006228,RID10143,severe_pollution,28.6,3,58.9,7.8,2.96,8,0.37,13,0
CLM20260403006229,RID25012,heavy_rainfall,106.0,4,116.2,42.7,0.51,7,-0.16,13,0
CLM20260403006230,RID55121,extreme_heat,54.9,3,18.6,15.0,2.3,9,1.0,21,0
CLM20260403006231,RID39576,heavy_rainfall,21.2,2,65.2,13.0,1.09,11,-0.6,19,1
CLM20260403006232,RID33715,extreme_heat,61.3,2,15.4,41.4,0.29,5,-0.64,24,0
CLM20260403006233,RID66550,extreme_heat,61.5,3,25.5,35.6,1.69,7,1.48,10,0
CLM20260403006234,RID22972,extreme_heat,98.5,3,33.3,15.9,3.37,10,0.35,26,0
CLM20260403006235,RID18850,civic_unrest,3.9,3,19.8,16.2,0.12,9,0.32,8,0
CLM20260403006236,RID78738,heavy_rainfall,39.6,3,115.7,14.7,0.73,6,-0.22,29,1
CLM20260403006237,RID78452,severe_pollution,40.2,5,27.5,22.3,2.55,8,-0.49,9,0
CLM20260403006238,RID10560,civic_unrest,155.1,2,12.9,37.0,0.96,6,1.64,26,0
CLM20260403006239,RID84126,heavy_rainfall,140.5,3,45.6,25.5,0.81,6,1.31,8,0
CLM20260403006240,RID66850,heavy_rainfall,24.5,3,100.4,13.4,2.33,13,0.62,9,0
CLM20260403006241,RID24688,severe_pollution,97.3,3,43.8,11.4,2.17,5,1.25,23,0
CLM20260403006242,RID37713,civic_unrest,144.5,3,12.1,28.1,0.03,9,-1.47,9,0
CLM20260403006243,RID53557,heavy_rainfall,229.9,0,130.3,63.3,1.28,12,1.6,7,0
CLM20260403006244,RID87141,civic_unrest,83.5,2,10.0,16.0,2.64,5,-1.56,18,0
CLM20260403006245,RID84576,severe_pollution,52.7,3,40.2,3.7,0.73,13,0.66,26,0
CLM20260403006246,RID71662,extreme_heat,118.4,0,52.6,9.6,0.06,7,-1.8,16,0
CLM20260403006247,RID22346,severe_pollution,7.7,1,16.8,48.7,3.08,10,-0.6,22,0
CLM20260403006248,RID82877,heavy_rainfall,119.2,0,81.1,43.3,1.21,5,0.66,24,0
CLM20260403006249,RID16598,civic_unrest,100.4,4,54.4,10.2,0.45,4,-0.77,10,0
CLM20260403006250,RID40976,severe_pollution,5.0,0,197.8,2.5,5.09,39,1.79,8,0
CLM20260403006251,RID80120,extreme_heat,40.8,2,39.9,17.5,0.25,4,-1.33,15,0
CLM20260403006252,RID18803,severe_pollution,76.8,2,21.0,9.2,3.68,10,-0.66,24,0
CLM20260403006253,RID89777,extreme_heat,34.9,3,11.7,25.1,0.23,10,0.88,18,0
CLM20260403006254,RID76652,severe_pollution,72.8,3,47.5,23.7,1.35,5,-0.32,25,0
CLM20260403006255,RID32593,civic_unrest,145.4,4,10.7,21.4,0.84,11,-0.67,23,0
CLM20260403006256,RID53476,civic_unrest,7.9,1,45.1,17.8,1.14,5,-0.41,17,0
CLM20260403006257,RID17001,heavy_rainfall,15.8,2,65.6,16.2,1.28,6,0.3,28,0
CLM20260403006258,RID77359,extreme_heat,11.7,2,25.3,12.4,0.91,3,-0.51,21,0
CLM20260403006259,RID32036,severe_pollution,43.1,4,22.6,8.7,0.46,5,-1.72,28,0
CLM20260403006260,RID31300,heavy_rainfall,131.6,2,83.7,44.6,0.11,6,1.12,9,0
CLM20260403006261,RID17074,extreme_heat,112.6,4,49.8,12.0,4.11,8,0.09,26,0
CLM20260403006262,RID82246,extreme_heat,69.6,4,50.8,6.5,0.32,10,1.01,16,0
CLM20260403006263,RID90614,civic_unrest,51.0,4,11.5,18.1,1.53,8,0.56,18,0
CLM20260403006264,RID80340,extreme_heat,68.3,3,59.8,22.4,0.69,13,1.2,14,0
CLM20260403006265,RID91955,extreme_heat,7.6,0,48.9,14.0,1.75,39,3.15,2,1
CLM20260403006266,RID27730,extreme_heat,34.8,3,32.8,10.0,1.26,6,1.19,9,0
CLM20260403006267,RID17754,civic_unrest,0.7,0,9.1,14.7,7.74,35,2.33,2,1
CLM20260403006268,RID21623,civic_unrest,113.1,2,12.3,42.9,1.83,5,1.63,13,0
CLM20260403006269,RID46535,severe_pollution,41.8,4,59.6,16.5,0.32,16,-1.06,8,0
CLM20260403006270,RID46537,extreme_heat,130.7,2,30.2,6.1,2.9,7,-0.29,17,0
CLM20260403006271,RID27259,heavy_rainfall,71.4,3,24.5,27.2,1.62,10,0.1,24,0
CLM20260403006272,RID18655,severe_pollution,22.8,4,32.1,23.5,0.58,8,-2.53,20,0
CLM20260403006273,RID57173,extreme_heat,67.1,0,12.6,28.6,1.77,6,1.0,22,0
CLM20260403006274,RID11337,extreme_heat,35.7,5,56.1,34.2,0.85,6,1.68,13,0
CLM20260403006275,RID92221,heavy_rainfall,33.0,3,33.5,33.8,0.34,5,-1.91,29,0
CLM20260403006276,RID26722,heavy_rainfall,49.4,3,36.1,30.9,1.84,4,-1.35,15,0
CLM20260403006277,RID93105,extreme_heat,50.2,1,29.4,38.4,0.7,7,1.72,27,0
CLM20260403006278,RID16646,civic_unrest,90.6,4,27.4,49.3,1.63,6,-0.76,25,0
CLM20260403006279,RID29564,extreme_heat,19.3,3,53.0,20.6,2.34,14,-1.61,13,0
CLM20260403006280,RID27196,extreme_heat,37.4,4,33.6,53.5,0.65,4,-0.06,26,0
CLM20260403006281,RID67528,severe_pollution,3.0,2,13.1,40.6,0.12,4,0.33,12,0
CLM20260403006282,RID57077,extreme_heat,77.8,1,35.0,72.1,0.76,11,0.32,17,0
CLM20260403006283,RID23531,extreme_heat,97.2,2,33.6,41.4,2.43,8,-0.41,22,0
CLM20260403006284,RID58880,extreme_heat,25.9,2,51.1,34.1,0.69,8,1.14,29,0
CLM20260403006285,RID15430,extreme_heat,36.0,2,43.3,52.0,0.08,9,-0.34,24,0
CLM20260403006286,RID75973,heavy_rainfall,32.8,3,61.5,11.6,1.47,8,1.03,10,0
CLM20260403006287,RID64778,civic_unrest,28.2,3,59.4,47.9,0.31,7,1.94,22,0
CLM20260403006288,RID16164,severe_pollution,31.6,3,22.3,20.3,0.07,7,1.52,15,0
CLM20260403006289,RID43222,severe_pollution,7.1,2,8.4,11.3,15.47,32,2.63,3,1
CLM20260403006290,RID35826,heavy_rainfall,56.9,4,131.8,6.9,0.28,8,-1.61,9,0
CLM20260403006291,RID99414,heavy_rainfall,34.0,1,84.8,27.6,2.37,5,-0.22,23,0
CLM20260403006292,RID55145,extreme_heat,133.7,2,18.9,39.4,0.15,8,1.74,25,1
CLM20260403006293,RID67667,severe_pollution,202.2,1,46.1,11.9,0.41,8,1.13,12,0
CLM20260403006294,RID70240,civic_unrest,173.0,5,45.8,39.2,0.34,4,-1.61,28,0
CLM20260403006295,RID62151,heavy_rainfall,0.5,0,6.5,2.6,10.04,29,4.22,8,1
CLM20260403006296,RID90098,extreme_heat,39.4,1,40.8,65.9,0.11,9,-0.14,19,0
CLM20260403006297,RID27304,heavy_rainfall,6.0,1,48.8,22.2,1.09,6,-2.07,15,0
CLM20260403006298,RID99625,heavy_rainfall,106.1,2,72.7,40.3,2.21,8,-0.62,9,0
CLM20260403006299,RID95427,extreme_heat,31.9,1,35.8,33.2,0.78,5,-0.95,27,0
CLM20260403006300,RID88409,heavy_rainfall,4.0,0,187.2,6.6,10.46,38,2.09,1,1
CLM20260403006301,RID64488,heavy_rainfall,49.8,3,93.4,22.4,0.14,9,1.6,9,0
CLM20260403006302,RID71561,civic_unrest,2.8,0,155.3,0.5,7.89,33,2.78,1,1
CLM20260403006303,RID59560,heavy_rainfall,49.7,7,20.5,5.2,0.06,7,-0.28,29,0
CLM20260403006304,RID30856,extreme_heat,0.5,0,157.3,11.1,10.17,38,3.84,3,1
CLM20260403006305,RID25641,heavy_rainfall,32.4,5,131.6,42.7,1.05,9,-1.37,10,0
CLM20260403006306,RID44559,extreme_heat,24.3,1,15.3,39.1,0.37,7,1.59,19,0
CLM20260403006307,RID80937,civic_unrest,131.5,5,53.9,23.1,0.27,9,-0.08,20,0
CLM20260403006308,RID18766,severe_pollution,36.9,1,49.2,43.5,2.76,6,-0.78,20,0
CLM20260403006309,RID61364,extreme_heat,100.0,5,16.3,66.3,1.46,7,-1.23,11,0
CLM20260403006310,RID29770,heavy_rainfall,115.6,3,109.8,1.1,1.85,8,-0.43,25,0
CLM20260403006311,RID36610,heavy_rainfall,54.0,3,128.7,43.9,0.25,14,0.07,22,1
CLM20260403006312,RID65023,severe_pollution,113.5,2,49.5,80.0,0.85,5,-1.01,20,0
CLM20260403006313,RID11833,heavy_rainfall,99.3,2,120.9,23.2,1.94,4,-1.8,26,0
CLM20260403006314,RID58089,severe_pollution,88.1,6,54.7,10.0,0.92,7,1.34,17,0
CLM20260403006315,RID83030,civic_unrest,39.5,0,50.7,45.6,2.08,10,1.03,15,0
CLM20260403006316,RID64746,severe_pollution,12.6,1,24.0,9.0,0.61,8,-0.26,14,0
CLM20260403006317,RID70359,heavy_rainfall,76.0,2,73.5,58.4,1.62,5,-2.18,11,0
CLM20260403006318,RID60222,extreme_heat,80.9,3,11.4,2.1,1.93,9,1.67,16,0
CLM20260403006319,RID61642,extreme_heat,22.9,7,43.8,29.9,1.44,5,-1.39,24,0
CLM20260403006320,RID21024,severe_pollution,56.2,1,53.8,4.7,0.31,13,-1.35,28,0
CLM20260403006321,RID57454,civic_unrest,2.5,4,37.8,47.7,0.83,7,0.09,26,0
CLM20260403006322,RID17922,civic_unrest,146.0,1,35.1,48.2,0.67,8,-0.6,16,0
CLM20260403006323,RID86180,civic_unrest,14.1,2,48.8,36.3,4.05,8,3.23,22,0
CLM20260403006324,RID43388,civic_unrest,14.8,2,41.9,29.9,0.35,9,-0.02,20,0
CLM20260403006325,RID95986,heavy_rainfall,13.6,2,101.6,33.3,3.68,7,0.97,17,0
CLM20260403006326,RID67799,severe_pollution,88.3,1,16.2,31.4,1.19,4,-0.22,25,0
CLM20260403006327,RID61316,extreme_heat,1.0,0,135.4,11.7,17.28,36,3.15,2,1
CLM20260403006328,RID99765,civic_unrest,25.3,4,49.5,41.0,7.84,6,-1.1,21,0
CLM20260403006329,RID89253,extreme_heat,35.6,2,20.3,49.9,1.29,4,-1.59,12,0
CLM20260403006330,RID39454,severe_pollution,82.1,3,24.7,56.5,0.32,10,-0.52,25,0
CLM20260403006331,RID55061,heavy_rainfall,48.2,3,148.7,13.3,1.53,17,1.09,27,0
CLM20260403006332,RID49623,severe_pollution,41.1,2,9.9,35.9,1.02,5,0.61,23,0
CLM20260403006333,RID31925,severe_pollution,51.4,6,11.0,31.6,0.07,7,-0.04,24,0
CLM20260403006334,RID34873,extreme_heat,0.7,0,178.6,13.8,12.82,42,5.3,2,1
CLM20260403006335,RID32143,severe_pollution,17.9,2,13.8,20.4,0.64,7,0.24,23,0
CLM20260403006336,RID27654,severe_pollution,6.9,1,27.5,46.2,2.61,7,2.09,22,0
CLM20260403006337,RID25397,heavy_rainfall,55.1,2,145.1,9.3,6.63,9,0.0,10,0
CLM20260403006338,RID48734,extreme_heat,13.9,6,13.2,80.0,2.16,11,-0.44,26,0
CLM20260403006339,RID43518,extreme_heat,118.2,1,16.3,37.9,1.81,7,-0.95,13,0
CLM20260403006340,RID63862,extreme_heat,4.4,2,54.6,25.3,0.23,15,-2.12,19,0
CLM20260403006341,RID55026,civic_unrest,44.6,2,16.2,43.7,2.31,7,1.05,16,0
CLM20260403006342,RID44937,extreme_heat,43.4,4,34.7,80.0,0.8,4,-0.88,11,0
CLM20260403006343,RID23292,heavy_rainfall,89.5,2,125.3,14.0,0.69,8,-0.39,25,0
CLM20260403006344,RID79966,severe_pollution,179.0,5,34.6,49.3,0.54,9,0.21,13,0
CLM20260403006345,RID87872,heavy_rainfall,50.9,0,110.6,9.0,4.21,6,-0.9,22,0
CLM20260403006346,RID91628,severe_pollution,96.3,3,17.1,20.5,0.85,6,-0.81,7,0
CLM20260403006347,RID29335,extreme_heat,147.1,4,35.1,33.8,0.65,7,0.92,21,0
CLM20260403006348,RID50781,heavy_rainfall,44.5,3,65.4,20.7,6.3,7,1.28,19,1
CLM20260403006349,RID96247,severe_pollution,17.7,4,51.8,26.4,0.73,10,-0.17,25,0
CLM20260403006350,RID44559,extreme_heat,13.7,7,50.3,56.0,4.17,9,0.76,28,0
CLM20260403006351,RID36347,civic_unrest,78.7,3,53.7,14.3,0.61,8,1.12,18,0
CLM20260403006352,RID41381,extreme_heat,52.2,6,18.7,77.1,2.93,6,-1.35,26,0
CLM20260403006353,RID46927,severe_pollution,46.9,2,52.8,2.8,1.29,8,-0.65,21,0
CLM20260403006354,RID34465,civic_unrest,2.8,2,171.5,12.1,15.09,41,3.08,1,1
CLM20260403006355,RID97387,heavy_rainfall,10.2,0,181.6,8.8,0.71,43,3.02,12,1
CLM20260403006356,RID57798,extreme_heat,71.4,3,33.3,43.5,0.15,9,1.19,17,0
CLM20260403006357,RID39479,extreme_heat,28.0,3,57.2,31.3,2.42,14,-0.35,8,0
CLM20260403006358,RID44175,extreme_heat,54.7,2,55.1,15.7,4.72,8,0.63,9,0
CLM20260403006359,RID14552,extreme_heat,11.2,2,39.9,24.8,1.0,9,-1.87,11,1
CLM20260403006360,RID20164,heavy_rainfall,16.9,2,54.6,12.0,1.14,7,2.41,24,0
CLM20260403006361,RID57951,severe_pollution,33.5,3,35.6,37.5,2.75,6,-1.31,25,0
CLM20260403006362,RID63171,heavy_rainfall,93.3,5,123.5,5.3,1.0,6,1.35,12,1
CLM20260403006363,RID59002,civic_unrest,5.9,0,4.0,11.1,12.77,47,2.24,1,0
CLM20260403006364,RID58469,severe_pollution,27.3,2,33.7,20.3,0.07,3,0.31,20,0
CLM20260403006365,RID61171,civic_unrest,1.3,0,8.5,1.0,9.98,36,3.19,4,1
CLM20260403006366,RID75454,civic_unrest,28.2,1,16.4,69.5,0.14,16,-0.75,27,0
CLM20260403006367,RID69445,severe_pollution,66.7,5,15.9,12.4,1.22,5,-0.17,14,0
CLM20260403006368,RID86916,civic_unrest,65.6,4,56.8,6.8,2.3,3,0.87,21,0
CLM20260403006369,RID93326,civic_unrest,98.6,1,48.1,24.7,0.32,4,-0.74,20,0
CLM20260403006370,RID36131,civic_unrest,27.2,5,31.9,24.7,0.63,9,0.51,16,0
CLM20260403006371,RID41447,severe_pollution,37.1,7,30.2,55.9,0.65,7,0.32,25,1
CLM20260403006372,RID58590,severe_pollution,23.4,2,37.8,17.8,0.07,9,-0.26,17,0
CLM20260403006373,RID45501,severe_pollution,10.5,1,28.6,80.0,0.78,4,-3.06,15,0
CLM20260403006374,RID60680,severe_pollution,97.7,7,13.5,11.3,0.03,10,-0.65,9,0
CLM20260403006375,RID18333,severe_pollution,35.8,2,50.2,16.4,1.92,9,-1.3,26,0
CLM20260403006376,RID37344,civic_unrest,32.8,3,26.8,26.4,1.52,7,1.59,16,0
CLM20260403006377,RID26577,heavy_rainfall,38.3,3,137.8,1.0,3.53,4,-3.1,21,0
CLM20260403006378,RID33210,civic_unrest,20.5,3,14.2,45.3,0.11,8,0.65,23,0
CLM20260403006379,RID47427,civic_unrest,24.5,0,6.0,8.9,17.79,34,2.79,2,1
CLM20260403006380,RID12900,heavy_rainfall,73.9,3,82.4,46.9,2.21,8,-1.85,10,0
CLM20260403006381,RID85063,civic_unrest,48.8,4,15.3,37.4,0.96,9,1.4,22,0
CLM20260403006382,RID91045,civic_unrest,41.4,5,57.7,59.8,2.11,4,-0.59,28,0
CLM20260403006383,RID76590,heavy_rainfall,37.1,1,61.3,7.3,0.76,4,-0.84,25,0
CLM20260403006384,RID54786,extreme_heat,88.6,1,17.7,30.2,1.51,11,-0.96,21,0
CLM20260403006385,RID62310,extreme_heat,4.0,0,3.1,14.2,1.28,40,3.45,3,1
CLM20260403006386,RID52348,civic_unrest,70.2,0,40.2,52.2,1.44,9,0.87,24,0
CLM20260403006387,RID85460,severe_pollution,60.2,3,35.0,7.9,0.94,6,0.27,28,0
CLM20260403006388,RID62045,civic_unrest,30.2,0,73.4,9.7,13.71,31,3.38,3,1
CLM20260403006389,RID68547,extreme_heat,92.6,3,41.7,11.0,3.39,8,1.33,23,0
CLM20260403006390,RID24790,extreme_heat,63.3,2,13.9,28.0,3.1,6,0.6,10,0
CLM20260403006391,RID11775,severe_pollution,86.7,1,22.0,22.6,1.88,6,1.88,9,0
CLM20260403006392,RID46199,extreme_heat,62.4,4,34.2,13.3,4.28,13,0.56,7,0
CLM20260403006393,RID41404,civic_unrest,100.9,2,48.6,12.5,0.35,6,0.11,24,0
CLM20260403006394,RID87136,heavy_rainfall,89.6,2,135.0,33.5,0.05,10,-0.16,27,0
CLM20260403006395,RID44825,extreme_heat,29.6,7,49.4,13.8,0.41,5,1.07,24,0
CLM20260403006396,RID60437,heavy_rainfall,107.5,2,92.8,40.9,2.04,7,-0.82,22,0
CLM20260403006397,RID47475,heavy_rainfall,99.3,0,83.2,44.0,1.28,6,0.55,23,0
CLM20260403006398,RID97516,civic_unrest,99.9,2,11.7,33.1,1.41,7,1.09,7,0
CLM20260403006399,RID95283,extreme_heat,35.4,4,28.0,24.7,1.71,7,0.08,29,0
CLM20260403006400,RID42481,extreme_heat,185.1,5,24.0,21.3,0.7,9,0.67,26,0
CLM20260403006401,RID64454,heavy_rainfall,0.5,1,6.5,10.2,1.21,39,1.87,3,1
CLM20260403006402,RID49452,civic_unrest,163.7,4,41.8,60.1,0.12,10,0.49,22,1
CLM20260403006403,RID50494,extreme_heat,72.7,3,47.0,25.0,1.66,6,0.48,19,0
CLM20260403006404,RID17318,severe_pollution,103.8,1,11.2,6.0,0.94,10,0.77,13,0
CLM20260403006405,RID84261,severe_pollution,65.8,4,44.0,14.9,0.89,9,-0.04,19,0
CLM20260403006406,RID38837,severe_pollution,52.9,3,28.3,16.7,1.09,8,1.03,25,0
CLM20260403006407,RID39622,heavy_rainfall,12.4,2,74.6,4.8,0.3,6,1.45,8,0
CLM20260403006408,RID99216,heavy_rainfall,80.3,4,95.4,37.1,0.68,8,-0.69,20,0
CLM20260403006409,RID13930,heavy_rainfall,14.5,4,65.6,55.1,3.04,8,-2.02,29,0
CLM20260403006410,RID74970,civic_unrest,50.9,3,17.8,20.9,0.37,8,0.8,9,0
CLM20260403006411,RID31890,extreme_heat,41.7,5,30.9,19.2,0.9,6,-1.37,22,0
CLM20260403006412,RID25761,heavy_rainfall,40.5,3,149.0,20.6,1.99,4,0.13,27,0
CLM20260403006413,RID58281,severe_pollution,3.6,0,173.4,3.8,8.53,32,3.1,3,1
CLM20260403006414,RID22108,civic_unrest,72.8,2,20.3,31.5,0.57,7,-0.74,18,0
CLM20260403006415,RID51724,extreme_heat,26.0,5,33.3,31.5,0.39,6,-1.47,17,0
CLM20260403006416,RID37409,civic_unrest,17.0,1,14.1,5.2,6.52,7,-2.1,9,0
CLM20260403006417,RID96237,civic_unrest,27.0,4,56.9,9.3,1.0,17,0.34,22,0
CLM20260403006418,RID33097,severe_pollution,30.6,4,27.6,16.2,1.57,8,1.41,27,0
CLM20260403006419,RID76255,severe_pollution,34.0,3,40.7,6.0,0.15,6,1.09,15,0
CLM20260403006420,RID44047,civic_unrest,28.6,6,23.9,31.0,0.1,11,-0.32,12,0
CLM20260403006421,RID99165,severe_pollution,20.3,3,46.2,12.3,2.04,13,-0.89,28,0
CLM20260403006422,RID16371,heavy_rainfall,52.6,5,36.9,9.8,1.35,8,-1.74,18,0
CLM20260403006423,RID75171,extreme_heat,62.7,2,12.6,23.1,0.1,11,-0.42,21,0
CLM20260403006424,RID94255,extreme_heat,29.9,2,28.1,7.8,1.63,11,-0.14,28,1
CLM20260403006425,RID94948,heavy_rainfall,30.8,1,83.7,37.4,2.17,5,1.81,29,0
CLM20260403006426,RID79341,severe_pollution,18.7,0,29.3,16.4,2.98,11,0.39,29,0
CLM20260403006427,RID54752,extreme_heat,24.2,4,19.4,14.0,1.63,10,-0.4,27,0
CLM20260403006428,RID39171,severe_pollution,28.3,2,29.8,7.5,1.64,6,1.33,14,0
CLM20260403006429,RID70660,severe_pollution,5.1,0,40.8,9.6,7.7,26,3.16,2,1
CLM20260403006430,RID27308,severe_pollution,26.8,3,37.1,15.8,0.41,7,0.6,9,0
CLM20260403006431,RID62468,civic_unrest,78.3,4,15.2,29.2,0.19,4,-0.48,10,0
CLM20260403006432,RID63311,extreme_heat,53.6,2,34.3,36.0,0.25,7,0.0,8,0
CLM20260403006433,RID35556,severe_pollution,6.9,2,56.1,14.3,2.27,8,0.06,25,0
CLM20260403006434,RID10446,heavy_rainfall,23.4,0,63.7,23.9,2.38,8,1.47,21,0
CLM20260403006435,RID46524,heavy_rainfall,52.3,2,34.6,29.9,1.27,10,-0.62,9,0
CLM20260403006436,RID94633,heavy_rainfall,158.6,3,22.1,57.7,0.5,6,-0.38,13,0
CLM20260403006437,RID92483,civic_unrest,71.1,2,9.4,23.7,1.13,8,-1.12,13,0
CLM20260403006438,RID29988,severe_pollution,49.9,4,56.9,33.8,0.12,7,-0.27,19,0
CLM20260403006439,RID80386,heavy_rainfall,28.5,4,70.6,16.6,0.58,12,2.51,29,1
CLM20260403006440,RID13222,civic_unrest,63.5,2,46.1,3.8,1.06,8,0.17,20,0
CLM20260403006441,RID52661,heavy_rainfall,12.2,2,21.1,23.9,0.59,8,-0.72,26,0
CLM20260403006442,RID14766,heavy_rainfall,89.0,4,117.8,19.6,0.34,9,2.56,10,0
CLM20260403006443,RID29920,severe_pollution,4.7,0,52.1,5.2,11.94,38,3.49,2,1
CLM20260403006444,RID99445,extreme_heat,43.5,2,20.7,55.6,0.2,13,-2.05,29,0
CLM20260403006445,RID26780,heavy_rainfall,86.0,3,91.4,34.5,1.4,5,-1.27,28,0
CLM20260403006446,RID50525,extreme_heat,27.8,2,22.5,44.1,0.2,11,-0.85,23,0
CLM20260403006447,RID51915,severe_pollution,6.7,0,9.0,9.9,11.77,32,2.1,2,0
CLM20260403006448,RID96844,extreme_heat,101.4,5,51.7,8.9,1.92,3,0.19,17,0
CLM20260403006449,RID25717,severe_pollution,8.6,0,4.9,1.3,13.96,29,3.42,1,1
CLM20260403006450,RID13469,civic_unrest,103.1,3,12.5,47.5,0.14,5,1.34,29,0
CLM20260403006451,RID39715,heavy_rainfall,7.5,3,82.0,6.4,0.79,7,-2.97,8,0
CLM20260403006452,RID38523,severe_pollution,17.0,0,31.3,37.7,0.11,12,-1.6,10,0
CLM20260403006453,RID79348,heavy_rainfall,29.8,1,49.7,44.0,3.2,5,1.56,22,0
CLM20260403006454,RID74798,extreme_heat,22.0,4,44.8,7.3,0.61,4,-0.17,22,0
CLM20260403006455,RID14598,extreme_heat,18.2,2,39.5,11.1,0.1,5,0.64,18,0
CLM20260403006456,RID25941,extreme_heat,21.2,5,44.5,38.2,0.57,5,-0.7,13,0
CLM20260403006457,RID59556,civic_unrest,92.0,3,48.0,4.9,0.28,11,-0.78,24,0
CLM20260403006458,RID56014,extreme_heat,49.6,1,29.1,3.1,1.18,11,0.97,23,0
CLM20260403006459,RID77908,severe_pollution,2.6,1,59.0,19.6,0.27,11,1.59,21,0
CLM20260403006460,RID33070,heavy_rainfall,26.2,4,125.2,41.2,0.05,10,1.52,8,0
CLM20260403006461,RID88765,extreme_heat,65.2,5,20.3,14.6,0.44,5,0.31,9,0
CLM20260403006462,RID85446,severe_pollution,14.1,0,134.7,3.4,13.22,29,4.52,4,1
CLM20260403006463,RID42260,civic_unrest,46.0,0,31.2,48.2,0.0,6,-1.67,19,0
CLM20260403006464,RID26753,civic_unrest,38.9,2,33.8,31.3,0.05,11,-0.61,16,0
CLM20260403006465,RID90657,civic_unrest,196.7,1,54.3,19.8,0.14,7,0.18,14,0
CLM20260403006466,RID96412,extreme_heat,161.2,2,56.5,2.1,0.34,12,-0.32,20,0
CLM20260403006467,RID40753,extreme_heat,144.1,2,21.7,13.1,1.55,5,-2.4,16,0
CLM20260403006468,RID32148,extreme_heat,116.1,5,38.1,14.9,3.38,9,-1.14,23,1
CLM20260403006469,RID93877,severe_pollution,32.1,3,48.5,9.1,2.41,20,0.78,26,0
CLM20260403006470,RID39732,extreme_heat,98.1,3,36.5,47.3,2.32,9,-0.18,28,0
CLM20260403006471,RID78447,extreme_heat,68.5,3,48.3,16.7,0.1,8,1.93,8,0
CLM20260403006472,RID10186,civic_unrest,196.5,4,50.0,18.2,0.02,10,-1.42,11,0
CLM20260403006473,RID57656,severe_pollution,77.9,4,30.2,19.1,1.18,6,-2.7,7,0
CLM20260403006474,RID39105,civic_unrest,15.2,1,54.7,27.9,1.85,8,-0.48,18,0
CLM20260403006475,RID39556,extreme_heat,20.6,5,27.8,20.6,3.14,9,0.46,14,0
CLM20260403006476,RID39705,severe_pollution,56.7,2,53.3,53.4,1.09,5,-0.86,27,0
CLM20260403006477,RID65944,heavy_rainfall,31.0,5,129.8,29.2,0.93,9,-2.14,7,0
CLM20260403006478,RID76489,civic_unrest,9.3,1,12.3,27.5,0.16,6,-0.35,20,0
CLM20260403006479,RID14555,severe_pollution,13.1,8,32.7,34.4,0.18,10,0.3,15,0
CLM20260403006480,RID62048,heavy_rainfall,69.0,4,63.1,26.2,4.02,11,-1.73,27,0
CLM20260403006481,RID16416,severe_pollution,111.4,4,52.1,32.8,1.25,3,-1.65,12,1
CLM20260403006482,RID15971,extreme_heat,15.2,0,117.4,1.8,5.65,35,4.45,4,1
CLM20260403006483,RID60998,severe_pollution,43.4,5,49.3,6.7,0.27,7,-1.97,13,0
CLM20260403006484,RID25832,extreme_heat,26.6,3,34.9,6.9,0.06,8,0.58,9,0
CLM20260403006485,RID36201,severe_pollution,127.8,6,46.2,37.4,0.37,7,0.41,7,0
CLM20260403006486,RID15056,heavy_rainfall,45.5,4,108.6,34.7,2.0,12,-0.67,24,0
CLM20260403006487,RID11855,severe_pollution,93.2,8,30.6,40.9,0.2,11,-0.49,13,0
CLM20260403006488,RID26342,extreme_heat,0.5,0,2.7,6.6,11.51,28,2.23,3,1
CLM20260403006489,RID61960,heavy_rainfall,3.1,2,48.9,40.6,0.36,4,-1.83,14,0
CLM20260403006490,RID56428,extreme_heat,69.5,2,53.5,45.0,0.45,7,3.34,17,0
CLM20260403006491,RID83174,extreme_heat,51.3,4,39.5,11.1,0.73,6,-0.91,12,0
CLM20260403006492,RID21749,severe_pollution,32.0,4,21.1,33.1,0.92,11,-0.19,8,0
CLM20260403006493,RID97322,severe_pollution,30.9,7,13.7,25.2,1.37,4,-1.04,19,0
CLM20260403006494,RID44359,civic_unrest,102.0,4,26.7,16.6,0.45,8,1.37,25,1
CLM20260403006495,RID62761,severe_pollution,13.3,3,35.7,35.6,2.16,7,0.46,23,0
CLM20260403006496,RID36254,civic_unrest,64.6,3,56.4,13.8,0.21,8,1.16,14,1
CLM20260403006497,RID68014,civic_unrest,11.2,0,8.9,7.1,6.1,35,2.28,2,1
CLM20260403006498,RID27173,extreme_heat,41.5,2,50.8,44.9,0.35,6,0.05,20,0
CLM20260403006499,RID37501,extreme_heat,85.9,4,19.2,39.1,1.43,6,1.13,23,0
CLM20260403006500,RID30023,extreme_heat,9.8,5,48.9,40.0,0.7,8,1.59,25,0
CLM20260403006501,RID31153,heavy_rainfall,16.0,6,146.9,46.5,0.29,3,0.39,20,0
CLM20260403006502,RID93196,heavy_rainfall,96.7,3,65.5,54.4,1.72,10,-0.74,12,1
CLM20260403006503,RID89616,civic_unrest,7.8,0,5.0,1.4,0.06,42,2.72,2,1
CLM20260403006504,RID43260,extreme_heat,41.8,2,17.1,50.3,0.48,12,-0.62,16,0
CLM20260403006505,RID55364,extreme_heat,93.3,2,32.2,4.6,0.5,11,1.29,16,0
CLM20260403006506,RID97163,extreme_heat,52.7,2,15.8,27.3,0.5,11,0.4,7,0
CLM20260403006507,RID33414,civic_unrest,87.8,3,47.5,20.3,0.12,9,-0.02,23,0
CLM20260403006508,RID63087,heavy_rainfall,133.8,3,72.9,44.3,0.16,6,-1.03,17,0
CLM20260403006509,RID59417,extreme_heat,9.7,5,38.9,48.5,0.97,8,-1.79,27,0
CLM20260403006510,RID90993,civic_unrest,6.3,0,124.9,11.9,0.45,38,2.96,2,1
CLM20260403006511,RID37664,civic_unrest,62.3,2,13.2,80.0,0.37,7,-0.54,14,0
CLM20260403006512,RID95994,heavy_rainfall,123.9,3,91.3,14.5,0.09,9,0.54,26,0
CLM20260403006513,RID61067,extreme_heat,34.0,6,14.0,80.0,1.48,9,0.16,26,0
CLM20260403006514,RID93287,severe_pollution,55.2,3,14.2,80.0,0.84,8,0.32,25,0
CLM20260403006515,RID42065,heavy_rainfall,43.1,1,134.4,33.0,0.97,10,-0.13,9,0
CLM20260403006516,RID94902,heavy_rainfall,43.8,1,90.6,4.7,0.95,3,0.51,20,0
CLM20260403006517,RID79674,heavy_rainfall,93.8,2,137.3,20.7,0.19,11,0.53,9,0
CLM20260403006518,RID45593,severe_pollution,28.2,1,21.5,13.1,2.11,8,-1.92,16,0
CLM20260403006519,RID99610,severe_pollution,32.2,3,58.3,31.5,3.64,13,0.23,28,0
CLM20260403006520,RID46146,heavy_rainfall,18.1,4,117.4,11.5,1.17,10,1.54,12,0
CLM20260403006521,RID40974,heavy_rainfall,168.7,2,134.4,14.9,1.56,6,-0.24,29,0
CLM20260403006522,RID73644,civic_unrest,31.3,1,45.2,57.9,1.22,8,2.0,8,0
CLM20260403006523,RID40030,civic_unrest,97.0,3,17.7,20.8,1.91,7,1.33,25,0
CLM20260403006524,RID25994,civic_unrest,6.1,0,10.0,7.9,19.33,45,3.64,3,1
CLM20260403006525,RID29463,heavy_rainfall,25.7,1,108.1,1.0,7.12,4,0.43,24,0
CLM20260403006526,RID96506,heavy_rainfall,211.0,2,106.8,5.8,1.45,9,-0.13,22,0
CLM20260403006527,RID38803,severe_pollution,100.7,2,35.6,14.5,0.58,6,1.23,18,0
CLM20260403006528,RID32874,severe_pollution,70.2,5,32.6,1.9,1.97,7,-2.77,17,0
CLM20260403006529,RID96651,heavy_rainfall,6.2,4,70.6,23.3,1.29,7,0.27,15,0
CLM20260403006530,RID76678,civic_unrest,22.4,5,31.8,27.1,0.08,8,-0.12,23,0
CLM20260403006531,RID97027,severe_pollution,72.2,2,57.8,16.4,0.89,5,0.6,16,0
CLM20260403006532,RID40046,severe_pollution,73.8,2,34.2,28.2,2.21,8,-1.04,12,1
CLM20260403006533,RID96094,civic_unrest,76.4,3,28.0,7.1,1.82,9,0.67,19,0
CLM20260403006534,RID60609,heavy_rainfall,98.8,1,42.4,33.1,0.9,9,-1.2,14,0
CLM20260403006535,RID51134,civic_unrest,38.8,6,46.9,6.0,3.34,10,0.96,14,1
CLM20260403006536,RID72409,heavy_rainfall,86.4,2,139.9,34.5,0.43,9,2.83,20,0
CLM20260403006537,RID57386,civic_unrest,1.8,0,5.0,11.7,5.53,34,2.58,3,1
CLM20260403006538,RID42955,heavy_rainfall,31.6,2,92.2,27.6,2.13,9,-1.08,14,0
CLM20260403006539,RID32843,heavy_rainfall,55.7,2,21.8,12.8,1.78,7,-1.15,14,0
CLM20260403006540,RID58272,heavy_rainfall,1.2,0,7.8,8.5,8.48,27,2.3,4,1
CLM20260403006541,RID66114,civic_unrest,53.4,2,49.5,22.0,3.56,11,0.73,9,0
CLM20260403006542,RID19439,heavy_rainfall,67.4,1,115.7,58.3,0.45,8,-1.11,22,0
CLM20260403006543,RID84216,civic_unrest,27.7,1,27.0,60.8,0.66,8,2.77,18,0
CLM20260403006544,RID53246,severe_pollution,54.0,2,58.3,21.4,2.61,8,-1.02,21,0
CLM20260403006545,RID45601,heavy_rainfall,3.0,1,82.2,24.8,1.73,13,-0.15,22,0
CLM20260403006546,RID84655,heavy_rainfall,112.6,5,149.5,38.5,1.84,5,1.9,19,0
CLM20260403006547,RID85527,severe_pollution,25.7,3,24.7,33.4,0.2,10,0.13,11,0
CLM20260403006548,RID87650,extreme_heat,24.3,6,52.4,35.9,0.14,12,0.01,9,0
CLM20260403006549,RID87454,civic_unrest,68.6,4,52.9,32.7,0.43,7,0.17,14,0
CLM20260403006550,RID69095,severe_pollution,2.5,0,7.7,1.0,1.49,29,4.07,1,1
CLM20260403006551,RID56891,extreme_heat,32.1,4,15.3,1.8,1.39,7,0.43,8,0
CLM20260403006552,RID17890,severe_pollution,28.4,2,51.0,20.6,2.42,5,0.18,21,0
CLM20260403006553,RID10069,extreme_heat,2.7,0,7.5,11.9,17.1,44,2.12,2,1
CLM20260403006554,RID12380,civic_unrest,89.2,3,55.9,42.8,0.93,10,2.27,25,0
CLM20260403006555,RID32115,severe_pollution,65.3,4,35.7,23.5,1.63,10,1.34,20,0
CLM20260403006556,RID30748,heavy_rainfall,101.0,3,130.8,45.3,1.13,5,-1.79,7,0
CLM20260403006557,RID19321,severe_pollution,48.4,2,55.0,55.6,0.16,10,-0.77,14,0
CLM20260403006558,RID22595,extreme_heat,67.2,6,45.8,72.1,0.3,9,0.43,19,0
CLM20260403006559,RID96721,heavy_rainfall,226.0,2,96.4,23.4,0.5,6,1.34,15,0
CLM20260403006560,RID29617,civic_unrest,111.0,5,44.8,6.7,2.57,13,-0.53,29,0
CLM20260403006561,RID19606,extreme_heat,96.4,4,44.1,32.2,5.49,9,-0.72,26,0
CLM20260403006562,RID84917,extreme_heat,36.3,5,38.2,25.3,1.5,7,-0.25,20,0
CLM20260403006563,RID66360,severe_pollution,17.7,4,50.6,18.3,0.22,7,0.06,16,0
CLM20260403006564,RID70654,severe_pollution,60.4,1,41.5,37.1,2.35,4,-1.44,17,0
CLM20260403006565,RID63213,heavy_rainfall,68.2,3,53.1,47.6,1.93,5,0.02,27,0
CLM20260403006566,RID84238,severe_pollution,8.5,2,70.3,8.5,12.52,34,2.52,8,1
CLM20260403006567,RID38261,heavy_rainfall,7.7,0,150.8,6.2,9.22,37,2.85,3,1
CLM20260403006568,RID31623,severe_pollution,48.3,4,57.3,35.7,0.25,8,-1.58,28,0
CLM20260403006569,RID74297,severe_pollution,51.1,3,12.6,17.3,0.64,4,0.97,23,0
CLM20260403006570,RID40320,heavy_rainfall,132.8,3,23.0,36.0,0.54,10,-0.08,7,1
CLM20260403006571,RID88897,extreme_heat,69.9,4,30.1,9.4,0.44,7,-0.75,9,0
CLM20260403006572,RID27282,severe_pollution,8.5,0,19.1,22.7,5.48,3,1.41,16,0
CLM20260403006573,RID95463,severe_pollution,4.6,0,182.3,10.4,19.18,34,3.92,3,1
CLM20260403006574,RID98467,heavy_rainfall,55.1,3,56.3,41.2,3.44,10,-0.79,9,0
CLM20260403006575,RID70343,civic_unrest,83.8,0,46.9,69.0,1.78,5,-0.95,29,1
CLM20260403006576,RID85599,severe_pollution,31.4,0,56.8,26.0,0.02,12,-1.4,16,0
CLM20260403006577,RID95032,severe_pollution,53.2,3,37.8,7.0,1.7,11,1.0,9,0
CLM20260403006578,RID56191,extreme_heat,0.5,0,191.5,8.4,9.96,26,3.92,3,1
CLM20260403006579,RID93545,extreme_heat,47.7,2,38.5,23.2,3.49,9,1.63,9,0
CLM20260403006580,RID92701,civic_unrest,65.2,3,17.0,24.7,0.32,8,1.19,7,0
CLM20260403006581,RID36609,heavy_rainfall,1.4,2,95.9,30.5,2.91,5,0.48,12,0
CLM20260403006582,RID88986,heavy_rainfall,71.5,3,117.8,4.7,0.63,10,-0.26,16,0
CLM20260403006583,RID92570,severe_pollution,22.5,3,22.6,12.8,2.21,7,-0.8,17,0
CLM20260403006584,RID53098,civic_unrest,159.0,3,20.7,35.5,2.61,7,-1.47,27,0
CLM20260403006585,RID34690,heavy_rainfall,145.4,2,123.1,13.2,6.66,2,-0.54,28,0
CLM20260403006586,RID77173,civic_unrest,101.9,5,40.3,20.4,0.49,10,0.35,8,0
CLM20260403006587,RID33814,extreme_heat,8.0,3,30.1,17.9,0.93,9,-2.05,7,0
CLM20260403006588,RID26343,extreme_heat,44.6,0,33.8,32.0,0.19,5,-1.74,27,0
CLM20260403006589,RID15987,extreme_heat,119.9,4,27.2,20.1,1.8,17,-0.2,7,0
CLM20260403006590,RID25866,heavy_rainfall,21.5,2,84.3,14.2,1.8,9,-2.52,12,0
CLM20260403006591,RID56133,heavy_rainfall,92.2,3,115.6,39.0,1.32,11,0.47,18,0
CLM20260403006592,RID55757,severe_pollution,71.7,3,32.9,5.7,1.43,8,-0.84,21,0
CLM20260403006593,RID59563,civic_unrest,6.8,1,19.8,80.0,0.25,7,0.5,27,0
CLM20260403006594,RID47065,severe_pollution,9.7,6,45.8,36.2,0.43,7,-2.66,18,0
CLM20260403006595,RID47236,severe_pollution,37.3,5,11.8,23.9,3.63,11,0.43,9,0
CLM20260403006596,RID10902,heavy_rainfall,10.2,4,101.3,7.0,0.92,12,-0.79,24,0
CLM20260403006597,RID10156,extreme_heat,30.1,4,59.0,57.1,0.45,11,-2.41,24,0
CLM20260403006598,RID65163,severe_pollution,64.8,2,42.2,31.4,1.4,8,-1.5,16,0
CLM20260403006599,RID61857,civic_unrest,31.3,4,35.9,18.3,0.62,10,-0.03,15,0
CLM20260403006600,RID50525,severe_pollution,131.8,3,49.0,80.0,1.56,9,-2.41,9,0
CLM20260403006601,RID75065,severe_pollution,44.1,3,56.4,39.4,0.51,12,0.47,10,0
CLM20260403006602,RID49025,severe_pollution,25.2,4,40.3,28.2,0.7,5,-0.97,18,0
CLM20260403006603,RID87736,severe_pollution,111.3,4,30.4,20.3,0.18,7,0.53,19,0
CLM20260403006604,RID50568,heavy_rainfall,59.2,5,114.7,50.6,8.69,10,0.3,8,0
CLM20260403006605,RID65022,extreme_heat,18.6,3,23.1,10.6,2.09,8,-1.29,29,0
CLM20260403006606,RID60548,civic_unrest,4.2,0,102.9,2.1,1.45,42,2.93,1,1
CLM20260403006607,RID65919,heavy_rainfall,32.1,2,23.3,80.0,2.71,5,-0.29,24,0
CLM20260403006608,RID43676,civic_unrest,11.0,0,63.1,2.6,1.37,47,2.12,3,1
CLM20260403006609,RID14328,heavy_rainfall,22.4,0,64.3,67.5,0.62,4,0.13,17,0
CLM20260403006610,RID63307,extreme_heat,91.1,2,54.9,19.5,0.33,7,-0.28,25,0
CLM20260403006611,RID56268,civic_unrest,17.3,2,22.4,40.3,0.19,8,0.94,28,0
CLM20260403006612,RID38913,severe_pollution,81.8,2,59.9,22.1,0.19,14,1.27,26,0
CLM20260403006613,RID36106,heavy_rainfall,31.9,3,54.3,23.5,3.01,9,3.62,20,0
CLM20260403006614,RID87183,severe_pollution,47.8,3,29.3,16.1,1.75,8,-1.08,20,0
CLM20260403006615,RID45703,severe_pollution,62.5,3,29.5,47.5,0.29,5,-1.17,14,0
CLM20260403006616,RID90800,extreme_heat,10.7,2,11.0,18.7,2.84,4,0.48,16,0
CLM20260403006617,RID70870,severe_pollution,1.3,0,41.9,5.4,9.96,37,3.61,1,1
CLM20260403006618,RID20364,heavy_rainfall,19.1,5,82.5,14.4,0.23,8,0.08,18,0
CLM20260403006619,RID93229,civic_unrest,81.3,4,20.7,15.7,0.26,8,1.52,22,0
CLM20260403006620,RID28003,severe_pollution,11.9,5,38.7,51.2,0.54,10,0.24,8,0
CLM20260403006621,RID39194,civic_unrest,32.1,2,57.3,63.4,1.28,9,3.24,14,0
CLM20260403006622,RID36986,heavy_rainfall,49.6,3,29.0,18.2,3.74,8,-1.06,14,0
CLM20260403006623,RID58622,severe_pollution,70.7,2,59.5,11.7,0.22,7,-0.62,28,0
CLM20260403006624,RID11042,extreme_heat,99.5,6,34.3,49.2,0.7,7,1.07,22,0
CLM20260403006625,RID58235,civic_unrest,67.9,3,10.8,22.1,0.42,13,-0.06,21,0
CLM20260403006626,RID24433,extreme_heat,48.0,2,26.5,23.8,0.6,5,0.22,9,0
CLM20260403006627,RID79339,extreme_heat,14.2,3,26.0,11.6,0.23,6,-1.23,21,0
CLM20260403006628,RID70643,severe_pollution,16.8,1,49.8,13.0,2.47,6,0.79,12,0
CLM20260403006629,RID98397,extreme_heat,26.9,4,58.0,37.6,3.25,5,0.44,16,0
CLM20260403006630,RID65910,civic_unrest,36.3,3,23.9,51.2,0.37,7,-3.21,21,0
CLM20260403006631,RID40771,heavy_rainfall,68.0,1,41.6,35.5,1.73,10,-0.39,25,0
CLM20260403006632,RID51158,civic_unrest,26.2,1,47.6,13.5,0.18,6,-1.43,23,0
CLM20260403006633,RID78749,civic_unrest,41.2,2,50.5,44.5,2.68,9,0.93,29,1
CLM20260403006634,RID90179,severe_pollution,96.3,3,31.7,21.7,0.46,12,-0.75,18,0
CLM20260403006635,RID55702,civic_unrest,71.1,1,59.3,24.8,1.37,3,-0.29,21,0
CLM20260403006636,RID64256,severe_pollution,184.9,2,12.4,15.0,0.03,9,-1.29,22,0
CLM20260403006637,RID42507,civic_unrest,62.1,6,23.5,20.1,2.25,5,-0.3,22,0
CLM20260403006638,RID53307,civic_unrest,52.9,2,44.9,13.3,2.13,7,-1.63,29,0
CLM20260403006639,RID48293,extreme_heat,52.4,4,27.2,25.3,0.79,6,-0.03,23,0
CLM20260403006640,RID50290,civic_unrest,0.5,0,100.1,12.6,0.06,34,3.16,1,1
CLM20260403006641,RID19567,civic_unrest,1.9,0,102.6,0.6,13.35,45,2.98,3,1
CLM20260403006642,RID90214,heavy_rainfall,126.8,2,51.5,80.0,0.82,11,1.5,17,0
CLM20260403006643,RID61841,extreme_heat,36.6,4,16.5,18.1,1.18,8,-1.65,16,0
CLM20260403006644,RID89621,extreme_heat,22.5,2,21.4,52.2,0.58,9,1.79,27,0
CLM20260403006645,RID43879,civic_unrest,36.9,2,25.6,10.8,4.44,15,0.75,22,0
CLM20260403006646,RID85801,severe_pollution,34.7,3,42.8,19.9,3.45,8,0.3,12,0
CLM20260403006647,RID47367,extreme_heat,49.4,4,16.6,19.7,0.33,7,-1.67,23,0
CLM20260403006648,RID85355,civic_unrest,27.7,2,9.3,63.2,0.21,12,-0.44,18,0
CLM20260403006649,RID63728,civic_unrest,18.2,3,18.2,80.0,2.02,8,-0.56,21,0
CLM20260403006650,RID12251,extreme_heat,106.0,2,37.9,2.8,3.06,10,2.94,16,0
CLM20260403006651,RID29150,extreme_heat,91.3,2,47.5,80.0,0.33,8,-0.06,25,0
CLM20260403006652,RID16257,civic_unrest,47.4,2,50.5,49.9,1.14,2,0.12,12,0
CLM20260403006653,RID75602,severe_pollution,96.0,1,33.8,80.0,0.26,9,-3.07,15,0
CLM20260403006654,RID26817,severe_pollution,10.7,0,3.8,13.8,1.34,32,3.31,2,1
CLM20260403006655,RID38642,civic_unrest,29.3,5,32.1,33.3,1.91,13,-0.2,12,0
CLM20260403006656,RID23075,extreme_heat,72.7,0,39.7,11.6,3.81,7,-0.41,10,0
CLM20260403006657,RID30669,heavy_rainfall,73.8,1,107.2,16.5,0.72,13,1.14,18,0
CLM20260403006658,RID11045,severe_pollution,68.3,5,16.4,20.7,0.45,6,-1.09,12,0
CLM20260403006659,RID26919,heavy_rainfall,111.9,2,44.0,13.5,0.28,11,-1.07,28,1
CLM20260403006660,RID32719,heavy_rainfall,5.8,0,2.7,14.6,13.85,41,2.92,8,1
CLM20260403006661,RID72749,heavy_rainfall,37.9,6,139.8,9.6,1.02,13,0.17,19,0
CLM20260403006662,RID72774,civic_unrest,38.3,2,15.7,24.7,1.23,5,1.28,18,0
CLM20260403006663,RID49499,civic_unrest,5.1,0,182.8,11.1,7.78,39,3.09,1,1
CLM20260403006664,RID35259,civic_unrest,60.8,1,43.8,24.0,4.71,9,0.32,12,0
CLM20260403006665,RID92614,severe_pollution,8.2,0,3.7,12.8,17.63,34,3.28,3,1
CLM20260403006666,RID58567,civic_unrest,81.2,3,24.1,18.9,0.16,9,0.75,27,0
CLM20260403006667,RID71946,extreme_heat,59.9,5,55.3,24.4,1.35,4,1.39,24,0
CLM20260403006668,RID26470,heavy_rainfall,240.0,2,116.8,73.1,1.41,6,-1.19,9,0
CLM20260403006669,RID42038,heavy_rainfall,93.9,6,145.3,80.0,0.19,3,-0.28,15,0
CLM20260403006670,RID15624,civic_unrest,56.8,2,20.8,32.2,0.58,6,-1.23,10,0
CLM20260403006671,RID46456,severe_pollution,30.6,3,57.0,47.6,0.78,9,-0.14,23,1
CLM20260403006672,RID49896,severe_pollution,64.1,3,33.0,44.4,0.0,6,-1.31,12,0
CLM20260403006673,RID18400,extreme_heat,131.8,6,45.6,46.2,0.78,5,-0.38,21,0
CLM20260403006674,RID90076,extreme_heat,59.1,5,31.2,12.4,1.05,5,-1.56,8,1
CLM20260403006675,RID84261,heavy_rainfall,57.7,1,123.0,8.2,0.02,9,0.34,15,0
CLM20260403006676,RID13589,extreme_heat,38.6,6,26.4,74.1,0.66,5,0.2,9,0
CLM20260403006677,RID56631,heavy_rainfall,73.9,3,32.8,26.7,2.16,10,-0.61,11,0
CLM20260403006678,RID27873,heavy_rainfall,31.4,6,49.1,26.9,0.51,4,1.81,14,0
CLM20260403006679,RID36743,severe_pollution,52.6,2,14.1,10.8,0.12,14,1.16,17,0
CLM20260403006680,RID53688,severe_pollution,83.0,3,39.3,38.4,0.93,6,2.13,12,0
CLM20260403006681,RID56692,severe_pollution,24.9,3,27.1,4.9,0.91,10,-0.34,17,0
CLM20260403006682,RID34944,civic_unrest,60.9,2,25.0,58.9,1.4,9,0.52,14,0
CLM20260403006683,RID86329,civic_unrest,95.6,0,45.1,33.7,0.03,5,0.21,7,0
CLM20260403006684,RID92313,severe_pollution,59.9,5,40.0,27.1,0.2,4,0.48,17,0
CLM20260403006685,RID10303,severe_pollution,2.1,0,4.8,12.7,19.35,33,1.99,3,1
CLM20260403006686,RID20339,extreme_heat,52.2,4,15.1,14.6,0.06,10,-0.5,28,0
CLM20260403006687,RID19015,civic_unrest,160.3,5,42.9,33.4,3.69,10,2.16,21,0
CLM20260403006688,RID57250,civic_unrest,59.1,0,22.1,28.6,3.31,11,-0.44,9,0
CLM20260403006689,RID34792,civic_unrest,26.4,2,55.6,14.0,0.05,10,-0.46,21,0
CLM20260403006690,RID52894,severe_pollution,0.7,0,122.4,13.6,10.92,26,1.75,8,1
CLM20260403006691,RID60841,extreme_heat,8.1,3,17.5,51.8,0.83,10,0.4,15,0
CLM20260403006692,RID21094,heavy_rainfall,46.5,2,66.5,17.5,1.4,8,1.54,11,0
CLM20260403006693,RID39205,civic_unrest,44.8,3,11.2,20.8,0.05,10,-1.01,16,0
CLM20260403006694,RID16299,extreme_heat,51.1,2,30.6,44.3,2.4,12,2.01,19,0
CLM20260403006695,RID48879,extreme_heat,26.2,3,10.2,70.6,1.06,2,-2.6,20,0
CLM20260403006696,RID34968,severe_pollution,65.0,3,25.0,15.5,3.36,9,0.21,13,0
CLM20260403006697,RID30653,extreme_heat,45.5,2,58.8,26.1,0.42,9,0.49,12,0
CLM20260403006698,RID14389,extreme_heat,25.5,4,39.3,24.4,1.02,6,1.38,21,1
CLM20260403006699,RID35546,civic_unrest,32.7,2,50.0,22.8,1.81,13,1.44,22,0
CLM20260403006700,RID69967,civic_unrest,96.7,2,28.6,39.5,0.11,11,-0.75,7,0
CLM20260403006701,RID34000,civic_unrest,33.6,4,14.6,69.8,1.28,10,0.32,12,0
CLM20260403006702,RID63290,extreme_heat,36.3,4,8.3,32.9,2.01,14,-0.65,13,0
CLM20260403006703,RID95986,heavy_rainfall,23.0,4,35.5,53.5,2.75,2,-0.3,20,0
CLM20260403006704,RID12453,civic_unrest,32.1,2,24.2,17.2,0.24,8,0.58,8,0
CLM20260403006705,RID40407,severe_pollution,72.3,2,55.6,36.7,4.25,9,-2.53,17,0
CLM20260403006706,RID85949,severe_pollution,20.6,2,8.6,15.5,2.19,9,1.58,18,0
CLM20260403006707,RID76117,severe_pollution,95.0,2,46.4,32.9,4.15,9,1.22,15,0
CLM20260403006708,RID80814,heavy_rainfall,14.5,1,122.3,80.0,0.69,7,1.25,19,0
CLM20260403006709,RID14282,civic_unrest,177.1,3,15.9,22.1,6.66,12,2.24,25,0
CLM20260403006710,RID28463,civic_unrest,70.3,2,41.2,25.0,0.89,7,0.97,16,0
CLM20260403006711,RID59994,heavy_rainfall,137.2,2,104.6,61.1,0.08,10,-1.69,22,0
CLM20260403006712,RID30052,heavy_rainfall,66.1,2,38.8,49.1,0.71,7,-0.81,21,0
CLM20260403006713,RID94755,severe_pollution,85.4,2,8.6,19.7,4.89,6,0.09,11,0
CLM20260403006714,RID67429,civic_unrest,21.9,3,34.3,8.0,2.01,8,-0.7,7,0
CLM20260403006715,RID18442,severe_pollution,240.0,2,46.8,30.3,0.16,8,0.17,26,0
CLM20260403006716,RID44536,extreme_heat,167.5,2,16.4,30.8,0.09,4,0.47,29,0
CLM20260403006717,RID14920,civic_unrest,122.6,1,10.0,19.5,2.34,4,-0.56,11,0
CLM20260403006718,RID37241,civic_unrest,87.0,1,48.1,23.1,0.73,8,0.68,19,0
CLM20260403006719,RID17660,extreme_heat,45.7,1,18.7,16.2,0.01,14,-3.13,9,0
CLM20260403006720,RID39934,civic_unrest,102.2,5,40.1,64.7,0.56,7,-0.1,19,0
CLM20260403006721,RID16151,extreme_heat,8.5,5,52.5,11.9,0.83,10,1.07,24,0
CLM20260403006722,RID31231,civic_unrest,39.4,4,22.3,23.9,0.92,6,0.02,19,0
CLM20260403006723,RID65328,severe_pollution,0.9,0,9.7,7.7,10.49,37,1.65,1,1
CLM20260403006724,RID54346,extreme_heat,15.7,0,9.2,8.7,12.56,31,3.12,1,1
CLM20260403006725,RID68779,civic_unrest,2.2,0,10.0,10.0,16.44,47,2.22,2,1
CLM20260403006726,RID30903,extreme_heat,71.6,1,46.9,22.1,0.21,7,0.4,27,0
CLM20260403006727,RID36350,extreme_heat,12.5,6,16.5,37.5,0.25,5,0.98,21,0
CLM20260403006728,RID78198,extreme_heat,31.1,2,47.1,38.1,0.49,5,1.39,15,0
CLM20260403006729,RID91737,extreme_heat,88.3,2,24.9,9.6,4.24,10,-2.42,16,0
CLM20260403006730,RID11221,extreme_heat,7.2,1,22.7,10.8,0.07,5,-1.22,18,0
CLM20260403006731,RID12128,extreme_heat,29.0,5,36.7,5.0,2.81,8,0.7,27,0
CLM20260403006732,RID53278,severe_pollution,82.6,1,42.1,5.5,0.42,6,0.21,7,0
CLM20260403006733,RID85185,heavy_rainfall,105.6,3,104.0,22.2,3.23,8,-0.28,29,0
CLM20260403006734,RID38249,extreme_heat,115.1,6,52.0,60.6,0.02,11,0.41,15,0
CLM20260403006735,RID11305,extreme_heat,35.6,5,10.9,26.3,1.24,9,-0.89,25,0
CLM20260403006736,RID12879,extreme_heat,37.0,2,45.7,80.0,0.46,7,-2.27,28,0
CLM20260403006737,RID35856,civic_unrest,151.5,8,36.2,80.0,0.87,8,0.11,18,1
CLM20260403006738,RID63515,severe_pollution,4.5,0,113.3,3.7,18.23,36,2.67,1,1
CLM20260403006739,RID67799,heavy_rainfall,47.8,5,116.4,13.8,1.73,6,2.34,18,0
CLM20260403006740,RID26102,severe_pollution,89.7,2,48.4,47.2,1.43,5,0.51,21,0
CLM20260403006741,RID69807,civic_unrest,3.5,3,51.4,20.1,1.8,3,-0.13,25,0
CLM20260403006742,RID11403,severe_pollution,106.9,3,30.9,41.3,0.19,9,-0.24,21,0
CLM20260403006743,RID65950,extreme_heat,50.8,3,25.4,28.4,0.85,4,-0.12,17,0
CLM20260403006744,RID72703,civic_unrest,66.8,3,58.5,52.8,0.06,4,0.12,10,0
CLM20260403006745,RID51312,extreme_heat,83.9,2,53.4,28.7,0.77,11,-2.19,26,0
CLM20260403006746,RID17427,extreme_heat,30.1,3,29.9,19.7,0.24,10,-0.65,23,0
CLM20260403006747,RID46437,civic_unrest,120.0,1,19.7,35.6,0.35,13,0.34,14,0
CLM20260403006748,RID37604,heavy_rainfall,26.5,5,74.1,34.3,0.19,6,0.14,23,0
CLM20260403006749,RID20255,extreme_heat,103.9,1,50.8,6.2,0.97,6,-0.58,29,0
CLM20260403006750,RID40255,civic_unrest,107.5,2,20.9,16.0,0.26,14,0.44,12,0
CLM20260403006751,RID73915,extreme_heat,65.4,3,14.2,15.8,4.72,11,2.29,19,0
CLM20260403006752,RID40800,heavy_rainfall,68.5,0,99.3,12.0,0.44,9,-3.56,22,0
CLM20260403006753,RID38414,civic_unrest,93.8,0,34.1,26.6,0.76,3,-2.23,27,0
CLM20260403006754,RID27276,heavy_rainfall,9.8,2,86.6,25.6,0.06,5,-1.54,24,1
CLM20260403006755,RID26653,civic_unrest,36.1,4,55.0,10.0,1.3,8,1.55,12,0
CLM20260403006756,RID70090,heavy_rainfall,10.8,4,141.7,13.0,0.34,5,-2.51,16,0
CLM20260403006757,RID86221,heavy_rainfall,15.1,2,120.9,53.2,0.05,6,0.59,29,0
CLM20260403006758,RID21910,severe_pollution,174.5,2,17.5,11.8,0.47,6,1.79,24,0
CLM20260403006759,RID31370,extreme_heat,13.6,5,56.1,15.5,2.19,8,0.71,14,0
CLM20260403006760,RID96758,extreme_heat,93.3,2,38.1,31.0,0.56,7,-1.63,27,0
CLM20260403006761,RID48361,heavy_rainfall,75.2,3,141.1,27.6,0.79,5,-0.98,7,0
CLM20260403006762,RID58929,heavy_rainfall,38.9,6,117.7,5.3,0.43,9,-1.09,25,0
CLM20260403006763,RID67586,severe_pollution,16.2,0,135.7,8.6,11.93,31,3.44,1,1
CLM20260403006764,RID43940,severe_pollution,5.4,0,151.1,3.7,10.97,30,4.3,4,1
CLM20260403006765,RID23315,severe_pollution,2.8,5,34.7,36.2,1.56,10,0.45,20,0
CLM20260403006766,RID94173,severe_pollution,108.1,5,46.3,7.7,0.81,8,1.68,22,0
CLM20260403006767,RID52089,civic_unrest,88.1,2,32.7,28.4,0.93,4,1.49,17,0
CLM20260403006768,RID64253,heavy_rainfall,11.3,5,51.8,11.1,0.75,10,-0.53,28,0
CLM20260403006769,RID91565,extreme_heat,83.3,2,46.7,80.0,8.66,4,0.4,24,0
CLM20260403006770,RID44564,heavy_rainfall,70.9,5,97.8,38.5,2.15,8,2.13,14,0
CLM20260403006771,RID60635,civic_unrest,5.7,0,6.5,10.7,13.31,37,3.6,1,1
CLM20260403006772,RID93862,extreme_heat,52.7,3,35.2,14.5,4.43,6,-0.13,7,0
CLM20260403006773,RID80362,severe_pollution,2.1,0,100.3,2.9,6.35,35,3.66,4,1
CLM20260403006774,RID30196,severe_pollution,70.4,1,44.3,6.6,0.43,9,-0.4,21,0
CLM20260403006775,RID92434,extreme_heat,85.2,2,40.3,49.6,1.07,8,0.18,20,1
CLM20260403006776,RID54496,heavy_rainfall,62.4,5,105.0,17.8,2.83,8,-0.21,18,0
CLM20260403006777,RID33577,extreme_heat,30.2,3,55.2,17.7,3.45,11,0.12,26,0
CLM20260403006778,RID51504,heavy_rainfall,69.0,1,130.5,38.0,0.75,7,0.91,22,0
CLM20260403006779,RID86668,civic_unrest,24.1,2,54.8,35.1,0.7,11,0.58,13,1
CLM20260403006780,RID60499,severe_pollution,23.4,5,9.9,1.1,0.35,2,1.18,23,0
CLM20260403006781,RID79963,civic_unrest,4.4,0,131.7,5.6,0.48,27,3.36,1,1
CLM20260403006782,RID43386,extreme_heat,63.0,2,24.8,43.2,1.38,8,-0.91,10,0
CLM20260403006783,RID42427,severe_pollution,201.6,1,31.1,19.6,0.14,8,-0.52,26,0
CLM20260403006784,RID42650,extreme_heat,0.5,0,4.9,4.3,19.2,28,2.74,2,1
CLM20260403006785,RID69161,heavy_rainfall,69.3,3,148.8,42.2,3.95,12,-3.48,8,0
CLM20260403006786,RID34419,heavy_rainfall,4.4,4,59.7,51.6,2.22,4,0.23,20,0
CLM20260403006787,RID27038,heavy_rainfall,50.3,4,82.6,17.7,0.5,7,0.62,16,0
CLM20260403006788,RID21265,heavy_rainfall,78.5,4,29.8,80.0,0.04,3,-1.51,16,0
CLM20260403006789,RID25627,severe_pollution,15.3,8,41.8,23.5,0.54,10,-0.29,10,0
CLM20260403006790,RID77307,heavy_rainfall,90.2,5,53.6,9.7,3.12,11,-0.21,9,0
CLM20260403006791,RID40894,civic_unrest,62.3,4,11.3,45.6,0.46,3,-0.05,15,0
CLM20260403006792,RID82456,severe_pollution,36.7,1,42.8,41.6,0.27,12,0.11,7,0
CLM20260403006793,RID90503,heavy_rainfall,65.1,3,90.4,21.3,5.33,8,-0.82,10,0
CLM20260403006794,RID97767,heavy_rainfall,119.0,0,26.1,13.0,0.61,4,-0.12,19,0
CLM20260403006795,RID69561,heavy_rainfall,103.4,2,130.6,22.8,0.1,10,0.23,17,0
CLM20260403006796,RID73534,civic_unrest,61.1,2,25.1,41.3,1.5,8,-0.84,8,0
CLM20260403006797,RID14725,extreme_heat,45.4,1,29.2,32.2,0.12,6,1.32,20,0
CLM20260403006798,RID88415,extreme_heat,20.3,2,43.1,22.2,1.17,6,0.33,19,0
CLM20260403006799,RID56205,heavy_rainfall,99.1,2,35.8,20.8,0.24,12,-0.01,24,0
CLM20260403006800,RID87038,civic_unrest,74.1,3,23.5,77.1,1.26,8,0.08,19,0
CLM20260403006801,RID56525,extreme_heat,27.6,3,11.6,16.0,4.68,4,0.47,12,1
CLM20260403006802,RID88404,civic_unrest,1.9,0,3.7,1.8,15.2,35,2.09,8,1
CLM20260403006803,RID24338,severe_pollution,33.4,3,11.3,13.3,1.22,10,-1.33,17,0
CLM20260403006804,RID23372,extreme_heat,38.6,3,41.2,19.4,2.24,7,0.02,23,1
CLM20260403006805,RID33003,extreme_heat,24.6,5,36.9,11.2,1.16,10,1.08,9,0
CLM20260403006806,RID74517,severe_pollution,5.1,0,84.5,12.3,1.72,23,4.24,3,1
CLM20260403006807,RID43361,extreme_heat,14.8,6,56.3,12.5,0.0,6,0.03,10,0
CLM20260403006808,RID38876,severe_pollution,27.9,1,8.3,12.9,1.12,9,0.66,28,0
CLM20260403006809,RID33827,extreme_heat,56.3,2,56.8,9.6,8.74,10,1.82,28,0
CLM20260403006810,RID12813,civic_unrest,22.0,4,11.3,40.0,2.42,5,-0.16,28,0
CLM20260403006811,RID47914,extreme_heat,187.2,9,41.3,21.0,4.67,5,-1.8,15,0
CLM20260403006812,RID28919,heavy_rainfall,70.8,3,123.4,11.3,1.67,11,-0.29,15,0
CLM20260403006813,RID59241,extreme_heat,0.7,0,82.5,6.4,19.79,29,2.87,2,1
CLM20260403006814,RID59398,civic_unrest,8.7,1,28.9,4.0,0.1,7,-0.25,23,0
CLM20260403006815,RID99797,civic_unrest,38.9,2,55.1,13.5,0.2,5,1.31,21,0
CLM20260403006816,RID87477,severe_pollution,77.9,3,59.8,34.5,6.14,5,-1.35,14,0
CLM20260403006817,RID35212,extreme_heat,51.1,4,59.6,47.2,3.18,8,-0.15,11,0
CLM20260403006818,RID10197,extreme_heat,4.5,1,23.2,80.0,0.18,5,3.37,17,0
CLM20260403006819,RID36523,civic_unrest,9.8,2,37.8,42.6,7.57,5,-0.24,28,0
CLM20260403006820,RID48591,civic_unrest,135.8,2,59.4,26.8,0.81,9,-2.13,15,0
CLM20260403006821,RID68041,heavy_rainfall,57.3,3,132.1,22.1,1.04,8,-1.75,17,0
CLM20260403006822,RID49941,severe_pollution,36.0,1,49.6,19.9,0.27,9,-0.52,19,0
CLM20260403006823,RID76659,civic_unrest,64.1,1,52.1,9.0,3.11,4,-0.96,26,0
CLM20260403006824,RID11539,civic_unrest,8.9,0,2.2,2.5,14.73,49,2.69,2,1
CLM20260403006825,RID70899,heavy_rainfall,32.4,2,86.7,2.8,0.38,13,-2.21,28,0
CLM20260403006826,RID31785,heavy_rainfall,25.7,0,144.0,16.9,0.53,10,1.56,15,0
CLM20260403006827,RID59045,severe_pollution,151.3,5,12.1,37.5,0.02,6,-0.27,23,1
CLM20260403006828,RID76517,civic_unrest,59.3,4,15.1,27.2,2.08,7,-1.0,26,0
CLM20260403006829,RID19354,civic_unrest,7.5,2,25.0,60.8,4.05,4,0.21,10,0
CLM20260403006830,RID34833,severe_pollution,59.4,1,37.0,2.3,2.46,8,0.06,26,0
CLM20260403006831,RID75121,civic_unrest,112.6,2,26.6,18.8,0.66,7,0.3,23,1
CLM20260403006832,RID91777,extreme_heat,52.6,3,51.2,44.1,0.29,13,-1.3,20,0
CLM20260403006833,RID62069,severe_pollution,43.3,5,8.5,80.0,0.0,11,-0.59,19,0
CLM20260403006834,RID93186,extreme_heat,24.7,3,58.7,15.3,0.29,11,-0.82,12,0
CLM20260403006835,RID30966,civic_unrest,83.3,3,36.1,3.5,2.29,8,-0.5,22,0
CLM20260403006836,RID64278,extreme_heat,43.8,1,24.8,34.1,0.77,10,1.7,25,0
CLM20260403006837,RID45128,extreme_heat,0.5,0,82.8,10.3,5.29,28,3.89,2,1
CLM20260403006838,RID69290,severe_pollution,33.2,5,40.5,29.8,1.94,4,-0.9,18,0
CLM20260403006839,RID72149,civic_unrest,53.2,2,38.5,56.0,0.74,11,0.26,14,0
CLM20260403006840,RID32347,extreme_heat,15.8,6,16.9,16.8,1.0,3,0.97,28,0
CLM20260403006841,RID57014,extreme_heat,5.5,0,141.8,6.1,19.99,30,4.33,8,0
CLM20260403006842,RID12298,severe_pollution,46.0,3,31.6,8.7,0.09,7,0.78,29,0
CLM20260403006843,RID20558,severe_pollution,70.4,3,24.0,26.0,0.1,6,1.85,26,0
CLM20260403006844,RID55782,heavy_rainfall,1.2,1,86.1,8.0,8.32,28,1.75,2,1
CLM20260403006845,RID28580,extreme_heat,7.2,5,13.2,8.0,1.63,4,-1.29,14,0
CLM20260403006846,RID13640,civic_unrest,28.1,3,25.7,31.9,0.01,8,0.81,19,0
CLM20260403006847,RID85065,extreme_heat,2.0,0,109.7,3.3,15.85,34,3.81,2,1
CLM20260403006848,RID29779,civic_unrest,75.1,2,19.3,3.4,0.09,9,-0.56,13,0
CLM20260403006849,RID25338,heavy_rainfall,76.6,3,51.2,38.9,0.12,8,-0.37,20,0
CLM20260403006850,RID52281,severe_pollution,63.3,3,9.3,50.3,0.6,9,-1.47,19,0
CLM20260403006851,RID38621,heavy_rainfall,24.6,5,80.3,30.7,0.19,5,0.8,16,0
CLM20260403006852,RID29875,civic_unrest,15.2,2,50.5,41.2,1.29,2,-0.62,11,0
CLM20260403006853,RID51393,severe_pollution,53.3,4,28.2,17.4,0.52,5,-0.73,20,0
CLM20260403006854,RID40486,severe_pollution,198.8,5,54.2,10.2,0.02,6,-1.09,13,0
CLM20260403006855,RID42029,severe_pollution,76.0,5,44.1,57.9,0.12,11,0.09,17,0
CLM20260403006856,RID97605,extreme_heat,29.3,1,59.4,35.7,1.26,9,-2.0,12,0
CLM20260403006857,RID94640,severe_pollution,87.3,2,26.1,15.0,2.19,6,1.55,17,0
CLM20260403006858,RID32591,civic_unrest,31.4,1,23.0,62.1,0.67,10,-1.24,27,0
CLM20260403006859,RID97042,extreme_heat,99.0,5,25.9,36.9,1.33,8,-2.64,29,0
CLM20260403006860,RID15602,severe_pollution,62.7,7,43.1,72.5,1.28,11,1.57,20,0
CLM20260403006861,RID59411,heavy_rainfall,13.4,3,100.4,17.0,0.99,8,-1.35,17,0
CLM20260403006862,RID53938,civic_unrest,36.3,10,48.8,80.0,3.73,7,-0.18,24,0
CLM20260403006863,RID91723,heavy_rainfall,37.9,5,72.5,43.2,3.19,7,0.8,29,0
CLM20260403006864,RID94712,civic_unrest,109.6,4,15.0,48.6,0.99,8,-0.01,26,0
CLM20260403006865,RID22726,extreme_heat,26.1,2,9.3,44.0,0.65,7,0.58,26,0
CLM20260403006866,RID36838,heavy_rainfall,42.8,3,149.9,43.7,1.82,8,-0.01,8,1
CLM20260403006867,RID39233,heavy_rainfall,26.0,8,88.0,27.2,0.61,4,-1.26,15,0
CLM20260403006868,RID15715,civic_unrest,1.6,0,3.5,3.7,12.9,32,2.05,2,1
CLM20260403006869,RID85221,extreme_heat,127.9,2,9.9,45.5,0.0,8,-1.7,15,0
CLM20260403006870,RID30582,heavy_rainfall,73.5,2,107.7,13.2,0.32,7,0.85,21,0
CLM20260403006871,RID94196,heavy_rainfall,159.1,3,117.3,47.2,1.2,11,1.77,14,0
CLM20260403006872,RID33170,extreme_heat,19.2,5,38.6,44.5,0.26,8,1.17,8,0
CLM20260403006873,RID22368,extreme_heat,26.6,6,55.2,13.9,4.9,10,0.57,28,0
CLM20260403006874,RID19996,civic_unrest,95.4,5,9.2,31.6,1.76,6,-0.03,23,0
CLM20260403006875,RID48806,heavy_rainfall,27.3,3,54.0,17.8,0.34,5,0.11,22,0
CLM20260403006876,RID58822,extreme_heat,240.0,2,42.7,23.1,1.18,6,1.27,10,0
CLM20260403006877,RID67074,severe_pollution,36.3,5,21.6,17.8,0.7,7,-1.86,10,0
CLM20260403006878,RID80226,severe_pollution,97.0,3,51.3,23.0,2.1,10,0.41,25,0
CLM20260403006879,RID62620,civic_unrest,27.1,2,26.4,31.6,1.39,12,0.33,9,0
CLM20260403006880,RID11105,heavy_rainfall,10.2,2,112.9,25.0,0.95,8,-0.22,10,0
CLM20260403006881,RID86395,heavy_rainfall,23.1,2,35.6,48.3,1.03,4,-1.61,8,0
CLM20260403006882,RID79578,civic_unrest,39.2,2,56.0,17.3,1.45,5,0.5,9,0
CLM20260403006883,RID44359,heavy_rainfall,24.1,2,112.8,42.7,1.05,12,1.37,27,1
CLM20260403006884,RID61047,civic_unrest,66.3,1,11.1,28.3,0.54,10,0.76,12,0
CLM20260403006885,RID50054,extreme_heat,55.7,4,22.4,27.8,4.86,9,-0.35,15,0
CLM20260403006886,RID98305,heavy_rainfall,29.7,2,35.0,21.2,3.77,8,1.15,8,0
CLM20260403006887,RID15581,severe_pollution,31.7,3,55.8,29.2,0.15,7,0.65,22,0
CLM20260403006888,RID33286,severe_pollution,63.2,4,12.4,12.0,3.28,4,-0.83,8,0
CLM20260403006889,RID67965,severe_pollution,34.9,3,53.8,64.9,0.12,2,0.2,19,0
CLM20260403006890,RID42053,civic_unrest,138.6,2,8.6,20.3,0.27,5,-2.03,29,0
CLM20260403006891,RID78259,civic_unrest,137.7,3,48.7,4.7,0.73,5,1.13,8,1
CLM20260403006892,RID60818,severe_pollution,132.2,5,56.5,8.0,1.92,8,-0.19,26,0
CLM20260403006893,RID46932,severe_pollution,1.1,0,73.5,4.1,10.9,36,2.54,3,1
CLM20260403006894,RID50736,heavy_rainfall,124.2,2,40.6,31.5,2.18,5,0.08,13,0
CLM20260403006895,RID88091,severe_pollution,44.2,5,28.6,45.9,0.04,3,0.02,15,0
CLM20260403006896,RID26947,extreme_heat,62.9,3,27.7,1.9,0.77,7,0.44,9,0
CLM20260403006897,RID48822,extreme_heat,43.9,3,29.2,20.4,3.17,8,0.3,7,0
CLM20260403006898,RID24652,extreme_heat,55.2,1,40.5,26.5,1.34,6,-1.14,14,0
CLM20260403006899,RID67162,extreme_heat,116.6,4,23.9,63.3,1.35,6,-1.64,13,0
CLM20260403006900,RID33467,heavy_rainfall,21.1,6,88.3,12.6,1.3,6,-1.03,25,0
CLM20260403006901,RID35337,extreme_heat,10.8,3,26.1,22.6,9.18,11,0.29,13,0
CLM20260403006902,RID12242,civic_unrest,8.2,3,18.6,3.8,0.62,7,1.16,29,0
CLM20260403006903,RID18383,heavy_rainfall,73.7,1,20.7,48.3,1.97,6,-0.18,19,0
CLM20260403006904,RID47266,extreme_heat,18.9,1,51.2,24.2,0.92,12,-2.11,21,0
CLM20260403006905,RID90181,civic_unrest,15.9,4,30.9,28.1,0.72,11,-0.44,11,0
CLM20260403006906,RID79716,extreme_heat,35.6,3,32.6,39.8,2.55,9,1.6,21,0
CLM20260403006907,RID24780,civic_unrest,13.3,0,174.6,5.3,6.07,27,2.67,2,1
CLM20260403006908,RID73648,heavy_rainfall,12.0,4,81.5,8.7,0.43,5,0.29,19,1
CLM20260403006909,RID21802,severe_pollution,59.3,4,44.8,28.2,0.07,7,0.87,7,0
CLM20260403006910,RID90608,severe_pollution,40.7,4,10.8,16.8,0.79,8,-1.35,9,0
CLM20260403006911,RID30109,severe_pollution,55.4,1,22.2,46.0,0.73,5,-0.47,23,0
CLM20260403006912,RID87087,civic_unrest,7.1,0,8.4,12.7,6.42,26,3.05,4,1
CLM20260403006913,RID85414,heavy_rainfall,32.5,5,121.3,16.8,1.23,12,-0.51,26,0
CLM20260403006914,RID95418,extreme_heat,9.7,4,38.1,33.7,0.43,9,1.2,20,0
CLM20260403006915,RID77330,extreme_heat,19.0,4,22.4,33.4,1.26,5,1.73,9,0
CLM20260403006916,RID24535,heavy_rainfall,81.6,2,83.4,4.9,0.53,10,-0.93,25,0
CLM20260403006917,RID17472,extreme_heat,40.8,2,38.2,33.1,1.98,6,0.25,17,0
CLM20260403006918,RID66621,severe_pollution,5.0,0,182.7,10.7,16.9,34,2.17,12,1
CLM20260403006919,RID63716,heavy_rainfall,162.2,5,148.4,41.6,1.27,4,0.09,20,0
CLM20260403006920,RID32032,heavy_rainfall,83.0,0,42.4,7.5,1.34,11,0.09,24,0
CLM20260403006921,RID18177,heavy_rainfall,117.8,5,136.5,7.4,1.17,5,2.58,24,0
CLM20260403006922,RID55591,extreme_heat,27.7,4,37.1,34.2,1.88,5,2.43,10,0
CLM20260403006923,RID31141,civic_unrest,64.9,2,45.3,16.9,0.57,8,1.12,12,0
CLM20260403006924,RID35348,severe_pollution,115.3,4,23.3,10.5,2.17,8,0.36,9,1
CLM20260403006925,RID34713,heavy_rainfall,21.0,5,99.0,37.6,1.56,8,3.59,7,0
CLM20260403006926,RID10504,civic_unrest,34.4,3,8.5,6.9,2.38,9,0.15,20,0
CLM20260403006927,RID92812,heavy_rainfall,18.9,3,82.2,46.4,4.46,9,-1.32,29,0
CLM20260403006928,RID52813,extreme_heat,35.7,4,43.0,21.4,1.09,7,0.51,25,0
CLM20260403006929,RID45409,extreme_heat,15.2,2,51.7,14.9,3.0,6,-0.01,7,0
CLM20260403006930,RID79397,extreme_heat,11.3,0,9.0,9.5,0.46,33,2.63,8,1
CLM20260403006931,RID82067,heavy_rainfall,15.4,0,175.1,13.0,7.03,29,3.17,3,1
CLM20260403006932,RID56567,extreme_heat,131.1,5,47.8,10.8,1.88,7,-1.01,28,0
CLM20260403006933,RID64778,extreme_heat,5.1,3,29.9,25.2,0.33,12,0.01,22,0
CLM20260403006934,RID96505,heavy_rainfall,22.2,0,144.2,4.9,15.18,34,3.03,8,0
CLM20260403006935,RID17817,severe_pollution,56.1,2,54.8,69.5,0.26,4,0.72,25,0
CLM20260403006936,RID62180,severe_pollution,33.8,3,34.9,8.9,0.54,7,-0.8,13,0
CLM20260403006937,RID31497,severe_pollution,28.2,4,36.9,21.6,2.21,9,-1.1,8,0
CLM20260403006938,RID67166,extreme_heat,77.6,2,45.5,11.7,5.41,11,0.34,20,0
CLM20260403006939,RID39771,extreme_heat,0.5,0,157.8,13.5,9.24,27,2.64,2,1
CLM20260403006940,RID82851,extreme_heat,6.4,1,53.7,4.6,0.12,8,2.32,27,0
CLM20260403006941,RID75745,severe_pollution,45.5,1,30.0,10.1,1.33,8,0.18,22,0
CLM20260403006942,RID98234,extreme_heat,0.6,0,7.6,5.5,5.08,32,3.26,5,1
CLM20260403006943,RID38113,severe_pollution,4.8,1,15.6,9.7,1.09,9,0.99,14,0
CLM20260403006944,RID63413,heavy_rainfall,53.5,2,102.9,25.6,0.0,10,1.23,11,0
CLM20260403006945,RID76277,civic_unrest,4.5,1,21.5,25.1,1.64,12,2.58,28,0
CLM20260403006946,RID93230,heavy_rainfall,92.5,2,107.1,24.4,2.22,9,-1.92,27,0
CLM20260403006947,RID92720,severe_pollution,27.8,0,55.3,43.9,3.06,9,1.8,21,1
CLM20260403006948,RID33204,severe_pollution,65.3,1,47.0,10.1,4.55,10,-0.07,22,0
CLM20260403006949,RID69621,heavy_rainfall,83.2,4,79.1,33.6,4.44,7,0.64,29,0
CLM20260403006950,RID42483,severe_pollution,100.5,3,21.1,6.2,2.31,16,-1.46,22,0
CLM20260403006951,RID82371,civic_unrest,55.1,2,16.6,80.0,1.98,5,0.14,21,0
CLM20260403006952,RID24242,heavy_rainfall,1.4,0,4.5,1.3,12.98,39,3.9,4,1
CLM20260403006953,RID19749,extreme_heat,168.4,0,18.2,49.9,1.92,6,-0.18,23,0
CLM20260403006954,RID30323,extreme_heat,65.1,3,56.8,46.5,1.15,8,0.14,14,0
CLM20260403006955,RID36361,extreme_heat,63.5,3,12.9,36.5,1.82,7,-1.45,7,0
CLM20260403006956,RID89793,extreme_heat,41.0,3,56.7,26.6,1.63,13,-3.04,11,0
CLM20260403006957,RID22995,extreme_heat,12.4,1,15.3,40.6,0.11,8,-2.18,20,0
CLM20260403006958,RID55787,extreme_heat,125.4,4,27.6,58.8,0.7,6,-0.19,15,0
CLM20260403006959,RID70435,heavy_rainfall,71.4,5,102.1,30.7,1.1,7,-0.45,17,0
CLM20260403006960,RID79252,severe_pollution,2.7,4,31.1,80.0,0.12,5,-0.11,21,0
CLM20260403006961,RID52646,heavy_rainfall,9.5,2,41.6,51.1,0.27,5,-0.92,9,0
CLM20260403006962,RID63223,severe_pollution,12.1,3,48.6,44.9,1.91,5,1.8,20,0
CLM20260403006963,RID74619,severe_pollution,27.1,3,16.4,8.8,0.3,12,-0.25,23,0
CLM20260403006964,RID22448,heavy_rainfall,177.3,3,61.1,17.3,2.56,8,-2.0,29,0
CLM20260403006965,RID65376,civic_unrest,102.4,5,43.3,11.7,1.24,10,0.32,7,0
CLM20260403006966,RID86284,extreme_heat,16.4,2,33.9,32.7,0.53,6,0.38,20,0
CLM20260403006967,RID10822,heavy_rainfall,85.8,1,60.8,20.5,1.92,12,-2.79,22,0
CLM20260403006968,RID95745,civic_unrest,54.6,5,10.6,61.4,0.49,10,0.73,9,0
CLM20260403006969,RID42422,heavy_rainfall,87.4,1,89.5,48.6,2.72,5,0.38,14,0
CLM20260403006970,RID91417,extreme_heat,7.4,0,20.8,43.1,1.96,5,1.22,27,0
CLM20260403006971,RID71222,severe_pollution,41.1,5,56.9,9.4,4.6,9,-0.72,24,0
CLM20260403006972,RID63706,heavy_rainfall,11.8,2,29.2,26.7,1.35,9,-0.74,26,0
CLM20260403006973,RID70377,heavy_rainfall,50.9,5,58.8,7.2,2.51,9,0.08,7,0
CLM20260403006974,RID56182,severe_pollution,34.4,6,14.7,14.2,0.18,6,-1.43,25,0
CLM20260403006975,RID85963,extreme_heat,66.8,3,19.6,31.6,0.92,9,-1.11,29,1
CLM20260403006976,RID80912,civic_unrest,96.9,3,18.5,8.8,0.79,5,-0.68,12,0
CLM20260403006977,RID55867,severe_pollution,19.2,3,9.1,7.2,0.93,11,-0.75,18,0
CLM20260403006978,RID33356,heavy_rainfall,52.8,3,42.9,18.8,1.26,6,-0.32,16,0
CLM20260403006979,RID29749,severe_pollution,43.7,4,24.2,69.8,1.17,6,0.78,7,0
CLM20260403006980,RID59397,civic_unrest,53.4,1,9.8,63.8,0.15,5,-1.3,22,0
CLM20260403006981,RID62330,severe_pollution,81.2,6,27.4,33.2,3.91,7,0.83,29,0
CLM20260403006982,RID32389,civic_unrest,33.1,1,9.1,25.7,0.4,8,0.79,10,0
CLM20260403006983,RID85333,heavy_rainfall,22.3,2,42.6,9.4,1.27,6,-2.18,27,0
CLM20260403006984,RID28135,civic_unrest,67.8,5,34.4,33.5,4.64,7,-1.91,24,0
CLM20260403006985,RID68748,extreme_heat,77.5,5,49.1,22.4,0.7,7,-1.29,26,0
CLM20260403006986,RID50376,extreme_heat,64.2,5,17.7,45.9,0.24,10,1.03,22,0
CLM20260403006987,RID55013,civic_unrest,136.6,4,42.1,13.3,2.25,10,-3.35,12,0
CLM20260403006988,RID39296,civic_unrest,134.1,2,53.5,31.0,5.12,8,-0.9,13,0
CLM20260403006989,RID97970,severe_pollution,13.1,1,5.0,11.8,14.32,37,3.71,1,1
CLM20260403006990,RID92349,heavy_rainfall,64.6,4,56.1,27.2,0.36,4,0.14,11,0
CLM20260403006991,RID68240,civic_unrest,25.6,3,22.0,32.9,0.8,9,-0.99,14,0
CLM20260403006992,RID27891,heavy_rainfall,53.9,3,62.6,14.4,3.29,7,-0.55,21,0
CLM20260403006993,RID68333,civic_unrest,24.6,1,48.7,34.1,3.09,5,-0.58,24,0
CLM20260403006994,RID92234,severe_pollution,24.6,4,40.5,9.8,3.16,7,1.36,26,0
CLM20260403006995,RID28706,severe_pollution,20.9,6,40.2,35.4,1.88,6,2.26,20,0
CLM20260403006996,RID65450,civic_unrest,95.6,2,26.9,5.2,3.59,8,0.45,26,0
CLM20260403006997,RID18248,severe_pollution,7.3,0,130.6,5.2,13.86,35,2.0,2,0
CLM20260403006998,RID85247,severe_pollution,148.5,2,22.3,63.2,1.26,11,0.85,26,0
CLM20260403006999,RID73495,heavy_rainfall,38.9,3,140.5,13.9,0.76,9,-0.01,26,0
CLM20260403007000,RID83719,heavy_rainfall,30.0,6,134.7,25.1,0.58,13,1.26,12,1
CLM20260403007001,RID82515,severe_pollution,30.2,2,8.3,15.6,0.65,8,-0.83,8,0
CLM20260403007002,RID50238,severe_pollution,22.6,0,11.1,12.1,3.91,5,-0.25,13,0
CLM20260403007003,RID43411,civic_unrest,83.7,5,37.5,32.8,0.57,8,1.45,15,0
CLM20260403007004,RID99860,civic_unrest,37.5,3,32.8,6.6,2.91,6,-2.2,22,0
CLM20260403007005,RID63166,civic_unrest,50.6,2,17.0,28.4,1.52,13,0.74,27,0
CLM20260403007006,RID19865,extreme_heat,0.7,0,133.6,12.8,5.92,31,4.31,1,1
CLM20260403007007,RID89726,civic_unrest,106.7,3,58.9,37.4,3.86,10,0.75,12,0
CLM20260403007008,RID24751,severe_pollution,79.3,2,36.1,45.4,1.07,3,1.57,19,0
CLM20260403007009,RID70560,extreme_heat,27.9,3,32.3,4.1,0.32,10,-2.78,7,0
CLM20260403007010,RID47876,severe_pollution,53.4,6,51.2,17.2,0.64,3,-0.04,11,0
CLM20260403007011,RID78024,civic_unrest,39.8,3,44.7,41.0,6.9,6,-1.31,11,0
CLM20260403007012,RID37034,severe_pollution,112.8,3,37.1,2.2,2.62,9,-0.71,13,0
CLM20260403007013,RID86221,heavy_rainfall,89.6,2,136.5,14.5,4.73,9,-0.92,25,0
CLM20260403007014,RID59914,civic_unrest,0.5,0,43.8,4.1,13.67,26,2.34,3,1
CLM20260403007015,RID86582,heavy_rainfall,37.0,3,71.7,44.8,1.96,9,-1.25,27,0
CLM20260403007016,RID44763,civic_unrest,32.8,2,24.0,20.2,0.3,9,-0.57,8,0
CLM20260403007017,RID51423,heavy_rainfall,37.6,2,128.0,11.5,1.62,8,-0.44,23,0
CLM20260403007018,RID89289,extreme_heat,11.9,3,16.5,19.0,0.44,9,-0.38,14,0
CLM20260403007019,RID96885,severe_pollution,124.3,1,53.7,44.2,0.36,14,0.08,8,0
CLM20260403007020,RID11299,civic_unrest,47.8,1,59.4,34.7,2.99,4,-0.48,23,0
CLM20260403007021,RID32400,heavy_rainfall,14.6,3,42.3,7.0,0.86,11,-0.28,25,0
CLM20260403007022,RID14115,extreme_heat,0.5,0,9.2,14.1,11.41,31,1.83,12,1
CLM20260403007023,RID62228,extreme_heat,40.9,6,16.5,53.1,0.28,5,1.36,21,0
CLM20260403007024,RID70120,heavy_rainfall,10.4,6,136.0,11.7,1.49,6,1.62,19,0
CLM20260403007025,RID61997,severe_pollution,182.0,2,39.6,29.4,0.96,10,0.41,17,0
CLM20260403007026,RID47994,heavy_rainfall,105.2,2,146.8,22.8,0.42,11,-0.2,25,0
CLM20260403007027,RID12369,extreme_heat,178.2,1,25.9,10.3,4.24,6,-0.93,11,0
CLM20260403007028,RID45462,civic_unrest,33.5,3,11.1,29.6,0.55,12,1.82,8,0
CLM20260403007029,RID56998,heavy_rainfall,27.0,2,137.6,31.0,0.59,11,0.61,25,1
CLM20260403007030,RID39024,heavy_rainfall,23.4,4,28.3,22.8,0.89,8,4.15,16,0
CLM20260403007031,RID82912,extreme_heat,23.8,1,34.2,23.3,2.48,19,0.03,23,0
CLM20260403007032,RID97257,heavy_rainfall,30.0,4,110.2,25.5,0.14,5,0.69,22,0
CLM20260403007033,RID53238,severe_pollution,39.5,3,21.6,19.6,1.34,8,-1.49,21,0
CLM20260403007034,RID49992,extreme_heat,13.8,5,44.3,80.0,0.46,7,0.77,23,0
CLM20260403007035,RID91114,severe_pollution,65.0,1,28.7,21.0,0.13,4,-0.95,16,0
CLM20260403007036,RID44329,heavy_rainfall,79.9,3,125.3,59.6,2.51,5,-1.96,17,0
CLM20260403007037,RID82526,civic_unrest,40.1,0,22.7,35.3,2.17,9,-0.13,18,0
CLM20260403007038,RID64525,extreme_heat,108.1,2,37.7,8.6,0.81,7,0.26,29,0
CLM20260403007039,RID11909,extreme_heat,165.7,5,20.8,3.9,1.04,13,-0.41,21,0
CLM20260403007040,RID68599,civic_unrest,138.0,6,16.4,13.3,0.34,11,0.93,15,1
CLM20260403007041,RID11667,heavy_rainfall,19.5,2,97.5,45.9,1.56,7,-0.07,28,0
CLM20260403007042,RID10082,extreme_heat,45.6,2,52.3,39.7,0.54,7,0.19,21,0
CLM20260403007043,RID16019,civic_unrest,158.0,5,29.4,20.3,0.41,7,1.95,9,0
CLM20260403007044,RID61167,severe_pollution,25.4,2,48.4,17.7,0.31,10,-1.82,17,0
CLM20260403007045,RID23346,civic_unrest,32.5,0,24.4,24.3,0.04,7,0.05,21,0
CLM20260403007046,RID94547,extreme_heat,121.0,0,34.4,48.8,0.32,7,0.22,15,0
CLM20260403007047,RID12265,civic_unrest,69.8,2,58.8,30.8,3.88,9,-0.99,26,0
CLM20260403007048,RID60777,civic_unrest,151.1,3,36.8,38.6,1.15,6,0.22,18,0
CLM20260403007049,RID22725,civic_unrest,3.1,0,93.3,14.8,7.2,36,3.73,1,1
CLM20260403007050,RID84099,extreme_heat,7.4,0,5.1,6.1,15.4,37,2.74,2,1
CLM20260403007051,RID67445,civic_unrest,35.5,1,47.4,24.5,0.5,7,0.75,8,0
CLM20260403007052,RID66622,severe_pollution,72.4,1,46.4,23.1,0.3,11,-0.19,9,0
CLM20260403007053,RID84643,heavy_rainfall,14.3,1,64.8,46.8,0.54,5,-1.19,8,0
CLM20260403007054,RID75883,severe_pollution,51.9,4,47.7,20.4,0.8,14,0.67,29,0
CLM20260403007055,RID12556,heavy_rainfall,49.8,3,71.3,8.0,1.04,8,-0.79,29,0
CLM20260403007056,RID79575,severe_pollution,35.0,5,36.4,54.8,5.48,9,1.8,15,0
CLM20260403007057,RID31233,severe_pollution,29.3,3,33.7,22.7,0.74,4,-0.73,27,0
CLM20260403007058,RID94245,heavy_rainfall,16.3,3,70.8,32.0,0.01,7,-0.71,23,0
CLM20260403007059,RID14093,heavy_rainfall,39.7,6,39.7,2.6,2.12,9,-0.24,16,0
CLM20260403007060,RID92709,extreme_heat,78.8,2,22.0,56.3,4.17,11,-0.73,15,0
CLM20260403007061,RID66063,civic_unrest,78.0,7,28.3,29.5,1.1,10,-0.16,9,0
CLM20260403007062,RID26105,heavy_rainfall,70.9,3,121.4,6.9,0.4,10,0.27,21,0
CLM20260403007063,RID40267,civic_unrest,59.7,3,33.9,22.1,0.45,10,1.67,24,0
CLM20260403007064,RID48748,civic_unrest,56.4,5,50.7,52.0,2.42,2,0.05,20,0
CLM20260403007065,RID43038,extreme_heat,82.8,0,15.7,33.0,0.24,7,0.73,23,0
CLM20260403007066,RID88833,heavy_rainfall,138.2,3,76.6,17.7,0.48,7,0.93,16,0
CLM20260403007067,RID61563,severe_pollution,70.1,2,9.3,37.1,0.48,4,0.65,27,0
CLM20260403007068,RID45947,civic_unrest,69.4,3,23.3,30.2,0.62,7,-1.0,26,0
CLM20260403007069,RID65304,severe_pollution,141.5,2,26.9,46.2,2.23,9,0.56,25,0
CLM20260403007070,RID59050,extreme_heat,127.3,2,15.0,8.5,1.96,9,0.1,27,0
CLM20260403007071,RID49437,heavy_rainfall,71.9,1,134.3,11.0,0.59,4,0.43,24,0
CLM20260403007072,RID59522,extreme_heat,23.1,4,14.2,17.0,1.97,14,-1.46,26,0
CLM20260403007073,RID26521,heavy_rainfall,33.8,2,124.4,39.1,0.07,8,1.78,11,0
CLM20260403007074,RID52415,civic_unrest,44.6,4,50.8,43.6,0.08,8,-0.88,19,0
CLM20260403007075,RID90121,severe_pollution,83.8,1,47.1,7.8,1.31,10,-0.63,21,0
CLM20260403007076,RID72611,extreme_heat,43.7,2,13.9,19.6,1.92,11,-1.74,17,0
CLM20260403007077,RID51343,severe_pollution,33.8,3,15.2,43.6,0.06,7,0.04,19,0
CLM20260403007078,RID33364,extreme_heat,59.0,5,11.0,38.0,6.86,6,0.08,10,0
CLM20260403007079,RID33697,heavy_rainfall,4.2,0,9.2,0.6,9.06,46,4.05,4,1
CLM20260403007080,RID89821,heavy_rainfall,45.7,2,106.2,17.2,0.03,8,-0.63,24,0
CLM20260403007081,RID53487,extreme_heat,92.4,1,39.9,80.0,0.6,5,0.04,20,0
CLM20260403007082,RID38240,civic_unrest,13.6,0,188.8,14.4,9.59,42,3.15,3,1
CLM20260403007083,RID67616,heavy_rainfall,86.2,7,143.9,32.1,4.03,6,0.01,14,0
CLM20260403007084,RID43897,severe_pollution,56.3,3,16.0,17.2,1.02,11,0.95,14,0
CLM20260403007085,RID50278,severe_pollution,41.0,7,39.5,19.6,0.9,8,2.69,13,0
CLM20260403007086,RID60960,civic_unrest,146.3,1,14.0,16.3,0.68,3,1.41,26,0
CLM20260403007087,RID80934,civic_unrest,9.7,2,32.7,26.5,1.22,11,-1.16,15,0
CLM20260403007088,RID99749,civic_unrest,0.5,0,70.9,2.4,5.38,36,2.9,3,1
CLM20260403007089,RID58806,extreme_heat,69.5,4,23.5,19.2,0.43,6,0.9,10,0
CLM20260403007090,RID88745,severe_pollution,19.7,1,26.9,18.9,1.7,2,-1.17,29,0
CLM20260403007091,RID52763,extreme_heat,4.5,6,33.0,35.3,0.59,8,0.6,20,0
CLM20260403007092,RID22633,extreme_heat,223.0,3,45.3,59.5,1.68,9,3.16,23,0
CLM20260403007093,RID80041,extreme_heat,82.1,5,10.1,77.5,1.09,10,-1.28,10,0
CLM20260403007094,RID50965,heavy_rainfall,56.8,5,33.7,27.9,0.19,6,0.78,7,0
CLM20260403007095,RID74107,heavy_rainfall,67.2,5,88.7,36.9,0.9,6,1.88,23,0
CLM20260403007096,RID27980,civic_unrest,12.5,5,33.1,32.4,5.22,11,0.79,20,0
CLM20260403007097,RID53649,civic_unrest,51.5,3,50.5,45.9,0.29,7,-0.35,25,1
CLM20260403007098,RID38594,heavy_rainfall,73.7,0,145.5,23.4,0.24,10,-0.74,18,0
CLM20260403007099,RID31787,heavy_rainfall,27.8,3,22.0,63.9,0.76,7,2.7,9,0
CLM20260403007100,RID10435,extreme_heat,2.0,0,4.0,10.0,0.87,31,2.51,2,1
CLM20260403007101,RID61693,extreme_heat,28.7,3,50.1,7.6,1.63,8,-0.84,29,0
CLM20260403007102,RID96299,extreme_heat,6.8,1,39.2,26.6,4.13,7,-0.13,18,0
CLM20260403007103,RID21980,heavy_rainfall,63.7,1,112.8,52.2,3.16,9,1.53,29,0
CLM20260403007104,RID71905,extreme_heat,71.8,5,39.8,16.0,0.19,13,-1.62,28,0
CLM20260403007105,RID93898,extreme_heat,70.4,3,30.9,79.9,0.11,5,-0.58,29,0
CLM20260403007106,RID93008,severe_pollution,3.8,0,95.0,14.6,18.25,38,2.87,1,1
CLM20260403007107,RID74835,extreme_heat,41.4,5,55.9,43.2,0.04,11,2.17,13,0
CLM20260403007108,RID65784,civic_unrest,99.2,3,33.5,20.9,0.78,12,-0.88,8,0
CLM20260403007109,RID80263,extreme_heat,44.6,2,8.4,29.9,2.81,14,1.95,17,0
CLM20260403007110,RID90935,civic_unrest,89.3,3,59.0,58.0,0.33,7,-1.58,8,0
CLM20260403007111,RID82834,civic_unrest,127.6,1,41.4,35.2,3.27,7,-0.51,23,0
CLM20260403007112,RID98487,civic_unrest,73.0,3,18.8,31.1,0.84,5,-1.33,26,0
CLM20260403007113,RID82632,civic_unrest,47.9,1,13.4,6.4,2.03,8,-1.05,14,0
CLM20260403007114,RID32409,extreme_heat,14.3,3,19.0,4.3,1.95,14,1.77,8,0
CLM20260403007115,RID86605,civic_unrest,52.9,0,20.4,10.2,1.12,8,-0.22,15,0
CLM20260403007116,RID32323,civic_unrest,122.0,2,34.1,25.7,0.48,5,0.45,9,0
CLM20260403007117,RID28342,civic_unrest,62.9,3,31.6,31.5,3.76,8,-1.09,28,0
CLM20260403007118,RID23291,severe_pollution,19.9,1,23.6,12.0,0.37,10,-1.72,27,0
CLM20260403007119,RID25159,civic_unrest,71.8,4,18.2,25.3,2.1,7,0.71,7,0
CLM20260403007120,RID74127,civic_unrest,45.5,2,35.7,28.8,0.03,8,1.78,27,0
CLM20260403007121,RID90602,heavy_rainfall,63.0,5,144.9,54.1,0.35,10,2.37,27,0
CLM20260403007122,RID68802,heavy_rainfall,26.2,2,75.4,13.8,0.7,4,0.87,25,0
CLM20260403007123,RID17174,civic_unrest,4.5,1,54.0,10.5,2.03,7,0.54,17,0
CLM20260403007124,RID16845,heavy_rainfall,22.8,2,26.6,26.3,0.01,9,0.26,13,0
CLM20260403007125,RID57614,civic_unrest,94.4,3,17.1,56.3,0.12,9,0.24,8,0
CLM20260403007126,RID88549,heavy_rainfall,92.3,3,99.1,12.4,0.1,4,-0.37,19,0
CLM20260403007127,RID43859,severe_pollution,120.0,5,12.5,35.4,0.84,10,0.75,18,0
CLM20260403007128,RID69520,civic_unrest,48.3,8,46.7,20.1,0.05,10,-1.05,7,0
CLM20260403007129,RID45290,severe_pollution,80.3,2,46.4,19.6,2.93,10,-0.1,26,0
CLM20260403007130,RID40188,civic_unrest,65.4,5,29.5,6.4,1.04,7,-0.63,10,0
CLM20260403007131,RID93706,extreme_heat,91.2,4,24.4,80.0,0.91,6,-0.97,25,0
CLM20260403007132,RID56743,extreme_heat,31.4,6,45.4,4.2,0.23,14,-0.37,28,0
CLM20260403007133,RID49002,severe_pollution,24.7,2,32.8,61.8,1.6,4,-1.1,15,0
CLM20260403007134,RID79327,civic_unrest,11.3,3,46.6,28.3,0.95,6,-0.65,13,0
CLM20260403007135,RID24697,severe_pollution,2.1,0,7.7,2.2,9.01,40,2.49,2,1
CLM20260403007136,RID25608,civic_unrest,93.4,2,43.8,46.1,0.16,5,-0.15,26,0
CLM20260403007137,RID86097,civic_unrest,68.4,7,56.0,32.0,2.0,6,1.15,8,0
CLM20260403007138,RID84852,severe_pollution,40.4,6,44.2,33.6,1.11,10,-1.18,19,0
CLM20260403007139,RID36140,civic_unrest,38.6,1,57.0,39.2,0.11,7,0.87,16,0
CLM20260403007140,RID47930,extreme_heat,24.9,1,38.8,36.1,0.84,6,0.17,19,0
CLM20260403007141,RID14803,civic_unrest,17.8,4,49.3,25.4,2.4,5,0.24,27,0
CLM20260403007142,RID40325,severe_pollution,74.4,1,50.8,7.3,0.08,7,-0.02,19,0
CLM20260403007143,RID76918,heavy_rainfall,128.7,4,122.9,8.5,2.0,5,1.06,7,0
CLM20260403007144,RID39130,extreme_heat,37.4,2,59.7,47.2,1.1,10,1.13,21,0
CLM20260403007145,RID26359,extreme_heat,104.3,3,53.8,14.4,1.24,9,0.91,23,0
CLM20260403007146,RID65218,heavy_rainfall,48.1,4,22.6,26.0,2.36,10,0.15,28,0
CLM20260403007147,RID18997,extreme_heat,217.0,3,18.7,9.6,0.14,9,-1.43,17,0
CLM20260403007148,RID41410,extreme_heat,38.6,6,19.1,22.1,0.23,11,2.18,25,1
CLM20260403007149,RID65983,heavy_rainfall,0.8,0,29.0,25.9,0.33,9,0.28,26,0
CLM20260403007150,RID77237,severe_pollution,38.0,6,39.9,30.8,0.36,3,0.25,8,0
CLM20260403007151,RID76326,extreme_heat,12.0,1,29.3,41.6,0.18,11,1.08,10,1
CLM20260403007152,RID82983,heavy_rainfall,5.7,5,148.1,22.4,0.78,3,0.01,25,0
CLM20260403007153,RID56219,extreme_heat,52.0,5,47.1,16.9,3.43,9,0.65,10,0
CLM20260403007154,RID72903,severe_pollution,14.7,3,45.6,11.5,2.98,8,0.28,7,0
CLM20260403007155,RID35729,heavy_rainfall,33.3,3,30.7,20.0,0.57,9,-0.11,8,0
CLM20260403007156,RID47387,severe_pollution,23.1,3,26.9,41.2,0.05,13,-0.46,28,0
CLM20260403007157,RID34111,civic_unrest,73.2,0,48.5,5.3,3.09,3,-0.65,24,0
CLM20260403007158,RID99688,heavy_rainfall,69.8,3,134.1,16.2,1.59,3,-1.33,19,0
CLM20260403007159,RID51085,extreme_heat,29.3,3,50.5,9.0,0.22,4,1.35,17,0
CLM20260403007160,RID26020,severe_pollution,51.7,1,35.6,14.8,0.83,8,-0.2,12,0
CLM20260403007161,RID50072,severe_pollution,5.7,0,21.9,55.2,0.15,11,1.18,28,0
CLM20260403007162,RID52823,extreme_heat,15.2,10,46.6,80.0,1.75,5,-0.63,11,0
CLM20260403007163,RID52917,extreme_heat,52.9,1,9.3,12.1,0.29,8,-1.1,13,0
CLM20260403007164,RID73259,heavy_rainfall,70.6,1,122.8,16.1,2.23,3,-1.0,9,0
CLM20260403007165,RID23307,heavy_rainfall,1.3,0,6.8,10.8,9.53,27,4.15,3,1
CLM20260403007166,RID56693,severe_pollution,76.5,2,19.0,17.3,0.39,8,0.11,10,0
CLM20260403007167,RID99857,severe_pollution,1.9,0,8.0,3.7,11.78,34,2.93,3,1
CLM20260403007168,RID34640,civic_unrest,73.9,3,27.6,10.3,5.22,5,1.21,22,0
CLM20260403007169,RID46597,severe_pollution,124.1,8,17.1,46.4,1.58,9,-0.31,19,0
CLM20260403007170,RID75085,heavy_rainfall,6.8,0,8.9,14.3,1.47,47,2.99,4,1
CLM20260403007171,RID72808,severe_pollution,174.7,4,35.4,35.7,3.42,9,0.55,25,0
CLM20260403007172,RID59663,extreme_heat,14.9,0,13.1,62.0,3.18,14,0.9,18,0
CLM20260403007173,RID87658,severe_pollution,6.5,4,56.7,68.0,0.64,10,-1.46,11,0
CLM20260403007174,RID87181,heavy_rainfall,16.7,1,132.4,44.5,3.99,9,1.42,20,0
CLM20260403007175,RID50683,extreme_heat,96.8,4,24.7,15.1,0.19,7,-0.85,13,0
CLM20260403007176,RID37512,severe_pollution,37.3,3,48.6,42.0,0.11,7,2.29,18,0
CLM20260403007177,RID27898,civic_unrest,34.9,6,40.4,23.7,4.13,8,-1.12,8,0
CLM20260403007178,RID59292,severe_pollution,38.5,5,31.7,27.8,1.21,6,-0.13,21,0
CLM20260403007179,RID44339,civic_unrest,0.5,0,4.4,5.9,17.31,32,3.39,2,1
CLM20260403007180,RID16902,heavy_rainfall,16.2,1,40.8,8.7,1.76,9,-0.18,14,0
CLM20260403007181,RID14840,heavy_rainfall,51.7,6,113.9,47.4,2.48,2,-1.07,15,0
CLM20260403007182,RID16320,civic_unrest,13.2,2,28.6,17.7,2.07,13,-2.59,19,0
CLM20260403007183,RID72874,extreme_heat,24.7,1,32.5,12.6,0.11,7,0.87,24,0
CLM20260403007184,RID85686,heavy_rainfall,36.1,4,119.1,66.8,0.37,11,0.22,21,0
CLM20260403007185,RID79637,extreme_heat,57.8,4,19.4,72.7,0.65,10,1.92,7,0
CLM20260403007186,RID99621,civic_unrest,29.2,0,25.6,59.4,0.24,7,0.32,21,0
CLM20260403007187,RID31459,heavy_rainfall,31.7,4,29.0,56.2,0.42,12,0.6,26,0
CLM20260403007188,RID21139,severe_pollution,4.9,0,178.1,7.8,1.1,24,1.85,2,1
CLM20260403007189,RID96975,civic_unrest,90.4,1,39.1,24.2,0.79,9,0.32,25,0
CLM20260403007190,RID47681,extreme_heat,3.0,0,168.9,2.1,8.02,43,2.67,2,1
CLM20260403007191,RID95269,civic_unrest,134.7,3,8.5,44.1,0.02,8,1.83,14,0
CLM20260403007192,RID61100,civic_unrest,67.0,4,21.2,10.0,1.42,8,-0.77,12,0
CLM20260403007193,RID77449,civic_unrest,149.3,4,49.5,17.7,0.01,9,-0.52,26,1
CLM20260403007194,RID91166,severe_pollution,18.3,4,59.2,37.2,0.03,9,1.37,16,0
CLM20260403007195,RID86393,civic_unrest,26.9,2,13.7,34.2,5.84,11,-0.54,13,0
CLM20260403007196,RID67414,extreme_heat,73.0,3,44.1,26.7,3.15,10,-0.46,28,0
CLM20260403007197,RID83536,civic_unrest,38.0,5,52.3,10.0,0.08,7,0.29,23,0
CLM20260403007198,RID74261,civic_unrest,40.5,3,34.2,75.7,0.3,8,-0.49,18,0
CLM20260403007199,RID93245,civic_unrest,29.0,2,25.5,2.3,0.76,6,-0.55,27,0
CLM20260403007200,RID78144,extreme_heat,16.3,2,17.8,8.7,1.21,9,-0.39,8,0
CLM20260403007201,RID77936,heavy_rainfall,89.9,2,40.4,9.7,1.58,8,-0.53,19,0
CLM20260403007202,RID87638,heavy_rainfall,66.6,3,37.1,19.7,6.93,9,0.94,11,0
CLM20260403007203,RID33481,extreme_heat,152.8,2,57.7,56.2,1.54,8,-0.72,29,0
CLM20260403007204,RID19366,severe_pollution,27.1,3,23.9,6.3,2.25,8,0.6,20,0
CLM20260403007205,RID86520,severe_pollution,90.7,3,51.9,5.6,3.23,1,1.5,15,0
CLM20260403007206,RID80623,heavy_rainfall,22.7,4,90.3,12.6,1.44,8,1.0,17,0
CLM20260403007207,RID28043,civic_unrest,33.7,1,49.5,19.5,1.24,8,0.12,19,0
CLM20260403007208,RID79313,extreme_heat,63.4,3,15.0,17.0,0.98,5,-0.83,11,0
CLM20260403007209,RID93794,severe_pollution,224.5,4,25.0,21.6,1.08,11,-0.24,9,0
CLM20260403007210,RID20741,severe_pollution,203.1,2,46.0,32.6,2.88,3,-0.35,21,0
CLM20260403007211,RID11885,civic_unrest,170.0,0,34.7,50.9,0.65,8,-1.24,14,0
CLM20260403007212,RID86100,civic_unrest,157.1,5,36.0,17.2,5.83,10,-2.15,15,0
CLM20260403007213,RID44431,civic_unrest,37.3,1,22.9,48.1,0.01,10,-0.32,11,0
CLM20260403007214,RID22960,civic_unrest,76.2,1,13.2,10.9,1.32,9,0.63,29,0
CLM20260403007215,RID37015,severe_pollution,102.4,2,16.1,41.8,0.3,7,1.42,9,0
CLM20260403007216,RID75056,extreme_heat,1.1,0,41.2,6.0,17.65,38,2.93,3,1
CLM20260403007217,RID78560,severe_pollution,57.7,2,45.5,9.9,0.38,8,0.59,22,0
CLM20260403007218,RID78599,heavy_rainfall,20.4,3,60.7,71.6,1.45,4,0.56,16,0
CLM20260403007219,RID20878,extreme_heat,101.6,4,39.6,6.1,4.71,13,0.83,19,0
CLM20260403007220,RID38526,heavy_rainfall,32.5,5,126.8,23.8,0.43,9,-1.99,20,0
CLM20260403007221,RID37514,civic_unrest,44.1,2,27.7,18.9,1.14,7,-1.28,23,0
CLM20260403007222,RID66939,heavy_rainfall,71.6,2,97.4,29.0,0.79,7,0.25,24,0
CLM20260403007223,RID20736,extreme_heat,74.2,5,26.2,11.1,0.28,8,0.65,27,0
CLM20260403007224,RID89921,severe_pollution,4.5,5,8.2,50.2,8.13,5,-1.18,26,0
CLM20260403007225,RID80617,heavy_rainfall,77.3,0,25.7,29.3,0.62,9,0.6,26,0
CLM20260403007226,RID46058,civic_unrest,14.9,0,20.8,15.1,0.5,3,1.09,27,0
CLM20260403007227,RID85554,heavy_rainfall,68.5,2,137.0,4.1,1.45,8,-0.23,29,0
CLM20260403007228,RID12970,extreme_heat,40.8,5,32.1,18.2,1.88,8,0.2,10,0
CLM20260403007229,RID23810,severe_pollution,4.1,0,2.8,4.5,14.62,36,1.97,2,1
CLM20260403007230,RID71343,heavy_rainfall,53.8,3,123.2,31.9,1.25,7,1.94,16,0
CLM20260403007231,RID58549,civic_unrest,115.1,3,14.3,12.9,0.02,9,0.25,14,0
CLM20260403007232,RID29373,severe_pollution,24.8,3,34.1,16.6,1.18,13,0.78,16,0
CLM20260403007233,RID65438,extreme_heat,13.8,8,14.9,49.5,2.54,6,0.98,16,0
CLM20260403007234,RID38968,civic_unrest,16.3,2,17.3,49.5,4.25,10,3.02,24,0
CLM20260403007235,RID21721,civic_unrest,5.7,1,118.1,11.9,16.05,33,2.29,2,1
CLM20260403007236,RID76137,heavy_rainfall,125.7,6,110.6,9.6,0.32,8,0.5,15,0
CLM20260403007237,RID70906,heavy_rainfall,60.7,1,34.8,27.7,2.26,7,-1.62,27,0
CLM20260403007238,RID97678,civic_unrest,72.0,1,25.3,31.1,0.43,7,0.87,9,0
CLM20260403007239,RID35579,extreme_heat,31.4,4,46.9,6.5,1.28,9,-1.7,13,0
CLM20260403007240,RID98255,severe_pollution,42.1,2,18.4,5.2,0.71,7,-1.17,20,0
CLM20260403007241,RID12618,heavy_rainfall,21.7,3,75.2,43.1,0.95,12,0.47,7,0
CLM20260403007242,RID25972,extreme_heat,118.6,4,16.6,25.5,0.23,7,-1.24,24,0
CLM20260403007243,RID86610,heavy_rainfall,25.4,1,45.6,63.7,0.9,5,-0.45,15,0
CLM20260403007244,RID11367,extreme_heat,184.0,3,23.4,26.6,0.54,5,-0.16,12,1
CLM20260403007245,RID79813,extreme_heat,118.1,4,19.1,18.2,2.71,8,0.06,27,0
CLM20260403007246,RID85170,severe_pollution,72.4,4,16.1,13.3,0.19,6,-1.11,22,0
CLM20260403007247,RID50288,extreme_heat,82.2,1,30.6,27.3,0.06,12,3.63,25,0
CLM20260403007248,RID94714,civic_unrest,11.6,2,12.1,45.8,1.1,6,0.89,18,0
CLM20260403007249,RID55817,heavy_rainfall,98.4,3,124.5,16.7,0.72,9,-0.55,20,0
CLM20260403007250,RID41896,severe_pollution,67.0,1,9.6,35.3,0.36,9,0.52,24,0
CLM20260403007251,RID15539,heavy_rainfall,0.5,0,9.5,0.5,5.44,34,1.68,3,1
CLM20260403007252,RID79614,civic_unrest,15.2,3,30.1,80.0,2.77,8,-0.26,14,0
CLM20260403007253,RID80125,heavy_rainfall,25.1,3,34.9,2.3,0.38,4,1.32,22,0
CLM20260403007254,RID75835,heavy_rainfall,57.3,3,111.1,13.0,4.05,6,1.17,15,0
CLM20260403007255,RID15598,civic_unrest,17.7,4,40.8,8.9,0.79,6,-2.7,19,0
CLM20260403007256,RID52957,heavy_rainfall,62.1,3,42.8,63.1,3.44,8,-2.31,18,0
CLM20260403007257,RID27777,civic_unrest,7.6,3,17.0,79.9,0.35,10,0.49,22,0
CLM20260403007258,RID37810,severe_pollution,76.4,3,23.7,22.7,0.16,6,-1.08,25,0
CLM20260403007259,RID37077,severe_pollution,50.6,1,44.3,8.5,1.76,4,-1.68,8,0
CLM20260403007260,RID19132,civic_unrest,65.4,4,41.1,6.7,2.49,8,2.35,9,0
CLM20260403007261,RID79590,severe_pollution,10.3,3,14.5,61.2,1.05,12,0.69,18,0
CLM20260403007262,RID36953,severe_pollution,16.2,2,20.9,8.1,0.17,5,0.01,11,0
CLM20260403007263,RID62698,extreme_heat,113.6,4,45.1,19.1,0.8,8,-1.9,15,0
CLM20260403007264,RID67654,heavy_rainfall,202.9,2,62.4,43.5,2.28,10,-0.42,11,0
CLM20260403007265,RID38446,civic_unrest,91.2,2,47.7,25.9,0.49,3,-0.73,18,0
CLM20260403007266,RID76801,severe_pollution,47.7,2,20.8,20.4,0.21,3,0.29,14,0
CLM20260403007267,RID84494,extreme_heat,47.3,3,10.6,64.9,1.22,11,-0.96,20,0
CLM20260403007268,RID37392,civic_unrest,120.8,4,17.3,14.6,1.17,11,-1.71,8,0
CLM20260403007269,RID41718,heavy_rainfall,27.8,6,98.1,9.4,1.59,6,-0.73,7,0
CLM20260403007270,RID10932,civic_unrest,36.2,1,57.8,20.7,1.0,7,0.83,26,0
CLM20260403007271,RID81375,civic_unrest,62.9,4,25.3,24.3,3.02,11,0.63,19,0
CLM20260403007272,RID66387,heavy_rainfall,1.6,0,182.6,5.6,14.92,31,2.77,1,1
CLM20260403007273,RID58066,civic_unrest,60.8,3,39.8,15.5,0.47,6,1.57,29,0
CLM20260403007274,RID69029,extreme_heat,54.1,4,45.5,22.0,1.37,6,0.57,29,0
CLM20260403007275,RID21265,civic_unrest,81.9,6,21.4,42.3,5.9,7,1.36,12,0
CLM20260403007276,RID60572,severe_pollution,28.7,4,56.5,47.5,1.1,9,0.26,28,0
CLM20260403007277,RID41379,severe_pollution,31.6,4,25.4,26.7,1.29,6,2.11,27,0
CLM20260403007278,RID84461,extreme_heat,43.7,3,14.8,10.8,2.26,13,-0.5,24,0
CLM20260403007279,RID56801,civic_unrest,30.5,3,48.0,24.4,0.22,6,0.02,16,0
CLM20260403007280,RID25163,heavy_rainfall,143.7,4,66.4,15.6,0.31,9,2.73,12,0
CLM20260403007281,RID59785,civic_unrest,83.2,4,16.9,7.1,1.13,11,-2.19,9,0
CLM20260403007282,RID42256,severe_pollution,62.3,3,51.7,55.5,0.52,10,-1.97,11,0
CLM20260403007283,RID98977,heavy_rainfall,6.8,0,96.3,12.3,7.92,29,3.04,1,1
CLM20260403007284,RID96510,extreme_heat,13.5,0,5.6,12.9,1.82,30,3.6,1,1
CLM20260403007285,RID76592,extreme_heat,135.2,2,32.0,37.2,0.9,9,0.02,10,0
CLM20260403007286,RID71805,severe_pollution,56.6,1,52.2,36.9,1.71,12,-0.3,12,1
CLM20260403007287,RID33817,severe_pollution,1.4,0,123.0,2.4,12.6,32,1.91,8,1
CLM20260403007288,RID13692,extreme_heat,75.5,4,53.5,41.9,0.26,5,-0.73,10,0
CLM20260403007289,RID81395,severe_pollution,55.0,3,40.8,34.3,1.01,13,-1.4,12,0
CLM20260403007290,RID95217,severe_pollution,16.4,2,37.9,21.8,4.16,4,-2.05,11,0
CLM20260403007291,RID63721,heavy_rainfall,26.7,1,112.6,13.2,0.38,8,-0.41,15,0
CLM20260403007292,RID54972,extreme_heat,38.8,6,8.2,9.6,0.69,8,0.78,18,0
CLM20260403007293,RID48664,extreme_heat,75.9,6,31.0,15.3,3.96,10,0.0,27,0
CLM20260403007294,RID78319,heavy_rainfall,0.9,1,2.5,3.7,19.76,30,3.87,2,1
CLM20260403007295,RID59507,civic_unrest,49.1,3,28.3,24.9,1.79,11,-1.71,8,0
CLM20260403007296,RID43610,heavy_rainfall,196.4,2,65.9,19.0,0.26,14,1.36,9,0
CLM20260403007297,RID99516,severe_pollution,53.7,4,11.6,36.5,1.64,8,1.58,13,0
CLM20260403007298,RID20032,heavy_rainfall,201.3,1,75.0,43.4,0.29,7,0.35,23,0
CLM20260403007299,RID23741,severe_pollution,23.7,1,18.3,47.6,0.13,6,2.28,18,0
CLM20260403007300,RID52379,extreme_heat,41.4,4,58.5,16.1,0.02,9,0.93,12,0
CLM20260403007301,RID53877,civic_unrest,27.3,0,30.1,26.8,1.32,6,-0.35,23,0
CLM20260403007302,RID63686,civic_unrest,206.2,2,54.5,13.3,1.14,7,2.99,19,0
CLM20260403007303,RID15616,civic_unrest,1.9,0,84.1,0.6,18.09,24,2.26,4,1
CLM20260403007304,RID26310,heavy_rainfall,30.3,5,35.5,16.5,0.67,10,0.51,24,0
CLM20260403007305,RID34760,heavy_rainfall,36.8,3,68.5,17.6,0.49,2,-0.73,7,0
CLM20260403007306,RID27743,severe_pollution,11.6,5,16.4,10.5,0.19,7,-0.55,18,0
CLM20260403007307,RID38048,heavy_rainfall,94.3,4,73.7,12.1,0.48,7,-1.4,20,0
CLM20260403007308,RID44610,extreme_heat,36.2,4,38.7,25.4,0.2,10,1.13,28,0
CLM20260403007309,RID73780,severe_pollution,5.9,4,31.8,19.6,0.55,7,-0.12,20,0
CLM20260403007310,RID37332,severe_pollution,59.2,4,48.5,30.1,2.52,3,0.15,19,0
CLM20260403007311,RID27605,heavy_rainfall,66.5,6,145.9,65.8,2.07,5,0.63,13,0
CLM20260403007312,RID44510,civic_unrest,0.5,0,82.5,10.6,11.24,37,2.65,1,1
CLM20260403007313,RID98661,civic_unrest,63.6,3,33.1,5.8,0.73,8,-2.8,7,0
CLM20260403007314,RID69413,heavy_rainfall,105.1,3,123.3,47.3,4.09,6,-0.72,28,0
CLM20260403007315,RID79319,extreme_heat,74.1,4,16.8,16.8,0.97,8,-0.39,23,0
CLM20260403007316,RID87591,civic_unrest,2.5,0,2.6,6.3,6.63,42,3.17,1,1
CLM20260403007317,RID37710,heavy_rainfall,34.2,1,113.1,30.7,0.73,13,-0.6,23,0
CLM20260403007318,RID85411,severe_pollution,5.8,0,96.5,0.7,11.15,38,1.71,1,1
CLM20260403007319,RID85383,heavy_rainfall,144.9,0,97.1,18.8,0.19,5,-0.67,15,0
CLM20260403007320,RID64839,severe_pollution,60.4,1,49.1,32.1,2.5,10,0.46,16,0
CLM20260403007321,RID62708,civic_unrest,86.0,5,39.8,43.1,2.33,9,1.01,12,0
CLM20260403007322,RID96412,heavy_rainfall,68.8,2,37.8,46.8,0.96,9,2.03,29,1
CLM20260403007323,RID84667,extreme_heat,38.8,6,41.3,20.7,0.21,5,-0.94,12,0
CLM20260403007324,RID32692,civic_unrest,83.7,4,12.6,34.5,0.19,9,0.03,28,0
CLM20260403007325,RID90434,severe_pollution,7.3,0,7.3,6.1,7.65,41,3.16,1,1
CLM20260403007326,RID45339,civic_unrest,24.0,3,23.1,14.1,2.53,5,-1.51,24,0
CLM20260403007327,RID55954,heavy_rainfall,63.8,3,128.9,9.5,0.08,6,-1.25,13,0
CLM20260403007328,RID41081,civic_unrest,61.4,6,50.8,9.0,3.13,7,-0.43,7,0
CLM20260403007329,RID80469,severe_pollution,2.3,0,99.5,8.1,6.15,33,2.16,2,1
CLM20260403007330,RID27797,severe_pollution,19.3,5,49.9,55.5,2.88,10,-0.62,25,1
CLM20260403007331,RID26159,severe_pollution,23.4,4,11.6,43.2,3.22,11,-0.65,24,0
CLM20260403007332,RID44849,extreme_heat,14.5,4,48.3,38.4,1.29,5,1.4,28,0
CLM20260403007333,RID12788,severe_pollution,41.4,2,27.9,36.2,2.15,8,1.18,13,0
CLM20260403007334,RID82456,heavy_rainfall,39.1,3,91.0,30.7,0.67,7,-1.43,21,0
CLM20260403007335,RID23848,severe_pollution,25.4,5,29.5,6.7,1.48,6,-2.0,16,0
CLM20260403007336,RID45519,heavy_rainfall,25.2,2,112.6,14.6,1.46,11,-1.46,14,0
CLM20260403007337,RID36620,civic_unrest,6.3,2,33.8,46.2,0.03,9,0.75,13,1
CLM20260403007338,RID37297,heavy_rainfall,48.8,3,144.4,33.8,1.39,8,-1.12,15,0
CLM20260403007339,RID76487,severe_pollution,57.8,3,37.1,41.1,1.72,6,-1.16,19,0
CLM20260403007340,RID36941,severe_pollution,77.1,1,55.8,3.8,0.11,7,-0.44,8,0
CLM20260403007341,RID68089,civic_unrest,48.6,4,50.6,24.4,0.28,9,1.37,22,0
CLM20260403007342,RID77104,extreme_heat,3.0,0,57.7,0.7,18.37,39,4.39,1,1
CLM20260403007343,RID40675,extreme_heat,17.5,1,21.8,20.5,1.73,6,-0.5,14,0
CLM20260403007344,RID63045,civic_unrest,43.9,3,58.6,9.9,1.25,6,-0.72,16,0
CLM20260403007345,RID72245,severe_pollution,32.5,2,45.9,25.3,2.48,8,-2.31,16,0
CLM20260403007346,RID11825,civic_unrest,85.0,4,8.6,22.7,1.57,8,-1.67,26,0
CLM20260403007347,RID22359,extreme_heat,37.8,7,48.8,17.1,0.83,6,1.72,15,0
CLM20260403007348,RID11104,heavy_rainfall,24.0,1,115.7,32.8,2.63,9,-1.88,14,0
CLM20260403007349,RID91617,heavy_rainfall,25.6,2,58.4,9.4,0.4,5,-1.55,19,0
CLM20260403007350,RID55758,extreme_heat,11.1,2,32.8,6.3,4.21,13,-0.56,10,0
CLM20260403007351,RID77194,severe_pollution,81.2,4,54.6,29.4,0.42,8,1.14,21,0
CLM20260403007352,RID13039,extreme_heat,4.8,0,9.4,10.0,17.51,35,3.02,1,1
CLM20260403007353,RID81427,extreme_heat,20.0,3,14.6,14.0,7.99,10,1.6,15,0
CLM20260403007354,RID61891,extreme_heat,112.9,2,29.2,46.4,2.76,11,-0.76,18,0
CLM20260403007355,RID55702,civic_unrest,60.1,3,50.7,48.6,0.16,5,-0.31,24,0
CLM20260403007356,RID31870,heavy_rainfall,28.7,3,117.4,18.0,2.84,10,1.26,23,0
CLM20260403007357,RID44336,heavy_rainfall,5.9,4,64.0,55.0,0.37,2,0.88,16,0
CLM20260403007358,RID95879,extreme_heat,48.9,3,27.7,78.1,0.64,12,-0.8,29,0
CLM20260403007359,RID40493,heavy_rainfall,38.7,0,51.1,53.8,2.73,7,-1.62,19,0
CLM20260403007360,RID90112,heavy_rainfall,35.1,3,36.3,6.5,0.5,6,0.33,27,0
CLM20260403007361,RID95507,civic_unrest,17.3,0,5.8,7.4,8.45,31,3.06,8,1
CLM20260403007362,RID69009,severe_pollution,22.6,2,51.5,36.5,0.38,7,-0.24,16,0
CLM20260403007363,RID27557,heavy_rainfall,73.8,2,36.3,16.0,0.17,16,0.77,16,0
CLM20260403007364,RID45196,civic_unrest,63.4,3,29.9,8.0,1.89,13,0.61,24,0
CLM20260403007365,RID18688,heavy_rainfall,122.3,1,86.7,16.6,1.2,8,2.37,14,0
CLM20260403007366,RID17418,severe_pollution,240.0,5,10.6,12.5,1.02,15,-0.0,14,0
CLM20260403007367,RID87537,civic_unrest,90.7,2,48.2,35.4,0.19,8,0.94,9,0
CLM20260403007368,RID23068,extreme_heat,19.5,4,32.6,26.6,7.23,9,-0.76,8,0
CLM20260403007369,RID30913,civic_unrest,1.5,0,175.7,6.4,8.32,35,3.08,4,1
CLM20260403007370,RID58658,extreme_heat,11.6,1,3.5,3.5,17.86,26,2.99,3,1
CLM20260403007371,RID82199,heavy_rainfall,25.8,4,124.8,21.1,0.25,9,-0.35,18,0
CLM20260403007372,RID17798,severe_pollution,103.6,3,17.5,12.3,4.2,6,1.18,22,0
CLM20260403007373,RID90756,civic_unrest,3.5,0,5.7,0.5,0.22,31,2.98,2,1
CLM20260403007374,RID22948,extreme_heat,60.2,1,49.8,25.0,0.44,12,1.03,23,0
CLM20260403007375,RID28900,civic_unrest,87.3,2,51.5,17.2,0.09,6,0.15,15,0
CLM20260403007376,RID81301,severe_pollution,37.2,1,52.2,13.1,2.94,5,-0.13,7,0
CLM20260403007377,RID13691,severe_pollution,29.1,6,16.3,33.7,2.56,11,-0.91,16,0
CLM20260403007378,RID29794,severe_pollution,19.6,2,53.2,14.9,3.41,4,0.22,11,0
CLM20260403007379,RID43522,severe_pollution,58.2,6,59.0,12.7,2.84,12,0.7,17,0
CLM20260403007380,RID36828,extreme_heat,68.2,2,14.1,63.6,1.37,6,-0.23,24,0
CLM20260403007381,RID33259,civic_unrest,50.8,2,40.1,20.0,1.57,7,0.64,15,0
CLM20260403007382,RID20240,severe_pollution,57.6,4,49.8,41.1,3.69,11,-1.28,12,0
CLM20260403007383,RID49131,extreme_heat,86.0,4,52.5,15.4,2.99,6,0.34,25,0
CLM20260403007384,RID34316,civic_unrest,2.8,0,194.1,5.7,12.94,43,2.78,2,1
CLM20260403007385,RID11833,civic_unrest,48.7,6,41.5,24.6,2.59,11,-0.71,25,0
CLM20260403007386,RID94631,extreme_heat,41.6,3,46.3,80.0,0.1,9,-0.38,11,0
CLM20260403007387,RID32595,severe_pollution,23.8,2,22.8,7.8,2.05,4,1.4,29,0
CLM20260403007388,RID23065,heavy_rainfall,10.1,1,9.8,3.2,9.35,37,3.59,1,1
CLM20260403007389,RID79936,heavy_rainfall,40.7,5,60.6,32.1,1.95,5,-0.68,21,0
CLM20260403007390,RID14645,extreme_heat,12.8,0,83.1,1.3,17.56,40,3.04,1,1
CLM20260403007391,RID50039,severe_pollution,129.8,2,53.3,16.5,4.92,5,-0.06,24,0
CLM20260403007392,RID78922,severe_pollution,27.1,2,33.4,14.7,1.08,6,-0.82,20,0
CLM20260403007393,RID23004,severe_pollution,181.4,1,48.5,20.1,2.48,5,0.67,24,0
CLM20260403007394,RID38195,heavy_rainfall,118.0,3,123.3,23.3,1.69,4,-0.42,27,0
CLM20260403007395,RID72244,heavy_rainfall,6.4,0,182.9,0.6,8.89,24,1.91,2,1
CLM20260403007396,RID29570,severe_pollution,63.3,7,17.8,11.8,0.06,13,0.7,17,0
CLM20260403007397,RID68805,extreme_heat,96.9,3,39.4,44.1,7.33,6,0.33,18,0
CLM20260403007398,RID17351,extreme_heat,2.0,0,122.9,6.3,7.61,36,2.85,1,1
CLM20260403007399,RID14606,heavy_rainfall,25.2,3,119.4,19.0,5.04,7,0.15,19,0
CLM20260403007400,RID87929,civic_unrest,50.0,3,47.2,32.4,1.39,3,-1.84,29,0
CLM20260403007401,RID40991,severe_pollution,38.4,2,47.6,17.3,1.81,7,-1.85,8,0
CLM20260403007402,RID64277,extreme_heat,20.4,4,19.6,61.9,0.92,7,1.89,14,0
CLM20260403007403,RID19185,civic_unrest,70.0,4,29.4,7.2,0.98,4,-0.21,11,0
CLM20260403007404,RID35767,severe_pollution,72.1,4,28.3,43.8,4.83,7,0.64,19,0
CLM20260403007405,RID81264,heavy_rainfall,45.7,1,131.8,20.6,1.45,6,-0.99,25,0
CLM20260403007406,RID11307,civic_unrest,32.0,1,57.8,80.0,0.29,11,0.17,27,0
CLM20260403007407,RID70928,severe_pollution,29.1,3,53.9,80.0,0.23,7,-0.11,17,0
CLM20260403007408,RID89287,civic_unrest,18.0,5,52.4,15.9,0.54,9,1.5,25,0
CLM20260403007409,RID13935,heavy_rainfall,2.2,0,2.8,8.1,15.48,30,3.55,3,1
CLM20260403007410,RID22554,severe_pollution,19.5,4,12.5,13.5,2.56,5,-0.93,28,0
CLM20260403007411,RID41902,extreme_heat,6.9,0,129.8,4.7,10.87,43,3.86,4,1
CLM20260403007412,RID53717,heavy_rainfall,11.6,4,73.6,48.7,0.13,3,-1.22,15,0
CLM20260403007413,RID13407,severe_pollution,19.6,3,18.0,18.0,2.02,9,0.44,12,0
CLM20260403007414,RID38336,severe_pollution,44.6,5,30.8,38.6,0.18,10,-2.01,11,0
CLM20260403007415,RID21727,extreme_heat,59.5,2,24.9,57.6,0.91,12,-0.46,20,0
CLM20260403007416,RID14536,severe_pollution,44.5,1,35.4,43.2,0.22,10,-1.27,20,0
CLM20260403007417,RID32500,extreme_heat,30.2,1,55.9,8.7,2.17,13,0.61,23,0
CLM20260403007418,RID22258,heavy_rainfall,53.8,6,68.2,31.9,0.08,14,1.53,22,1
CLM20260403007419,RID36764,severe_pollution,63.1,2,45.4,29.9,0.71,11,-0.51,7,0
CLM20260403007420,RID84235,heavy_rainfall,42.0,4,31.5,40.7,1.23,8,1.01,19,0
CLM20260403007421,RID76757,severe_pollution,59.0,1,56.6,21.5,1.26,9,-0.41,24,0
CLM20260403007422,RID19905,severe_pollution,43.6,3,49.0,12.5,0.23,7,1.47,22,0
CLM20260403007423,RID74961,extreme_heat,27.4,1,58.4,35.5,0.2,5,1.04,23,0
CLM20260403007424,RID34331,heavy_rainfall,12.0,2,124.5,12.9,10.96,31,2.81,1,1
CLM20260403007425,RID13270,civic_unrest,33.0,2,26.3,8.2,0.08,7,-2.8,8,0
CLM20260403007426,RID51446,civic_unrest,50.2,3,28.6,16.2,0.47,7,-0.3,27,0
CLM20260403007427,RID63413,heavy_rainfall,21.5,4,36.7,39.4,0.25,10,0.76,27,0
CLM20260403007428,RID75008,heavy_rainfall,3.6,0,3.5,12.6,0.28,30,3.05,1,1
CLM20260403007429,RID84642,extreme_heat,34.9,4,12.0,4.5,1.16,11,0.81,13,0
CLM20260403007430,RID81717,heavy_rainfall,48.9,7,149.9,4.6,0.03,12,-0.13,28,0
CLM20260403007431,RID72123,heavy_rainfall,11.4,2,38.7,16.5,0.37,5,1.58,16,0
CLM20260403007432,RID69609,civic_unrest,108.8,4,13.8,28.0,0.69,8,-1.07,10,0
CLM20260403007433,RID50159,extreme_heat,26.2,0,34.2,80.0,1.13,7,1.5,26,0
CLM20260403007434,RID63354,heavy_rainfall,23.7,2,41.1,39.3,0.04,8,1.61,27,0
CLM20260403007435,RID28966,extreme_heat,53.3,2,44.1,37.3,0.45,9,-0.98,7,0
CLM20260403007436,RID49522,civic_unrest,41.8,3,52.1,11.2,1.55,6,-1.61,11,0
CLM20260403007437,RID27268,extreme_heat,56.1,3,24.2,29.1,2.79,11,0.16,19,0
CLM20260403007438,RID57257,extreme_heat,17.5,2,22.5,19.2,0.48,6,-0.12,25,0
CLM20260403007439,RID22169,severe_pollution,46.8,1,26.5,12.0,0.91,7,0.92,15,0
CLM20260403007440,RID12018,extreme_heat,116.5,0,49.2,57.3,0.22,5,0.67,9,1
CLM20260403007441,RID54868,extreme_heat,17.6,4,36.9,15.0,3.87,8,0.82,11,0
CLM20260403007442,RID38137,civic_unrest,110.3,1,49.4,11.9,3.47,8,-0.97,9,0
CLM20260403007443,RID20784,extreme_heat,35.2,4,47.1,25.5,0.67,11,1.33,24,0
CLM20260403007444,RID97073,heavy_rainfall,35.5,2,24.9,18.9,0.58,6,-0.93,17,0
CLM20260403007445,RID86459,civic_unrest,104.5,5,13.8,28.7,2.09,7,-1.78,22,0
CLM20260403007446,RID49988,severe_pollution,136.8,3,28.3,80.0,0.05,7,-1.18,9,0
CLM20260403007447,RID72188,extreme_heat,64.7,3,27.0,21.9,0.31,6,1.44,24,0
CLM20260403007448,RID59260,heavy_rainfall,38.1,3,56.3,35.2,1.64,8,1.0,13,0
CLM20260403007449,RID37294,extreme_heat,45.7,2,47.1,53.2,3.59,6,-1.62,8,0
CLM20260403007450,RID65137,civic_unrest,11.4,2,32.6,19.0,3.12,11,1.21,27,0
CLM20260403007451,RID51393,heavy_rainfall,2.8,0,90.0,0.3,18.39,23,4.47,3,1
CLM20260403007452,RID39445,extreme_heat,78.8,2,45.5,73.9,1.05,8,1.1,12,0
CLM20260403007453,RID71646,severe_pollution,73.0,5,18.4,16.2,0.92,7,-2.29,8,0
CLM20260403007454,RID20341,severe_pollution,60.0,2,22.5,75.6,2.04,11,0.21,13,0
CLM20260403007455,RID88994,civic_unrest,46.9,5,28.1,30.5,1.48,7,0.25,27,0
CLM20260403007456,RID83032,heavy_rainfall,14.4,3,113.5,9.0,1.12,5,0.96,16,0
CLM20260403007457,RID98752,extreme_heat,42.0,2,30.5,15.1,0.07,5,0.44,14,0
CLM20260403007458,RID45435,civic_unrest,11.3,2,53.5,45.6,2.18,6,-0.16,7,0
CLM20260403007459,RID57066,civic_unrest,72.1,3,56.9,9.9,0.26,2,-0.13,29,0
CLM20260403007460,RID24673,severe_pollution,41.6,5,33.7,34.2,1.05,4,-1.17,29,0
CLM20260403007461,RID14856,extreme_heat,0.5,0,113.2,0.0,11.08,35,4.05,1,1
CLM20260403007462,RID23863,heavy_rainfall,73.8,3,105.8,32.1,1.01,13,0.03,27,0
CLM20260403007463,RID85362,heavy_rainfall,103.7,4,81.8,41.0,0.04,8,0.08,11,0
CLM20260403007464,RID51899,heavy_rainfall,160.1,2,24.0,7.7,0.84,12,-1.12,7,0
CLM20260403007465,RID32377,severe_pollution,43.6,3,39.0,19.8,0.27,10,0.46,19,0
CLM20260403007466,RID80843,severe_pollution,30.7,1,52.9,5.6,2.56,3,-1.38,13,0
CLM20260403007467,RID47425,severe_pollution,75.4,3,14.9,80.0,0.84,5,1.48,11,0
CLM20260403007468,RID43462,severe_pollution,67.2,1,38.1,11.5,0.95,11,0.23,11,0
CLM20260403007469,RID82876,severe_pollution,82.1,2,34.1,31.7,0.66,3,-1.54,29,0
CLM20260403007470,RID77331,severe_pollution,26.7,0,58.1,11.8,9.22,13,-1.23,28,0
CLM20260403007471,RID26633,extreme_heat,67.4,3,21.8,51.9,2.07,6,0.22,20,0
CLM20260403007472,RID70766,severe_pollution,26.7,1,20.5,34.8,1.21,6,-0.09,19,0
CLM20260403007473,RID17705,heavy_rainfall,19.5,3,130.4,33.8,0.42,10,-0.07,8,0
CLM20260403007474,RID75562,civic_unrest,137.3,1,52.0,9.1,0.77,7,-0.09,18,0
CLM20260403007475,RID50889,severe_pollution,55.3,3,16.9,7.1,4.06,5,2.57,8,0
CLM20260403007476,RID43923,heavy_rainfall,18.7,2,86.9,4.6,1.17,3,0.06,21,0
CLM20260403007477,RID77000,extreme_heat,22.0,4,23.9,27.4,0.23,6,-1.6,10,0
CLM20260403007478,RID67451,heavy_rainfall,9.2,2,73.2,6.8,0.01,45,2.48,1,1
CLM20260403007479,RID83997,heavy_rainfall,40.9,6,36.3,50.7,0.02,7,-0.83,24,0
CLM20260403007480,RID84958,heavy_rainfall,8.9,3,70.4,41.7,1.55,8,0.9,23,0
CLM20260403007481,RID74316,civic_unrest,17.8,3,25.2,32.0,3.55,9,1.17,19,0
CLM20260403007482,RID91226,extreme_heat,80.6,1,53.3,73.6,2.84,11,-1.69,20,0
CLM20260403007483,RID21239,severe_pollution,50.3,3,11.4,75.7,2.71,5,2.23,23,0
CLM20260403007484,RID49423,heavy_rainfall,50.1,1,91.8,16.4,6.08,9,-0.8,8,0
CLM20260403007485,RID16599,severe_pollution,89.8,2,55.5,31.2,0.89,12,0.71,17,0
CLM20260403007486,RID84878,extreme_heat,34.8,1,35.0,12.7,3.68,8,-0.9,12,0
CLM20260403007487,RID61516,extreme_heat,16.0,3,10.6,12.3,1.02,6,0.64,15,0
CLM20260403007488,RID35871,civic_unrest,149.9,0,23.1,14.2,3.22,5,-0.15,29,0
CLM20260403007489,RID40207,civic_unrest,14.5,4,52.7,59.4,0.67,12,0.52,18,0
CLM20260403007490,RID80822,civic_unrest,34.1,5,13.4,40.6,0.27,12,-0.2,19,0
CLM20260403007491,RID76828,severe_pollution,32.4,5,24.3,19.6,0.12,6,-0.3,13,0
CLM20260403007492,RID45444,severe_pollution,28.0,1,46.0,23.2,0.01,5,0.17,17,0
CLM20260403007493,RID15121,extreme_heat,60.3,5,13.5,27.6,0.45,4,1.14,27,0
CLM20260403007494,RID25370,extreme_heat,56.4,1,48.3,4.8,3.96,8,-0.74,27,0
CLM20260403007495,RID85246,severe_pollution,79.7,6,47.1,35.2,0.01,9,0.13,16,0
CLM20260403007496,RID51754,civic_unrest,48.2,2,20.1,13.7,1.03,10,0.63,14,0
CLM20260403007497,RID66582,extreme_heat,27.0,6,50.9,70.6,0.05,8,-0.28,9,0
CLM20260403007498,RID29403,heavy_rainfall,44.8,2,64.9,4.7,2.4,11,2.14,24,0
CLM20260403007499,RID32042,heavy_rainfall,70.4,6,141.1,17.5,0.65,10,-1.14,11,0
CLM20260403007500,RID31823,extreme_heat,85.5,3,52.9,25.5,0.23,5,2.51,11,0
CLM20260403007501,RID74443,extreme_heat,123.9,4,26.9,22.1,1.84,3,0.05,28,0
CLM20260403007502,RID11906,civic_unrest,3.3,0,3.2,3.3,9.26,39,1.54,2,1
CLM20260403007503,RID53103,heavy_rainfall,15.6,2,122.5,48.5,2.95,8,-1.09,12,0
CLM20260403007504,RID37280,extreme_heat,85.2,4,56.8,52.8,0.26,9,1.03,22,0
CLM20260403007505,RID10259,heavy_rainfall,37.4,1,45.1,8.9,1.09,7,1.05,14,0
CLM20260403007506,RID12702,heavy_rainfall,20.8,5,48.8,29.7,1.93,5,1.21,11,0
CLM20260403007507,RID81898,severe_pollution,56.6,3,59.4,15.9,0.45,6,1.14,13,0
CLM20260403007508,RID42593,civic_unrest,131.6,2,48.7,27.3,1.35,14,-1.07,19,0
CLM20260403007509,RID62862,severe_pollution,140.7,2,31.2,30.2,5.44,6,1.97,7,0
CLM20260403007510,RID41361,heavy_rainfall,32.6,5,118.0,68.1,0.04,7,0.86,19,0
CLM20260403007511,RID90240,heavy_rainfall,64.1,8,65.2,80.0,2.58,6,1.43,14,0
CLM20260403007512,RID10440,heavy_rainfall,28.0,2,61.9,6.4,1.27,8,0.28,22,0
CLM20260403007513,RID25901,civic_unrest,88.0,2,18.5,5.5,1.6,7,-0.46,15,0
CLM20260403007514,RID25612,severe_pollution,139.9,3,46.9,29.6,0.64,8,1.05,13,0
CLM20260403007515,RID10347,heavy_rainfall,13.8,0,74.4,23.6,1.38,7,-0.91,21,0
CLM20260403007516,RID85975,heavy_rainfall,37.8,3,103.2,46.8,6.98,7,-1.05,26,0
CLM20260403007517,RID60394,extreme_heat,54.0,2,28.4,14.6,1.25,9,0.2,28,0
CLM20260403007518,RID40814,extreme_heat,24.0,2,22.7,34.8,0.37,10,0.78,25,0
CLM20260403007519,RID99851,severe_pollution,70.5,3,17.2,17.8,0.59,4,-2.37,25,0
CLM20260403007520,RID36416,severe_pollution,21.0,3,24.1,13.4,0.28,7,0.66,7,0
CLM20260403007521,RID86280,severe_pollution,48.6,4,24.6,5.1,0.19,9,-1.74,22,0
CLM20260403007522,RID90973,heavy_rainfall,207.6,3,98.7,53.0,1.79,3,1.33,21,0
CLM20260403007523,RID60882,heavy_rainfall,51.8,2,128.0,19.8,1.03,8,-0.52,18,0
CLM20260403007524,RID81011,civic_unrest,2.8,0,115.3,4.1,13.91,24,3.08,12,1
CLM20260403007525,RID49348,heavy_rainfall,7.0,0,159.3,13.3,0.39,24,2.41,3,1
CLM20260403007526,RID81776,severe_pollution,34.7,2,48.2,10.5,0.1,2,-0.77,11,0
CLM20260403007527,RID72918,civic_unrest,29.2,2,18.7,52.5,0.09,6,0.69,20,0
CLM20260403007528,RID60922,extreme_heat,35.0,1,29.8,20.5,0.04,6,-0.56,25,0
CLM20260403007529,RID15325,heavy_rainfall,44.4,4,66.0,22.0,0.19,7,-1.32,28,0
CLM20260403007530,RID13022,civic_unrest,59.3,4,58.3,16.4,3.81,5,0.84,28,0
CLM20260403007531,RID99692,extreme_heat,25.7,5,44.1,20.8,3.82,8,0.37,21,0
CLM20260403007532,RID42642,severe_pollution,98.7,5,17.8,35.6,2.45,14,1.96,24,0
CLM20260403007533,RID25563,heavy_rainfall,55.6,4,117.3,11.0,6.3,5,0.26,18,0
CLM20260403007534,RID42023,severe_pollution,4.5,6,12.2,57.5,3.54,11,-0.24,11,0
CLM20260403007535,RID20811,heavy_rainfall,57.0,3,100.5,34.6,1.2,6,1.01,15,0
CLM20260403007536,RID78601,heavy_rainfall,0.5,1,7.7,11.3,13.76,31,4.22,2,1
CLM20260403007537,RID51725,heavy_rainfall,37.2,3,61.7,27.5,0.79,8,-0.88,16,0
CLM20260403007538,RID96789,civic_unrest,65.1,4,49.4,12.4,0.75,11,1.02,21,0
CLM20260403007539,RID43965,civic_unrest,28.3,1,49.0,48.4,5.38,9,-0.91,7,0
CLM20260403007540,RID75699,extreme_heat,71.7,5,11.7,80.0,1.19,9,0.63,23,0
CLM20260403007541,RID85147,civic_unrest,10.8,0,101.1,14.3,1.92,31,4.15,1,1
CLM20260403007542,RID29671,heavy_rainfall,7.0,0,58.4,0.6,9.9,42,3.46,2,1
CLM20260403007543,RID34787,civic_unrest,19.7,3,27.6,80.0,2.57,8,-0.7,24,0
CLM20260403007544,RID97127,heavy_rainfall,81.6,2,121.8,63.4,0.43,3,-0.19,25,0
CLM20260403007545,RID18967,civic_unrest,30.0,2,58.6,33.5,1.23,11,-0.06,28,0
CLM20260403007546,RID36667,civic_unrest,3.3,4,41.8,80.0,0.28,13,-0.95,16,0
CLM20260403007547,RID41348,civic_unrest,74.0,3,56.1,9.9,1.11,6,-1.02,18,0
CLM20260403007548,RID64116,severe_pollution,6.0,0,7.5,8.9,14.86,30,3.21,1,1
CLM20260403007549,RID13928,severe_pollution,26.1,2,54.7,21.8,3.27,5,-0.23,24,0
CLM20260403007550,RID52159,severe_pollution,54.5,5,56.9,42.1,3.45,6,0.78,11,0
CLM20260403007551,RID85334,civic_unrest,66.1,3,48.6,52.4,0.42,8,-0.61,27,0
CLM20260403007552,RID47143,civic_unrest,74.4,1,49.5,11.6,0.63,6,-0.97,13,0
CLM20260403007553,RID63008,severe_pollution,59.5,9,30.5,80.0,0.67,11,-1.07,25,0
CLM20260403007554,RID67883,extreme_heat,52.8,1,27.4,2.5,4.52,8,-0.77,16,0
CLM20260403007555,RID17034,heavy_rainfall,48.1,2,143.7,7.9,0.78,8,1.35,27,0
CLM20260403007556,RID17675,extreme_heat,59.3,4,19.5,24.7,0.11,6,-1.57,22,0
CLM20260403007557,RID44995,heavy_rainfall,43.3,2,29.7,49.4,1.4,6,0.94,20,0
CLM20260403007558,RID28255,heavy_rainfall,28.5,2,48.0,17.5,2.57,9,-0.72,28,0
CLM20260403007559,RID76452,extreme_heat,13.8,2,17.0,65.3,2.17,8,0.25,23,0
CLM20260403007560,RID28058,extreme_heat,26.6,7,28.7,40.1,3.06,4,0.71,11,0
CLM20260403007561,RID77284,severe_pollution,27.3,5,52.1,10.9,0.45,9,1.54,12,0
CLM20260403007562,RID88179,civic_unrest,11.3,5,29.5,10.1,1.78,11,0.75,13,0
CLM20260403007563,RID10147,extreme_heat,104.8,2,19.2,7.5,1.59,7,1.24,12,0
CLM20260403007564,RID61259,extreme_heat,63.8,2,21.2,9.7,2.02,6,-0.27,26,0
CLM20260403007565,RID14414,civic_unrest,25.8,3,46.9,43.7,0.59,9,-0.52,14,0
CLM20260403007566,RID75640,heavy_rainfall,43.3,6,79.0,17.7,1.76,6,0.03,29,0
CLM20260403007567,RID75127,civic_unrest,42.9,4,50.1,9.7,0.6,8,0.54,23,0
CLM20260403007568,RID52567,extreme_heat,87.0,2,50.3,79.1,1.35,11,0.93,16,0
CLM20260403007569,RID71285,extreme_heat,72.3,3,28.8,8.3,0.49,10,-1.09,24,0
CLM20260403007570,RID56990,extreme_heat,97.7,4,50.8,11.7,1.09,7,0.77,14,0
CLM20260403007571,RID63947,civic_unrest,17.9,5,49.7,22.2,2.78,7,1.98,22,0
CLM20260403007572,RID30941,extreme_heat,24.2,2,49.5,27.7,4.87,8,-0.54,8,0
CLM20260403007573,RID55146,severe_pollution,8.0,2,58.6,18.9,1.5,7,-0.92,10,0
CLM20260403007574,RID12280,heavy_rainfall,70.7,3,72.1,11.4,0.11,7,-0.65,9,0
CLM20260403007575,RID48621,heavy_rainfall,7.9,4,105.8,9.2,2.11,7,-0.87,17,0
CLM20260403007576,RID30902,heavy_rainfall,117.9,1,86.8,41.5,0.07,3,0.59,11,0
CLM20260403007577,RID83402,extreme_heat,23.0,4,48.6,40.3,0.79,7,1.83,9,0
CLM20260403007578,RID82307,civic_unrest,74.1,3,17.8,43.6,2.09,8,-0.57,29,0
CLM20260403007579,RID24048,heavy_rainfall,131.1,6,48.0,28.3,0.69,9,0.55,27,0
CLM20260403007580,RID99996,severe_pollution,11.5,4,46.1,22.5,5.68,8,0.41,21,0
CLM20260403007581,RID19102,extreme_heat,22.7,2,11.3,12.3,1.0,9,-0.85,16,0
CLM20260403007582,RID92778,civic_unrest,4.4,3,52.9,39.7,0.51,5,1.68,23,0
CLM20260403007583,RID55344,heavy_rainfall,69.9,6,77.8,60.5,2.26,9,0.01,27,0
CLM20260403007584,RID47599,severe_pollution,58.4,1,44.2,8.9,1.4,5,2.92,13,0
CLM20260403007585,RID24997,heavy_rainfall,49.8,1,114.5,13.2,0.28,8,-1.29,21,0
CLM20260403007586,RID17973,severe_pollution,30.0,3,35.3,49.8,1.0,12,0.04,17,0
CLM20260403007587,RID88854,extreme_heat,79.9,2,26.6,55.2,0.1,7,2.0,19,0
CLM20260403007588,RID38713,heavy_rainfall,19.8,0,38.1,18.7,2.47,11,-2.27,23,0
CLM20260403007589,RID44668,severe_pollution,157.3,2,30.1,48.7,5.2,11,0.38,11,0
CLM20260403007590,RID63529,heavy_rainfall,41.7,0,100.2,15.0,0.24,9,-1.75,24,0
CLM20260403007591,RID17049,heavy_rainfall,177.8,1,147.1,13.7,0.67,11,-0.91,10,0
CLM20260403007592,RID26749,extreme_heat,9.2,5,8.8,20.9,1.82,3,-0.38,19,0
CLM20260403007593,RID78468,extreme_heat,24.5,1,150.4,0.6,1.71,40,3.64,2,1
CLM20260403007594,RID70067,heavy_rainfall,141.1,2,115.2,57.7,0.66,6,0.44,22,0
CLM20260403007595,RID13882,heavy_rainfall,105.3,1,104.0,80.0,2.96,7,0.7,16,0
CLM20260403007596,RID33039,extreme_heat,47.2,2,11.4,41.1,1.15,6,-0.09,7,0
CLM20260403007597,RID26666,severe_pollution,81.8,3,57.7,26.0,3.72,10,-1.2,16,0
CLM20260403007598,RID18997,civic_unrest,59.4,3,17.1,16.2,1.86,5,-0.94,18,0
CLM20260403007599,RID21740,extreme_heat,222.7,2,40.2,29.1,0.6,9,1.07,18,0
CLM20260403007600,RID13848,civic_unrest,10.8,4,23.0,19.3,1.96,4,-0.39,29,0
CLM20260403007601,RID79776,civic_unrest,106.3,3,55.5,10.0,0.33,7,-1.92,19,0
CLM20260403007602,RID11511,severe_pollution,3.7,0,3.2,9.8,14.16,38,2.38,1,1
CLM20260403007603,RID66280,severe_pollution,48.8,8,21.1,1.8,2.08,7,0.19,12,0
CLM20260403007604,RID52611,extreme_heat,81.4,3,24.6,9.1,0.9,5,1.45,12,0
CLM20260403007605,RID43888,civic_unrest,22.9,6,21.9,20.2,7.81,12,-1.46,21,0
CLM20260403007606,RID60047,heavy_rainfall,84.2,0,84.4,23.6,0.6,7,-1.01,14,0
CLM20260403007607,RID50037,extreme_heat,33.7,3,36.9,29.1,0.01,7,-0.02,17,0
CLM20260403007608,RID28917,severe_pollution,18.3,2,45.9,37.7,0.92,6,0.48,24,0
CLM20260403007609,RID64914,extreme_heat,21.1,2,17.4,25.3,0.51,6,-0.94,22,1
CLM20260403007610,RID93101,civic_unrest,52.7,4,26.7,31.9,1.76,7,-0.21,24,0
CLM20260403007611,RID60176,heavy_rainfall,50.7,3,78.0,48.3,2.45,5,0.36,16,0
CLM20260403007612,RID24034,heavy_rainfall,189.2,3,108.9,42.4,0.73,8,2.31,25,0
CLM20260403007613,RID53633,extreme_heat,24.3,4,54.7,15.7,0.95,4,-0.13,14,0
CLM20260403007614,RID10897,civic_unrest,19.1,4,13.7,23.8,4.09,12,0.13,26,0
CLM20260403007615,RID75433,extreme_heat,43.8,6,44.8,80.0,2.13,10,0.63,13,0
CLM20260403007616,RID50517,severe_pollution,134.3,2,16.8,18.9,1.32,7,0.08,24,0
CLM20260403007617,RID29516,civic_unrest,28.5,2,53.9,2.3,0.2,12,-1.99,18,0
CLM20260403007618,RID40785,civic_unrest,31.1,3,15.4,5.7,0.65,4,-1.34,21,0
CLM20260403007619,RID83181,severe_pollution,43.6,5,22.8,39.0,1.37,11,0.31,23,0
CLM20260403007620,RID20888,severe_pollution,60.9,1,46.7,3.7,0.91,9,1.05,8,0
CLM20260403007621,RID63717,extreme_heat,37.1,6,14.8,45.8,0.35,7,2.77,16,0
CLM20260403007622,RID31388,civic_unrest,128.2,1,43.6,46.0,5.42,6,-0.51,19,0
CLM20260403007623,RID23311,extreme_heat,99.5,5,51.3,23.5,3.31,10,-0.59,22,0
CLM20260403007624,RID70142,extreme_heat,64.8,5,26.9,45.5,0.5,8,0.89,29,0
CLM20260403007625,RID61673,severe_pollution,45.3,2,8.5,51.5,0.55,7,-0.16,12,0
CLM20260403007626,RID10497,severe_pollution,3.6,2,37.9,16.7,4.67,8,-0.98,9,0
CLM20260403007627,RID64828,severe_pollution,159.9,2,29.3,11.4,0.86,7,-1.25,16,0
CLM20260403007628,RID56017,severe_pollution,76.1,5,57.6,41.4,1.41,10,-2.14,10,0
CLM20260403007629,RID30007,extreme_heat,30.8,2,39.1,67.4,0.25,10,2.43,10,0
CLM20260403007630,RID46183,heavy_rainfall,89.3,5,86.0,43.1,0.14,3,-1.91,14,0
CLM20260403007631,RID91448,severe_pollution,43.1,1,11.9,0.2,2.78,7,0.07,14,0
CLM20260403007632,RID63578,severe_pollution,73.2,2,13.4,35.4,0.43,7,-1.22,11,0
CLM20260403007633,RID76930,civic_unrest,60.8,3,33.5,55.3,0.07,10,-1.19,9,0
CLM20260403007634,RID91729,civic_unrest,107.7,1,15.4,21.8,2.13,5,1.45,8,0
CLM20260403007635,RID72037,severe_pollution,98.6,3,48.8,9.2,0.78,3,2.65,8,0
CLM20260403007636,RID20553,extreme_heat,10.7,2,31.1,14.3,0.62,6,-0.93,21,0
CLM20260403007637,RID85783,heavy_rainfall,83.1,2,74.1,38.6,3.01,6,0.88,20,0
CLM20260403007638,RID93769,extreme_heat,34.8,2,16.4,13.0,1.85,11,0.43,15,0
CLM20260403007639,RID57396,heavy_rainfall,56.3,0,147.3,15.5,1.25,5,1.38,24,0
CLM20260403007640,RID14784,severe_pollution,2.8,2,20.8,40.2,0.78,7,1.22,8,0
CLM20260403007641,RID24267,civic_unrest,82.0,5,30.7,13.1,1.46,9,-1.94,19,0
CLM20260403007642,RID75614,severe_pollution,166.2,9,56.1,43.3,2.15,7,0.77,7,0
CLM20260403007643,RID49496,extreme_heat,7.3,4,8.1,3.9,0.15,7,0.56,26,0
CLM20260403007644,RID26456,extreme_heat,18.2,3,47.6,3.9,0.05,7,-0.98,27,0
CLM20260403007645,RID51052,civic_unrest,160.3,4,56.1,24.8,4.89,13,-0.27,25,0
CLM20260403007646,RID37456,civic_unrest,26.9,1,34.5,19.1,0.48,6,-0.08,13,0
CLM20260403007647,RID17031,civic_unrest,83.1,2,54.7,29.3,1.4,8,-1.07,12,0
CLM20260403007648,RID64955,severe_pollution,13.4,4,32.2,42.5,0.27,7,-0.08,10,0
CLM20260403007649,RID81786,extreme_heat,88.9,1,38.2,80.0,0.01,14,1.51,12,0
CLM20260403007650,RID24478,extreme_heat,95.1,2,40.4,53.9,1.21,10,0.03,15,0
CLM20260403007651,RID21387,civic_unrest,78.1,5,34.7,18.7,2.46,7,1.13,11,0
CLM20260403007652,RID93518,severe_pollution,80.7,3,46.9,38.6,1.08,5,-0.5,12,1
CLM20260403007653,RID43132,civic_unrest,34.9,0,8.7,57.7,1.12,4,1.18,29,0
CLM20260403007654,RID31446,civic_unrest,101.4,2,10.5,10.6,1.47,11,1.09,15,0
CLM20260403007655,RID43656,extreme_heat,81.8,3,38.9,4.9,0.95,6,1.12,21,0
CLM20260403007656,RID12253,severe_pollution,41.5,5,41.3,14.8,2.86,4,-0.52,10,0
CLM20260403007657,RID96497,civic_unrest,46.7,3,41.0,29.6,0.3,6,-0.18,24,0
CLM20260403007658,RID47100,heavy_rainfall,58.3,6,66.6,34.6,2.56,6,0.14,29,0
CLM20260403007659,RID26216,heavy_rainfall,29.7,7,68.2,42.9,1.5,10,0.82,15,0
CLM20260403007660,RID97894,severe_pollution,13.9,6,52.6,4.1,5.24,4,-1.03,19,0
CLM20260403007661,RID35633,heavy_rainfall,0.5,0,83.4,7.4,16.17,38,2.76,4,1
CLM20260403007662,RID79624,extreme_heat,0.5,0,6.9,1.0,13.06,42,1.9,2,1
CLM20260403007663,RID70764,extreme_heat,55.2,1,41.4,13.5,4.03,5,-0.19,15,0
CLM20260403007664,RID10330,severe_pollution,50.9,2,45.9,80.0,0.21,8,-0.61,12,0
CLM20260403007665,RID40605,civic_unrest,36.7,2,21.9,9.5,3.73,8,-0.81,14,0
CLM20260403007666,RID39536,civic_unrest,42.6,5,19.0,17.6,0.63,6,-0.33,29,0
CLM20260403007667,RID98757,civic_unrest,9.7,5,28.8,48.1,0.51,12,-0.2,16,0
CLM20260403007668,RID75594,extreme_heat,57.6,3,50.8,80.0,1.71,6,0.16,22,0
CLM20260403007669,RID18489,civic_unrest,75.9,2,11.9,19.2,0.89,4,0.33,14,0
CLM20260403007670,RID86898,severe_pollution,87.0,0,33.2,12.0,1.55,5,0.29,26,0
CLM20260403007671,RID80364,heavy_rainfall,86.2,5,35.1,41.7,0.08,8,-2.26,13,0
CLM20260403007672,RID63104,severe_pollution,72.3,5,32.1,7.0,2.01,12,0.41,24,0
CLM20260403007673,RID44035,heavy_rainfall,32.4,1,143.1,28.9,1.25,1,-1.39,28,0
CLM20260403007674,RID55523,heavy_rainfall,72.7,5,56.2,47.0,0.82,8,1.12,16,0
CLM20260403007675,RID23206,heavy_rainfall,87.1,0,42.9,26.0,0.54,9,-1.56,24,0
CLM20260403007676,RID33821,heavy_rainfall,22.7,5,145.0,30.6,0.26,10,0.4,29,0
CLM20260403007677,RID31102,civic_unrest,23.7,7,20.8,26.6,2.51,11,-0.99,14,0
CLM20260403007678,RID50763,extreme_heat,100.0,2,26.3,22.3,0.39,7,0.94,25,0
CLM20260403007679,RID96050,civic_unrest,45.8,4,34.8,25.2,0.78,9,1.09,12,0
CLM20260403007680,RID20782,extreme_heat,57.7,4,57.6,8.0,0.3,8,1.03,8,0
CLM20260403007681,RID42392,heavy_rainfall,37.8,3,106.7,25.6,0.09,10,-0.32,28,0
CLM20260403007682,RID25527,severe_pollution,77.7,5,28.9,38.6,0.29,5,-2.59,24,0
CLM20260403007683,RID16679,civic_unrest,156.1,3,38.5,17.7,1.18,13,0.14,15,0
CLM20260403007684,RID90124,severe_pollution,36.2,1,18.4,37.6,2.9,5,-2.85,9,0
CLM20260403007685,RID10549,extreme_heat,15.3,1,48.9,8.1,1.23,7,0.22,17,0
CLM20260403007686,RID75099,extreme_heat,115.3,2,55.9,36.0,0.67,8,-0.62,29,0
CLM20260403007687,RID23170,severe_pollution,33.5,1,37.1,65.2,0.56,7,-0.66,17,0
CLM20260403007688,RID16929,heavy_rainfall,28.0,2,97.0,45.8,2.55,7,-0.76,14,0
CLM20260403007689,RID36559,extreme_heat,68.6,5,15.8,9.3,0.27,7,-0.45,18,0
CLM20260403007690,RID18189,extreme_heat,60.2,1,38.0,39.0,1.73,5,-1.99,24,0
CLM20260403007691,RID23767,severe_pollution,83.7,3,42.1,80.0,0.55,6,2.73,29,0
CLM20260403007692,RID82189,heavy_rainfall,59.3,0,126.9,23.5,1.12,6,1.15,24,0
CLM20260403007693,RID20509,heavy_rainfall,46.4,2,81.9,40.4,0.4,11,-0.09,25,0
CLM20260403007694,RID46178,heavy_rainfall,69.3,4,31.7,31.1,4.52,6,0.88,25,1
CLM20260403007695,RID11730,extreme_heat,35.2,2,47.0,43.9,0.11,8,0.59,10,0
CLM20260403007696,RID49035,severe_pollution,9.1,4,47.3,32.3,0.35,12,1.84,22,0
CLM20260403007697,RID25306,extreme_heat,64.6,3,50.0,2.0,2.2,11,0.67,24,0
CLM20260403007698,RID24016,severe_pollution,46.3,4,40.7,80.0,1.99,10,1.97,22,0
CLM20260403007699,RID22963,severe_pollution,29.9,0,15.2,22.1,0.11,7,0.75,28,0
CLM20260403007700,RID95489,severe_pollution,21.7,4,19.8,27.1,0.7,8,1.18,24,0
CLM20260403007701,RID15975,heavy_rainfall,73.7,4,104.4,20.9,1.85,8,1.61,17,1
CLM20260403007702,RID92620,severe_pollution,115.7,2,27.7,21.0,1.58,6,0.06,8,0
CLM20260403007703,RID30393,civic_unrest,71.8,2,28.8,36.0,0.75,7,-1.36,23,0
CLM20260403007704,RID99619,heavy_rainfall,69.1,6,63.1,32.1,0.15,11,1.06,27,0
CLM20260403007705,RID76496,civic_unrest,73.2,2,15.6,8.0,0.69,4,0.95,18,0
CLM20260403007706,RID22913,civic_unrest,90.3,1,30.9,60.7,1.95,8,-1.78,22,0
CLM20260403007707,RID93379,severe_pollution,3.6,0,150.1,9.0,8.36,38,3.22,2,1
CLM20260403007708,RID78666,civic_unrest,90.7,2,11.5,25.5,1.62,9,-0.68,16,0
CLM20260403007709,RID57796,heavy_rainfall,115.3,5,134.0,3.9,0.01,6,0.65,25,0
CLM20260403007710,RID92403,heavy_rainfall,69.9,3,33.8,35.9,0.51,10,0.68,19,0
CLM20260403007711,RID20097,extreme_heat,25.2,5,27.3,9.4,4.78,4,-0.46,22,0
CLM20260403007712,RID67350,civic_unrest,88.1,4,37.2,16.3,0.68,2,-1.35,26,0
CLM20260403007713,RID39288,civic_unrest,115.5,4,43.5,20.9,3.24,11,-0.68,27,0
CLM20260403007714,RID79482,extreme_heat,99.4,1,45.9,11.5,2.0,8,-1.22,20,0
CLM20260403007715,RID25647,heavy_rainfall,79.0,0,135.1,14.6,2.14,4,0.63,16,0
CLM20260403007716,RID71937,extreme_heat,8.2,0,108.1,14.0,18.67,39,3.11,4,1
CLM20260403007717,RID83152,severe_pollution,186.0,2,17.1,14.6,2.72,12,-1.08,10,0
CLM20260403007718,RID78496,heavy_rainfall,67.6,3,53.5,26.2,0.15,6,0.0,20,0
CLM20260403007719,RID71823,extreme_heat,15.5,2,55.9,23.3,0.77,6,-0.1,13,0
CLM20260403007720,RID71339,heavy_rainfall,49.3,1,80.8,15.3,0.01,14,-2.28,27,0
CLM20260403007721,RID39713,severe_pollution,58.6,0,27.5,13.8,0.7,11,0.88,16,0
CLM20260403007722,RID24673,severe_pollution,165.4,3,59.6,80.0,0.89,8,-1.37,16,0
CLM20260403007723,RID23865,severe_pollution,131.3,3,46.0,30.9,0.8,6,-1.2,13,0
CLM20260403007724,RID13603,heavy_rainfall,50.8,2,77.4,55.9,0.73,6,-0.69,17,0
CLM20260403007725,RID90683,severe_pollution,5.7,4,25.9,23.1,1.2,8,-1.72,26,0
CLM20260403007726,RID30267,extreme_heat,13.6,5,43.5,9.7,0.08,6,-0.56,26,0
CLM20260403007727,RID36581,severe_pollution,7.2,4,32.2,14.6,1.21,5,0.68,27,0
CLM20260403007728,RID42940,severe_pollution,63.2,4,55.8,14.6,0.88,6,0.24,22,0
CLM20260403007729,RID74279,heavy_rainfall,41.6,5,96.3,33.7,1.35,9,-2.25,17,0
CLM20260403007730,RID80185,extreme_heat,147.5,3,44.7,15.5,0.46,5,-0.05,23,0
CLM20260403007731,RID73591,civic_unrest,58.3,3,23.8,4.9,1.18,8,-1.48,8,0
CLM20260403007732,RID39712,heavy_rainfall,4.9,0,86.3,0.1,16.76,32,1.79,2,1
CLM20260403007733,RID68642,severe_pollution,51.3,4,27.8,47.6,0.25,12,1.28,7,0
CLM20260403007734,RID83355,heavy_rainfall,62.3,4,85.0,30.7,0.7,11,1.68,25,0
CLM20260403007735,RID10914,extreme_heat,73.3,2,10.8,10.9,3.03,6,-1.55,21,0
CLM20260403007736,RID47590,heavy_rainfall,78.2,3,122.9,18.4,3.54,6,0.7,15,0
CLM20260403007737,RID98307,civic_unrest,103.3,4,49.8,5.5,0.4,5,0.95,8,0
CLM20260403007738,RID56123,severe_pollution,68.6,3,16.6,69.6,0.1,10,-2.41,21,0
CLM20260403007739,RID75601,heavy_rainfall,43.7,0,112.1,31.6,2.63,16,-1.51,15,0
CLM20260403007740,RID11930,extreme_heat,85.2,2,36.3,24.1,1.6,11,-0.13,21,0
CLM20260403007741,RID95371,civic_unrest,29.1,1,17.0,80.0,0.28,5,0.29,26,0
CLM20260403007742,RID97704,civic_unrest,240.0,3,12.5,2.7,0.11,4,0.64,24,0
CLM20260403007743,RID35448,extreme_heat,88.1,6,47.7,10.9,3.04,9,-1.78,26,0
CLM20260403007744,RID37955,severe_pollution,16.6,1,39.3,47.9,1.89,7,-0.39,23,0
CLM20260403007745,RID34408,extreme_heat,21.1,5,32.7,27.3,0.94,5,0.4,23,0
CLM20260403007746,RID25930,severe_pollution,8.1,1,32.2,8.2,0.7,7,0.22,21,0
CLM20260403007747,RID86687,heavy_rainfall,7.6,5,53.9,33.8,0.08,5,1.03,12,0
CLM20260403007748,RID60390,severe_pollution,141.9,1,47.9,6.3,0.69,11,-0.73,22,0
CLM20260403007749,RID82284,civic_unrest,95.9,5,52.7,21.3,0.52,11,-0.25,8,0
CLM20260403007750,RID69754,civic_unrest,3.0,4,26.2,26.2,1.84,5,-0.84,16,0
CLM20260403007751,RID62220,severe_pollution,1.2,0,4.6,1.3,1.76,45,1.36,1,1
CLM20260403007752,RID12611,severe_pollution,35.1,3,12.5,9.5,2.99,4,-1.49,10,0
CLM20260403007753,RID67997,civic_unrest,54.4,2,28.8,8.8,0.58,8,0.84,26,0
CLM20260403007754,RID18689,severe_pollution,29.5,0,3.5,12.8,13.4,33,3.85,2,1
CLM20260403007755,RID91231,heavy_rainfall,108.9,3,113.2,80.0,3.15,5,-0.16,19,0
CLM20260403007756,RID42231,civic_unrest,8.1,1,41.6,22.0,5.01,7,-0.24,13,0
CLM20260403007757,RID28617,heavy_rainfall,22.9,1,41.3,25.1,0.12,5,1.34,16,0
CLM20260403007758,RID52186,heavy_rainfall,174.0,4,102.4,7.5,0.09,14,0.72,7,0
CLM20260403007759,RID25130,severe_pollution,44.3,4,25.8,28.3,0.93,7,-0.49,27,0
CLM20260403007760,RID49084,extreme_heat,65.6,3,19.6,34.9,1.31,7,3.59,9,0
CLM20260403007761,RID60907,heavy_rainfall,25.3,5,55.1,30.6,0.27,6,1.46,7,0
CLM20260403007762,RID10578,severe_pollution,22.1,3,8.8,14.4,0.98,7,1.2,15,0
CLM20260403007763,RID11264,extreme_heat,27.0,4,54.0,21.3,1.05,7,0.72,29,0
CLM20260403007764,RID35903,civic_unrest,1.4,2,22.9,40.8,3.16,6,0.78,23,0
CLM20260403007765,RID16084,civic_unrest,62.8,2,28.3,20.0,5.09,5,-0.22,21,0
CLM20260403007766,RID30518,civic_unrest,104.8,3,58.8,38.2,2.18,9,0.34,26,0
CLM20260403007767,RID37771,heavy_rainfall,37.5,1,99.1,13.9,1.12,5,-1.32,29,0
CLM20260403007768,RID91265,extreme_heat,19.3,3,39.4,22.6,0.53,4,0.5,24,0
CLM20260403007769,RID85744,extreme_heat,39.0,4,18.1,27.9,0.73,8,-2.04,28,0
CLM20260403007770,RID47821,civic_unrest,134.1,3,16.0,35.5,1.47,11,1.37,19,0
CLM20260403007771,RID75980,heavy_rainfall,78.0,1,116.0,11.7,1.64,8,-0.87,11,0
CLM20260403007772,RID38887,heavy_rainfall,117.0,2,142.5,49.6,0.34,4,-0.79,26,0
CLM20260403007773,RID11339,civic_unrest,84.3,5,31.6,23.5,0.2,12,0.03,23,0
CLM20260403007774,RID24042,severe_pollution,79.0,1,33.3,8.9,0.84,11,1.55,15,0
CLM20260403007775,RID88733,heavy_rainfall,51.5,3,105.5,31.8,0.17,6,0.56,24,0
CLM20260403007776,RID12027,civic_unrest,72.0,4,24.0,19.6,0.56,8,0.22,25,0
CLM20260403007777,RID39967,heavy_rainfall,28.6,5,47.9,32.6,0.83,8,-1.27,8,0
CLM20260403007778,RID29314,heavy_rainfall,38.2,4,114.4,18.7,0.01,14,1.35,18,0
CLM20260403007779,RID58273,heavy_rainfall,114.1,2,30.4,9.2,0.38,10,-0.35,18,1
CLM20260403007780,RID59421,severe_pollution,38.9,4,10.7,35.4,2.45,3,-0.98,17,0
CLM20260403007781,RID57805,severe_pollution,49.3,3,16.4,12.4,0.17,10,0.05,14,0
CLM20260403007782,RID48115,severe_pollution,73.9,1,52.9,76.4,0.19,6,-0.2,28,0
CLM20260403007783,RID42121,extreme_heat,146.7,4,36.6,51.3,0.25,7,-1.02,14,0
CLM20260403007784,RID97522,civic_unrest,48.7,2,48.1,43.7,2.77,10,0.2,20,0
CLM20260403007785,RID40496,civic_unrest,30.4,2,47.2,20.4,2.3,9,-0.62,27,0
CLM20260403007786,RID82083,heavy_rainfall,39.0,0,134.6,15.8,1.24,10,-2.34,18,0
CLM20260403007787,RID22251,heavy_rainfall,24.2,3,148.9,5.9,1.63,7,1.77,13,0
CLM20260403007788,RID52710,heavy_rainfall,155.1,1,50.2,23.5,3.95,5,1.88,18,0
CLM20260403007789,RID25530,civic_unrest,79.5,6,31.0,21.1,1.89,7,0.25,23,1
CLM20260403007790,RID75361,severe_pollution,28.9,3,9.7,35.3,1.13,7,3.12,11,0
CLM20260403007791,RID44023,extreme_heat,105.7,1,20.0,44.9,0.57,11,-0.65,12,0
CLM20260403007792,RID74301,severe_pollution,3.5,0,8.4,10.3,17.44,42,2.58,2,1
CLM20260403007793,RID26027,civic_unrest,70.5,2,38.8,22.0,0.21,8,-0.85,18,0
CLM20260403007794,RID71926,extreme_heat,36.7,5,51.7,13.7,0.97,2,0.53,12,0
CLM20260403007795,RID82326,civic_unrest,70.9,5,46.6,17.8,1.8,12,-0.22,17,0
CLM20260403007796,RID52067,heavy_rainfall,29.7,7,102.7,21.7,0.41,5,-0.43,24,0
CLM20260403007797,RID27932,heavy_rainfall,32.3,3,137.2,34.7,1.56,7,0.33,12,0
CLM20260403007798,RID68856,severe_pollution,25.3,4,33.6,24.3,0.68,10,-0.02,9,0
CLM20260403007799,RID53190,heavy_rainfall,55.5,5,72.8,80.0,0.32,10,1.65,16,0
CLM20260403007800,RID27561,extreme_heat,2.1,2,128.8,1.2,7.72,35,3.03,1,1
CLM20260403007801,RID87630,civic_unrest,17.8,0,51.4,30.2,0.33,6,0.1,26,0
CLM20260403007802,RID83765,severe_pollution,93.2,1,40.0,27.2,0.48,8,0.57,26,0
CLM20260403007803,RID76412,heavy_rainfall,134.6,2,26.1,16.8,0.5,6,-2.13,14,0
CLM20260403007804,RID54743,civic_unrest,75.9,0,38.7,59.5,0.56,10,0.27,7,1
CLM20260403007805,RID44025,extreme_heat,24.7,2,49.2,11.2,1.96,11,-1.04,18,0
CLM20260403007806,RID59332,heavy_rainfall,88.3,2,85.9,37.9,1.52,11,0.47,8,0
CLM20260403007807,RID98007,severe_pollution,70.5,1,42.2,35.5,2.02,3,-1.03,9,1
CLM20260403007808,RID31073,extreme_heat,86.7,3,38.8,23.9,1.02,9,1.82,21,0
CLM20260403007809,RID60246,heavy_rainfall,44.5,2,112.3,32.8,0.18,9,0.3,29,0
CLM20260403007810,RID30120,civic_unrest,65.7,3,25.8,10.0,1.5,6,1.57,23,0
CLM20260403007811,RID48367,severe_pollution,81.0,0,56.4,12.1,2.54,11,-0.26,20,0
CLM20260403007812,RID58471,civic_unrest,1.6,0,7.6,14.8,11.37,33,4.32,1,1
CLM20260403007813,RID65423,severe_pollution,4.1,0,183.8,2.2,10.06,40,1.63,12,1
CLM20260403007814,RID71415,extreme_heat,34.0,4,52.9,19.8,0.43,9,-1.23,9,0
CLM20260403007815,RID14807,civic_unrest,4.6,0,4.1,9.8,5.47,29,2.64,1,1
CLM20260403007816,RID18474,severe_pollution,35.0,4,51.6,34.7,0.03,6,-0.61,19,0
CLM20260403007817,RID23336,heavy_rainfall,84.7,3,32.7,55.8,0.23,11,-0.17,14,1
CLM20260403007818,RID70383,extreme_heat,240.0,3,17.1,32.5,5.31,13,0.41,14,0
CLM20260403007819,RID18014,severe_pollution,69.7,2,21.1,13.3,0.99,11,1.02,26,0
CLM20260403007820,RID26056,civic_unrest,19.9,2,56.8,15.3,9.0,8,0.25,21,0
CLM20260403007821,RID60367,civic_unrest,74.5,4,56.2,13.7,0.0,11,-0.43,17,0
CLM20260403007822,RID95503,severe_pollution,56.2,6,36.8,21.1,2.27,5,1.15,21,0
CLM20260403007823,RID79672,extreme_heat,89.8,0,58.8,66.9,1.49,5,-0.96,15,0
CLM20260403007824,RID73065,heavy_rainfall,162.9,2,80.4,14.4,1.81,10,-1.09,26,1
CLM20260403007825,RID38378,heavy_rainfall,59.9,3,110.7,23.6,0.88,10,0.16,15,0
CLM20260403007826,RID73789,civic_unrest,11.4,5,50.3,23.9,0.21,7,-0.38,27,0
CLM20260403007827,RID50225,extreme_heat,17.9,3,33.4,26.7,2.47,8,-1.67,10,0
CLM20260403007828,RID79478,heavy_rainfall,25.3,3,142.9,66.2,0.61,14,-0.7,15,0
CLM20260403007829,RID34341,severe_pollution,84.0,4,12.6,11.1,4.11,4,-2.4,22,0
CLM20260403007830,RID48863,heavy_rainfall,23.2,5,28.0,31.0,3.22,9,1.48,12,0
CLM20260403007831,RID49546,civic_unrest,48.6,5,44.5,49.7,2.58,8,-0.58,7,0
CLM20260403007832,RID70164,extreme_heat,7.4,1,13.2,3.8,1.12,12,-0.24,10,0
CLM20260403007833,RID60242,heavy_rainfall,42.7,1,56.7,11.5,0.69,11,0.81,12,0
CLM20260403007834,RID31233,extreme_heat,113.8,3,30.8,30.4,0.05,8,1.46,14,0
CLM20260403007835,RID53559,civic_unrest,21.8,5,12.7,28.8,1.15,8,0.29,29,0
CLM20260403007836,RID61698,severe_pollution,29.3,3,8.7,11.6,0.74,3,-0.86,25,0
CLM20260403007837,RID29333,severe_pollution,105.0,2,43.6,57.9,0.11,6,0.44,15,0
CLM20260403007838,RID34371,civic_unrest,47.9,2,51.3,36.4,1.79,5,-1.17,15,0
CLM20260403007839,RID15989,severe_pollution,60.5,2,58.2,40.1,0.18,4,-0.83,16,0
CLM20260403007840,RID64607,severe_pollution,43.7,3,55.2,7.6,2.91,4,0.02,8,0
CLM20260403007841,RID42856,extreme_heat,66.1,6,8.5,20.4,0.12,9,1.88,9,0
CLM20260403007842,RID11348,severe_pollution,13.0,4,51.4,35.8,0.85,5,-0.33,16,0
CLM20260403007843,RID95551,severe_pollution,35.4,4,34.6,24.7,0.66,8,1.42,25,0
CLM20260403007844,RID99547,extreme_heat,83.8,8,42.2,29.0,0.42,10,0.57,8,0
CLM20260403007845,RID28850,severe_pollution,53.9,1,47.2,32.2,0.27,6,0.33,28,1
CLM20260403007846,RID18860,extreme_heat,80.1,2,32.8,16.2,1.26,7,-1.39,17,0
CLM20260403007847,RID54336,extreme_heat,73.2,2,10.5,80.0,3.27,9,0.94,15,0
CLM20260403007848,RID81891,severe_pollution,103.0,1,27.6,3.5,3.22,6,-0.05,16,0
CLM20260403007849,RID72375,severe_pollution,0.5,0,65.9,14.1,0.4,34,1.67,3,1
CLM20260403007850,RID28135,civic_unrest,28.0,3,14.3,3.0,0.92,9,0.72,9,0
CLM20260403007851,RID89133,extreme_heat,93.9,4,38.7,24.9,1.13,11,0.18,21,0
CLM20260403007852,RID38559,severe_pollution,34.6,3,8.4,26.1,4.92,11,-0.71,15,0
CLM20260403007853,RID76053,severe_pollution,71.5,0,42.0,2.7,1.82,6,0.05,13,0
CLM20260403007854,RID89610,heavy_rainfall,73.6,5,90.9,18.8,0.57,3,1.06,24,1
CLM20260403007855,RID63272,heavy_rainfall,57.8,2,74.0,29.5,5.61,9,1.34,21,0
CLM20260403007856,RID44504,severe_pollution,151.4,9,8.3,10.6,0.44,15,0.4,20,0
CLM20260403007857,RID87505,extreme_heat,59.8,1,58.3,12.3,0.4,17,0.71,29,0
CLM20260403007858,RID33116,heavy_rainfall,69.1,1,43.1,50.8,1.4,4,-0.41,8,0
CLM20260403007859,RID53857,civic_unrest,99.2,2,47.5,22.8,3.13,8,0.53,17,0
CLM20260403007860,RID40843,civic_unrest,40.9,2,17.2,8.1,0.67,12,-0.48,25,0
CLM20260403007861,RID10789,civic_unrest,50.4,5,27.6,20.8,0.21,3,0.77,19,0
CLM20260403007862,RID13329,extreme_heat,68.2,1,19.4,26.8,0.36,4,0.21,11,0
CLM20260403007863,RID72162,extreme_heat,94.0,5,49.3,23.9,0.67,9,2.31,24,0
CLM20260403007864,RID85721,severe_pollution,36.6,6,15.1,47.1,2.18,17,1.75,24,0
CLM20260403007865,RID20984,civic_unrest,9.3,3,11.4,20.2,0.27,3,-0.77,27,0
CLM20260403007866,RID88142,severe_pollution,43.6,4,28.5,34.2,2.15,5,-0.98,20,0
CLM20260403007867,RID66238,civic_unrest,84.3,1,29.5,28.7,0.4,12,0.99,25,0
CLM20260403007868,RID11157,civic_unrest,79.0,2,9.8,24.2,2.39,12,-1.35,12,0
CLM20260403007869,RID35146,civic_unrest,75.6,3,19.0,21.1,0.64,5,-1.14,28,1
CLM20260403007870,RID63935,severe_pollution,62.9,0,37.9,28.9,2.3,6,1.89,19,0
CLM20260403007871,RID17572,severe_pollution,46.5,0,23.6,8.5,1.89,6,0.44,25,0
CLM20260403007872,RID75561,severe_pollution,2.6,1,7.2,13.9,10.34,46,2.51,4,1
CLM20260403007873,RID75511,civic_unrest,38.3,4,38.4,71.2,1.27,7,1.46,17,0
CLM20260403007874,RID55123,civic_unrest,34.5,6,46.0,71.9,1.15,6,1.19,28,0
CLM20260403007875,RID30812,severe_pollution,31.8,2,55.1,39.4,1.23,9,-0.51,21,0
CLM20260403007876,RID20089,heavy_rainfall,24.1,2,134.5,39.0,0.02,5,-1.04,15,0
CLM20260403007877,RID41619,civic_unrest,31.5,1,45.9,24.5,2.95,9,0.2,27,0
CLM20260403007878,RID29288,extreme_heat,148.9,3,26.8,24.6,0.74,6,-0.41,13,0
CLM20260403007879,RID72502,extreme_heat,100.2,4,45.3,32.2,2.56,6,-0.04,23,0
CLM20260403007880,RID62748,extreme_heat,97.7,6,44.1,77.3,1.22,9,-0.67,22,0
CLM20260403007881,RID69695,extreme_heat,1.3,0,2.5,1.8,18.37,29,3.27,3,1
CLM20260403007882,RID33627,heavy_rainfall,117.8,4,49.0,29.7,0.7,7,-1.28,12,0
CLM20260403007883,RID33077,extreme_heat,107.5,0,22.2,23.1,0.44,6,0.47,9,0
CLM20260403007884,RID94340,extreme_heat,0.5,0,6.4,0.7,8.33,40,0.54,2,1
CLM20260403007885,RID73195,heavy_rainfall,113.1,3,49.3,56.5,0.19,4,-0.87,29,0
CLM20260403007886,RID23948,heavy_rainfall,53.7,3,80.9,14.8,0.11,7,-2.04,9,0
CLM20260403007887,RID70920,civic_unrest,154.7,2,24.1,32.4,0.0,8,2.42,29,0
CLM20260403007888,RID95360,severe_pollution,54.7,5,28.6,4.4,1.39,6,-0.25,26,0
CLM20260403007889,RID65827,heavy_rainfall,111.9,2,87.7,19.0,2.43,10,0.64,25,0
CLM20260403007890,RID74463,heavy_rainfall,176.8,4,21.5,69.3,0.16,9,-0.38,17,0
CLM20260403007891,RID65434,extreme_heat,14.8,7,45.0,49.3,4.98,10,1.11,15,0
CLM20260403007892,RID17498,civic_unrest,116.1,4,45.8,33.8,1.66,10,0.39,14,0
CLM20260403007893,RID30658,civic_unrest,15.0,2,21.8,55.1,0.28,6,-0.25,15,0
CLM20260403007894,RID24944,civic_unrest,36.1,4,25.8,52.3,0.02,7,1.55,20,0
CLM20260403007895,RID45154,severe_pollution,63.7,1,49.9,15.2,1.74,9,0.78,7,0
CLM20260403007896,RID85644,extreme_heat,50.2,2,23.5,15.0,1.16,11,2.14,16,0
CLM20260403007897,RID14244,civic_unrest,46.3,2,34.9,5.7,1.22,9,0.21,10,0
CLM20260403007898,RID33032,heavy_rainfall,34.0,2,136.4,10.2,2.08,10,-0.89,19,0
CLM20260403007899,RID65683,heavy_rainfall,92.2,3,124.0,11.9,0.42,14,-1.4,26,0
CLM20260403007900,RID37175,extreme_heat,75.5,4,53.9,10.0,0.08,6,-0.79,16,0
CLM20260403007901,RID34534,heavy_rainfall,68.4,3,75.4,23.9,0.4,10,1.23,19,0
CLM20260403007902,RID33616,severe_pollution,54.0,5,39.6,19.8,0.32,6,1.05,7,0
CLM20260403007903,RID84532,heavy_rainfall,32.4,2,120.7,48.3,0.53,14,-0.67,15,0
CLM20260403007904,RID22537,civic_unrest,18.0,5,46.9,10.6,0.27,11,1.13,10,0
CLM20260403007905,RID34167,severe_pollution,15.1,2,36.1,20.8,0.65,9,1.31,25,0
CLM20260403007906,RID45210,severe_pollution,0.7,0,102.7,4.5,11.41,37,2.68,2,1
CLM20260403007907,RID20149,heavy_rainfall,98.3,4,106.8,68.8,1.18,7,0.58,25,0
CLM20260403007908,RID65352,heavy_rainfall,46.0,1,119.4,27.4,0.75,9,-0.62,12,0
CLM20260403007909,RID19365,severe_pollution,59.2,0,46.4,22.5,0.78,12,0.97,25,0
CLM20260403007910,RID70889,heavy_rainfall,9.0,0,69.6,5.4,14.0,37,3.46,5,1
CLM20260403007911,RID38316,heavy_rainfall,107.4,2,26.9,40.3,3.93,5,2.53,21,0
CLM20260403007912,RID62436,extreme_heat,43.0,2,51.7,52.7,1.1,7,-0.79,16,0
CLM20260403007913,RID68412,heavy_rainfall,66.7,3,102.3,35.5,2.21,11,-0.67,26,0
CLM20260403007914,RID54883,heavy_rainfall,41.7,0,52.1,59.4,7.51,9,0.92,23,0
CLM20260403007915,RID14312,civic_unrest,31.4,5,37.9,5.7,1.49,8,-0.89,15,0
CLM20260403007916,RID86454,extreme_heat,21.5,2,21.7,16.8,1.31,9,-2.43,23,0
CLM20260403007917,RID37351,extreme_heat,109.5,3,37.8,31.9,0.16,5,-0.61,29,0
CLM20260403007918,RID64167,severe_pollution,3.3,0,161.7,1.9,16.43,29,3.22,1,1
CLM20260403007919,RID34056,civic_unrest,14.0,3,31.8,42.9,1.42,8,0.45,9,0
CLM20260403007920,RID46655,severe_pollution,52.4,3,47.2,24.3,1.3,9,-0.22,23,0
CLM20260403007921,RID85703,extreme_heat,117.6,4,58.5,13.7,0.38,4,-0.24,13,0
CLM20260403007922,RID24828,severe_pollution,122.7,3,51.9,30.3,0.21,6,-0.29,22,1
CLM20260403007923,RID30959,civic_unrest,57.8,2,27.6,18.0,0.97,7,-0.07,28,0
CLM20260403007924,RID68143,severe_pollution,40.5,7,48.9,28.0,2.13,11,-2.02,26,0
CLM20260403007925,RID41675,heavy_rainfall,40.9,2,66.4,47.4,1.28,7,-0.4,24,0
CLM20260403007926,RID80769,extreme_heat,44.0,4,41.8,14.8,1.91,7,1.18,7,0
CLM20260403007927,RID83770,heavy_rainfall,20.1,3,99.3,30.1,1.33,6,0.09,12,0
CLM20260403007928,RID62127,civic_unrest,98.5,1,16.2,11.8,0.09,13,-0.54,18,0
CLM20260403007929,RID44093,heavy_rainfall,41.0,1,81.0,41.7,2.08,5,-1.16,28,0
CLM20260403007930,RID30483,civic_unrest,113.8,2,30.6,18.7,3.32,3,0.37,12,0
CLM20260403007931,RID90711,civic_unrest,31.2,5,23.4,40.6,0.75,8,1.34,9,0
CLM20260403007932,RID24250,extreme_heat,24.0,1,39.3,38.1,1.0,6,-0.34,28,0
CLM20260403007933,RID89260,extreme_heat,12.0,1,41.8,40.4,0.17,10,0.57,12,0
CLM20260403007934,RID26675,severe_pollution,50.5,4,27.7,43.9,2.69,7,-0.21,14,0
CLM20260403007935,RID30709,severe_pollution,56.6,3,15.9,11.3,0.3,9,0.08,11,0
CLM20260403007936,RID33616,heavy_rainfall,64.1,7,50.2,11.6,0.2,9,0.75,29,0
CLM20260403007937,RID30980,heavy_rainfall,14.4,5,85.1,46.8,0.13,7,-0.89,25,0
CLM20260403007938,RID60805,extreme_heat,61.7,2,11.4,30.1,0.44,0,-0.4,27,0
CLM20260403007939,RID55621,heavy_rainfall,152.3,4,136.7,9.5,1.81,6,-2.25,27,0
CLM20260403007940,RID49120,severe_pollution,75.6,0,51.7,21.2,2.15,4,-1.41,17,0
CLM20260403007941,RID17798,extreme_heat,42.9,4,34.9,46.6,1.64,5,-1.8,9,0
CLM20260403007942,RID66419,severe_pollution,55.3,4,30.5,15.8,0.12,9,0.09,29,0
CLM20260403007943,RID69318,severe_pollution,96.2,3,14.9,9.5,1.99,10,1.95,20,0
CLM20260403007944,RID94657,civic_unrest,67.5,3,52.6,33.4,1.32,7,0.9,13,0
CLM20260403007945,RID32497,severe_pollution,200.3,4,19.8,31.3,1.09,8,-0.97,17,0
CLM20260403007946,RID31784,civic_unrest,95.3,3,15.3,15.1,3.06,6,-1.26,23,0
CLM20260403007947,RID56648,extreme_heat,88.0,2,31.1,32.2,0.51,12,2.52,21,0
CLM20260403007948,RID87085,severe_pollution,32.9,3,9.4,29.1,0.62,10,1.38,26,0
CLM20260403007949,RID44704,civic_unrest,50.3,4,40.2,19.9,2.56,6,1.73,8,0
CLM20260403007950,RID13066,severe_pollution,4.5,0,54.5,14.6,11.45,31,4.12,3,1
CLM20260403007951,RID10074,severe_pollution,61.7,3,49.4,25.7,1.7,4,0.81,23,0
CLM20260403007952,RID49498,heavy_rainfall,10.7,0,35.5,34.8,1.64,10,0.64,18,0
CLM20260403007953,RID64879,severe_pollution,3.7,3,12.2,59.2,0.3,5,0.98,9,0
CLM20260403007954,RID57629,severe_pollution,11.3,10,38.2,44.1,1.41,11,-1.02,20,0
CLM20260403007955,RID12844,extreme_heat,24.3,5,44.3,80.0,4.38,11,-0.01,12,0
CLM20260403007956,RID15845,heavy_rainfall,87.4,2,131.0,14.8,0.27,7,-0.05,21,0
CLM20260403007957,RID97176,heavy_rainfall,49.7,2,31.3,7.1,5.57,3,-0.14,25,0
CLM20260403007958,RID84061,extreme_heat,56.8,4,17.8,6.1,1.77,8,2.66,9,0
CLM20260403007959,RID87990,heavy_rainfall,29.4,2,146.2,64.4,1.27,8,0.13,25,0
CLM20260403007960,RID31745,extreme_heat,57.1,2,35.5,26.6,0.22,7,0.48,15,0
CLM20260403007961,RID20191,civic_unrest,9.5,2,35.3,36.6,3.96,8,0.96,28,0
CLM20260403007962,RID49228,extreme_heat,10.1,2,22.1,80.0,0.23,8,1.13,25,0
CLM20260403007963,RID91224,heavy_rainfall,41.0,2,51.7,26.6,1.56,7,-1.58,16,0
CLM20260403007964,RID46633,civic_unrest,39.4,1,38.4,56.2,1.39,7,-0.36,21,0
CLM20260403007965,RID81069,heavy_rainfall,57.1,2,132.1,23.2,0.08,10,-0.25,29,0
CLM20260403007966,RID86648,extreme_heat,61.1,2,27.6,33.3,2.6,6,1.39,27,0
CLM20260403007967,RID32721,extreme_heat,17.8,4,25.7,33.7,3.99,4,-0.74,23,1
CLM20260403007968,RID55678,extreme_heat,85.8,4,10.7,37.7,0.7,6,-1.29,13,0
CLM20260403007969,RID42409,extreme_heat,106.9,1,45.9,80.0,0.66,12,-0.22,19,0
CLM20260403007970,RID32716,heavy_rainfall,40.7,5,113.6,20.1,2.37,8,0.21,24,0
CLM20260403007971,RID31990,extreme_heat,30.7,5,23.7,4.3,0.68,11,0.01,27,0
CLM20260403007972,RID56860,heavy_rainfall,71.5,2,35.3,10.4,0.57,7,0.01,29,0
CLM20260403007973,RID15339,extreme_heat,16.2,3,47.3,80.0,3.44,14,1.91,18,0
CLM20260403007974,RID59052,civic_unrest,42.9,6,15.1,23.1,0.01,8,-1.95,20,0
CLM20260403007975,RID55095,heavy_rainfall,95.4,2,131.6,11.9,3.56,8,-0.1,24,0
CLM20260403007976,RID24879,extreme_heat,24.9,2,45.5,6.6,4.27,6,-1.85,18,0
CLM20260403007977,RID54255,civic_unrest,32.0,2,13.2,13.7,0.25,6,0.14,19,0
CLM20260403007978,RID53065,heavy_rainfall,4.5,0,158.0,1.5,7.54,29,2.02,2,1
CLM20260403007979,RID39627,severe_pollution,86.6,3,51.1,17.8,3.41,10,-0.38,24,0
CLM20260403007980,RID86139,civic_unrest,91.8,1,42.5,45.3,1.19,3,0.96,20,0
CLM20260403007981,RID37282,extreme_heat,16.0,5,38.9,26.5,1.6,6,-2.54,16,0
CLM20260403007982,RID42191,extreme_heat,67.0,4,58.6,13.9,1.24,10,0.37,29,0
CLM20260403007983,RID31260,civic_unrest,4.9,2,35.6,11.6,0.33,4,-0.22,24,0
CLM20260403007984,RID42281,severe_pollution,116.3,3,54.4,41.5,1.55,6,1.6,25,0
CLM20260403007985,RID31392,severe_pollution,24.9,5,41.7,61.2,0.09,5,0.0,17,0
CLM20260403007986,RID27335,heavy_rainfall,131.7,4,47.7,19.0,9.96,7,0.65,25,0
CLM20260403007987,RID80438,heavy_rainfall,171.9,5,85.2,80.0,0.42,5,-0.3,25,0
CLM20260403007988,RID55458,extreme_heat,3.4,0,8.9,7.9,5.15,35,2.74,2,1
CLM20260403007989,RID26049,extreme_heat,127.0,4,37.6,39.5,10.92,9,1.13,8,0
CLM20260403007990,RID45319,civic_unrest,36.3,3,38.3,30.3,9.35,8,1.71,21,0
CLM20260403007991,RID21857,extreme_heat,213.4,2,22.0,80.0,0.7,14,0.26,18,0
CLM20260403007992,RID85993,heavy_rainfall,10.7,3,97.5,7.6,4.55,9,0.86,19,0
CLM20260403007993,RID68239,civic_unrest,55.3,2,25.4,53.8,0.32,8,1.55,26,0
CLM20260403007994,RID88439,severe_pollution,0.5,0,118.9,13.7,16.06,30,3.44,5,1
CLM20260403007995,RID51032,extreme_heat,1.9,1,46.0,15.9,0.58,4,1.5,25,0
CLM20260403007996,RID17397,heavy_rainfall,118.4,3,99.8,42.1,1.03,7,-0.77,28,0
CLM20260403007997,RID28696,extreme_heat,212.1,4,29.6,4.2,0.3,7,-0.22,13,1
CLM20260403007998,RID75065,severe_pollution,15.9,3,19.1,9.4,1.21,6,-0.76,10,0
CLM20260403007999,RID35963,heavy_rainfall,61.8,4,33.7,5.2,4.58,7,-1.31,10,0
CLM20260403008000,RID73061,severe_pollution,24.3,1,54.6,12.4,2.35,9,1.02,8,0
CLM20260403008001,RID50499,civic_unrest,110.2,5,11.7,21.1,0.35,11,0.09,15,0
CLM20260403008002,RID46419,extreme_heat,78.6,2,56.6,21.9,0.06,4,-0.94,23,0
CLM20260403008003,RID18593,heavy_rainfall,99.9,4,37.5,18.6,0.26,6,-1.32,27,0
CLM20260403008004,RID60322,extreme_heat,66.1,1,53.0,27.0,3.11,10,-0.97,13,0
CLM20260403008005,RID88026,civic_unrest,62.9,4,18.4,23.3,1.04,14,-0.08,7,0
CLM20260403008006,RID94006,heavy_rainfall,3.3,0,71.3,1.0,17.86,38,3.33,8,1
CLM20260403008007,RID84233,extreme_heat,47.4,5,57.0,25.1,0.95,10,1.32,11,0
CLM20260403008008,RID68738,civic_unrest,32.5,5,36.1,6.3,1.98,6,0.01,11,0
CLM20260403008009,RID91544,heavy_rainfall,56.4,1,38.9,23.2,2.04,11,-0.4,9,0
CLM20260403008010,RID86802,extreme_heat,68.4,0,49.0,23.0,2.05,3,-0.8,12,0
CLM20260403008011,RID33699,severe_pollution,41.7,1,47.0,80.0,0.8,5,2.67,18,0
CLM20260403008012,RID68502,heavy_rainfall,52.8,1,77.3,12.1,1.76,6,0.07,17,0
CLM20260403008013,RID40025,heavy_rainfall,40.8,3,148.3,10.2,0.75,4,-0.65,23,0
CLM20260403008014,RID73126,civic_unrest,47.0,0,32.8,14.3,3.21,3,0.42,27,0
CLM20260403008015,RID40424,severe_pollution,57.7,3,11.0,23.1,1.32,10,-0.67,24,0
CLM20260403008016,RID26791,severe_pollution,25.3,1,50.2,3.3,1.23,9,-0.39,28,0
CLM20260403008017,RID45922,severe_pollution,148.9,5,38.0,61.0,1.36,8,-1.14,9,0
CLM20260403008018,RID51746,extreme_heat,0.7,0,6.3,2.4,10.24,41,2.41,8,1
CLM20260403008019,RID97527,severe_pollution,42.5,3,57.6,35.5,2.08,12,-1.25,24,0
CLM20260403008020,RID43013,severe_pollution,52.4,3,38.4,30.0,1.03,6,-1.21,28,1
CLM20260403008021,RID23485,extreme_heat,0.6,0,9.2,11.3,12.48,38,2.37,12,1
CLM20260403008022,RID13329,severe_pollution,12.1,1,58.1,76.2,0.39,11,0.1,25,0
CLM20260403008023,RID25789,severe_pollution,68.0,3,43.4,24.6,0.42,10,-0.94,25,0
CLM20260403008024,RID39958,heavy_rainfall,23.2,2,83.3,19.7,0.5,5,0.08,29,0
CLM20260403008025,RID10591,extreme_heat,21.5,5,35.5,46.8,0.05,10,-0.18,10,0
CLM20260403008026,RID96487,civic_unrest,85.9,7,12.6,32.8,3.67,5,1.37,25,0
CLM20260403008027,RID51340,extreme_heat,31.7,2,52.2,16.9,1.01,13,0.33,16,0
CLM20260403008028,RID45452,heavy_rainfall,67.7,5,94.6,21.6,1.99,5,1.31,12,0
CLM20260403008029,RID35041,extreme_heat,29.0,4,9.3,26.6,3.66,9,-1.27,29,0
CLM20260403008030,RID23879,heavy_rainfall,4.3,0,154.3,1.6,1.26,45,2.25,1,1
CLM20260403008031,RID56377,extreme_heat,48.7,3,58.5,34.6,2.27,8,0.11,8,0
CLM20260403008032,RID53498,civic_unrest,39.6,5,16.8,76.9,0.15,12,-0.9,8,0
CLM20260403008033,RID11301,civic_unrest,4.1,0,5.6,11.9,17.13,38,2.33,3,1
CLM20260403008034,RID22332,civic_unrest,62.0,3,43.6,20.6,4.67,7,0.41,26,0
CLM20260403008035,RID37509,extreme_heat,1.4,0,96.2,12.7,0.66,39,3.79,2,1
CLM20260403008036,RID23155,heavy_rainfall,120.2,2,30.5,8.6,0.38,9,1.85,24,0
CLM20260403008037,RID49257,extreme_heat,55.4,3,58.2,69.3,2.16,8,-2.17,28,0
CLM20260403008038,RID97318,heavy_rainfall,66.9,6,51.0,70.8,0.96,8,1.33,7,0
CLM20260403008039,RID77819,severe_pollution,51.5,4,37.6,19.0,1.17,3,0.56,23,0
CLM20260403008040,RID73584,severe_pollution,93.3,7,52.0,12.7,5.01,5,1.32,12,0
CLM20260403008041,RID93586,extreme_heat,46.9,3,49.5,15.9,3.42,5,1.17,13,0
CLM20260403008042,RID44200,severe_pollution,58.5,5,44.4,65.6,0.14,5,1.07,21,0
CLM20260403008043,RID89359,extreme_heat,78.8,3,57.9,32.3,1.83,2,-1.47,12,0
CLM20260403008044,RID59068,civic_unrest,28.7,2,10.3,7.7,2.48,9,1.06,10,0
CLM20260403008045,RID27208,extreme_heat,19.6,3,51.1,7.3,0.46,8,-1.27,12,0
CLM20260403008046,RID22245,extreme_heat,37.2,4,9.5,11.6,0.8,12,-1.9,25,0
CLM20260403008047,RID43341,civic_unrest,48.0,10,41.1,14.3,5.59,6,1.21,14,0
CLM20260403008048,RID80739,heavy_rainfall,7.3,0,63.6,11.3,17.12,35,2.51,1,1
CLM20260403008049,RID87424,extreme_heat,95.7,5,25.5,13.2,7.19,5,-1.0,28,0
CLM20260403008050,RID10973,civic_unrest,16.9,1,37.3,14.0,0.06,8,-0.1,23,0
CLM20260403008051,RID81136,severe_pollution,4.2,0,144.7,0.6,9.66,40,3.38,2,1
CLM20260403008052,RID74571,heavy_rainfall,37.3,5,23.6,80.0,1.14,10,0.84,11,0
CLM20260403008053,RID66547,severe_pollution,23.5,3,49.9,28.0,0.27,4,0.29,12,0
CLM20260403008054,RID93105,severe_pollution,64.8,5,56.1,21.3,0.31,11,-0.29,19,0
CLM20260403008055,RID85311,extreme_heat,34.6,4,53.1,14.9,0.57,10,0.93,7,0
CLM20260403008056,RID37390,extreme_heat,2.7,1,8.7,2.3,17.69,34,2.03,1,1
CLM20260403008057,RID32302,severe_pollution,27.1,3,12.2,25.5,0.08,15,3.42,21,0
CLM20260403008058,RID56437,heavy_rainfall,98.8,3,56.6,8.8,0.71,13,0.24,9,0
CLM20260403008059,RID56919,heavy_rainfall,0.5,0,9.3,11.8,19.72,34,2.84,3,1
CLM20260403008060,RID31748,civic_unrest,1.8,0,9.2,10.4,6.97,47,2.05,2,1
CLM20260403008061,RID71246,civic_unrest,96.9,5,55.6,50.2,5.57,9,-0.01,19,0
CLM20260403008062,RID66792,civic_unrest,94.1,2,56.8,17.1,0.58,8,0.81,13,0
CLM20260403008063,RID17514,civic_unrest,72.6,7,34.0,19.5,1.48,7,2.14,10,0
CLM20260403008064,RID93432,civic_unrest,117.3,2,41.4,4.0,0.72,9,-2.87,7,0
CLM20260403008065,RID79113,extreme_heat,25.4,2,24.6,56.6,1.97,7,0.2,13,0
CLM20260403008066,RID80973,extreme_heat,62.5,1,21.2,11.4,0.64,8,-0.6,26,1
CLM20260403008067,RID52026,severe_pollution,81.9,1,48.6,15.1,1.72,8,0.45,23,0
CLM20260403008068,RID72629,extreme_heat,21.4,4,23.6,27.7,0.32,10,-1.74,27,0
CLM20260403008069,RID63022,extreme_heat,102.1,4,47.0,49.7,2.81,13,-0.86,17,0
CLM20260403008070,RID12357,civic_unrest,24.9,2,38.5,31.4,0.01,14,0.7,19,1
CLM20260403008071,RID62153,severe_pollution,52.1,3,31.3,11.0,0.97,8,1.09,8,0
CLM20260403008072,RID26427,extreme_heat,45.6,2,12.8,23.3,0.74,8,-0.16,22,0
CLM20260403008073,RID57502,civic_unrest,8.3,2,28.4,21.1,2.08,6,-0.05,26,0
CLM20260403008074,RID38404,civic_unrest,19.8,2,42.9,6.7,0.22,4,1.73,10,0
CLM20260403008075,RID58920,heavy_rainfall,36.6,6,36.2,19.7,2.59,9,-1.48,25,0
CLM20260403008076,RID86756,severe_pollution,17.8,2,27.0,41.9,1.69,9,0.06,17,0
CLM20260403008077,RID32121,extreme_heat,48.4,4,57.9,37.4,0.15,5,-1.25,7,0
CLM20260403008078,RID32624,extreme_heat,153.9,4,41.3,20.9,0.7,7,-1.26,21,0
CLM20260403008079,RID55922,heavy_rainfall,84.3,2,84.0,41.5,0.36,11,-0.65,13,0
CLM20260403008080,RID23931,extreme_heat,10.0,0,178.5,10.9,16.2,29,3.95,3,1
CLM20260403008081,RID56224,severe_pollution,107.3,4,16.0,15.7,1.91,4,-1.13,8,0
CLM20260403008082,RID32020,civic_unrest,26.2,3,46.6,37.1,0.23,4,0.05,26,0
CLM20260403008083,RID68618,extreme_heat,67.3,4,42.1,5.9,0.81,7,1.91,10,0
CLM20260403008084,RID82413,severe_pollution,25.0,3,56.5,9.7,2.17,7,-0.73,7,0
CLM20260403008085,RID34733,civic_unrest,33.7,4,35.6,60.9,0.24,10,0.4,18,0
CLM20260403008086,RID33629,heavy_rainfall,54.5,3,23.9,8.9,2.73,8,-0.59,20,0
CLM20260403008087,RID21880,extreme_heat,92.3,5,23.4,69.4,6.25,10,-0.43,8,0
CLM20260403008088,RID31302,extreme_heat,61.9,4,36.5,65.9,1.3,6,-1.82,10,0
CLM20260403008089,RID45851,heavy_rainfall,65.2,0,73.6,46.7,0.36,6,0.68,25,0
CLM20260403008090,RID47679,extreme_heat,2.3,0,50.5,14.6,17.67,43,1.87,1,1
CLM20260403008091,RID87859,heavy_rainfall,0.5,0,46.6,3.1,17.01,36,2.05,4,1
CLM20260403008092,RID11762,severe_pollution,11.7,2,15.1,13.9,0.35,7,0.1,21,0
CLM20260403008093,RID61697,extreme_heat,6.3,2,27.1,5.4,4.2,8,-1.07,11,0
CLM20260403008094,RID68115,heavy_rainfall,21.9,3,67.9,50.0,1.27,5,0.56,14,0
CLM20260403008095,RID27613,severe_pollution,84.8,4,18.4,38.7,0.61,8,-1.05,8,0
CLM20260403008096,RID62232,heavy_rainfall,31.2,2,41.8,13.6,3.23,9,-1.34,15,0
CLM20260403008097,RID44377,civic_unrest,26.9,2,47.8,11.3,0.15,10,0.53,9,0
CLM20260403008098,RID16896,civic_unrest,122.4,3,43.9,42.1,0.91,7,-1.0,10,0
CLM20260403008099,RID66401,extreme_heat,37.0,3,9.2,20.2,1.24,9,-2.84,28,0
CLM20260403008100,RID34262,heavy_rainfall,82.8,3,113.0,14.7,0.92,9,-0.29,20,0
CLM20260403008101,RID72549,civic_unrest,50.8,2,59.8,36.1,0.01,9,2.51,20,0
CLM20260403008102,RID94805,heavy_rainfall,7.5,2,89.2,21.8,0.12,12,-0.45,17,0
CLM20260403008103,RID12459,extreme_heat,20.2,2,40.4,75.2,0.2,7,-0.26,16,0
CLM20260403008104,RID90546,heavy_rainfall,54.3,5,77.8,28.3,0.94,3,-0.49,20,0
CLM20260403008105,RID16540,heavy_rainfall,41.1,3,49.1,9.0,0.69,11,-1.19,24,0
CLM20260403008106,RID85356,extreme_heat,42.1,4,48.5,34.9,2.81,7,-0.47,14,0
CLM20260403008107,RID42192,civic_unrest,59.7,1,37.6,80.0,0.22,5,-1.45,20,0
CLM20260403008108,RID36318,extreme_heat,42.7,3,41.4,70.2,2.13,5,-2.19,12,0
CLM20260403008109,RID27625,extreme_heat,15.0,5,48.8,14.4,2.28,8,1.13,8,0
CLM20260403008110,RID49043,severe_pollution,16.7,1,39.2,24.4,0.67,8,-1.23,18,0
CLM20260403008111,RID22274,heavy_rainfall,32.8,5,142.3,54.8,0.69,7,1.68,28,0
CLM20260403008112,RID87579,extreme_heat,3.4,5,11.5,43.3,0.52,2,-0.42,24,0
CLM20260403008113,RID60111,heavy_rainfall,10.1,4,26.7,5.4,0.6,9,-1.94,12,0
CLM20260403008114,RID16131,severe_pollution,27.4,3,41.8,5.7,0.08,5,0.33,19,1
CLM20260403008115,RID12787,extreme_heat,144.9,3,41.1,25.2,2.58,6,0.47,25,0
CLM20260403008116,RID70477,severe_pollution,4.0,0,134.4,4.5,11.29,29,2.78,3,1
CLM20260403008117,RID96386,heavy_rainfall,7.5,1,109.1,4.9,8.23,30,3.17,3,1
CLM20260403008118,RID51991,severe_pollution,76.7,5,58.3,6.0,0.5,10,-1.13,11,0
CLM20260403008119,RID46829,severe_pollution,34.9,3,30.3,23.9,3.96,10,0.48,9,0
CLM20260403008120,RID24535,severe_pollution,33.4,3,58.0,21.3,0.34,7,2.55,7,0
CLM20260403008121,RID17194,severe_pollution,6.3,2,45.8,22.6,0.42,7,-0.07,12,0
CLM20260403008122,RID67137,extreme_heat,3.7,3,46.8,19.2,3.77,7,2.07,16,0
CLM20260403008123,RID61238,civic_unrest,12.7,5,12.4,56.4,5.33,8,0.65,13,0
CLM20260403008124,RID38624,civic_unrest,61.0,3,44.1,45.3,0.97,7,-0.2,7,1
CLM20260403008125,RID11353,heavy_rainfall,41.7,5,28.9,37.2,3.16,5,-0.61,9,0
CLM20260403008126,RID85031,civic_unrest,3.8,0,45.0,11.0,10.78,35,3.13,2,1
CLM20260403008127,RID39919,severe_pollution,11.0,3,52.5,17.9,0.5,9,0.06,11,0
CLM20260403008128,RID32736,extreme_heat,82.2,4,50.4,22.8,0.32,8,0.4,9,0
CLM20260403008129,RID45569,severe_pollution,0.5,0,7.4,4.6,9.97,30,2.06,3,1
CLM20260403008130,RID21813,severe_pollution,101.5,0,30.9,17.6,0.64,3,-0.2,22,0
CLM20260403008131,RID65785,extreme_heat,57.7,1,15.0,37.4,0.06,8,-0.49,20,0
CLM20260403008132,RID39220,heavy_rainfall,114.7,2,55.9,17.6,1.0,9,0.74,11,0
CLM20260403008133,RID36946,extreme_heat,210.8,3,10.7,13.8,0.94,6,-1.54,10,0
CLM20260403008134,RID63787,heavy_rainfall,0.8,0,5.6,7.0,19.94,32,3.12,1,1
CLM20260403008135,RID11629,civic_unrest,54.7,1,16.2,34.4,0.8,9,-0.13,21,0
CLM20260403008136,RID47108,heavy_rainfall,13.2,1,59.9,57.4,0.12,8,1.71,18,0
CLM20260403008137,RID67052,civic_unrest,28.8,2,19.5,51.8,0.06,10,-0.88,8,0
CLM20260403008138,RID27985,extreme_heat,45.0,3,44.8,30.6,0.09,14,1.1,18,0
CLM20260403008139,RID22994,severe_pollution,1.0,0,9.9,0.7,14.86,43,3.59,8,1
CLM20260403008140,RID55739,civic_unrest,110.8,2,25.3,21.1,3.52,10,-0.08,26,0
CLM20260403008141,RID47710,heavy_rainfall,47.6,2,88.2,11.9,2.74,10,0.19,21,0
CLM20260403008142,RID35772,severe_pollution,73.3,1,24.4,30.9,0.5,7,-1.03,7,0
CLM20260403008143,RID33419,severe_pollution,45.3,2,53.7,9.9,1.69,9,0.59,18,0
CLM20260403008144,RID71586,severe_pollution,4.3,0,4.1,4.4,1.01,41,3.96,1,1
CLM20260403008145,RID78597,civic_unrest,5.8,0,4.2,8.1,9.03,38,3.29,3,1
CLM20260403008146,RID72470,severe_pollution,21.0,4,41.6,48.1,1.37,5,1.25,7,0
CLM20260403008147,RID14147,severe_pollution,12.2,6,36.3,3.7,0.24,12,0.87,26,0
CLM20260403008148,RID37319,civic_unrest,104.9,1,40.8,16.4,0.5,7,-1.99,14,0
CLM20260403008149,RID89220,civic_unrest,41.7,8,55.7,27.9,1.88,7,-1.16,21,0
CLM20260403008150,RID33600,heavy_rainfall,58.0,4,38.3,50.7,2.51,7,1.55,24,0
CLM20260403008151,RID46365,severe_pollution,58.2,3,56.1,18.3,0.18,4,-0.37,24,0
CLM20260403008152,RID19104,severe_pollution,2.9,0,96.5,3.5,17.0,36,2.49,1,1
CLM20260403008153,RID52964,civic_unrest,108.8,5,47.8,49.8,2.68,8,2.27,16,0
CLM20260403008154,RID23118,severe_pollution,30.7,1,26.4,31.2,0.23,9,-0.45,29,0
CLM20260403008155,RID12591,heavy_rainfall,46.6,5,119.4,25.8,4.1,9,-0.44,14,0
CLM20260403008156,RID74803,extreme_heat,22.0,0,4.3,14.6,0.66,37,4.4,3,1
CLM20260403008157,RID32601,civic_unrest,11.7,0,14.6,39.8,0.03,15,0.2,27,0
CLM20260403008158,RID33953,heavy_rainfall,95.5,4,31.9,8.0,0.8,6,-2.37,9,0
CLM20260403008159,RID32111,civic_unrest,54.1,3,39.3,19.1,5.87,5,0.99,8,0
CLM20260403008160,RID83447,extreme_heat,15.9,1,53.6,31.7,2.49,8,-1.7,20,0
CLM20260403008161,RID68365,civic_unrest,56.7,1,12.9,43.1,2.66,11,1.05,19,1
CLM20260403008162,RID44944,civic_unrest,138.2,6,48.4,32.8,0.04,11,0.4,24,0
CLM20260403008163,RID20193,severe_pollution,49.2,6,59.7,35.8,3.25,5,0.01,21,1
CLM20260403008164,RID32048,extreme_heat,51.8,3,10.5,41.7,0.27,5,-0.68,14,0
CLM20260403008165,RID45214,civic_unrest,109.7,4,11.6,20.1,2.31,12,1.62,8,0
CLM20260403008166,RID66151,civic_unrest,64.0,3,20.1,29.3,1.21,6,-1.03,26,0
CLM20260403008167,RID35738,severe_pollution,23.2,2,8.7,60.9,0.85,12,-0.05,21,0
CLM20260403008168,RID85051,civic_unrest,17.9,4,42.8,16.4,1.0,6,1.09,24,0
CLM20260403008169,RID68803,heavy_rainfall,32.4,2,149.5,18.7,0.17,10,-0.03,19,0
CLM20260403008170,RID31693,civic_unrest,83.2,5,47.3,23.6,6.15,6,-0.98,20,0
CLM20260403008171,RID48459,civic_unrest,67.2,2,17.9,34.8,0.65,7,1.74,25,0
CLM20260403008172,RID39542,severe_pollution,58.4,4,60.0,5.2,0.02,10,-0.12,18,0
CLM20260403008173,RID27932,severe_pollution,63.2,2,26.0,28.5,1.82,9,-0.22,24,0
CLM20260403008174,RID83323,heavy_rainfall,98.9,1,55.8,61.9,0.54,11,0.63,29,0
CLM20260403008175,RID46814,severe_pollution,51.6,2,43.3,9.8,0.21,13,-0.79,19,0
CLM20260403008176,RID32669,extreme_heat,3.2,0,88.3,7.8,1.56,45,1.53,3,1
CLM20260403008177,RID77596,severe_pollution,76.1,3,10.7,14.5,0.67,5,-0.19,7,0
CLM20260403008178,RID44894,heavy_rainfall,116.6,6,96.4,20.8,1.6,8,-0.39,11,0
CLM20260403008179,RID95568,heavy_rainfall,18.1,4,149.1,80.0,3.46,4,-0.11,7,0
CLM20260403008180,RID10421,civic_unrest,33.2,0,18.4,11.7,1.51,11,1.89,10,0
CLM20260403008181,RID39771,civic_unrest,33.2,4,44.6,13.3,1.79,5,-0.6,9,0
CLM20260403008182,RID92027,civic_unrest,41.9,2,22.0,35.2,1.36,4,0.05,19,0
CLM20260403008183,RID73138,civic_unrest,8.4,0,176.7,3.1,8.37,36,3.08,3,1
CLM20260403008184,RID32856,heavy_rainfall,36.8,1,116.1,6.2,0.15,8,-0.67,21,0
CLM20260403008185,RID61224,civic_unrest,18.5,3,45.5,46.3,0.84,10,1.84,16,0
CLM20260403008186,RID40730,civic_unrest,16.2,3,42.5,31.8,2.01,15,-1.02,26,0
CLM20260403008187,RID87328,heavy_rainfall,27.3,0,140.6,71.9,0.06,6,-0.07,20,0
CLM20260403008188,RID14260,extreme_heat,38.3,0,16.7,38.3,0.83,10,1.68,16,0
CLM20260403008189,RID72515,heavy_rainfall,56.9,5,80.1,18.3,0.05,6,-0.5,21,0
CLM20260403008190,RID44321,severe_pollution,3.7,3,54.5,43.6,0.11,10,-0.04,7,0
CLM20260403008191,RID16541,civic_unrest,88.8,1,37.0,14.1,0.34,1,-0.65,19,0
CLM20260403008192,RID74058,severe_pollution,82.5,2,46.2,7.8,0.28,8,-1.33,20,0
CLM20260403008193,RID22302,civic_unrest,11.6,2,32.1,17.5,5.62,9,-0.69,16,0
CLM20260403008194,RID39114,severe_pollution,36.0,2,16.3,26.4,0.07,8,-1.19,28,0
CLM20260403008195,RID76216,civic_unrest,51.5,3,43.5,8.0,1.45,8,1.8,29,0
CLM20260403008196,RID46150,extreme_heat,126.1,5,16.2,11.4,2.03,9,0.36,11,1
CLM20260403008197,RID69904,heavy_rainfall,60.8,3,119.6,76.2,6.13,9,1.89,22,0
CLM20260403008198,RID61928,severe_pollution,123.4,3,22.6,42.2,0.74,11,-1.23,26,0
CLM20260403008199,RID20794,severe_pollution,44.5,2,13.4,65.0,0.08,12,2.1,16,0
CLM20260403008200,RID95436,civic_unrest,33.7,1,40.0,18.7,0.16,13,-1.08,14,0
CLM20260403008201,RID64478,civic_unrest,50.7,1,47.5,43.0,0.63,9,0.48,26,0
CLM20260403008202,RID64276,severe_pollution,143.8,3,11.2,36.5,0.76,10,-2.43,16,0
CLM20260403008203,RID27219,severe_pollution,9.8,0,8.9,10.1,12.4,35,4.17,3,1
CLM20260403008204,RID40649,severe_pollution,6.1,0,9.4,8.2,14.71,37,3.69,1,1
CLM20260403008205,RID82542,heavy_rainfall,4.2,0,6.3,1.8,16.96,31,2.16,2,1
CLM20260403008206,RID58200,civic_unrest,52.1,1,10.1,31.3,1.7,10,1.01,20,0
CLM20260403008207,RID21420,civic_unrest,68.3,3,33.3,80.0,3.99,9,0.45,13,0
CLM20260403008208,RID77833,heavy_rainfall,101.3,2,61.6,37.5,1.87,10,0.29,9,0
CLM20260403008209,RID17839,extreme_heat,21.8,2,42.4,14.0,0.46,12,-0.32,27,0
CLM20260403008210,RID69350,severe_pollution,58.3,4,22.1,11.4,0.17,11,1.02,14,0
CLM20260403008211,RID31880,heavy_rainfall,13.5,1,61.7,10.9,9.09,10,-1.79,8,0
CLM20260403008212,RID11453,civic_unrest,12.8,4,26.5,7.1,0.37,9,2.1,13,0
CLM20260403008213,RID53846,heavy_rainfall,118.2,3,26.2,24.3,0.16,10,-0.2,9,0
CLM20260403008214,RID69562,severe_pollution,56.2,2,45.6,23.2,1.63,8,1.11,26,0
CLM20260403008215,RID12678,civic_unrest,42.8,2,9.2,21.7,0.32,4,1.47,18,0
CLM20260403008216,RID40957,civic_unrest,32.9,4,55.2,6.4,1.03,7,0.93,27,0
CLM20260403008217,RID63988,severe_pollution,24.0,5,9.3,13.6,1.1,11,1.73,21,0
CLM20260403008218,RID14360,civic_unrest,30.0,2,19.7,22.8,1.25,6,1.25,7,0
CLM20260403008219,RID14784,extreme_heat,93.6,3,52.9,24.1,0.01,11,-1.74,26,0
CLM20260403008220,RID42503,severe_pollution,98.3,5,25.6,19.4,0.01,11,-1.02,29,0
CLM20260403008221,RID44997,severe_pollution,47.8,3,41.1,12.5,0.44,3,-0.44,10,0
CLM20260403008222,RID87612,extreme_heat,28.9,2,45.1,54.6,0.21,4,0.81,19,0
CLM20260403008223,RID37692,heavy_rainfall,30.8,3,20.9,19.9,2.31,7,1.61,10,0
CLM20260403008224,RID61951,severe_pollution,176.1,2,36.6,15.6,0.06,9,1.21,11,0
CLM20260403008225,RID94490,severe_pollution,84.0,2,9.6,15.2,0.78,7,-1.12,20,0
CLM20260403008226,RID97277,extreme_heat,77.9,6,42.7,24.9,0.36,14,0.15,28,0
CLM20260403008227,RID12916,severe_pollution,54.0,2,52.6,12.2,1.09,9,1.38,17,0
CLM20260403008228,RID71735,heavy_rainfall,7.6,0,112.3,3.2,11.55,36,3.3,3,1
CLM20260403008229,RID81826,extreme_heat,31.3,6,44.4,20.4,0.21,9,-1.21,18,0
CLM20260403008230,RID33990,extreme_heat,61.1,3,42.6,61.5,0.87,4,-1.09,13,0
CLM20260403008231,RID65132,severe_pollution,218.4,3,38.4,24.0,1.37,5,0.46,24,0
CLM20260403008232,RID72308,civic_unrest,21.4,5,15.3,12.3,0.14,11,0.75,23,0
CLM20260403008233,RID20653,heavy_rainfall,73.3,4,136.9,23.9,3.56,5,-1.7,12,0
CLM20260403008234,RID77095,severe_pollution,35.7,1,42.2,41.4,1.94,12,1.51,11,0
CLM20260403008235,RID76595,severe_pollution,37.1,0,48.8,4.0,2.12,8,-1.63,12,0
CLM20260403008236,RID53135,extreme_heat,21.4,3,41.7,21.9,2.34,9,-2.51,28,0
CLM20260403008237,RID75848,civic_unrest,61.7,6,9.4,10.5,0.61,7,0.26,10,0
CLM20260403008238,RID98637,heavy_rainfall,95.7,3,69.4,25.1,1.07,8,-0.35,18,0
CLM20260403008239,RID60752,severe_pollution,127.0,2,19.7,40.5,1.04,6,1.57,11,0
CLM20260403008240,RID36902,severe_pollution,76.6,5,33.5,14.2,0.73,9,0.16,15,0
CLM20260403008241,RID36784,civic_unrest,176.1,1,13.6,32.7,0.59,11,0.58,11,0
CLM20260403008242,RID99094,extreme_heat,43.5,6,17.0,38.7,0.15,12,-0.98,7,1
CLM20260403008243,RID77506,severe_pollution,189.1,5,51.5,19.3,0.76,9,-1.51,16,0
CLM20260403008244,RID62403,heavy_rainfall,150.9,1,42.6,29.6,0.22,9,-0.3,14,0
CLM20260403008245,RID51276,civic_unrest,71.2,3,44.3,51.7,2.41,8,-0.1,16,0
CLM20260403008246,RID12871,civic_unrest,58.0,4,19.2,45.7,0.63,8,0.66,13,0
CLM20260403008247,RID84842,extreme_heat,6.5,0,4.0,6.6,19.54,44,2.97,3,1
CLM20260403008248,RID28218,heavy_rainfall,4.0,3,133.1,12.2,0.02,2,1.68,8,0
CLM20260403008249,RID69691,heavy_rainfall,46.5,2,111.3,59.7,0.25,7,0.03,16,0
CLM20260403008250,RID44388,severe_pollution,26.8,0,8.8,60.6,0.34,3,0.22,19,0
CLM20260403008251,RID20190,severe_pollution,83.8,3,42.6,13.0,1.27,3,-2.61,23,0
CLM20260403008252,RID99495,severe_pollution,112.6,3,27.3,18.5,0.55,14,0.27,10,0
CLM20260403008253,RID13898,severe_pollution,63.9,5,13.6,64.1,3.89,5,2.7,19,0
CLM20260403008254,RID61216,extreme_heat,69.5,6,34.9,19.9,0.06,5,-0.7,18,0
CLM20260403008255,RID34486,heavy_rainfall,62.9,4,21.3,45.3,2.91,5,0.01,19,0
CLM20260403008256,RID19139,severe_pollution,30.6,3,48.7,38.4,0.5,13,-0.87,23,0
CLM20260403008257,RID31346,heavy_rainfall,18.3,2,46.3,11.9,1.28,8,-0.13,21,0
CLM20260403008258,RID72202,extreme_heat,76.3,2,22.0,19.1,3.01,5,-0.9,18,0
CLM20260403008259,RID86050,extreme_heat,0.6,0,168.8,9.6,7.06,34,3.42,3,1
CLM20260403008260,RID76711,heavy_rainfall,47.4,2,83.1,30.2,1.24,4,-3.63,16,0
CLM20260403008261,RID98198,extreme_heat,29.1,4,41.9,54.0,0.15,10,1.63,23,0
CLM20260403008262,RID74295,heavy_rainfall,76.0,3,112.6,4.7,0.32,11,-2.2,24,0
CLM20260403008263,RID83643,extreme_heat,40.7,3,37.4,36.0,0.69,9,-1.22,12,0
CLM20260403008264,RID64877,civic_unrest,122.6,6,31.9,22.6,1.01,8,0.82,18,0
CLM20260403008265,RID36748,extreme_heat,148.2,2,29.0,29.1,0.63,5,-0.56,26,0
CLM20260403008266,RID70771,heavy_rainfall,63.0,4,68.9,43.4,0.13,7,1.09,19,0
CLM20260403008267,RID69970,heavy_rainfall,24.9,5,53.0,48.4,3.22,5,-2.05,14,0
CLM20260403008268,RID79978,severe_pollution,3.8,0,2.2,5.1,16.45,36,2.87,2,1
CLM20260403008269,RID50365,civic_unrest,105.5,6,36.5,45.5,0.02,9,-0.85,11,0
CLM20260403008270,RID32494,severe_pollution,5.3,0,2.3,10.4,7.55,31,1.95,1,1
CLM20260403008271,RID86980,civic_unrest,3.8,0,6.2,11.8,5.92,39,4.13,2,1
CLM20260403008272,RID30674,heavy_rainfall,93.4,2,76.5,19.7,0.44,10,0.97,28,0
CLM20260403008273,RID37033,extreme_heat,25.1,4,49.9,12.5,2.49,5,0.57,19,0
CLM20260403008274,RID21416,extreme_heat,48.4,1,38.3,7.3,1.14,12,-1.57,22,0
CLM20260403008275,RID52838,civic_unrest,0.5,0,2.3,1.2,1.19,38,3.03,1,1
CLM20260403008276,RID93851,heavy_rainfall,44.9,5,146.9,23.5,0.17,8,2.59,7,0
CLM20260403008277,RID24805,civic_unrest,107.1,0,37.9,24.1,0.86,7,0.97,16,0
CLM20260403008278,RID57027,severe_pollution,128.8,4,22.6,10.8,3.31,11,0.56,11,0
CLM20260403008279,RID68935,heavy_rainfall,2.4,0,9.9,4.9,11.97,38,3.21,2,1
CLM20260403008280,RID59857,extreme_heat,55.1,3,42.4,47.8,2.37,7,-1.08,24,0
CLM20260403008281,RID18324,civic_unrest,33.9,4,21.4,48.9,2.63,11,-1.66,15,0
CLM20260403008282,RID80596,severe_pollution,112.7,3,22.0,14.1,0.37,7,0.71,7,0
CLM20260403008283,RID34884,heavy_rainfall,4.7,0,9.1,7.3,8.63,42,3.96,2,1
CLM20260403008284,RID58216,civic_unrest,118.9,0,55.5,10.7,0.35,9,0.1,8,1
CLM20260403008285,RID89594,extreme_heat,22.0,0,39.8,7.0,3.36,5,-0.32,15,0
CLM20260403008286,RID45593,extreme_heat,17.1,4,59.2,46.6,6.82,6,-2.21,11,0
CLM20260403008287,RID83585,civic_unrest,86.6,4,31.7,42.6,0.09,11,1.34,24,0
CLM20260403008288,RID96335,extreme_heat,24.3,4,31.1,5.0,1.44,8,1.93,15,0
CLM20260403008289,RID17117,extreme_heat,55.7,2,55.9,56.1,0.16,6,-2.18,12,0
CLM20260403008290,RID98905,heavy_rainfall,66.1,3,117.7,24.9,0.75,11,0.7,9,0
CLM20260403008291,RID71067,heavy_rainfall,189.9,1,102.0,6.8,0.22,4,-1.46,20,0
CLM20260403008292,RID64301,severe_pollution,15.7,0,9.4,9.8,16.85,37,1.6,12,1
CLM20260403008293,RID75797,heavy_rainfall,22.3,0,86.8,25.8,0.29,6,-1.34,14,0
CLM20260403008294,RID60641,severe_pollution,59.5,4,11.8,4.8,1.34,8,-2.42,8,0
CLM20260403008295,RID94003,civic_unrest,107.2,2,10.3,13.1,0.11,7,0.11,17,0
CLM20260403008296,RID96943,extreme_heat,76.7,0,11.8,29.8,3.21,4,0.05,24,0
CLM20260403008297,RID98840,heavy_rainfall,71.5,2,48.6,14.9,1.19,3,0.29,28,0
CLM20260403008298,RID55054,heavy_rainfall,62.2,5,52.2,22.6,3.92,11,0.04,22,0
CLM20260403008299,RID23494,severe_pollution,39.2,3,47.5,37.5,0.14,3,-1.17,8,0
CLM20260403008300,RID95261,civic_unrest,42.3,2,9.8,40.1,3.16,9,-0.31,23,0
CLM20260403008301,RID86142,extreme_heat,10.8,0,28.4,19.7,2.57,4,-0.74,15,0
CLM20260403008302,RID95727,heavy_rainfall,44.5,4,139.0,10.2,0.07,6,0.84,10,0
CLM20260403008303,RID53066,heavy_rainfall,106.0,2,49.1,23.3,1.03,4,-1.73,19,0
CLM20260403008304,RID36176,severe_pollution,73.4,3,47.1,27.2,0.74,8,-0.74,22,0
CLM20260403008305,RID16079,heavy_rainfall,14.9,0,86.2,7.2,12.44,34,1.49,2,1
CLM20260403008306,RID72384,heavy_rainfall,49.4,4,143.6,10.5,0.39,12,-1.37,12,0
CLM20260403008307,RID88522,extreme_heat,21.2,0,36.5,38.5,1.1,7,0.26,16,0
CLM20260403008308,RID64036,civic_unrest,65.1,2,11.3,44.2,0.09,8,2.13,17,0
CLM20260403008309,RID15574,severe_pollution,65.5,0,46.5,80.0,1.09,8,0.53,19,0
CLM20260403008310,RID16281,extreme_heat,37.3,5,57.2,21.6,0.16,6,1.76,8,1
CLM20260403008311,RID14074,heavy_rainfall,5.6,0,6.1,6.6,14.9,37,2.64,3,1
CLM20260403008312,RID77840,heavy_rainfall,1.3,0,148.6,2.6,10.89,40,3.11,1,1
CLM20260403008313,RID69540,extreme_heat,104.9,2,50.9,69.7,0.18,6,0.04,24,0
CLM20260403008314,RID62705,extreme_heat,41.8,5,19.6,5.0,0.56,7,0.59,12,0
CLM20260403008315,RID79296,extreme_heat,77.0,6,11.3,49.4,2.19,10,-0.33,19,0
CLM20260403008316,RID88726,severe_pollution,95.1,2,38.8,5.7,1.34,8,-1.45,17,0
CLM20260403008317,RID82124,extreme_heat,197.1,3,39.3,23.5,3.65,24,0.15,29,0
CLM20260403008318,RID95364,civic_unrest,46.6,5,54.1,25.5,1.34,5,1.11,15,0
CLM20260403008319,RID49209,civic_unrest,91.3,3,46.3,34.8,0.91,9,-0.33,9,0
CLM20260403008320,RID13957,heavy_rainfall,65.7,2,128.6,47.0,0.57,7,-1.04,23,0
CLM20260403008321,RID69984,extreme_heat,1.7,0,77.6,6.3,7.21,46,3.37,1,1
CLM20260403008322,RID77677,civic_unrest,34.3,2,13.2,33.1,1.32,2,1.14,22,0
CLM20260403008323,RID84048,extreme_heat,76.6,1,53.5,18.2,0.63,16,0.16,11,0
CLM20260403008324,RID94093,severe_pollution,61.8,3,32.3,60.2,0.01,6,0.05,18,0
CLM20260403008325,RID92751,civic_unrest,95.6,1,26.7,80.0,1.46,10,-0.49,8,0
CLM20260403008326,RID21641,heavy_rainfall,90.9,7,101.8,16.5,0.52,5,0.21,11,0
CLM20260403008327,RID64912,heavy_rainfall,1.0,7,99.9,5.7,0.1,8,-0.85,27,0
CLM20260403008328,RID65441,heavy_rainfall,51.0,4,68.9,22.8,1.55,5,-3.39,23,0
CLM20260403008329,RID88622,severe_pollution,36.9,2,19.0,29.6,4.55,9,-0.99,9,0
CLM20260403008330,RID24441,extreme_heat,71.2,6,43.7,16.6,0.31,7,1.82,29,0
CLM20260403008331,RID71898,severe_pollution,27.7,5,17.9,9.0,1.49,13,0.05,20,1
CLM20260403008332,RID61368,extreme_heat,4.7,0,7.6,6.6,1.74,40,3.94,1,1
CLM20260403008333,RID12038,heavy_rainfall,52.5,3,66.0,31.1,0.1,5,-0.01,19,0
CLM20260403008334,RID79518,extreme_heat,17.9,3,33.0,7.5,0.02,9,-1.24,28,0
CLM20260403008335,RID12194,extreme_heat,55.1,2,57.9,1.4,0.53,12,0.83,11,0
CLM20260403008336,RID91906,heavy_rainfall,129.5,3,35.5,11.7,2.19,8,0.85,20,0
CLM20260403008337,RID69806,heavy_rainfall,31.6,4,62.8,31.6,5.33,3,-0.36,21,0
CLM20260403008338,RID93309,extreme_heat,39.5,4,15.1,37.0,0.32,11,-0.79,24,1
CLM20260403008339,RID65217,extreme_heat,100.6,4,55.7,23.5,5.45,10,-1.27,14,0
CLM20260403008340,RID98148,civic_unrest,83.1,2,31.2,23.0,0.19,7,0.97,14,0
CLM20260403008341,RID46780,civic_unrest,56.7,1,10.2,48.4,1.7,7,1.17,23,0
CLM20260403008342,RID38618,civic_unrest,39.0,2,53.4,41.4,0.79,8,1.68,19,0
CLM20260403008343,RID87969,severe_pollution,82.3,4,30.1,12.6,0.94,7,1.03,22,0
CLM20260403008344,RID92603,extreme_heat,83.7,3,15.5,72.9,1.35,5,0.24,9,0
CLM20260403008345,RID94138,civic_unrest,1.2,0,2.8,0.5,16.67,30,3.86,2,1
CLM20260403008346,RID53779,severe_pollution,16.7,3,23.7,20.2,0.12,10,-1.68,22,0
CLM20260403008347,RID10769,heavy_rainfall,47.8,6,95.2,2.1,0.15,5,-0.36,28,0
CLM20260403008348,RID33415,heavy_rainfall,14.9,1,53.1,23.2,0.84,4,-0.34,14,0
CLM20260403008349,RID48697,extreme_heat,21.1,2,36.9,31.0,2.45,8,-1.17,17,0
CLM20260403008350,RID49093,extreme_heat,15.4,0,47.8,63.6,5.78,8,-0.6,26,0
CLM20260403008351,RID96196,civic_unrest,31.3,3,54.6,33.7,3.69,10,-0.7,16,0
CLM20260403008352,RID38173,severe_pollution,23.9,3,11.5,26.7,2.04,8,0.69,27,0
CLM20260403008353,RID88206,heavy_rainfall,92.7,3,58.2,4.3,2.55,7,-0.12,11,0
CLM20260403008354,RID86751,heavy_rainfall,124.0,4,55.2,31.9,1.08,6,-1.15,22,0
CLM20260403008355,RID30474,extreme_heat,166.9,2,47.2,28.7,1.66,6,1.1,24,0
CLM20260403008356,RID70100,civic_unrest,110.9,5,20.2,12.6,1.86,6,0.03,17,0
CLM20260403008357,RID42590,heavy_rainfall,126.3,2,56.9,13.2,0.5,7,1.94,16,0
CLM20260403008358,RID33938,civic_unrest,78.5,2,13.6,25.6,0.76,8,-0.79,20,1
CLM20260403008359,RID84694,severe_pollution,19.0,3,56.0,27.3,1.1,9,-0.67,11,0
CLM20260403008360,RID63093,heavy_rainfall,61.7,2,139.5,33.4,2.89,6,0.0,21,0
CLM20260403008361,RID42758,severe_pollution,81.6,0,34.9,33.1,1.5,6,-2.34,9,0
CLM20260403008362,RID95069,severe_pollution,56.7,1,19.0,41.6,2.65,3,-0.32,20,0
CLM20260403008363,RID10100,extreme_heat,109.3,4,47.0,59.1,1.26,9,1.09,23,0
CLM20260403008364,RID48488,extreme_heat,52.6,2,18.3,30.1,0.59,10,-1.0,26,0
CLM20260403008365,RID59208,civic_unrest,73.1,2,12.7,5.4,0.25,10,-0.1,10,0
CLM20260403008366,RID27427,civic_unrest,38.0,7,35.1,18.0,1.09,9,2.46,22,0
CLM20260403008367,RID15508,civic_unrest,117.2,5,10.5,56.3,0.26,7,-0.91,8,0
CLM20260403008368,RID56512,extreme_heat,47.9,2,49.2,69.7,1.11,8,-0.36,14,0
CLM20260403008369,RID65694,civic_unrest,39.1,4,53.3,7.1,1.08,7,0.49,22,0
CLM20260403008370,RID75697,heavy_rainfall,53.5,6,94.0,47.9,1.34,10,-1.43,16,0
CLM20260403008371,RID79833,severe_pollution,53.3,1,25.4,24.3,0.02,7,0.28,29,0
CLM20260403008372,RID58131,civic_unrest,22.7,2,21.2,8.6,1.87,8,-0.66,22,0
CLM20260403008373,RID99085,heavy_rainfall,31.7,2,61.6,25.0,0.89,10,-0.77,10,0
CLM20260403008374,RID41859,severe_pollution,24.3,1,27.2,14.7,2.14,5,-1.12,16,0
CLM20260403008375,RID45648,extreme_heat,2.5,0,4.0,7.6,15.17,25,2.95,1,1
CLM20260403008376,RID25578,civic_unrest,102.5,4,32.5,31.1,0.35,4,0.28,15,0
CLM20260403008377,RID84705,severe_pollution,62.0,2,28.9,39.9,2.68,3,0.69,11,0
CLM20260403008378,RID75327,extreme_heat,40.8,3,45.9,32.5,0.69,10,0.16,22,0
CLM20260403008379,RID77865,civic_unrest,23.7,2,19.5,24.2,1.97,7,0.79,19,0
CLM20260403008380,RID46234,severe_pollution,58.4,2,30.2,6.9,0.55,7,0.32,19,0
CLM20260403008381,RID63885,extreme_heat,134.2,5,37.8,31.2,0.87,12,-2.15,10,0
CLM20260403008382,RID35897,extreme_heat,24.4,2,29.0,44.5,0.31,4,-0.74,28,0
CLM20260403008383,RID40254,severe_pollution,36.5,7,20.8,38.4,0.94,9,0.72,11,0
CLM20260403008384,RID15038,severe_pollution,137.0,2,42.1,19.1,1.84,9,1.39,19,0
CLM20260403008385,RID62852,severe_pollution,8.0,6,44.2,3.6,1.49,13,1.04,23,0
CLM20260403008386,RID89209,severe_pollution,42.3,1,55.0,9.8,2.03,16,-2.49,10,0
CLM20260403008387,RID47185,heavy_rainfall,37.6,5,111.6,7.7,1.9,5,-0.1,12,0
CLM20260403008388,RID26953,civic_unrest,77.9,1,16.9,50.4,0.12,7,-0.86,16,0
CLM20260403008389,RID86215,civic_unrest,34.5,2,11.2,26.1,1.4,9,1.03,10,0
CLM20260403008390,RID84310,severe_pollution,13.5,5,36.0,17.5,1.56,6,-1.12,20,0
CLM20260403008391,RID97369,extreme_heat,44.9,6,17.4,19.7,5.31,10,0.48,17,1
CLM20260403008392,RID27680,heavy_rainfall,24.9,2,140.5,50.6,0.68,8,-1.31,25,0
CLM20260403008393,RID43629,extreme_heat,27.8,6,18.4,30.8,0.7,8,-1.74,11,0
CLM20260403008394,RID89276,severe_pollution,37.8,4,59.7,80.0,0.15,9,-0.97,24,0
CLM20260403008395,RID34185,extreme_heat,10.7,2,58.7,11.4,0.11,8,0.29,9,0
CLM20260403008396,RID63835,extreme_heat,214.9,1,54.1,55.1,2.86,10,0.42,29,0
CLM20260403008397,RID11452,severe_pollution,99.5,5,29.4,2.8,0.45,13,-2.11,29,0
CLM20260403008398,RID64650,severe_pollution,85.4,5,43.1,19.1,1.25,14,0.55,15,0
CLM20260403008399,RID19525,severe_pollution,34.8,6,29.9,40.4,2.77,8,0.05,7,0
CLM20260403008400,RID84605,severe_pollution,12.2,4,51.2,18.3,1.35,13,-0.48,7,0
CLM20260403008401,RID33189,extreme_heat,1.8,1,2.3,10.7,11.57,30,2.52,1,1
CLM20260403008402,RID55187,severe_pollution,89.7,2,44.3,20.3,1.64,15,-1.83,17,0
CLM20260403008403,RID89989,extreme_heat,72.3,6,56.1,35.4,1.14,11,-2.28,18,0
CLM20260403008404,RID87068,extreme_heat,12.8,2,14.8,28.6,1.09,10,0.77,11,0
CLM20260403008405,RID38224,civic_unrest,56.3,1,53.4,50.6,5.31,3,2.06,14,0
CLM20260403008406,RID82462,severe_pollution,4.6,0,40.3,4.3,14.07,46,3.01,1,1
CLM20260403008407,RID62404,severe_pollution,180.0,3,24.7,56.8,2.89,7,-0.54,21,0
CLM20260403008408,RID74937,severe_pollution,14.1,6,51.1,47.0,1.27,8,0.86,29,0
CLM20260403008409,RID90073,extreme_heat,64.6,4,56.8,12.3,0.92,7,0.74,13,0
CLM20260403008410,RID58780,severe_pollution,35.5,2,40.0,73.8,2.66,8,-2.39,11,0
CLM20260403008411,RID11619,civic_unrest,18.7,6,34.9,15.7,0.48,4,-0.27,18,0
CLM20260403008412,RID25914,extreme_heat,29.8,3,46.8,20.6,0.22,9,1.32,25,0
CLM20260403008413,RID43398,extreme_heat,13.4,4,47.2,10.9,0.05,6,-1.4,12,0
CLM20260403008414,RID16403,civic_unrest,141.1,0,22.8,53.1,1.35,8,2.14,29,0
CLM20260403008415,RID89692,extreme_heat,3.8,0,6.7,5.6,5.59,38,2.46,1,1
CLM20260403008416,RID22536,civic_unrest,3.0,1,3.5,13.6,6.83,23,2.38,1,1
CLM20260403008417,RID36233,extreme_heat,0.8,0,4.1,2.0,1.73,37,1.81,1,1
CLM20260403008418,RID88576,heavy_rainfall,1.1,0,66.9,0.2,1.5,34,5.2,3,1
CLM20260403008419,RID30284,extreme_heat,28.5,4,22.0,7.5,0.44,9,-0.77,27,0
CLM20260403008420,RID62750,heavy_rainfall,25.4,3,131.9,26.2,1.67,8,1.86,25,0
CLM20260403008421,RID13844,heavy_rainfall,98.5,3,109.7,40.1,2.87,10,-0.72,13,0
CLM20260403008422,RID18716,civic_unrest,70.1,0,26.2,30.4,1.74,8,0.13,20,0
CLM20260403008423,RID48992,heavy_rainfall,134.4,2,40.5,41.3,0.66,10,0.23,10,0
CLM20260403008424,RID95507,severe_pollution,15.7,0,60.6,3.9,8.49,37,3.67,12,1
CLM20260403008425,RID62284,extreme_heat,53.5,2,9.5,6.7,0.68,7,-2.61,17,0
CLM20260403008426,RID90863,heavy_rainfall,44.1,1,72.7,7.7,1.28,7,1.36,10,0
CLM20260403008427,RID49971,extreme_heat,237.9,4,58.6,9.3,2.92,8,-1.3,13,0
CLM20260403008428,RID14424,civic_unrest,16.8,3,35.4,53.6,0.55,6,-0.03,21,0
CLM20260403008429,RID83927,heavy_rainfall,126.1,2,126.3,12.2,0.07,12,-0.65,27,0
CLM20260403008430,RID38537,civic_unrest,62.9,1,43.6,26.3,7.6,5,-0.51,7,0
CLM20260403008431,RID25493,heavy_rainfall,138.4,3,54.2,30.1,0.33,2,-0.19,15,0
CLM20260403008432,RID36755,severe_pollution,93.3,3,17.2,10.1,1.36,11,0.83,25,0
CLM20260403008433,RID52126,extreme_heat,8.5,0,2.1,2.5,1.17,31,3.24,2,1
CLM20260403008434,RID93305,severe_pollution,29.9,2,33.2,26.9,0.09,6,0.6,19,0
CLM20260403008435,RID27353,heavy_rainfall,14.5,6,52.5,11.7,0.82,14,0.13,19,0
CLM20260403008436,RID87520,severe_pollution,115.8,3,46.9,11.7,0.29,4,1.55,7,0
CLM20260403008437,RID94466,civic_unrest,48.8,2,48.4,10.8,0.21,4,2.06,7,0
CLM20260403008438,RID97996,severe_pollution,89.3,5,34.8,29.9,4.1,10,3.22,24,0
CLM20260403008439,RID48944,extreme_heat,15.9,4,46.4,67.0,1.72,6,-2.27,27,0
CLM20260403008440,RID97441,extreme_heat,3.5,1,8.8,9.9,7.41,37,3.81,2,1
CLM20260403008441,RID48908,heavy_rainfall,15.6,1,32.5,12.2,1.33,9,-1.05,27,0
CLM20260403008442,RID53189,extreme_heat,57.9,2,49.6,14.6,2.38,12,-0.68,24,0
CLM20260403008443,RID17289,extreme_heat,87.6,3,34.5,80.0,0.23,10,-1.09,20,0
CLM20260403008444,RID40609,civic_unrest,20.4,3,23.3,36.1,0.39,8,1.76,16,0
CLM20260403008445,RID40425,heavy_rainfall,67.5,1,125.6,15.7,0.35,4,-2.24,27,0
CLM20260403008446,RID84740,severe_pollution,26.3,3,15.6,21.3,0.72,9,1.73,17,0
CLM20260403008447,RID65918,severe_pollution,109.2,1,8.2,40.4,0.62,3,-0.85,21,0
CLM20260403008448,RID89774,heavy_rainfall,50.9,0,109.7,28.7,1.33,8,-1.54,20,0
CLM20260403008449,RID91577,civic_unrest,58.7,2,28.3,11.1,2.29,6,0.1,16,0
CLM20260403008450,RID83229,severe_pollution,127.0,3,14.3,21.6,0.32,7,-0.31,7,0
CLM20260403008451,RID26397,heavy_rainfall,94.0,9,48.8,22.3,1.12,6,0.26,9,0
CLM20260403008452,RID95070,civic_unrest,93.3,2,36.3,10.9,0.97,8,0.28,26,0
CLM20260403008453,RID62730,extreme_heat,18.3,0,196.0,2.3,5.29,32,3.57,2,1
CLM20260403008454,RID10565,heavy_rainfall,49.1,1,78.2,32.9,0.77,8,-1.35,10,0
CLM20260403008455,RID72109,civic_unrest,34.4,1,14.3,47.7,2.78,5,-1.13,16,1
CLM20260403008456,RID42244,heavy_rainfall,45.3,3,84.7,49.0,0.19,6,1.72,27,0
CLM20260403008457,RID68794,severe_pollution,17.9,2,58.5,17.5,1.85,3,-0.74,19,0
CLM20260403008458,RID63613,heavy_rainfall,39.5,6,54.6,5.0,2.38,4,-1.92,26,0
CLM20260403008459,RID78969,severe_pollution,22.2,1,25.1,17.1,0.93,10,-0.11,27,0
CLM20260403008460,RID84956,civic_unrest,52.4,1,28.2,37.9,1.1,10,-1.22,12,0
CLM20260403008461,RID72952,extreme_heat,152.6,3,10.1,12.0,2.55,8,0.15,27,1
CLM20260403008462,RID95411,civic_unrest,155.6,2,56.7,18.9,2.17,12,-1.08,11,0
CLM20260403008463,RID10881,civic_unrest,56.3,1,26.8,11.4,1.06,9,-0.45,23,0
CLM20260403008464,RID42493,civic_unrest,24.4,0,26.1,31.6,0.52,7,0.16,23,0
CLM20260403008465,RID74323,civic_unrest,34.7,2,19.6,19.7,0.2,9,0.76,29,0
CLM20260403008466,RID25796,extreme_heat,22.7,2,59.2,18.1,0.52,9,-0.53,22,0
CLM20260403008467,RID51679,extreme_heat,67.2,4,48.2,14.3,0.0,7,-1.9,25,0
CLM20260403008468,RID19508,extreme_heat,29.1,5,26.4,51.0,0.37,5,-1.94,22,0
CLM20260403008469,RID73197,civic_unrest,21.7,3,23.4,68.5,1.98,2,0.29,23,0
CLM20260403008470,RID63045,heavy_rainfall,27.2,3,69.7,41.5,1.06,4,-1.24,15,0
CLM20260403008471,RID11668,heavy_rainfall,167.6,5,134.6,7.2,1.88,6,0.17,28,0
CLM20260403008472,RID75038,severe_pollution,21.6,2,18.5,9.9,0.9,6,-0.32,29,0
CLM20260403008473,RID74994,extreme_heat,22.7,3,21.1,45.3,2.77,7,-2.92,14,1
CLM20260403008474,RID94195,extreme_heat,33.0,2,32.1,26.2,0.53,9,1.68,28,0
CLM20260403008475,RID19604,severe_pollution,89.4,1,22.9,32.5,0.45,11,-2.18,27,0
CLM20260403008476,RID55824,heavy_rainfall,19.1,2,127.4,12.5,0.08,7,-0.32,19,1
CLM20260403008477,RID39590,severe_pollution,45.4,3,17.3,24.7,3.44,9,1.93,16,0
CLM20260403008478,RID21293,extreme_heat,16.4,0,51.2,29.5,0.64,7,-0.24,17,0
CLM20260403008479,RID15896,extreme_heat,36.7,2,48.2,19.9,2.01,3,-1.26,27,0
CLM20260403008480,RID53715,heavy_rainfall,1.6,0,3.9,1.1,10.17,34,2.79,4,1
CLM20260403008481,RID87435,extreme_heat,98.9,1,53.3,23.0,1.0,13,-0.97,28,0
CLM20260403008482,RID77585,severe_pollution,21.2,1,55.2,12.1,0.44,4,0.09,13,0
CLM20260403008483,RID35346,extreme_heat,116.8,3,47.4,15.5,2.03,14,-0.51,19,0
CLM20260403008484,RID70243,heavy_rainfall,16.0,2,96.3,35.9,0.19,8,0.85,8,0
CLM20260403008485,RID34887,civic_unrest,11.8,5,17.0,28.8,3.46,5,0.11,23,0
CLM20260403008486,RID34097,civic_unrest,65.4,1,13.1,12.9,1.62,4,-0.0,28,0
CLM20260403008487,RID50699,civic_unrest,73.4,1,33.2,12.5,4.46,11,2.27,23,0
CLM20260403008488,RID68792,civic_unrest,105.2,2,58.3,7.1,0.7,11,-0.1,25,0
CLM20260403008489,RID82083,heavy_rainfall,32.2,4,115.4,28.7,0.06,12,0.21,16,0
CLM20260403008490,RID45511,severe_pollution,78.8,3,25.9,23.5,4.75,11,0.55,8,0
CLM20260403008491,RID66525,heavy_rainfall,48.1,3,22.3,20.1,0.42,10,-0.1,21,0
CLM20260403008492,RID68186,severe_pollution,94.9,4,51.8,31.8,1.87,13,0.86,27,1
CLM20260403008493,RID26865,extreme_heat,9.4,3,47.3,62.8,3.48,8,-0.3,23,0
CLM20260403008494,RID51315,heavy_rainfall,56.8,2,72.5,17.3,4.43,6,0.42,14,1
CLM20260403008495,RID10673,severe_pollution,2.0,0,4.7,5.4,11.44,31,4.19,1,0
CLM20260403008496,RID64203,civic_unrest,28.1,5,42.4,16.1,2.67,9,-0.72,13,0
CLM20260403008497,RID19989,heavy_rainfall,3.1,0,176.0,12.6,9.91,38,2.27,4,1
CLM20260403008498,RID71763,heavy_rainfall,16.1,3,28.8,17.0,0.92,9,0.95,26,0
CLM20260403008499,RID83054,civic_unrest,6.7,1,9.5,80.0,2.75,9,-2.23,27,0
CLM20260403008500,RID21773,severe_pollution,89.8,2,14.8,21.8,0.28,7,0.01,19,0
CLM20260403008501,RID41312,extreme_heat,69.6,7,40.0,25.6,1.47,10,2.49,16,0
CLM20260403008502,RID80544,civic_unrest,97.3,0,53.7,27.7,1.55,8,-1.35,22,0
CLM20260403008503,RID20283,civic_unrest,45.1,3,12.0,14.0,2.98,9,-0.67,11,1
CLM20260403008504,RID56094,severe_pollution,43.3,4,19.6,16.5,2.49,8,-0.9,28,0
CLM20260403008505,RID35242,civic_unrest,10.5,5,31.7,13.3,0.52,8,-1.22,11,0
CLM20260403008506,RID14854,heavy_rainfall,45.4,1,145.6,34.6,1.68,10,-1.13,10,0
CLM20260403008507,RID83183,civic_unrest,72.6,3,38.8,29.4,2.24,13,-0.1,11,0
CLM20260403008508,RID76700,heavy_rainfall,96.9,2,39.5,25.8,3.37,4,0.0,11,0
CLM20260403008509,RID55129,civic_unrest,58.2,0,21.5,21.4,1.01,12,-0.07,28,0
CLM20260403008510,RID81382,heavy_rainfall,73.9,1,85.4,43.8,1.23,6,-0.91,18,0
CLM20260403008511,RID22509,civic_unrest,17.7,1,25.5,54.0,0.22,6,-1.54,12,0
CLM20260403008512,RID69230,civic_unrest,118.2,2,21.6,7.7,0.51,6,-0.14,19,0
CLM20260403008513,RID45553,severe_pollution,162.2,3,40.3,13.1,0.46,7,0.83,26,0
CLM20260403008514,RID97697,civic_unrest,77.9,2,37.9,30.6,0.12,4,-0.77,8,0
CLM20260403008515,RID42620,heavy_rainfall,42.0,4,142.1,80.0,0.79,10,0.52,22,0
CLM20260403008516,RID62215,heavy_rainfall,12.7,1,121.5,26.5,1.26,9,0.77,28,0
CLM20260403008517,RID94752,severe_pollution,19.8,5,58.2,12.4,2.91,9,-0.41,21,0
CLM20260403008518,RID71970,heavy_rainfall,43.8,4,94.9,24.9,1.27,7,1.35,7,0
CLM20260403008519,RID16629,civic_unrest,58.6,0,42.9,39.3,0.46,8,0.62,28,0
CLM20260403008520,RID11482,extreme_heat,165.4,2,55.1,43.8,1.14,8,0.78,16,0
CLM20260403008521,RID11651,civic_unrest,105.2,3,9.5,26.4,1.48,8,-0.53,15,0
CLM20260403008522,RID51803,civic_unrest,19.4,3,41.1,8.5,2.46,11,-1.02,10,0
CLM20260403008523,RID25365,civic_unrest,76.4,5,40.7,17.1,6.1,7,-1.92,10,0
CLM20260403008524,RID12408,extreme_heat,79.1,4,27.2,33.2,2.42,9,-1.3,17,0
CLM20260403008525,RID89194,extreme_heat,67.0,4,34.7,23.1,1.17,6,1.52,16,0
CLM20260403008526,RID33358,heavy_rainfall,56.7,3,131.2,33.3,1.03,7,0.44,13,0
CLM20260403008527,RID80730,heavy_rainfall,183.9,2,142.5,24.7,3.13,4,0.6,21,0
CLM20260403008528,RID99256,extreme_heat,121.6,9,28.8,15.1,0.04,9,-0.2,17,0
CLM20260403008529,RID87144,severe_pollution,47.3,2,46.4,20.0,3.71,9,1.25,13,0
CLM20260403008530,RID61597,extreme_heat,99.4,1,42.1,74.9,0.19,6,-1.49,27,0
CLM20260403008531,RID15230,extreme_heat,71.0,1,49.8,59.3,0.5,5,-0.29,23,0
CLM20260403008532,RID77337,civic_unrest,21.7,1,11.4,29.2,1.18,3,0.63,16,0
CLM20260403008533,RID81301,severe_pollution,15.1,2,26.8,44.9,2.09,7,-0.48,26,0
CLM20260403008534,RID99717,civic_unrest,5.9,1,110.8,7.8,17.96,42,2.77,1,1
CLM20260403008535,RID92358,heavy_rainfall,30.8,5,120.5,22.2,0.59,9,0.39,24,0
CLM20260403008536,RID96516,severe_pollution,143.4,4,22.8,24.5,3.23,10,-0.21,17,1
CLM20260403008537,RID80015,heavy_rainfall,46.7,2,135.3,20.8,2.65,13,0.94,15,0
CLM20260403008538,RID29864,severe_pollution,89.0,3,42.8,14.2,1.49,10,-0.23,8,0
CLM20260403008539,RID52165,extreme_heat,8.1,4,15.1,43.7,1.91,8,0.16,27,0
CLM20260403008540,RID89702,civic_unrest,77.4,3,54.8,39.9,0.23,10,-0.01,20,0
CLM20260403008541,RID21867,severe_pollution,11.1,3,9.4,3.5,0.89,8,1.11,22,0
CLM20260403008542,RID47025,severe_pollution,19.5,4,44.0,38.1,0.31,9,1.21,15,0
CLM20260403008543,RID88684,extreme_heat,92.6,2,22.3,42.2,1.26,20,0.17,13,0
CLM20260403008544,RID36702,extreme_heat,30.6,2,27.3,48.8,0.15,5,2.25,15,0
CLM20260403008545,RID54898,severe_pollution,55.0,2,55.7,17.8,0.3,5,-0.71,25,0
CLM20260403008546,RID27321,extreme_heat,25.6,5,16.4,38.7,1.31,12,1.84,15,0
CLM20260403008547,RID17273,extreme_heat,173.3,0,40.4,4.3,1.03,10,1.28,20,1
CLM20260403008548,RID89285,severe_pollution,15.6,7,38.2,76.1,0.0,7,-1.21,15,0
CLM20260403008549,RID49319,civic_unrest,32.2,3,20.6,46.0,3.36,16,-0.91,19,0
CLM20260403008550,RID12708,heavy_rainfall,14.4,5,125.3,40.8,0.46,9,0.36,29,0
CLM20260403008551,RID66623,severe_pollution,34.3,3,35.1,35.1,3.99,6,-1.19,24,0
CLM20260403008552,RID15579,severe_pollution,13.7,1,42.3,10.9,3.19,8,-0.32,15,0
CLM20260403008553,RID15578,extreme_heat,39.3,4,55.9,33.7,3.62,7,-0.7,11,0
CLM20260403008554,RID15377,heavy_rainfall,42.1,5,101.1,36.8,0.07,6,0.89,20,0
CLM20260403008555,RID88575,heavy_rainfall,73.4,3,104.6,80.0,0.27,13,0.57,24,0
CLM20260403008556,RID80890,civic_unrest,115.5,1,21.3,32.4,0.3,10,-1.35,20,0
CLM20260403008557,RID39144,heavy_rainfall,21.7,4,32.7,10.0,0.63,7,-1.53,17,0
CLM20260403008558,RID22042,extreme_heat,44.8,4,49.9,34.7,1.55,14,0.69,13,0
CLM20260403008559,RID99227,extreme_heat,87.4,1,43.8,4.6,0.28,2,-1.73,28,0
CLM20260403008560,RID61091,severe_pollution,46.3,4,38.5,12.2,0.69,13,-0.02,14,0
CLM20260403008561,RID23141,heavy_rainfall,77.7,2,133.4,12.6,5.74,5,0.38,18,0
CLM20260403008562,RID53946,civic_unrest,59.8,3,14.2,46.6,4.22,8,-0.5,13,0
CLM20260403008563,RID82554,civic_unrest,25.6,2,20.3,14.6,2.51,10,1.11,8,0
CLM20260403008564,RID83515,heavy_rainfall,17.7,3,123.7,58.2,0.63,3,-0.78,8,0
CLM20260403008565,RID54945,extreme_heat,38.4,2,52.5,32.9,1.72,7,-0.04,7,0
CLM20260403008566,RID62342,extreme_heat,98.1,0,50.2,17.7,1.53,8,1.65,13,0
CLM20260403008567,RID34441,heavy_rainfall,187.4,3,144.4,29.7,4.51,11,0.04,21,0
CLM20260403008568,RID24606,severe_pollution,63.6,1,57.7,10.4,0.23,4,1.78,13,0
CLM20260403008569,RID14239,civic_unrest,41.4,6,58.8,54.6,0.33,4,-2.02,24,0
CLM20260403008570,RID69614,extreme_heat,80.0,2,38.2,20.6,0.36,4,-0.45,22,0
CLM20260403008571,RID29233,heavy_rainfall,45.8,3,51.4,4.8,2.93,8,-0.56,11,0
CLM20260403008572,RID51096,extreme_heat,20.4,5,55.6,13.3,1.55,10,0.88,18,0
CLM20260403008573,RID88724,severe_pollution,21.4,2,58.6,20.9,0.63,10,-0.54,11,0
CLM20260403008574,RID98882,heavy_rainfall,51.2,4,87.1,34.2,2.91,11,-3.04,7,0
CLM20260403008575,RID72396,severe_pollution,38.4,5,29.7,13.1,8.74,7,-0.35,13,0
CLM20260403008576,RID45735,civic_unrest,56.9,2,16.2,7.9,1.25,5,-1.79,11,1
CLM20260403008577,RID46505,civic_unrest,42.5,2,11.0,42.0,2.96,11,-1.36,18,0
CLM20260403008578,RID72947,heavy_rainfall,22.4,4,27.3,4.6,3.76,4,0.09,20,0
CLM20260403008579,RID79707,extreme_heat,3.3,0,112.8,1.6,10.16,25,1.74,3,1
CLM20260403008580,RID93961,extreme_heat,154.2,5,38.4,7.5,0.61,6,-0.62,11,0
CLM20260403008581,RID20476,severe_pollution,117.0,1,42.6,50.5,1.43,9,-0.76,14,0
CLM20260403008582,RID18326,civic_unrest,20.6,2,51.4,6.9,0.22,11,1.49,17,0
CLM20260403008583,RID61170,heavy_rainfall,180.2,5,32.5,49.5,1.68,8,-1.57,24,0
CLM20260403008584,RID90948,civic_unrest,4.8,4,54.6,12.2,1.82,12,0.86,24,0
CLM20260403008585,RID41965,civic_unrest,110.1,1,55.1,44.4,3.0,9,2.3,14,0
CLM20260403008586,RID65210,severe_pollution,84.9,4,50.5,13.7,1.43,9,1.35,12,0
CLM20260403008587,RID60788,severe_pollution,63.9,2,57.6,32.5,4.11,10,0.47,10,0
CLM20260403008588,RID27336,severe_pollution,171.9,7,57.5,80.0,2.24,3,1.55,19,0
CLM20260403008589,RID33567,extreme_heat,55.1,1,54.7,21.5,0.47,4,2.02,22,0
CLM20260403008590,RID52823,severe_pollution,58.1,2,46.8,17.9,1.06,4,-1.48,23,0
CLM20260403008591,RID10363,civic_unrest,31.8,5,13.7,20.2,0.22,5,-0.87,8,0
CLM20260403008592,RID40420,heavy_rainfall,16.9,5,113.2,5.4,0.57,7,-0.95,7,0
CLM20260403008593,RID28070,severe_pollution,118.4,8,42.7,18.9,0.88,9,0.55,12,0
CLM20260403008594,RID19656,civic_unrest,15.3,4,59.8,11.8,0.88,7,-0.41,13,0
CLM20260403008595,RID12155,extreme_heat,12.0,5,24.5,13.9,0.43,5,-0.99,16,0
CLM20260403008596,RID59017,severe_pollution,90.9,5,21.1,16.2,2.79,8,-0.73,18,0
CLM20260403008597,RID82813,severe_pollution,66.5,6,33.1,11.1,0.56,9,-0.34,7,0
CLM20260403008598,RID10778,extreme_heat,27.4,3,55.0,54.9,2.41,5,-1.47,12,0
CLM20260403008599,RID60890,severe_pollution,27.5,1,49.4,9.7,0.12,9,-0.69,12,0
CLM20260403008600,RID16346,civic_unrest,120.3,4,42.8,33.0,4.42,6,-0.01,21,0
CLM20260403008601,RID16793,severe_pollution,97.2,2,32.6,17.8,0.24,9,-0.82,12,0
CLM20260403008602,RID40999,heavy_rainfall,68.8,2,119.3,9.9,0.27,11,0.17,15,0
CLM20260403008603,RID61934,severe_pollution,84.5,1,37.7,18.1,1.65,7,1.34,15,0
CLM20260403008604,RID41287,severe_pollution,28.7,1,9.3,34.3,0.34,9,-0.83,20,0
CLM20260403008605,RID11096,civic_unrest,96.4,3,35.2,8.1,3.77,10,1.53,10,0
CLM20260403008606,RID15769,extreme_heat,21.5,3,26.6,10.7,0.11,3,-0.18,28,1
CLM20260403008607,RID79586,heavy_rainfall,69.6,3,93.8,34.6,0.79,4,-0.91,19,0
CLM20260403008608,RID94800,severe_pollution,36.6,6,37.0,44.7,5.78,9,1.01,9,0
CLM20260403008609,RID44862,heavy_rainfall,23.1,2,106.5,80.0,0.36,13,-1.94,25,0
CLM20260403008610,RID91768,heavy_rainfall,32.6,5,70.8,16.1,0.47,7,-0.18,29,0
CLM20260403008611,RID11435,extreme_heat,87.2,3,44.1,21.3,4.26,2,1.3,23,0
CLM20260403008612,RID86892,heavy_rainfall,76.0,4,141.3,18.2,3.51,11,-0.71,12,0
CLM20260403008613,RID87642,heavy_rainfall,57.9,3,134.9,22.6,1.84,3,-0.15,18,0
CLM20260403008614,RID31614,heavy_rainfall,29.3,3,117.1,14.7,0.66,12,-1.53,9,0
CLM20260403008615,RID41097,heavy_rainfall,154.4,4,116.2,20.8,1.18,11,0.21,10,0
CLM20260403008616,RID28764,civic_unrest,94.3,0,31.7,13.5,0.04,5,-0.8,10,0
CLM20260403008617,RID27728,heavy_rainfall,5.8,0,74.8,13.1,8.03,42,3.15,1,1
CLM20260403008618,RID89732,civic_unrest,62.3,5,52.8,9.6,0.23,8,2.53,22,0
CLM20260403008619,RID54429,extreme_heat,15.9,2,32.7,43.2,0.74,9,0.13,13,0
CLM20260403008620,RID36218,severe_pollution,42.7,4,36.7,34.2,0.73,7,0.3,11,0
CLM20260403008621,RID58631,severe_pollution,63.4,3,29.5,36.6,1.3,10,-1.37,25,0
CLM20260403008622,RID88309,civic_unrest,32.2,4,8.9,22.4,4.38,12,1.19,7,0
CLM20260403008623,RID40312,heavy_rainfall,87.1,4,77.5,32.2,1.06,5,-1.19,8,0
CLM20260403008624,RID85297,extreme_heat,7.5,0,29.6,1.5,1.93,9,-0.68,13,0
CLM20260403008625,RID61435,heavy_rainfall,8.0,0,99.1,15.0,0.21,30,2.21,1,1
CLM20260403008626,RID16493,severe_pollution,28.1,4,22.7,64.6,0.68,6,1.72,16,0
CLM20260403008627,RID15635,extreme_heat,63.3,3,8.2,7.7,2.71,5,-0.4,8,0
CLM20260403008628,RID70747,civic_unrest,104.5,4,50.0,65.6,0.37,9,0.97,28,0
CLM20260403008629,RID74618,civic_unrest,56.7,6,51.5,34.6,7.36,5,-1.12,19,0
CLM20260403008630,RID96715,civic_unrest,0.8,3,31.9,24.5,0.17,8,0.91,11,0
CLM20260403008631,RID43788,civic_unrest,81.6,5,16.2,12.3,0.38,12,1.66,20,0
CLM20260403008632,RID92596,extreme_heat,39.7,1,21.0,16.6,0.6,7,-0.56,26,0
CLM20260403008633,RID15746,civic_unrest,95.5,2,40.5,24.4,0.96,4,0.52,11,0
CLM20260403008634,RID47464,civic_unrest,26.8,1,27.9,0.2,1.81,8,1.05,20,0
CLM20260403008635,RID47396,civic_unrest,25.5,3,52.9,24.9,3.5,4,0.76,26,0
CLM20260403008636,RID39508,heavy_rainfall,13.1,2,133.7,21.8,0.66,7,2.43,25,0
CLM20260403008637,RID26299,heavy_rainfall,14.6,4,102.9,31.3,0.97,11,0.67,26,0
CLM20260403008638,RID92656,heavy_rainfall,99.0,3,61.9,16.2,0.1,7,0.95,8,0
CLM20260403008639,RID81830,severe_pollution,77.0,2,50.8,23.5,1.03,7,1.26,23,0
CLM20260403008640,RID55594,civic_unrest,54.0,5,55.4,16.6,0.53,6,-3.59,24,0
CLM20260403008641,RID79388,extreme_heat,24.6,2,50.4,14.0,0.55,7,1.04,24,0
CLM20260403008642,RID47144,civic_unrest,72.0,3,8.8,39.1,0.91,5,-2.22,21,0
CLM20260403008643,RID53276,severe_pollution,68.7,6,36.6,2.3,3.94,12,-0.73,17,1
CLM20260403008644,RID63234,extreme_heat,32.2,4,25.1,18.3,0.16,9,-0.76,7,0
CLM20260403008645,RID32003,civic_unrest,42.2,0,10.8,55.9,0.97,12,0.16,8,1
CLM20260403008646,RID29583,heavy_rainfall,94.3,4,22.1,43.3,0.06,11,-0.71,18,0
CLM20260403008647,RID74660,severe_pollution,7.1,1,8.2,0.7,12.02,23,3.37,12,1
CLM20260403008648,RID16859,civic_unrest,47.8,2,44.0,80.0,0.3,11,0.88,14,0
CLM20260403008649,RID63398,severe_pollution,36.9,7,29.4,20.3,4.17,8,0.17,26,0
CLM20260403008650,RID11582,extreme_heat,52.0,2,55.8,19.1,0.18,12,-0.82,23,0
CLM20260403008651,RID63528,heavy_rainfall,225.4,3,140.4,33.7,0.34,5,0.5,11,0
CLM20260403008652,RID65050,extreme_heat,5.5,3,36.0,24.6,0.43,4,1.07,27,0
CLM20260403008653,RID50579,severe_pollution,20.3,6,8.2,7.9,0.81,3,0.06,26,0
CLM20260403008654,RID13995,severe_pollution,6.9,4,13.0,67.7,2.6,7,0.01,25,0
CLM20260403008655,RID11374,civic_unrest,65.6,3,9.0,22.2,1.0,8,0.25,16,0
CLM20260403008656,RID68839,extreme_heat,70.2,3,13.8,49.8,2.56,11,-0.46,10,0
CLM20260403008657,RID65259,severe_pollution,37.3,1,34.7,3.2,0.8,7,0.79,13,0
CLM20260403008658,RID12101,extreme_heat,62.2,4,33.9,23.1,3.68,5,0.34,19,0
CLM20260403008659,RID35787,civic_unrest,136.7,4,24.3,29.8,1.42,9,0.3,12,0
CLM20260403008660,RID18242,civic_unrest,104.3,4,19.2,41.2,1.5,9,-1.68,15,0
CLM20260403008661,RID76056,civic_unrest,26.3,5,55.0,8.7,2.73,8,-1.86,11,0
CLM20260403008662,RID13561,heavy_rainfall,52.6,4,53.0,17.0,0.11,7,1.99,11,0
CLM20260403008663,RID59081,extreme_heat,13.6,7,16.0,7.7,3.69,13,-1.03,8,0
CLM20260403008664,RID99246,heavy_rainfall,121.2,1,116.7,16.2,0.35,13,1.71,28,0
CLM20260403008665,RID18893,severe_pollution,42.2,5,14.8,5.2,0.62,7,-0.56,24,0
CLM20260403008666,RID40198,heavy_rainfall,42.9,1,61.6,53.3,3.42,7,1.46,13,0
CLM20260403008667,RID65464,severe_pollution,59.9,2,16.9,4.0,1.82,8,1.42,9,0
CLM20260403008668,RID22306,civic_unrest,43.9,3,41.9,12.1,0.96,13,-0.73,16,0
CLM20260403008669,RID65475,heavy_rainfall,104.1,1,79.7,22.6,1.53,7,0.6,15,0
CLM20260403008670,RID55463,severe_pollution,32.7,5,54.0,2.3,0.53,6,-1.16,14,0
CLM20260403008671,RID84983,heavy_rainfall,6.6,0,180.3,6.3,6.32,34,3.5,2,1
CLM20260403008672,RID58944,extreme_heat,74.3,3,48.2,21.3,2.74,12,3.68,12,0
CLM20260403008673,RID33493,civic_unrest,80.2,3,58.2,38.7,0.26,9,0.42,18,0
CLM20260403008674,RID49612,heavy_rainfall,34.5,3,38.7,48.0,2.22,4,0.47,27,0
CLM20260403008675,RID37418,extreme_heat,43.1,1,42.8,27.4,0.98,6,1.97,19,0
CLM20260403008676,RID87428,civic_unrest,48.5,3,50.5,45.0,0.19,7,-1.7,27,0
CLM20260403008677,RID50316,severe_pollution,14.8,2,32.2,80.0,1.58,13,-1.1,24,0
CLM20260403008678,RID84339,civic_unrest,17.3,3,50.5,18.7,2.96,11,-0.44,22,0
CLM20260403008679,RID17420,severe_pollution,51.0,5,52.1,38.6,0.26,14,1.11,25,0
CLM20260403008680,RID44631,civic_unrest,126.1,1,27.2,19.9,0.06,7,4.29,29,0
CLM20260403008681,RID38022,heavy_rainfall,10.5,0,7.9,8.6,7.39,38,3.45,1,1
CLM20260403008682,RID99130,civic_unrest,40.1,2,58.9,37.9,0.85,7,1.44,16,0
CLM20260403008683,RID71281,heavy_rainfall,49.4,5,134.2,6.9,0.15,6,-0.92,7,1
CLM20260403008684,RID51853,severe_pollution,21.7,5,8.9,50.2,0.37,4,0.03,13,0
CLM20260403008685,RID26136,heavy_rainfall,17.4,4,127.2,61.3,0.43,10,0.24,27,0
CLM20260403008686,RID94277,severe_pollution,131.3,2,39.7,16.2,0.44,11,0.46,27,0
CLM20260403008687,RID66980,civic_unrest,76.6,3,34.2,20.2,1.81,12,1.97,27,0
CLM20260403008688,RID63033,extreme_heat,68.4,2,26.1,51.7,2.13,4,-0.62,9,0
CLM20260403008689,RID66319,civic_unrest,120.1,2,18.5,33.0,2.09,9,0.93,28,0
CLM20260403008690,RID60900,heavy_rainfall,90.7,3,79.1,21.1,0.25,11,2.16,26,0
CLM20260403008691,RID82578,extreme_heat,60.2,1,44.0,29.0,2.98,4,3.78,16,0
CLM20260403008692,RID35533,civic_unrest,0.9,1,103.7,9.2,13.34,52,3.23,12,1
CLM20260403008693,RID89596,severe_pollution,62.9,1,43.2,41.3,6.29,5,-0.15,10,0
CLM20260403008694,RID44582,severe_pollution,42.0,0,19.0,61.6,10.16,6,-0.56,29,0
CLM20260403008695,RID61902,heavy_rainfall,24.4,1,51.1,14.6,1.78,8,-0.02,18,0
CLM20260403008696,RID59054,severe_pollution,62.5,1,12.9,9.5,0.03,4,1.39,28,0
CLM20260403008697,RID16445,extreme_heat,8.1,4,37.5,63.1,2.53,9,-1.53,10,0
CLM20260403008698,RID41835,severe_pollution,12.3,1,22.6,3.2,0.27,6,-0.53,7,0
CLM20260403008699,RID72134,heavy_rainfall,3.4,0,66.7,8.2,18.38,35,4.54,4,1
CLM20260403008700,RID81049,civic_unrest,79.2,4,40.5,1.6,0.01,8,2.0,11,0
CLM20260403008701,RID42028,heavy_rainfall,22.0,2,84.5,3.4,1.68,10,-0.32,13,0
CLM20260403008702,RID94199,heavy_rainfall,104.0,2,41.6,59.9,0.36,9,-0.12,15,0
CLM20260403008703,RID83880,extreme_heat,93.4,2,39.7,21.8,1.32,3,-1.83,15,0
CLM20260403008704,RID31488,heavy_rainfall,52.8,5,85.5,17.3,1.45,7,-1.71,29,0
CLM20260403008705,RID89098,civic_unrest,41.0,3,45.7,4.3,1.21,4,0.81,17,0
CLM20260403008706,RID66686,severe_pollution,14.9,4,29.9,21.2,4.23,4,-1.05,19,0
CLM20260403008707,RID41705,extreme_heat,42.5,3,12.3,15.7,0.3,8,-0.8,25,0
CLM20260403008708,RID34858,extreme_heat,40.7,3,43.1,16.5,0.16,8,-0.47,13,1
CLM20260403008709,RID89128,severe_pollution,53.8,2,49.0,40.5,7.32,7,-0.99,17,0
CLM20260403008710,RID37879,extreme_heat,10.7,4,9.1,63.2,3.53,6,0.24,7,0
CLM20260403008711,RID37568,severe_pollution,0.5,0,158.2,8.5,10.1,33,1.93,2,1
CLM20260403008712,RID47892,civic_unrest,36.0,5,52.2,11.0,0.19,8,1.46,25,0
CLM20260403008713,RID15232,extreme_heat,63.2,2,22.9,7.4,4.68,7,-0.35,11,0
CLM20260403008714,RID83488,extreme_heat,47.8,0,53.5,14.6,0.04,10,-0.67,23,0
CLM20260403008715,RID52226,extreme_heat,29.7,3,44.1,11.4,1.04,8,1.44,8,0
CLM20260403008716,RID31478,severe_pollution,49.9,4,21.9,48.8,0.04,7,0.4,23,0
CLM20260403008717,RID70317,severe_pollution,147.7,6,18.1,78.9,0.86,13,0.06,29,0
CLM20260403008718,RID90912,extreme_heat,33.4,2,50.0,48.6,0.16,7,-0.12,18,0
CLM20260403008719,RID43854,extreme_heat,71.3,3,29.6,45.6,0.88,10,-1.14,9,0
CLM20260403008720,RID67579,severe_pollution,73.7,1,41.1,11.0,0.14,6,1.6,10,0
CLM20260403008721,RID41032,extreme_heat,64.9,6,45.9,26.1,1.42,8,-0.64,10,0
CLM20260403008722,RID39338,civic_unrest,40.4,4,24.6,56.4,0.74,12,-0.3,28,0
CLM20260403008723,RID95420,extreme_heat,2.2,0,4.8,10.3,12.24,30,3.43,1,1
CLM20260403008724,RID16125,extreme_heat,90.4,6,23.4,12.2,1.16,7,-1.08,16,0
CLM20260403008725,RID41234,extreme_heat,115.4,3,37.2,54.2,0.8,4,0.6,23,1
CLM20260403008726,RID12843,heavy_rainfall,29.4,3,89.8,27.3,2.92,8,-0.81,11,0
CLM20260403008727,RID42946,heavy_rainfall,49.4,3,146.2,28.6,0.6,7,0.3,14,0
CLM20260403008728,RID18553,severe_pollution,49.7,5,36.5,9.0,2.52,15,1.14,23,1
CLM20260403008729,RID90851,extreme_heat,102.0,1,56.3,19.0,0.48,10,1.41,22,0
CLM20260403008730,RID39878,extreme_heat,42.7,6,9.5,32.3,0.0,9,-0.87,16,0
CLM20260403008731,RID77667,civic_unrest,12.6,5,48.0,80.0,3.86,4,2.32,28,0
CLM20260403008732,RID48448,extreme_heat,115.5,3,57.1,12.8,1.32,10,-2.74,24,0
CLM20260403008733,RID37842,civic_unrest,19.9,4,8.8,22.4,1.4,8,-1.55,20,0
CLM20260403008734,RID74833,heavy_rainfall,78.9,1,62.1,58.9,1.23,11,-1.06,21,0
CLM20260403008735,RID89252,extreme_heat,22.2,3,47.1,50.4,1.29,7,-1.25,9,0
CLM20260403008736,RID89705,heavy_rainfall,20.9,2,88.4,44.3,4.18,7,-1.16,28,0
CLM20260403008737,RID98167,severe_pollution,11.8,4,10.5,12.9,1.91,8,-1.23,28,0
CLM20260403008738,RID53437,civic_unrest,43.5,2,53.2,7.8,2.33,10,0.31,21,0
CLM20260403008739,RID21023,civic_unrest,46.7,2,16.9,21.5,0.44,9,-0.06,22,0
CLM20260403008740,RID45222,civic_unrest,62.2,3,21.9,65.6,0.75,3,1.9,15,0
CLM20260403008741,RID26624,severe_pollution,10.4,0,2.4,1.3,14.27,37,3.92,4,0
CLM20260403008742,RID17546,severe_pollution,3.9,1,7.8,12.8,7.09,36,2.99,3,1
CLM20260403008743,RID52415,severe_pollution,5.1,2,7.0,6.3,14.8,40,3.37,1,1
CLM20260403008744,RID84500,heavy_rainfall,1.2,0,6.7,7.8,19.15,26,4.42,1,1
CLM20260403008745,RID36442,extreme_heat,57.0,2,29.7,9.9,1.04,15,-0.81,29,0
CLM20260403008746,RID26294,heavy_rainfall,10.9,5,146.0,48.2,0.68,5,1.98,14,0
CLM20260403008747,RID10495,severe_pollution,52.2,2,24.8,27.5,0.45,5,0.74,18,0
CLM20260403008748,RID47269,extreme_heat,30.1,2,17.6,63.5,1.35,9,-3.58,10,0
CLM20260403008749,RID37976,extreme_heat,75.6,4,20.0,22.0,0.67,9,-0.12,7,0
CLM20260403008750,RID34157,severe_pollution,41.8,0,25.7,6.7,0.04,5,-0.92,13,0
CLM20260403008751,RID91974,extreme_heat,14.9,2,45.9,11.3,0.33,9,3.5,27,0
CLM20260403008752,RID26814,severe_pollution,114.1,6,14.2,47.4,1.54,5,0.53,20,0
CLM20260403008753,RID68903,severe_pollution,3.7,0,4.8,1.4,16.41,28,3.14,4,1
CLM20260403008754,RID71192,extreme_heat,112.6,1,26.5,18.8,0.95,6,2.0,18,0
CLM20260403008755,RID36706,heavy_rainfall,23.2,6,23.7,39.3,1.64,5,-0.14,25,0
CLM20260403008756,RID64285,heavy_rainfall,89.2,1,111.8,30.0,0.73,7,0.53,27,0
CLM20260403008757,RID62222,severe_pollution,62.3,3,13.1,53.1,1.33,6,-2.63,25,0
CLM20260403008758,RID49156,severe_pollution,46.5,5,58.7,2.7,0.41,9,1.92,16,0
CLM20260403008759,RID13706,severe_pollution,18.2,0,14.3,63.1,1.21,10,-0.73,10,0
CLM20260403008760,RID10452,extreme_heat,32.7,0,8.8,15.4,0.84,10,1.69,23,0
CLM20260403008761,RID83205,civic_unrest,24.3,4,29.9,48.9,0.59,8,-0.45,22,0
CLM20260403008762,RID16862,extreme_heat,4.7,0,124.0,0.4,12.14,34,1.41,3,1
CLM20260403008763,RID59604,heavy_rainfall,5.4,1,56.7,41.1,2.01,10,0.11,12,0
CLM20260403008764,RID53916,civic_unrest,38.8,3,41.1,9.9,0.61,11,-1.81,8,0
CLM20260403008765,RID32212,civic_unrest,42.9,2,12.9,6.1,10.14,7,1.78,20,0
CLM20260403008766,RID27730,civic_unrest,35.5,2,44.8,57.7,0.12,7,-0.95,28,0
CLM20260403008767,RID21116,heavy_rainfall,28.8,3,65.2,32.7,0.34,8,1.36,17,0
CLM20260403008768,RID93927,severe_pollution,20.6,2,50.2,56.2,0.9,8,0.47,10,0
CLM20260403008769,RID48995,heavy_rainfall,63.6,5,107.3,11.5,0.0,6,-0.67,17,0
CLM20260403008770,RID27337,severe_pollution,27.0,1,23.9,21.8,0.02,9,0.08,25,0
CLM20260403008771,RID45422,heavy_rainfall,13.9,3,81.1,80.0,0.13,7,-0.69,24,0
CLM20260403008772,RID98525,severe_pollution,37.8,1,39.6,20.5,0.85,7,1.53,21,0
CLM20260403008773,RID72028,civic_unrest,14.7,2,27.2,10.9,0.63,6,-0.87,28,0
CLM20260403008774,RID76366,extreme_heat,16.4,5,49.4,5.5,2.51,13,-1.22,16,0
CLM20260403008775,RID66102,severe_pollution,22.6,1,44.4,13.9,2.23,7,-0.75,22,0
CLM20260403008776,RID65082,extreme_heat,4.9,1,45.9,15.6,0.95,5,1.64,28,0
CLM20260403008777,RID58660,heavy_rainfall,33.2,2,113.3,49.1,0.57,13,-0.19,26,0
CLM20260403008778,RID66321,extreme_heat,8.2,1,55.2,28.1,0.53,9,1.52,14,0
CLM20260403008779,RID11807,heavy_rainfall,39.6,3,84.8,61.0,1.08,5,0.22,19,0
CLM20260403008780,RID42127,severe_pollution,3.9,0,44.6,2.8,14.92,35,3.52,1,1
CLM20260403008781,RID35022,civic_unrest,72.8,3,23.0,3.5,1.24,6,-1.05,21,0
CLM20260403008782,RID93138,severe_pollution,129.6,4,42.3,30.4,0.69,11,1.97,23,0
CLM20260403008783,RID44389,severe_pollution,5.4,0,3.1,6.7,17.72,46,1.74,3,1
CLM20260403008784,RID19302,civic_unrest,52.2,1,39.5,64.8,0.41,9,-0.02,21,0
CLM20260403008785,RID85192,severe_pollution,81.4,3,22.7,12.7,6.88,5,-0.69,15,0
CLM20260403008786,RID45031,civic_unrest,8.0,3,41.0,39.1,0.98,4,-0.85,22,0
CLM20260403008787,RID87989,severe_pollution,49.5,2,41.9,23.3,3.03,14,3.28,26,0
CLM20260403008788,RID94631,extreme_heat,75.5,2,50.5,14.8,2.96,8,-0.43,16,0
CLM20260403008789,RID23695,extreme_heat,1.2,0,46.3,10.9,5.97,35,3.33,1,1
CLM20260403008790,RID86949,severe_pollution,109.9,5,49.9,49.6,3.21,8,0.67,11,0
CLM20260403008791,RID85276,civic_unrest,48.5,1,17.6,23.2,1.13,12,2.47,27,0
CLM20260403008792,RID88401,heavy_rainfall,23.1,3,29.3,26.6,5.29,13,-0.8,21,0
CLM20260403008793,RID43775,severe_pollution,7.3,2,16.1,70.4,0.1,10,-0.35,7,0
CLM20260403008794,RID14506,civic_unrest,19.2,6,19.4,75.1,0.03,5,1.51,18,0
CLM20260403008795,RID51101,heavy_rainfall,43.5,2,78.1,34.9,0.23,6,0.9,21,0
CLM20260403008796,RID46974,extreme_heat,85.2,7,52.7,15.6,1.18,5,-1.0,10,0
CLM20260403008797,RID28733,severe_pollution,70.0,6,43.2,3.3,4.75,10,-1.7,24,0
CLM20260403008798,RID67215,civic_unrest,49.7,3,54.5,80.0,2.19,12,0.22,10,0
CLM20260403008799,RID38374,extreme_heat,46.6,3,47.5,9.8,0.4,9,0.75,17,0
CLM20260403008800,RID27273,extreme_heat,141.2,7,33.2,21.2,0.84,11,1.02,12,0
CLM20260403008801,RID87395,civic_unrest,55.7,1,43.9,36.6,0.86,7,1.07,28,1
CLM20260403008802,RID59939,heavy_rainfall,5.4,8,40.0,11.8,2.28,4,0.09,17,0
CLM20260403008803,RID27139,heavy_rainfall,58.4,2,59.7,39.5,0.22,8,-0.19,26,0
CLM20260403008804,RID30571,heavy_rainfall,37.2,3,98.3,13.9,0.2,4,-0.14,29,0
CLM20260403008805,RID96577,heavy_rainfall,38.9,2,90.1,43.0,0.29,7,-0.06,9,0
CLM20260403008806,RID53194,civic_unrest,78.7,2,21.9,30.4,1.13,6,1.69,11,0
CLM20260403008807,RID83712,civic_unrest,65.0,1,59.9,6.4,0.15,4,0.9,19,0
CLM20260403008808,RID39881,civic_unrest,107.6,4,57.6,42.8,1.38,5,0.86,28,0
CLM20260403008809,RID12134,heavy_rainfall,72.4,5,71.8,46.7,0.78,8,-1.32,19,0
CLM20260403008810,RID19598,extreme_heat,126.4,2,28.9,29.5,2.39,8,0.82,14,0
CLM20260403008811,RID99791,severe_pollution,11.9,0,78.3,8.4,14.56,32,3.28,2,1
CLM20260403008812,RID67270,extreme_heat,29.7,4,41.2,20.3,1.22,8,1.48,8,0
CLM20260403008813,RID28018,extreme_heat,28.6,2,14.6,37.1,0.97,9,-0.68,25,0
CLM20260403008814,RID87539,civic_unrest,67.9,1,9.5,5.9,3.06,6,-1.3,28,0
CLM20260403008815,RID75235,civic_unrest,56.1,2,35.1,9.2,4.22,6,-0.35,8,0
CLM20260403008816,RID32626,extreme_heat,38.5,5,57.1,20.7,0.32,9,-0.24,10,0
CLM20260403008817,RID54696,severe_pollution,55.8,0,8.7,9.1,7.4,32,2.19,3,1
CLM20260403008818,RID70436,severe_pollution,52.5,1,48.4,3.7,0.23,12,0.21,16,0
CLM20260403008819,RID18416,extreme_heat,208.3,1,25.1,32.6,0.39,7,-1.12,24,0
CLM20260403008820,RID26877,extreme_heat,53.0,3,58.5,8.3,1.61,8,-0.22,9,0
CLM20260403008821,RID69015,severe_pollution,76.8,3,29.8,67.1,0.51,10,-1.17,26,0
CLM20260403008822,RID17577,civic_unrest,79.7,4,36.1,42.6,0.01,9,2.21,27,0
CLM20260403008823,RID96148,civic_unrest,125.4,3,32.8,11.3,0.04,3,0.06,12,0
CLM20260403008824,RID18833,severe_pollution,44.8,3,10.7,27.2,0.1,6,-2.31,16,0
CLM20260403008825,RID78440,heavy_rainfall,144.1,4,97.0,6.6,1.92,5,0.48,22,0
CLM20260403008826,RID60386,heavy_rainfall,33.1,1,114.0,80.0,0.02,3,-1.64,20,0
CLM20260403008827,RID36205,civic_unrest,29.5,3,56.3,8.4,0.74,9,0.09,23,0
CLM20260403008828,RID85436,civic_unrest,69.9,3,41.4,42.9,1.87,4,-0.35,15,0
CLM20260403008829,RID62535,civic_unrest,56.2,4,18.6,32.5,1.11,8,0.85,22,0
CLM20260403008830,RID71281,civic_unrest,116.6,3,37.9,21.8,0.38,10,-1.31,28,0
CLM20260403008831,RID61303,heavy_rainfall,34.5,4,43.6,10.0,1.74,12,0.39,18,0
CLM20260403008832,RID99056,civic_unrest,22.7,4,15.8,51.0,1.55,6,-2.97,11,0
CLM20260403008833,RID77543,severe_pollution,24.8,2,27.4,4.2,2.15,8,0.66,17,0
CLM20260403008834,RID68172,civic_unrest,7.0,0,5.4,5.1,19.73,39,3.31,1,1
CLM20260403008835,RID84366,severe_pollution,39.9,2,54.4,10.9,1.04,8,0.39,8,0
CLM20260403008836,RID35270,extreme_heat,79.3,2,14.1,31.8,0.25,8,1.18,13,0
CLM20260403008837,RID10485,severe_pollution,169.2,3,38.2,16.8,1.36,13,-1.8,18,0
CLM20260403008838,RID30206,extreme_heat,62.0,2,54.1,4.5,0.8,9,0.53,23,0
CLM20260403008839,RID61769,heavy_rainfall,36.5,1,137.7,59.8,3.54,6,-0.66,24,0
CLM20260403008840,RID16644,heavy_rainfall,56.1,3,107.8,74.9,3.77,6,-0.23,7,0
CLM20260403008841,RID85226,extreme_heat,35.2,4,51.3,19.6,0.44,5,1.15,10,0
CLM20260403008842,RID64680,heavy_rainfall,1.8,0,108.5,5.1,9.69,27,3.53,2,1
CLM20260403008843,RID60356,severe_pollution,20.8,3,14.2,13.4,1.57,9,1.05,22,0
CLM20260403008844,RID27355,heavy_rainfall,102.2,3,114.9,9.7,0.93,11,2.59,20,0
CLM20260403008845,RID22970,severe_pollution,15.9,3,26.4,7.8,5.76,11,-0.35,17,0
CLM20260403008846,RID52290,civic_unrest,20.5,3,58.9,56.8,2.34,8,1.68,22,0
CLM20260403008847,RID51766,severe_pollution,29.6,4,18.5,19.7,2.31,14,0.34,24,0
CLM20260403008848,RID99703,severe_pollution,112.6,4,36.8,18.3,4.04,9,-1.79,12,0
CLM20260403008849,RID46409,civic_unrest,1.9,0,8.1,2.1,7.9,35,2.81,3,1
CLM20260403008850,RID75439,severe_pollution,59.6,4,52.6,34.4,0.63,10,-1.44,14,0
CLM20260403008851,RID52267,civic_unrest,39.1,3,37.7,29.3,0.59,10,-1.38,8,0
CLM20260403008852,RID56985,severe_pollution,50.2,3,28.8,19.8,2.1,4,-1.87,25,0
CLM20260403008853,RID56145,heavy_rainfall,118.0,4,46.9,24.5,3.07,6,2.18,15,0
CLM20260403008854,RID32563,civic_unrest,39.8,3,16.3,49.5,1.24,8,1.82,11,0
CLM20260403008855,RID71637,severe_pollution,42.5,3,12.1,5.3,3.05,14,-2.32,13,0
CLM20260403008856,RID45992,heavy_rainfall,47.3,1,100.6,14.1,3.58,5,-0.77,25,0
CLM20260403008857,RID10897,heavy_rainfall,77.3,2,129.0,44.0,0.19,12,-0.33,15,0
CLM20260403008858,RID60648,severe_pollution,74.2,1,59.7,33.6,1.29,9,-0.21,28,0
CLM20260403008859,RID54247,severe_pollution,0.5,0,4.2,14.5,10.73,35,2.88,3,1
CLM20260403008860,RID79593,extreme_heat,27.1,5,56.2,80.0,1.64,5,-0.75,7,0
CLM20260403008861,RID48164,heavy_rainfall,174.6,2,141.6,25.2,0.13,7,-1.58,27,0
CLM20260403008862,RID56846,heavy_rainfall,11.8,3,57.8,80.0,0.05,6,0.17,13,0
CLM20260403008863,RID64358,severe_pollution,2.5,0,7.9,8.6,8.15,42,1.81,2,1
CLM20260403008864,RID56255,civic_unrest,28.1,2,52.9,43.9,0.2,9,0.72,29,0
CLM20260403008865,RID52610,heavy_rainfall,81.5,3,138.8,39.5,0.85,5,-0.68,7,1
CLM20260403008866,RID30172,extreme_heat,40.0,2,29.8,15.9,4.39,11,0.8,10,1
CLM20260403008867,RID43644,civic_unrest,43.6,4,28.2,27.6,3.12,6,1.7,28,0
CLM20260403008868,RID44080,heavy_rainfall,48.6,3,75.6,55.6,0.75,6,0.96,15,0
CLM20260403008869,RID77147,severe_pollution,80.5,1,41.0,27.3,0.12,14,-0.04,21,0
CLM20260403008870,RID48811,heavy_rainfall,58.4,3,68.8,14.4,4.2,11,1.85,7,0
CLM20260403008871,RID28837,extreme_heat,0.5,0,3.8,14.7,12.36,38,2.28,2,1
CLM20260403008872,RID36422,severe_pollution,56.9,2,51.9,10.2,6.08,5,0.67,19,0
CLM20260403008873,RID80046,severe_pollution,16.0,2,36.2,10.5,1.12,12,1.52,27,0
CLM20260403008874,RID12226,extreme_heat,63.1,5,19.2,63.0,1.07,10,-0.43,13,0
CLM20260403008875,RID51717,severe_pollution,76.1,3,49.5,56.5,0.36,8,0.29,25,0
CLM20260403008876,RID15491,heavy_rainfall,45.5,5,21.2,26.0,0.48,8,0.63,12,0
CLM20260403008877,RID69327,heavy_rainfall,25.9,5,139.4,48.9,1.49,8,-1.94,27,0
CLM20260403008878,RID42132,severe_pollution,43.5,5,22.1,71.7,1.13,10,-1.09,8,0
CLM20260403008879,RID35426,heavy_rainfall,39.8,2,114.6,14.7,0.83,13,0.09,27,0
CLM20260403008880,RID91554,civic_unrest,18.9,1,31.3,6.9,1.74,12,0.84,13,0
CLM20260403008881,RID45098,extreme_heat,98.0,0,42.8,53.9,1.4,5,-0.56,24,0
CLM20260403008882,RID37808,severe_pollution,61.9,5,40.6,54.7,0.54,9,1.59,23,0
CLM20260403008883,RID17964,extreme_heat,8.3,0,158.2,9.7,5.6,37,3.61,2,1
CLM20260403008884,RID15927,civic_unrest,15.6,7,34.5,40.8,0.15,11,-1.35,16,0
CLM20260403008885,RID16358,extreme_heat,132.7,1,45.4,24.7,1.29,8,0.49,29,0
CLM20260403008886,RID13984,civic_unrest,46.2,5,25.8,25.9,1.32,6,0.91,8,0
CLM20260403008887,RID19065,extreme_heat,132.3,4,8.0,13.0,1.27,11,0.36,20,0
CLM20260403008888,RID45273,heavy_rainfall,31.5,2,129.2,34.0,2.31,14,-0.46,22,0
CLM20260403008889,RID86530,severe_pollution,23.5,1,12.6,11.4,2.91,7,1.68,21,0
CLM20260403008890,RID93620,heavy_rainfall,66.6,0,61.8,27.2,1.92,13,2.12,29,0
CLM20260403008891,RID89613,severe_pollution,83.6,1,30.4,20.4,0.65,6,1.72,17,0
CLM20260403008892,RID88168,severe_pollution,103.2,5,44.1,5.9,0.54,13,-0.46,7,0
CLM20260403008893,RID85478,severe_pollution,30.4,4,54.6,42.5,0.85,6,-2.41,17,0
CLM20260403008894,RID27685,civic_unrest,19.8,2,51.2,10.2,0.03,8,-0.45,11,1
CLM20260403008895,RID54123,extreme_heat,27.0,3,16.2,54.7,1.87,9,0.16,22,0
CLM20260403008896,RID82776,civic_unrest,73.8,4,46.1,8.2,1.93,7,0.56,19,0
CLM20260403008897,RID24354,extreme_heat,87.4,3,42.2,24.3,0.78,11,0.18,9,0
CLM20260403008898,RID57523,severe_pollution,59.6,3,37.3,25.7,0.29,8,-1.03,11,1
CLM20260403008899,RID89874,civic_unrest,78.3,1,35.3,6.4,1.08,10,1.15,28,0
CLM20260403008900,RID79026,heavy_rainfall,88.9,8,46.2,17.8,1.15,15,0.57,14,0
CLM20260403008901,RID49167,civic_unrest,13.4,3,41.1,13.6,0.06,8,-0.05,21,0
CLM20260403008902,RID15536,severe_pollution,60.7,2,30.4,15.4,2.72,12,0.63,14,0
CLM20260403008903,RID36823,civic_unrest,194.0,3,55.0,17.4,1.7,7,1.34,18,0
CLM20260403008904,RID59498,severe_pollution,4.0,0,140.4,14.3,0.06,45,3.25,2,1
CLM20260403008905,RID49210,heavy_rainfall,33.1,6,69.9,10.7,0.77,13,1.5,16,0
CLM20260403008906,RID85109,civic_unrest,15.0,0,6.8,13.6,11.92,28,3.43,5,1
CLM20260403008907,RID75308,extreme_heat,29.5,5,42.8,49.7,0.12,4,-0.1,9,0
CLM20260403008908,RID85109,civic_unrest,82.3,2,21.6,10.1,3.08,10,-0.14,27,0
CLM20260403008909,RID98713,heavy_rainfall,57.6,3,34.3,38.3,0.36,8,0.67,8,0
CLM20260403008910,RID54142,heavy_rainfall,3.3,0,4.4,2.5,8.38,38,3.48,4,1
CLM20260403008911,RID28396,severe_pollution,71.1,1,35.0,20.9,1.41,11,-0.42,15,0
CLM20260403008912,RID10142,extreme_heat,18.0,0,59.4,10.0,5.76,27,3.99,2,1
CLM20260403008913,RID90870,civic_unrest,0.9,0,9.0,10.7,0.62,34,3.77,3,1
CLM20260403008914,RID45424,extreme_heat,4.4,1,32.0,16.4,1.48,6,2.84,23,0
CLM20260403008915,RID95285,heavy_rainfall,3.3,6,68.8,28.4,1.49,8,-1.8,17,0
CLM20260403008916,RID40574,heavy_rainfall,82.9,4,73.9,11.7,7.09,7,-1.96,21,0
CLM20260403008917,RID56369,extreme_heat,1.7,0,2.6,5.0,13.08,37,2.75,2,1
CLM20260403008918,RID53532,civic_unrest,7.7,0,2.3,11.1,0.27,35,3.35,1,1
CLM20260403008919,RID90022,heavy_rainfall,46.7,3,115.2,52.9,3.06,8,-0.98,21,0
CLM20260403008920,RID71426,extreme_heat,127.0,2,52.5,13.4,0.77,7,1.07,22,0
CLM20260403008921,RID50917,extreme_heat,69.7,3,35.3,26.9,0.01,10,-0.13,28,0
CLM20260403008922,RID15356,extreme_heat,26.4,5,36.7,11.2,4.01,8,-0.47,19,0
CLM20260403008923,RID22631,severe_pollution,58.2,1,50.4,36.3,1.38,8,-1.94,18,0
CLM20260403008924,RID97161,severe_pollution,82.5,5,53.2,50.5,0.1,5,0.18,10,0
CLM20260403008925,RID71756,civic_unrest,50.2,3,11.9,57.6,2.91,8,-1.46,24,0
CLM20260403008926,RID79807,severe_pollution,6.4,4,15.8,66.3,0.05,14,-0.36,29,0
CLM20260403008927,RID70329,civic_unrest,14.2,3,22.9,7.8,1.62,13,1.04,26,0
CLM20260403008928,RID89909,civic_unrest,43.0,1,27.3,2.3,0.59,9,-0.99,18,0
CLM20260403008929,RID24900,civic_unrest,1.3,1,149.3,0.7,16.61,30,2.47,2,1
CLM20260403008930,RID18741,severe_pollution,16.9,3,23.0,53.3,1.12,9,-1.26,12,0
CLM20260403008931,RID45036,extreme_heat,26.6,3,15.2,10.6,1.94,10,2.09,12,0
CLM20260403008932,RID36406,heavy_rainfall,86.8,2,57.4,36.0,1.84,2,-0.39,15,0
CLM20260403008933,RID75648,extreme_heat,15.4,2,48.4,13.9,0.42,8,-1.17,14,0
CLM20260403008934,RID89478,civic_unrest,48.3,0,48.7,16.2,2.88,6,1.3,8,0
CLM20260403008935,RID94067,severe_pollution,38.3,1,8.0,20.5,2.1,9,0.68,16,0
CLM20260403008936,RID77410,civic_unrest,58.3,6,30.0,23.7,0.44,9,-0.7,28,0
CLM20260403008937,RID23896,severe_pollution,15.4,4,22.6,80.0,0.32,6,0.92,26,0
CLM20260403008938,RID30863,extreme_heat,25.7,3,53.4,8.7,0.73,5,1.35,9,0
CLM20260403008939,RID94764,extreme_heat,107.2,2,20.8,20.7,2.4,6,0.74,27,0
CLM20260403008940,RID32061,severe_pollution,103.1,1,23.0,9.5,0.84,8,1.47,17,0
CLM20260403008941,RID14080,civic_unrest,48.7,3,10.0,30.0,0.13,5,0.12,7,0
CLM20260403008942,RID81910,severe_pollution,29.0,4,22.5,44.1,0.56,12,0.69,28,0
CLM20260403008943,RID91619,civic_unrest,13.7,4,55.9,37.6,1.95,9,-0.64,25,0
CLM20260403008944,RID31724,severe_pollution,13.8,5,42.3,37.5,1.73,3,0.74,9,0
CLM20260403008945,RID65048,severe_pollution,225.7,3,25.5,20.4,0.03,7,-0.14,8,0
CLM20260403008946,RID48343,extreme_heat,95.1,7,44.7,47.2,0.1,11,0.82,10,0
CLM20260403008947,RID22931,severe_pollution,0.6,0,3.1,3.4,8.62,28,2.12,4,1
CLM20260403008948,RID35227,heavy_rainfall,49.4,4,49.8,32.2,0.68,4,1.16,20,0
CLM20260403008949,RID60324,severe_pollution,101.9,1,18.6,2.8,1.1,7,1.32,21,0
CLM20260403008950,RID33828,extreme_heat,2.6,0,54.6,3.4,10.59,36,3.7,3,1
CLM20260403008951,RID96140,heavy_rainfall,2.8,0,198.9,0.9,14.94,39,2.07,2,1
CLM20260403008952,RID58697,heavy_rainfall,11.6,0,8.1,6.6,18.99,39,2.1,1,1
CLM20260403008953,RID79419,heavy_rainfall,53.7,1,24.5,28.0,0.39,14,2.28,28,0
CLM20260403008954,RID71438,extreme_heat,119.7,3,57.9,18.8,2.17,9,-0.58,7,0
CLM20260403008955,RID48653,extreme_heat,89.0,1,21.0,44.3,0.02,7,-1.88,7,0
CLM20260403008956,RID60001,civic_unrest,89.3,4,16.5,30.8,0.07,7,-0.67,11,0
CLM20260403008957,RID54549,civic_unrest,124.8,4,55.5,23.4,2.02,9,0.94,24,0
CLM20260403008958,RID64305,heavy_rainfall,58.5,5,89.0,45.3,0.35,10,0.32,12,0
CLM20260403008959,RID65103,extreme_heat,12.0,2,52.1,4.7,1.87,7,-0.83,9,0
CLM20260403008960,RID40876,extreme_heat,48.0,2,11.2,14.8,1.3,10,1.48,15,0
CLM20260403008961,RID70315,extreme_heat,6.2,2,56.9,10.5,0.19,5,-1.94,12,0
CLM20260403008962,RID38844,severe_pollution,35.3,5,43.8,9.5,0.67,5,1.68,12,0
CLM20260403008963,RID25603,severe_pollution,9.7,3,36.6,19.6,1.16,4,-0.61,19,0
CLM20260403008964,RID91877,heavy_rainfall,27.7,3,99.6,32.9,2.69,6,1.12,26,0
CLM20260403008965,RID29857,extreme_heat,71.1,4,51.5,46.4,1.76,7,1.15,21,0
CLM20260403008966,RID39884,severe_pollution,0.5,0,91.6,2.2,8.83,20,4.52,1,1
CLM20260403008967,RID99038,heavy_rainfall,13.2,1,133.4,2.7,15.04,26,3.52,4,1
CLM20260403008968,RID14707,severe_pollution,17.5,3,44.1,23.3,1.5,10,0.92,14,0
CLM20260403008969,RID51465,civic_unrest,11.6,1,16.9,20.3,0.94,4,-0.62,23,0
CLM20260403008970,RID81061,severe_pollution,43.3,3,22.0,18.5,0.03,8,-1.02,26,0
CLM20260403008971,RID17291,civic_unrest,218.5,2,47.1,12.8,3.58,5,-0.01,14,0
CLM20260403008972,RID71081,severe_pollution,7.3,4,30.9,29.0,0.11,9,-1.7,10,0
CLM20260403008973,RID86142,civic_unrest,64.9,2,32.3,15.6,0.0,8,-1.86,23,0
CLM20260403008974,RID44011,heavy_rainfall,43.3,3,88.2,64.1,0.74,10,-1.92,19,1
CLM20260403008975,RID92197,severe_pollution,71.6,4,48.5,46.1,0.78,12,-0.47,24,0
CLM20260403008976,RID65144,severe_pollution,30.3,5,11.9,33.7,2.92,10,0.01,28,0
CLM20260403008977,RID51151,civic_unrest,88.3,2,32.4,15.7,0.52,9,-0.39,21,0
CLM20260403008978,RID36545,heavy_rainfall,21.0,3,25.1,19.8,0.34,9,-0.08,15,0
CLM20260403008979,RID81387,heavy_rainfall,88.3,6,140.3,3.0,0.14,10,-0.81,22,0
CLM20260403008980,RID69301,extreme_heat,85.6,4,28.7,23.0,0.92,9,0.04,24,0
CLM20260403008981,RID70656,heavy_rainfall,188.7,1,137.5,46.6,0.93,8,1.62,9,0
CLM20260403008982,RID56234,heavy_rainfall,40.0,0,59.9,26.3,3.64,7,-0.62,27,0
CLM20260403008983,RID51996,severe_pollution,68.7,3,34.4,25.1,1.31,4,1.33,21,0
CLM20260403008984,RID88974,heavy_rainfall,123.1,3,97.3,12.6,0.36,7,1.46,26,0
CLM20260403008985,RID83115,civic_unrest,240.0,8,53.1,29.8,1.14,6,-0.62,22,0
CLM20260403008986,RID58443,severe_pollution,136.0,4,49.4,8.3,0.78,5,1.22,13,0
CLM20260403008987,RID31973,severe_pollution,12.4,1,21.4,11.6,1.3,5,-0.03,24,1
CLM20260403008988,RID82080,extreme_heat,32.7,2,25.0,8.0,0.43,7,0.96,11,0
CLM20260403008989,RID76260,civic_unrest,56.3,2,40.9,61.0,0.71,9,1.81,16,0
CLM20260403008990,RID82154,severe_pollution,59.9,1,14.0,11.1,1.55,10,1.28,16,0
CLM20260403008991,RID63873,extreme_heat,92.0,1,40.0,22.6,5.12,10,0.58,29,0
CLM20260403008992,RID78829,heavy_rainfall,46.6,5,126.9,22.8,1.9,11,0.69,13,0
CLM20260403008993,RID30388,heavy_rainfall,13.6,2,128.9,60.4,0.96,7,0.84,22,0
CLM20260403008994,RID99816,severe_pollution,110.7,4,27.3,47.6,1.22,3,0.02,26,0
CLM20260403008995,RID62244,heavy_rainfall,43.1,7,53.8,14.4,0.11,5,1.3,21,0
CLM20260403008996,RID29783,extreme_heat,39.0,3,55.2,13.8,5.37,3,0.75,21,0
CLM20260403008997,RID87814,severe_pollution,137.3,2,52.8,29.6,1.44,9,-1.04,21,0
CLM20260403008998,RID99293,heavy_rainfall,97.2,3,20.9,14.3,1.36,9,0.07,7,0
CLM20260403008999,RID33646,heavy_rainfall,30.5,3,65.0,13.7,4.68,7,1.02,29,0
CLM20260403009000,RID92784,heavy_rainfall,11.1,4,59.4,40.8,0.39,7,0.24,26,0
CLM20260403009001,RID92842,civic_unrest,111.8,3,18.7,42.0,0.92,7,-0.32,18,0
CLM20260403009002,RID21562,heavy_rainfall,83.4,6,117.9,5.6,1.98,10,-0.62,23,0
CLM20260403009003,RID30275,severe_pollution,25.2,1,15.0,8.3,0.04,8,-1.28,19,0
CLM20260403009004,RID95939,heavy_rainfall,86.0,3,142.3,45.5,0.89,4,0.05,23,0
CLM20260403009005,RID76944,extreme_heat,37.8,5,8.9,12.9,0.61,7,0.2,14,0
CLM20260403009006,RID13480,severe_pollution,128.0,8,10.2,18.9,2.65,7,-1.5,10,0
CLM20260403009007,RID10923,severe_pollution,192.3,4,40.1,34.6,0.59,8,-1.13,16,0
CLM20260403009008,RID60859,heavy_rainfall,9.0,5,107.2,21.3,1.56,5,-0.35,14,0
CLM20260403009009,RID25521,heavy_rainfall,101.8,2,64.6,80.0,1.42,7,1.16,20,0
CLM20260403009010,RID69596,extreme_heat,8.7,2,9.1,40.5,1.09,10,-1.78,10,0
CLM20260403009011,RID38763,severe_pollution,128.0,4,19.1,10.4,4.2,11,-0.46,17,1
CLM20260403009012,RID29232,extreme_heat,102.1,3,57.4,30.6,2.86,7,-0.65,9,0
CLM20260403009013,RID60806,extreme_heat,4.5,0,8.9,11.9,7.08,26,3.23,3,1
CLM20260403009014,RID39347,civic_unrest,18.9,2,31.2,3.8,1.24,9,2.65,25,0
CLM20260403009015,RID77027,severe_pollution,0.5,0,112.3,14.8,19.06,40,3.75,4,1
CLM20260403009016,RID96684,civic_unrest,70.6,4,40.1,19.9,1.06,5,1.43,8,1
CLM20260403009017,RID89622,severe_pollution,101.7,2,27.9,38.2,0.03,8,-1.36,20,0
CLM20260403009018,RID16058,extreme_heat,42.4,3,47.3,38.9,0.32,10,-1.08,20,0
CLM20260403009019,RID51442,heavy_rainfall,33.8,2,69.6,58.2,1.36,6,0.16,7,0
CLM20260403009020,RID65145,severe_pollution,45.7,5,13.3,17.2,0.05,9,-0.15,19,0
CLM20260403009021,RID52978,severe_pollution,87.3,5,55.5,23.7,0.97,7,-0.88,24,0
CLM20260403009022,RID76982,severe_pollution,2.6,0,5.5,6.4,11.93,25,3.27,8,1
CLM20260403009023,RID77969,extreme_heat,114.6,2,42.6,13.2,0.37,12,-1.01,17,1
CLM20260403009024,RID35035,civic_unrest,13.8,4,30.3,54.9,1.01,8,0.91,25,0
CLM20260403009025,RID56440,severe_pollution,14.1,0,169.9,6.2,5.98,38,3.94,5,1
CLM20260403009026,RID11739,severe_pollution,74.9,1,38.7,39.9,2.95,7,-1.24,20,0
CLM20260403009027,RID67967,extreme_heat,46.9,2,19.9,8.7,1.55,6,0.63,25,0
CLM20260403009028,RID23311,extreme_heat,62.0,3,27.0,23.0,0.83,11,-0.17,14,0
CLM20260403009029,RID96271,extreme_heat,71.9,3,53.5,18.7,2.3,10,1.39,23,0
CLM20260403009030,RID23126,civic_unrest,34.6,3,56.3,24.6,1.98,10,0.53,19,0
CLM20260403009031,RID53158,civic_unrest,34.6,4,54.2,5.8,1.95,8,-0.27,16,0
CLM20260403009032,RID92853,heavy_rainfall,0.5,0,2.4,14.2,10.98,33,2.25,5,0
CLM20260403009033,RID99305,civic_unrest,125.9,2,27.8,39.9,1.06,10,-1.35,15,0
CLM20260403009034,RID67668,heavy_rainfall,12.9,0,4.4,12.0,1.37,35,3.02,8,1
CLM20260403009035,RID56855,extreme_heat,13.7,2,15.0,42.7,0.83,4,1.38,13,0
CLM20260403009036,RID94372,heavy_rainfall,92.5,3,22.6,53.3,5.46,8,1.85,16,0
CLM20260403009037,RID78786,severe_pollution,10.9,2,44.7,19.0,0.95,1,1.32,24,0
CLM20260403009038,RID90985,extreme_heat,29.3,2,57.8,80.0,2.39,8,0.88,7,0
CLM20260403009039,RID77708,civic_unrest,31.5,6,18.5,56.6,0.25,10,-2.62,16,0
CLM20260403009040,RID46720,civic_unrest,75.8,1,56.6,8.2,0.45,8,-0.31,16,0
CLM20260403009041,RID15860,civic_unrest,157.8,1,42.4,13.1,0.61,6,0.66,22,1
CLM20260403009042,RID58187,extreme_heat,72.7,5,52.7,60.0,5.75,11,0.02,29,0
CLM20260403009043,RID23719,heavy_rainfall,56.3,6,136.6,30.5,1.34,9,-1.18,9,0
CLM20260403009044,RID50811,heavy_rainfall,45.9,3,36.3,13.9,0.12,13,-2.1,18,0
CLM20260403009045,RID50444,severe_pollution,14.4,4,20.4,38.6,0.8,10,-0.35,15,0
CLM20260403009046,RID16737,heavy_rainfall,9.4,3,76.6,14.0,1.37,8,-0.12,28,0
CLM20260403009047,RID29973,extreme_heat,37.4,3,35.3,10.7,0.26,6,-0.45,10,0
CLM20260403009048,RID94957,civic_unrest,6.9,0,76.8,7.8,18.16,36,1.84,2,1
CLM20260403009049,RID16451,extreme_heat,37.7,2,17.0,75.6,0.64,7,-1.08,26,0
CLM20260403009050,RID62506,severe_pollution,51.7,2,9.3,27.8,0.56,8,-0.83,9,0
CLM20260403009051,RID24920,civic_unrest,51.4,2,38.8,24.2,3.41,8,-2.61,21,1
CLM20260403009052,RID92285,severe_pollution,50.8,4,11.1,15.1,2.19,16,2.31,29,0
CLM20260403009053,RID79968,heavy_rainfall,3.5,0,7.7,8.6,12.95,34,3.99,1,1
CLM20260403009054,RID14911,severe_pollution,29.1,5,36.5,4.0,2.51,9,-2.36,7,1
CLM20260403009055,RID69026,severe_pollution,13.0,3,42.7,31.6,2.41,5,0.21,17,0
CLM20260403009056,RID80480,heavy_rainfall,65.5,2,27.7,44.8,4.8,7,1.77,23,0
CLM20260403009057,RID28628,extreme_heat,8.3,0,4.5,8.4,18.48,26,3.5,3,1
CLM20260403009058,RID93730,civic_unrest,3.0,1,112.7,14.6,15.71,28,4.2,1,0
CLM20260403009059,RID92255,civic_unrest,98.2,9,48.3,37.6,2.58,19,-1.12,7,0
CLM20260403009060,RID56813,severe_pollution,59.3,2,28.9,67.1,0.51,10,0.34,18,0
CLM20260403009061,RID77158,civic_unrest,50.7,2,56.9,37.4,0.99,5,0.35,17,0
CLM20260403009062,RID44524,severe_pollution,130.3,3,35.7,77.9,0.48,11,-0.11,29,0
CLM20260403009063,RID72000,civic_unrest,19.0,4,46.7,62.5,2.64,5,1.06,7,0
CLM20260403009064,RID13242,extreme_heat,4.3,1,110.8,1.3,0.78,32,2.62,1,1
CLM20260403009065,RID65477,severe_pollution,28.1,5,24.7,22.2,0.34,11,1.55,23,0
CLM20260403009066,RID49080,heavy_rainfall,34.4,3,122.6,30.3,0.22,8,-1.25,11,0
CLM20260403009067,RID18702,severe_pollution,87.2,2,20.7,36.1,3.37,8,1.09,28,0
CLM20260403009068,RID38564,extreme_heat,209.7,3,34.8,9.2,1.04,6,1.15,22,0
CLM20260403009069,RID90367,civic_unrest,79.1,3,39.6,21.6,2.38,6,-3.94,28,0
CLM20260403009070,RID72883,extreme_heat,50.9,2,36.8,25.2,2.59,13,-2.19,16,0
CLM20260403009071,RID75353,extreme_heat,22.6,7,30.6,50.4,4.45,10,0.96,19,0
CLM20260403009072,RID25600,civic_unrest,48.7,2,8.4,33.7,2.25,4,0.43,27,0
CLM20260403009073,RID86322,severe_pollution,145.8,1,12.2,17.8,1.5,12,0.11,29,0
CLM20260403009074,RID57979,severe_pollution,50.4,4,10.5,42.1,0.08,7,-1.2,25,0
CLM20260403009075,RID30993,extreme_heat,2.0,1,2.7,4.0,19.82,28,2.64,12,1
CLM20260403009076,RID96841,severe_pollution,49.6,2,51.9,18.7,1.53,9,1.21,17,0
CLM20260403009077,RID40608,heavy_rainfall,81.9,3,54.8,13.4,0.48,4,-1.81,23,0
CLM20260403009078,RID76721,severe_pollution,66.0,2,34.3,53.0,0.52,7,0.47,12,0
CLM20260403009079,RID83342,extreme_heat,49.6,5,12.4,37.7,7.67,8,-0.51,20,0
CLM20260403009080,RID14947,extreme_heat,98.2,5,9.8,2.0,0.38,10,-1.1,10,0
CLM20260403009081,RID84047,heavy_rainfall,81.9,7,126.6,49.6,1.75,6,-1.05,7,0
CLM20260403009082,RID53440,civic_unrest,54.2,0,54.4,22.8,4.12,6,-1.18,8,0
CLM20260403009083,RID96755,civic_unrest,18.1,2,55.8,46.9,1.7,9,2.55,21,0
CLM20260403009084,RID94218,extreme_heat,124.3,3,16.9,17.3,0.08,13,-0.1,27,0
CLM20260403009085,RID39723,extreme_heat,79.4,5,49.4,21.6,0.71,1,-0.46,15,0
CLM20260403009086,RID32944,civic_unrest,9.9,4,10.9,18.8,1.68,9,-0.16,14,0
CLM20260403009087,RID21858,severe_pollution,28.5,3,12.1,9.9,0.96,6,1.28,9,0
CLM20260403009088,RID58869,heavy_rainfall,13.7,5,35.1,29.1,4.21,3,1.73,28,0
CLM20260403009089,RID82088,civic_unrest,17.8,0,29.3,49.6,0.6,10,-0.4,27,0
CLM20260403009090,RID92159,civic_unrest,4.7,0,53.2,5.5,7.54,40,3.6,3,1
CLM20260403009091,RID80456,extreme_heat,83.0,3,15.1,14.3,0.08,11,-0.04,21,1
CLM20260403009092,RID86425,severe_pollution,25.4,6,32.5,41.7,0.39,3,1.51,19,0
CLM20260403009093,RID60995,heavy_rainfall,23.4,3,76.8,80.0,2.2,10,1.16,19,0
CLM20260403009094,RID71153,extreme_heat,155.0,3,8.1,10.1,1.92,9,-0.16,20,0
CLM20260403009095,RID49307,civic_unrest,44.7,1,37.3,53.4,5.89,9,-0.7,15,0
CLM20260403009096,RID60371,severe_pollution,25.4,1,8.9,39.8,4.12,8,-0.15,19,0
CLM20260403009097,RID43371,severe_pollution,8.4,4,43.6,56.3,1.21,5,0.12,25,0
CLM20260403009098,RID33158,heavy_rainfall,41.3,6,122.2,63.1,0.26,10,0.45,23,0
CLM20260403009099,RID55269,civic_unrest,10.6,3,25.9,15.7,1.16,9,1.55,15,0
CLM20260403009100,RID81404,civic_unrest,28.9,0,48.7,6.3,0.5,9,1.26,25,0
CLM20260403009101,RID95236,heavy_rainfall,131.9,1,29.4,61.0,0.67,5,0.88,16,0
CLM20260403009102,RID92196,severe_pollution,46.1,1,24.9,14.6,1.67,8,-0.15,9,0
CLM20260403009103,RID45092,heavy_rainfall,71.3,2,50.8,10.1,0.13,7,-2.3,12,0
CLM20260403009104,RID65665,heavy_rainfall,86.7,1,123.2,18.9,0.71,8,0.38,9,0
CLM20260403009105,RID67927,heavy_rainfall,132.8,4,90.0,80.0,2.7,7,1.61,10,0
CLM20260403009106,RID54128,heavy_rainfall,93.1,0,59.3,7.9,0.05,11,0.27,14,0
CLM20260403009107,RID31176,extreme_heat,55.5,6,13.1,5.6,0.79,12,-0.27,24,0
CLM20260403009108,RID20082,heavy_rainfall,48.2,2,136.9,14.6,0.54,12,-1.07,11,0
CLM20260403009109,RID63017,heavy_rainfall,28.7,0,149.3,25.5,0.43,8,-1.18,8,0
CLM20260403009110,RID94610,civic_unrest,114.2,1,44.3,37.3,1.97,2,-2.09,23,0
CLM20260403009111,RID22960,extreme_heat,16.3,0,170.9,3.0,10.84,37,2.76,3,1
CLM20260403009112,RID49302,civic_unrest,35.2,4,27.2,22.8,1.01,12,2.15,21,0
CLM20260403009113,RID97509,severe_pollution,40.3,6,29.7,59.7,4.53,9,-1.59,22,0
CLM20260403009114,RID60672,heavy_rainfall,26.4,0,132.9,61.4,1.91,7,-0.81,9,0
CLM20260403009115,RID87437,civic_unrest,36.9,3,17.8,27.4,2.44,7,0.53,28,0
CLM20260403009116,RID83721,extreme_heat,2.5,0,185.6,8.1,8.35,24,3.72,2,1
CLM20260403009117,RID73812,severe_pollution,28.7,1,14.5,19.2,1.49,7,0.41,29,0
CLM20260403009118,RID47722,heavy_rainfall,37.0,8,124.0,8.7,1.56,5,0.9,8,0
CLM20260403009119,RID26837,extreme_heat,184.3,0,32.7,22.0,0.3,8,-1.1,23,0
CLM20260403009120,RID80256,severe_pollution,125.6,4,33.8,13.3,0.54,6,0.1,20,0
CLM20260403009121,RID47829,extreme_heat,43.4,3,30.5,55.5,3.5,7,1.95,24,0
CLM20260403009122,RID36382,heavy_rainfall,105.2,0,74.3,33.6,2.34,9,0.96,22,0
CLM20260403009123,RID29865,severe_pollution,63.9,2,32.4,31.5,0.17,10,0.23,8,0
CLM20260403009124,RID93154,civic_unrest,7.3,0,8.1,10.8,8.49,31,1.16,2,1
CLM20260403009125,RID13875,severe_pollution,57.3,4,45.5,32.5,0.7,6,-0.07,26,0
CLM20260403009126,RID34532,heavy_rainfall,5.4,2,27.0,21.2,2.28,6,0.64,13,0
CLM20260403009127,RID83115,extreme_heat,0.5,0,8.1,8.9,17.63,32,3.26,2,1
CLM20260403009128,RID64475,severe_pollution,58.5,3,12.4,27.6,1.61,5,-1.28,24,0
CLM20260403009129,RID69299,severe_pollution,123.1,4,54.2,32.4,5.66,6,-3.25,18,0
CLM20260403009130,RID26136,severe_pollution,223.5,3,40.4,10.1,1.74,11,-0.26,29,0
CLM20260403009131,RID64458,severe_pollution,12.0,4,57.0,36.1,0.07,8,0.5,12,0
CLM20260403009132,RID67082,heavy_rainfall,44.8,5,123.2,25.3,0.05,3,-0.78,27,0
CLM20260403009133,RID10196,extreme_heat,123.0,4,19.7,27.8,1.43,2,-0.1,14,0
CLM20260403009134,RID51084,severe_pollution,34.1,2,15.4,10.6,2.77,7,-1.56,25,0
CLM20260403009135,RID41524,civic_unrest,82.8,2,20.7,20.3,1.93,5,1.33,8,0
CLM20260403009136,RID32792,heavy_rainfall,18.5,3,101.0,67.4,8.76,10,0.14,24,0
CLM20260403009137,RID27619,extreme_heat,68.2,1,19.4,9.7,3.77,11,-0.0,29,0
CLM20260403009138,RID27516,extreme_heat,113.2,0,20.7,39.6,0.28,10,0.03,11,0
CLM20260403009139,RID45214,heavy_rainfall,62.8,3,61.8,22.9,0.05,4,-1.06,7,0
CLM20260403009140,RID19485,extreme_heat,1.0,0,7.7,8.4,13.5,36,2.83,3,1
CLM20260403009141,RID67372,severe_pollution,68.8,3,18.3,9.0,0.04,8,1.27,25,1
CLM20260403009142,RID82578,extreme_heat,78.3,3,23.3,23.8,4.69,5,-1.44,27,0
CLM20260403009143,RID65178,severe_pollution,112.1,2,15.1,21.6,1.62,7,-0.91,11,0
CLM20260403009144,RID56934,heavy_rainfall,77.9,2,65.6,22.4,0.8,8,-0.76,23,0
CLM20260403009145,RID22292,severe_pollution,1.2,0,2.8,4.4,14.63,44,3.25,5,1
CLM20260403009146,RID69289,heavy_rainfall,77.3,2,20.2,36.4,1.01,8,-1.48,20,0
CLM20260403009147,RID52912,extreme_heat,0.5,1,9.9,10.0,11.62,42,2.72,2,1
CLM20260403009148,RID93317,civic_unrest,30.3,1,36.9,14.9,2.07,9,0.87,14,0
CLM20260403009149,RID46186,severe_pollution,6.9,3,42.5,17.3,1.99,7,1.26,12,0
CLM20260403009150,RID25767,civic_unrest,42.2,4,55.8,29.0,0.14,6,0.26,18,0
CLM20260403009151,RID48504,heavy_rainfall,40.9,2,60.3,16.3,0.38,9,0.36,8,0
CLM20260403009152,RID90842,extreme_heat,102.8,1,36.3,24.6,1.47,5,-2.5,9,0
CLM20260403009153,RID37694,extreme_heat,19.1,3,13.9,17.9,3.9,4,2.27,10,0
CLM20260403009154,RID55935,heavy_rainfall,155.9,1,29.3,50.0,0.72,12,-2.04,28,0
CLM20260403009155,RID70020,civic_unrest,12.3,4,54.6,21.9,0.08,13,0.15,26,0
CLM20260403009156,RID61832,civic_unrest,65.4,3,52.0,71.9,0.16,10,2.19,28,0
CLM20260403009157,RID66922,civic_unrest,1.4,0,7.1,5.7,16.99,36,1.55,2,1
CLM20260403009158,RID28364,severe_pollution,36.4,3,53.1,30.2,1.43,15,-0.29,10,0
CLM20260403009159,RID16887,heavy_rainfall,164.7,5,27.2,20.4,3.89,8,1.57,12,0
CLM20260403009160,RID82035,severe_pollution,20.9,2,41.1,17.6,0.3,6,0.07,13,0
CLM20260403009161,RID42287,severe_pollution,76.2,2,54.8,14.9,0.61,5,0.05,16,0
CLM20260403009162,RID26808,severe_pollution,68.4,3,27.7,2.8,3.09,6,-0.48,13,0
CLM20260403009163,RID38597,heavy_rainfall,3.8,0,2.1,1.2,5.46,39,2.18,1,1
CLM20260403009164,RID84397,civic_unrest,27.7,4,33.8,23.5,1.64,8,0.3,10,0
CLM20260403009165,RID94259,severe_pollution,8.7,0,6.2,10.2,10.58,31,1.57,5,1
CLM20260403009166,RID90260,civic_unrest,47.5,4,44.4,41.5,0.6,4,-1.78,20,0
CLM20260403009167,RID56663,extreme_heat,194.0,7,13.1,28.9,3.03,7,-0.53,25,1
CLM20260403009168,RID93802,extreme_heat,25.2,3,24.4,35.2,0.79,3,0.69,28,0
CLM20260403009169,RID73696,severe_pollution,2.1,0,102.5,6.5,16.35,27,1.05,1,1
CLM20260403009170,RID59234,civic_unrest,31.4,2,9.9,8.3,1.81,3,-0.21,20,0
CLM20260403009171,RID22147,civic_unrest,18.9,0,37.9,4.6,1.69,5,-0.28,16,0
CLM20260403009172,RID89672,heavy_rainfall,25.8,2,27.3,12.7,0.02,5,2.32,29,0
CLM20260403009173,RID13450,extreme_heat,31.6,0,9.4,52.1,0.18,5,-0.31,12,0
CLM20260403009174,RID81771,civic_unrest,34.3,4,50.9,80.0,1.26,15,-2.36,8,0
CLM20260403009175,RID10325,extreme_heat,38.3,0,36.1,11.8,0.21,7,0.89,23,0
CLM20260403009176,RID53846,civic_unrest,6.5,0,13.7,38.7,1.4,12,-0.11,11,0
CLM20260403009177,RID18329,extreme_heat,7.3,3,53.7,9.5,1.86,6,-0.92,18,0
CLM20260403009178,RID45531,civic_unrest,2.6,0,140.5,9.2,5.37,29,3.01,2,1
CLM20260403009179,RID99567,civic_unrest,0.6,1,53.8,2.7,1.22,43,2.19,2,1
CLM20260403009180,RID82001,severe_pollution,4.6,5,31.9,28.3,2.55,7,1.03,27,0
CLM20260403009181,RID73060,extreme_heat,30.1,10,28.4,16.8,1.78,4,0.49,7,0
CLM20260403009182,RID33667,extreme_heat,38.6,2,13.9,60.2,0.02,7,-0.02,16,0
CLM20260403009183,RID85060,heavy_rainfall,19.4,4,26.3,56.7,7.24,10,-0.93,24,0
CLM20260403009184,RID49412,severe_pollution,27.1,1,30.7,12.5,0.06,9,0.63,17,0
CLM20260403009185,RID41614,extreme_heat,42.5,2,40.8,80.0,0.28,8,-0.14,12,0
CLM20260403009186,RID18664,civic_unrest,89.0,6,13.5,29.4,0.12,11,1.18,27,0
CLM20260403009187,RID57342,civic_unrest,148.8,0,43.8,69.6,0.66,10,-1.38,14,0
CLM20260403009188,RID59541,heavy_rainfall,21.0,2,54.6,9.9,0.09,8,1.54,15,0
CLM20260403009189,RID58993,severe_pollution,86.9,5,18.6,13.5,0.37,8,0.13,16,0
CLM20260403009190,RID48326,extreme_heat,129.7,2,34.3,23.7,0.28,5,-1.41,11,0
CLM20260403009191,RID29505,civic_unrest,32.9,1,36.2,8.9,2.3,6,-1.28,14,0
CLM20260403009192,RID22162,heavy_rainfall,0.6,0,7.6,10.2,8.28,38,2.7,3,1
CLM20260403009193,RID44172,severe_pollution,32.1,2,46.1,2.1,0.35,9,-0.27,26,0
CLM20260403009194,RID78941,severe_pollution,140.5,3,19.8,27.2,3.2,7,1.16,11,0
CLM20260403009195,RID87286,civic_unrest,20.1,1,41.4,27.3,2.76,11,1.0,9,0
CLM20260403009196,RID38004,heavy_rainfall,9.8,3,124.1,80.0,1.47,6,-1.05,14,0
CLM20260403009197,RID27565,heavy_rainfall,67.4,4,68.9,39.0,0.01,2,0.42,20,0
CLM20260403009198,RID47947,heavy_rainfall,71.7,3,105.1,21.7,0.46,9,-1.41,21,0
CLM20260403009199,RID86436,civic_unrest,21.7,3,16.1,20.2,0.61,7,0.28,20,0
CLM20260403009200,RID47409,extreme_heat,50.4,2,27.9,46.7,1.17,5,1.26,8,0
CLM20260403009201,RID67778,severe_pollution,22.5,3,46.9,33.8,2.8,11,0.18,17,0
CLM20260403009202,RID95279,severe_pollution,29.0,6,14.1,35.6,0.69,9,-1.41,24,0
CLM20260403009203,RID65695,heavy_rainfall,50.2,1,31.5,5.0,3.39,5,0.61,7,0
CLM20260403009204,RID77349,extreme_heat,19.7,6,15.2,14.4,2.97,13,0.15,24,0
CLM20260403009205,RID16785,civic_unrest,13.9,0,21.9,80.0,1.51,10,-0.54,16,0
CLM20260403009206,RID75804,heavy_rainfall,38.5,1,26.9,33.2,11.4,7,0.41,7,0
CLM20260403009207,RID17834,heavy_rainfall,43.8,8,120.2,41.9,4.14,6,-0.68,7,0
CLM20260403009208,RID80243,severe_pollution,31.5,6,34.8,10.2,1.52,7,0.09,7,0
CLM20260403009209,RID41877,heavy_rainfall,37.2,5,39.1,14.6,0.04,5,-1.55,7,0
CLM20260403009210,RID50897,extreme_heat,142.6,3,35.9,36.0,4.99,5,0.11,25,0
CLM20260403009211,RID86322,heavy_rainfall,48.6,4,98.0,23.4,2.49,6,0.79,24,0
CLM20260403009212,RID52542,heavy_rainfall,38.3,4,116.4,28.8,5.93,10,0.7,22,0
CLM20260403009213,RID18509,civic_unrest,63.5,4,44.5,40.4,0.82,8,0.38,23,0
CLM20260403009214,RID39994,severe_pollution,61.2,4,16.5,21.0,4.79,8,1.28,15,0
CLM20260403009215,RID73095,severe_pollution,26.0,2,12.4,34.1,0.04,18,-1.79,7,0
CLM20260403009216,RID32391,heavy_rainfall,30.5,3,45.2,13.6,0.48,6,3.18,10,0
CLM20260403009217,RID11937,severe_pollution,64.1,2,22.9,21.8,0.89,10,-1.07,20,0
CLM20260403009218,RID81893,heavy_rainfall,87.2,4,63.9,6.4,5.9,9,-1.11,28,0
CLM20260403009219,RID81931,severe_pollution,38.4,2,35.7,40.1,0.41,7,0.62,24,0
CLM20260403009220,RID22755,heavy_rainfall,3.9,0,2.2,0.8,16.37,34,4.11,1,1
CLM20260403009221,RID90627,severe_pollution,88.0,6,56.3,44.9,0.87,11,2.35,21,0
CLM20260403009222,RID92688,civic_unrest,29.8,2,42.0,31.2,1.16,4,0.39,24,0
CLM20260403009223,RID65475,civic_unrest,29.4,0,9.5,18.1,1.23,6,-0.45,29,0
CLM20260403009224,RID26891,civic_unrest,40.0,3,54.6,27.1,1.01,4,-0.35,9,0
CLM20260403009225,RID69525,heavy_rainfall,43.3,1,112.6,39.2,0.13,8,-0.0,13,0
CLM20260403009226,RID63286,heavy_rainfall,70.1,3,127.0,12.2,6.3,11,-0.22,11,0
CLM20260403009227,RID28715,severe_pollution,24.1,6,34.8,56.8,2.17,12,-1.54,10,0
CLM20260403009228,RID85784,extreme_heat,15.9,2,2.4,0.8,17.12,32,2.28,12,1
CLM20260403009229,RID42032,heavy_rainfall,56.0,3,70.5,3.9,1.3,4,0.98,13,0
CLM20260403009230,RID58796,civic_unrest,40.1,8,32.9,6.4,0.26,8,-0.55,12,0
CLM20260403009231,RID33488,extreme_heat,37.2,4,25.5,12.4,0.59,3,0.87,19,1
CLM20260403009232,RID11603,severe_pollution,0.5,0,188.1,10.7,16.94,41,2.57,3,1
CLM20260403009233,RID14356,heavy_rainfall,37.5,2,135.9,21.3,0.31,2,0.6,24,0
CLM20260403009234,RID34207,extreme_heat,60.8,0,43.0,43.6,0.14,7,-0.22,27,1
CLM20260403009235,RID17108,extreme_heat,1.0,0,6.0,8.5,19.19,37,3.89,2,1
CLM20260403009236,RID75824,severe_pollution,31.3,7,56.0,45.3,5.02,14,-2.53,25,0
CLM20260403009237,RID53940,civic_unrest,45.9,2,46.9,4.0,0.69,4,-0.37,17,0
CLM20260403009238,RID12472,civic_unrest,70.4,4,31.0,8.4,1.5,8,-1.94,9,0
CLM20260403009239,RID28101,extreme_heat,42.4,8,44.2,19.7,0.49,7,-0.25,8,0
CLM20260403009240,RID47788,heavy_rainfall,51.9,4,59.2,20.1,3.13,9,-0.29,22,0
CLM20260403009241,RID22561,civic_unrest,35.3,4,18.6,2.9,0.9,16,-1.84,19,0
CLM20260403009242,RID30106,heavy_rainfall,55.6,0,134.4,34.0,9.23,4,0.67,29,0
CLM20260403009243,RID62915,severe_pollution,100.5,5,18.9,10.9,3.91,7,1.13,25,0
CLM20260403009244,RID72966,heavy_rainfall,2.5,3,20.7,18.2,6.53,7,-0.17,29,0
CLM20260403009245,RID23513,civic_unrest,16.7,4,49.9,38.8,0.16,9,0.83,18,0
CLM20260403009246,RID19881,civic_unrest,10.3,4,18.0,2.0,1.42,8,1.23,9,0
CLM20260403009247,RID51911,extreme_heat,5.0,0,69.1,13.9,17.72,28,3.68,2,1
CLM20260403009248,RID12502,heavy_rainfall,3.4,0,3.1,9.9,5.71,36,3.21,2,1
CLM20260403009249,RID62664,severe_pollution,24.2,2,45.1,8.0,1.87,4,-1.53,18,0
CLM20260403009250,RID42748,extreme_heat,85.7,4,11.6,13.2,2.35,3,-0.66,15,0
CLM20260403009251,RID78066,extreme_heat,30.3,3,38.1,64.7,1.89,6,1.5,23,0
CLM20260403009252,RID26872,extreme_heat,18.9,3,54.0,15.9,0.41,9,0.69,23,0
CLM20260403009253,RID27908,civic_unrest,4.6,0,4.4,10.3,8.66,35,4.26,2,1
CLM20260403009254,RID14896,heavy_rainfall,28.7,3,107.7,35.6,0.94,8,-0.82,19,0
CLM20260403009255,RID51879,extreme_heat,32.4,4,40.7,27.5,1.23,6,1.33,14,0
CLM20260403009256,RID86953,extreme_heat,116.2,2,53.4,1.6,0.55,5,2.81,16,0
CLM20260403009257,RID34142,extreme_heat,47.7,8,29.9,43.1,1.63,12,0.79,14,0
CLM20260403009258,RID16185,civic_unrest,57.7,8,17.8,16.9,0.97,8,-0.81,15,0
CLM20260403009259,RID59516,extreme_heat,140.9,4,28.7,7.8,2.03,16,1.14,15,1
CLM20260403009260,RID95854,heavy_rainfall,44.6,3,54.7,13.7,1.08,7,0.41,11,0
CLM20260403009261,RID22531,heavy_rainfall,88.3,2,149.6,27.5,5.5,11,0.84,13,1
CLM20260403009262,RID19899,heavy_rainfall,49.1,5,20.3,5.3,0.52,15,-1.76,14,0
CLM20260403009263,RID37228,civic_unrest,22.0,1,42.1,10.8,0.33,10,-2.68,23,0
CLM20260403009264,RID80016,civic_unrest,5.2,2,23.9,44.1,0.4,13,2.13,24,1
CLM20260403009265,RID37403,extreme_heat,57.2,4,12.9,8.9,0.91,4,1.93,28,0
CLM20260403009266,RID85481,heavy_rainfall,40.9,3,106.0,7.3,0.1,4,-0.36,21,0
CLM20260403009267,RID35223,extreme_heat,59.6,3,24.8,15.1,1.09,10,1.2,9,0
CLM20260403009268,RID94114,extreme_heat,16.5,3,22.5,5.2,0.09,6,-0.91,14,0
CLM20260403009269,RID57660,extreme_heat,69.7,2,37.6,28.6,4.18,4,-0.42,19,0
CLM20260403009270,RID77767,severe_pollution,18.4,2,20.0,17.8,0.13,7,0.6,14,0
CLM20260403009271,RID25301,extreme_heat,113.4,4,26.9,10.5,2.21,5,0.96,20,0
CLM20260403009272,RID30751,extreme_heat,70.4,4,33.6,15.1,0.6,8,0.37,23,0
CLM20260403009273,RID88342,civic_unrest,50.7,1,38.7,18.9,0.42,12,-0.2,25,0
CLM20260403009274,RID53979,severe_pollution,22.5,0,18.1,50.7,0.21,6,0.46,15,0
CLM20260403009275,RID99033,civic_unrest,37.0,1,54.8,2.3,2.05,3,-1.61,8,0
CLM20260403009276,RID53680,extreme_heat,156.3,3,57.7,50.9,0.68,12,1.09,26,0
CLM20260403009277,RID38387,civic_unrest,52.8,2,21.0,18.3,0.99,4,0.2,9,0
CLM20260403009278,RID34336,severe_pollution,74.3,4,28.0,26.0,1.28,4,-0.56,18,0
CLM20260403009279,RID49112,civic_unrest,2.2,0,9.0,1.1,1.39,30,2.97,3,1
CLM20260403009280,RID89876,severe_pollution,20.4,3,45.5,8.7,0.53,9,0.59,23,0
CLM20260403009281,RID66124,heavy_rainfall,47.2,1,110.1,6.8,0.23,9,-0.72,18,0
CLM20260403009282,RID32709,civic_unrest,134.6,2,40.4,31.9,2.97,7,-0.15,9,0
CLM20260403009283,RID86500,severe_pollution,240.0,2,52.3,15.6,0.97,13,-2.5,24,0
CLM20260403009284,RID66282,extreme_heat,137.3,3,21.7,20.3,0.81,9,0.69,23,0
CLM20260403009285,RID45077,extreme_heat,34.2,3,56.7,25.7,0.05,7,0.95,28,0
CLM20260403009286,RID17144,civic_unrest,52.9,5,24.5,32.7,0.05,6,-1.35,25,0
CLM20260403009287,RID42442,severe_pollution,43.7,3,45.3,5.1,1.83,4,-0.62,23,0
CLM20260403009288,RID69482,severe_pollution,38.4,2,13.0,80.0,1.94,3,0.37,8,0
CLM20260403009289,RID91933,extreme_heat,101.6,5,28.4,5.5,0.55,7,-2.3,26,0
CLM20260403009290,RID46271,civic_unrest,1.8,1,26.2,2.8,1.29,4,0.33,26,0
CLM20260403009291,RID33245,severe_pollution,3.4,0,8.2,5.3,8.37,27,3.22,2,1
CLM20260403009292,RID40415,civic_unrest,125.5,6,37.4,16.7,3.07,3,0.73,20,0
CLM20260403009293,RID63053,heavy_rainfall,28.9,3,101.7,26.7,1.21,10,0.9,22,0
CLM20260403009294,RID53857,extreme_heat,6.2,0,7.5,8.0,17.89,30,4.34,2,1
CLM20260403009295,RID60285,severe_pollution,90.1,1,29.0,8.8,0.51,7,-2.0,7,0
CLM20260403009296,RID58618,civic_unrest,3.1,1,89.0,5.5,1.35,34,2.89,2,1
CLM20260403009297,RID83756,heavy_rainfall,143.7,2,133.9,28.8,0.45,8,0.27,19,0
CLM20260403009298,RID45063,severe_pollution,8.3,0,194.3,11.6,15.21,34,2.8,8,1
CLM20260403009299,RID61129,extreme_heat,31.2,3,9.1,23.1,0.09,7,0.08,28,0
CLM20260403009300,RID58461,extreme_heat,29.2,3,43.1,27.0,0.51,7,-0.51,21,0
CLM20260403009301,RID93831,heavy_rainfall,31.3,3,22.6,31.8,0.88,9,0.55,11,0
CLM20260403009302,RID91210,severe_pollution,4.9,0,8.5,13.2,7.75,28,3.94,3,1
CLM20260403009303,RID64590,civic_unrest,59.2,7,19.3,15.4,0.3,6,-0.56,9,0
CLM20260403009304,RID23792,civic_unrest,31.4,3,41.8,80.0,2.15,6,1.3,10,0
CLM20260403009305,RID71961,civic_unrest,9.9,0,3.7,6.0,19.32,40,1.64,2,1
CLM20260403009306,RID38727,extreme_heat,71.4,1,28.2,47.7,0.38,9,0.29,15,0
CLM20260403009307,RID62995,civic_unrest,20.5,3,21.7,16.8,0.79,6,0.2,18,0
CLM20260403009308,RID30873,civic_unrest,20.8,4,49.1,24.5,1.61,10,-1.36,9,0
CLM20260403009309,RID67872,civic_unrest,159.1,6,38.0,12.3,0.33,5,0.56,10,0
CLM20260403009310,RID61617,severe_pollution,22.3,1,49.5,7.6,1.89,3,-2.39,14,0
CLM20260403009311,RID51652,extreme_heat,54.7,3,27.8,13.3,0.92,4,0.6,24,0
CLM20260403009312,RID54310,extreme_heat,58.8,1,35.3,6.6,0.51,9,-0.81,27,0
CLM20260403009313,RID83556,severe_pollution,39.0,9,46.4,53.7,0.12,11,0.06,14,1
CLM20260403009314,RID26683,civic_unrest,118.5,2,38.3,15.9,1.53,7,-1.59,13,0
CLM20260403009315,RID42747,extreme_heat,15.5,4,52.9,40.2,1.01,4,-0.14,14,0
CLM20260403009316,RID47963,extreme_heat,49.6,2,25.8,33.6,0.01,7,0.47,29,0
CLM20260403009317,RID60889,severe_pollution,45.9,5,22.5,20.7,1.9,6,-1.08,23,0
CLM20260403009318,RID87645,extreme_heat,31.7,4,35.2,22.8,1.81,6,0.53,27,0
CLM20260403009319,RID49034,heavy_rainfall,25.3,3,78.6,20.1,1.39,7,1.88,23,0
CLM20260403009320,RID54401,severe_pollution,27.4,2,35.6,12.4,6.55,11,0.64,18,0
CLM20260403009321,RID20721,extreme_heat,30.7,2,40.5,4.8,7.98,8,-1.27,8,0
CLM20260403009322,RID94011,severe_pollution,73.4,2,24.7,3.5,3.69,11,-0.76,16,0
CLM20260403009323,RID94523,severe_pollution,12.7,3,59.2,3.8,1.61,11,1.79,17,0
CLM20260403009324,RID35757,extreme_heat,38.2,5,17.1,26.6,2.37,5,-0.25,28,0
CLM20260403009325,RID52464,civic_unrest,30.2,2,8.6,28.3,0.04,3,-0.07,29,0
CLM20260403009326,RID37853,civic_unrest,18.2,2,47.8,41.7,0.01,11,-0.58,25,0
CLM20260403009327,RID63847,civic_unrest,4.2,0,2.5,9.7,19.93,23,3.09,5,1
CLM20260403009328,RID75563,severe_pollution,1.7,0,5.0,1.7,6.88,45,1.65,2,1
CLM20260403009329,RID42289,heavy_rainfall,62.5,2,24.3,43.8,0.64,6,1.26,21,0
CLM20260403009330,RID64127,heavy_rainfall,38.9,4,112.5,27.3,0.41,8,1.18,24,0
CLM20260403009331,RID61550,extreme_heat,48.0,4,25.5,20.2,1.45,11,1.81,22,0
CLM20260403009332,RID48801,severe_pollution,17.6,0,53.5,34.2,1.4,9,-1.69,8,0
CLM20260403009333,RID87363,extreme_heat,26.4,3,44.3,23.2,3.48,8,0.17,20,0
CLM20260403009334,RID90728,heavy_rainfall,38.1,5,91.3,18.6,0.45,10,0.79,8,0
CLM20260403009335,RID64431,heavy_rainfall,2.4,0,2.6,4.1,10.52,42,2.58,4,1
CLM20260403009336,RID56463,extreme_heat,5.1,0,2.9,14.0,15.35,49,4.61,2,1
CLM20260403009337,RID98317,heavy_rainfall,25.1,2,91.2,28.3,1.61,7,0.88,12,0
CLM20260403009338,RID23304,severe_pollution,9.5,0,3.5,5.9,1.76,34,2.19,4,1
CLM20260403009339,RID77537,extreme_heat,19.3,0,14.4,8.0,0.18,5,0.18,20,0
CLM20260403009340,RID70542,heavy_rainfall,95.3,5,55.6,38.0,3.75,7,1.92,20,0
CLM20260403009341,RID13830,extreme_heat,49.6,4,36.5,26.1,4.54,4,-2.23,22,0
CLM20260403009342,RID13030,severe_pollution,21.4,2,16.7,33.3,1.52,14,0.38,20,0
CLM20260403009343,RID37291,severe_pollution,202.5,0,31.7,11.4,3.14,11,1.8,10,0
CLM20260403009344,RID27144,severe_pollution,62.3,2,23.8,16.6,3.32,8,0.94,27,0
CLM20260403009345,RID17724,severe_pollution,54.4,1,13.1,23.4,0.34,9,-1.63,7,0
CLM20260403009346,RID31764,heavy_rainfall,43.6,3,66.3,29.9,0.43,7,-0.3,14,0
CLM20260403009347,RID22506,civic_unrest,3.8,0,179.5,2.2,1.53,31,2.76,3,0
CLM20260403009348,RID80294,severe_pollution,80.5,1,46.9,32.7,0.31,12,0.11,22,0
CLM20260403009349,RID73173,heavy_rainfall,27.6,4,60.6,20.2,2.1,3,-1.07,17,0
CLM20260403009350,RID82867,extreme_heat,30.2,2,19.4,27.4,0.94,11,0.41,7,0
CLM20260403009351,RID60672,civic_unrest,27.0,4,45.9,80.0,1.02,9,-1.16,29,0
CLM20260403009352,RID85214,extreme_heat,1.3,0,9.0,12.3,15.87,39,1.5,4,1
CLM20260403009353,RID25443,extreme_heat,50.3,2,48.8,16.1,1.07,6,0.35,15,0
CLM20260403009354,RID26054,civic_unrest,72.3,4,28.9,11.7,0.26,11,0.25,11,0
CLM20260403009355,RID62197,extreme_heat,65.6,3,53.9,80.0,2.79,8,0.07,12,1
CLM20260403009356,RID87614,civic_unrest,54.4,2,57.5,16.4,1.62,10,0.41,14,0
CLM20260403009357,RID67936,severe_pollution,128.6,5,53.3,32.5,4.04,9,-0.08,12,0
CLM20260403009358,RID34109,civic_unrest,129.3,6,59.2,21.4,3.28,8,0.66,19,0
CLM20260403009359,RID94206,civic_unrest,78.9,0,49.9,73.7,2.55,10,0.62,7,0
CLM20260403009360,RID28894,extreme_heat,32.6,3,12.8,35.7,3.11,15,2.75,18,0
CLM20260403009361,RID60934,civic_unrest,34.5,4,27.3,56.0,0.86,9,0.08,22,0
CLM20260403009362,RID55150,severe_pollution,60.9,5,16.0,56.1,3.09,9,0.44,20,0
CLM20260403009363,RID36884,extreme_heat,103.4,4,37.5,9.8,0.51,9,-1.63,13,1
CLM20260403009364,RID88361,heavy_rainfall,59.1,2,130.3,49.1,1.6,9,1.87,18,0
CLM20260403009365,RID70294,extreme_heat,53.1,3,40.1,33.1,2.85,7,-1.72,18,0
CLM20260403009366,RID86687,civic_unrest,12.0,4,53.5,75.8,1.13,9,0.22,18,0
CLM20260403009367,RID11487,extreme_heat,101.3,2,9.9,68.8,0.79,7,2.58,10,0
CLM20260403009368,RID61827,civic_unrest,71.6,2,8.5,12.7,0.66,10,-2.44,17,0
CLM20260403009369,RID76273,heavy_rainfall,5.9,0,64.3,5.8,7.56,45,2.33,2,1
CLM20260403009370,RID97525,heavy_rainfall,6.3,0,10.0,5.9,11.29,40,1.7,4,1
CLM20260403009371,RID33792,severe_pollution,68.5,5,11.9,43.8,1.21,6,-0.15,21,0
CLM20260403009372,RID60235,civic_unrest,45.9,4,31.0,80.0,0.14,5,1.55,13,0
CLM20260403009373,RID84338,severe_pollution,25.2,2,53.4,10.2,1.36,6,-0.31,27,0
CLM20260403009374,RID21590,severe_pollution,90.0,4,22.0,38.9,2.1,5,-0.16,27,0
CLM20260403009375,RID69178,heavy_rainfall,16.4,0,3.0,3.8,10.56,34,2.62,1,1
CLM20260403009376,RID63961,extreme_heat,62.0,3,43.9,28.3,1.18,7,-0.67,24,0
CLM20260403009377,RID38632,civic_unrest,41.8,4,50.1,22.2,1.29,7,-2.53,29,0
CLM20260403009378,RID38924,heavy_rainfall,50.4,6,112.3,45.4,1.77,4,-0.09,7,0
CLM20260403009379,RID14307,heavy_rainfall,96.9,2,58.0,58.4,0.93,17,-0.35,12,0
CLM20260403009380,RID61069,heavy_rainfall,44.8,4,119.4,20.4,2.83,9,0.13,21,1
CLM20260403009381,RID32257,civic_unrest,18.8,0,20.7,29.5,1.27,7,2.67,27,0
CLM20260403009382,RID84870,heavy_rainfall,240.0,0,118.3,58.7,1.61,9,-0.1,23,0
CLM20260403009383,RID24888,severe_pollution,113.0,1,17.1,51.8,0.46,7,2.25,8,0
CLM20260403009384,RID42361,civic_unrest,69.2,3,41.0,1.2,2.63,13,0.34,18,1
CLM20260403009385,RID86690,heavy_rainfall,170.3,6,73.7,19.3,2.01,8,-0.72,17,0
CLM20260403009386,RID20656,extreme_heat,148.1,5,57.4,22.6,1.71,11,1.22,22,0
CLM20260403009387,RID39677,extreme_heat,17.3,5,42.6,5.5,0.13,6,0.51,22,0
CLM20260403009388,RID45674,civic_unrest,111.3,1,26.2,5.7,1.13,10,0.91,13,0
CLM20260403009389,RID38238,severe_pollution,43.0,3,38.1,22.7,2.52,11,-0.06,24,0
CLM20260403009390,RID97278,severe_pollution,39.4,2,49.0,70.5,0.15,7,-0.49,11,0
CLM20260403009391,RID73180,extreme_heat,84.2,0,24.1,30.7,1.95,4,-1.7,13,0
CLM20260403009392,RID99869,civic_unrest,33.3,3,17.3,12.7,0.19,11,1.09,29,0
CLM20260403009393,RID79924,heavy_rainfall,15.0,6,62.2,47.8,0.34,8,-1.33,18,0
CLM20260403009394,RID46889,heavy_rainfall,0.5,0,8.3,12.6,12.72,34,2.81,1,1
CLM20260403009395,RID83839,civic_unrest,19.6,5,47.9,8.7,0.04,10,1.66,22,0
CLM20260403009396,RID21614,heavy_rainfall,2.3,0,103.6,27.9,0.09,4,2.37,20,0
CLM20260403009397,RID19326,severe_pollution,22.1,3,53.4,80.0,2.36,10,1.38,13,0
CLM20260403009398,RID74700,extreme_heat,46.2,4,8.1,41.0,0.75,7,1.75,19,0
CLM20260403009399,RID14941,heavy_rainfall,23.5,1,36.4,11.0,0.58,8,2.27,23,0
CLM20260403009400,RID42905,heavy_rainfall,26.1,3,137.2,44.3,3.95,3,1.25,13,0
CLM20260403009401,RID23596,severe_pollution,72.8,3,58.3,3.7,0.03,7,-0.43,7,0
CLM20260403009402,RID11366,civic_unrest,38.5,1,32.5,37.0,4.04,12,-1.49,21,0
CLM20260403009403,RID85804,heavy_rainfall,4.5,0,66.7,12.8,16.92,34,1.41,12,1
CLM20260403009404,RID13265,heavy_rainfall,64.4,7,134.4,60.3,0.97,7,0.3,7,0
CLM20260403009405,RID50835,extreme_heat,35.9,5,9.8,18.4,0.27,12,1.01,10,0
CLM20260403009406,RID15066,extreme_heat,4.7,5,18.5,5.0,2.2,7,-0.24,25,0
CLM20260403009407,RID79420,severe_pollution,178.8,1,45.4,47.4,1.85,11,1.03,19,0
CLM20260403009408,RID64656,heavy_rainfall,53.1,5,37.8,2.1,1.38,10,0.49,11,0
CLM20260403009409,RID62979,heavy_rainfall,3.7,0,71.4,3.1,5.38,48,3.67,5,1
CLM20260403009410,RID19483,heavy_rainfall,36.3,3,75.7,17.5,3.9,7,-0.33,18,0
CLM20260403009411,RID42302,civic_unrest,17.1,0,37.4,29.6,0.0,15,0.69,26,0
CLM20260403009412,RID28924,heavy_rainfall,38.8,3,93.3,27.3,0.04,9,0.79,20,0
CLM20260403009413,RID36289,civic_unrest,25.5,5,44.7,19.3,1.02,6,2.26,14,0
CLM20260403009414,RID75790,civic_unrest,133.5,3,21.9,80.0,0.59,5,1.37,9,0
CLM20260403009415,RID49631,civic_unrest,34.5,1,27.2,24.2,1.32,13,0.42,16,0
CLM20260403009416,RID30438,heavy_rainfall,0.6,0,3.3,11.1,5.41,31,1.97,1,1
CLM20260403009417,RID37463,civic_unrest,10.0,2,31.0,28.3,0.33,9,1.68,20,0
CLM20260403009418,RID35884,heavy_rainfall,25.4,1,122.9,50.6,2.17,11,-0.31,16,0
CLM20260403009419,RID65766,heavy_rainfall,26.9,1,116.0,18.8,0.3,8,2.64,27,0
CLM20260403009420,RID72659,heavy_rainfall,25.6,5,30.8,23.5,4.1,12,-0.12,17,0
CLM20260403009421,RID73656,heavy_rainfall,29.7,3,146.2,48.2,0.39,5,0.92,7,0
CLM20260403009422,RID36923,severe_pollution,47.7,1,26.9,18.6,2.26,11,-0.53,14,0
CLM20260403009423,RID17701,heavy_rainfall,39.6,2,137.9,55.9,0.77,11,0.35,8,0
CLM20260403009424,RID52457,severe_pollution,107.8,5,11.9,21.5,1.42,6,0.6,17,0
CLM20260403009425,RID22960,heavy_rainfall,50.3,6,40.0,24.8,0.81,2,-0.1,10,0
CLM20260403009426,RID74947,heavy_rainfall,4.4,0,3.1,7.3,5.16,28,2.6,2,1
CLM20260403009427,RID36644,extreme_heat,46.4,1,37.7,37.2,0.06,14,-0.39,8,0
CLM20260403009428,RID22813,civic_unrest,166.1,4,59.3,27.1,0.22,6,1.86,17,0
CLM20260403009429,RID12126,extreme_heat,24.1,3,34.5,39.3,0.02,10,-0.92,14,0
CLM20260403009430,RID49774,severe_pollution,42.6,3,40.8,11.4,0.04,9,-0.87,17,0
CLM20260403009431,RID97688,heavy_rainfall,55.5,2,69.0,73.1,0.36,8,-0.6,17,0
CLM20260403009432,RID31177,heavy_rainfall,91.4,3,90.7,18.7,4.07,6,-0.32,12,0
CLM20260403009433,RID47922,heavy_rainfall,67.2,3,48.5,35.4,0.26,11,0.06,10,0
CLM20260403009434,RID25627,extreme_heat,57.9,3,18.9,19.1,2.24,8,0.18,8,1
CLM20260403009435,RID79942,severe_pollution,1.4,0,181.5,6.9,19.34,30,2.92,2,1
CLM20260403009436,RID92837,civic_unrest,53.2,2,18.3,23.7,4.96,8,0.88,20,0
CLM20260403009437,RID51564,extreme_heat,61.0,4,48.9,25.9,2.01,9,0.33,20,0
CLM20260403009438,RID73514,heavy_rainfall,24.2,2,78.5,48.6,4.95,6,0.02,16,1
CLM20260403009439,RID89635,extreme_heat,44.5,2,15.2,71.6,1.96,3,1.74,27,0
CLM20260403009440,RID67165,severe_pollution,20.4,4,24.0,25.0,0.38,4,1.02,8,0
CLM20260403009441,RID76856,civic_unrest,153.9,4,43.3,14.7,0.35,9,-0.13,17,0
CLM20260403009442,RID74337,severe_pollution,60.3,3,12.3,14.7,0.49,8,0.03,24,0
CLM20260403009443,RID48609,severe_pollution,20.4,3,29.1,44.9,3.45,8,-0.16,15,0
CLM20260403009444,RID34578,heavy_rainfall,62.9,3,95.5,70.9,1.22,6,-1.05,15,0
CLM20260403009445,RID41305,heavy_rainfall,27.3,2,69.4,31.9,1.24,9,-1.53,11,0
CLM20260403009446,RID14916,severe_pollution,1.5,0,5.1,2.4,5.84,35,3.81,2,1
CLM20260403009447,RID49539,heavy_rainfall,0.8,0,148.9,8.7,0.83,32,4.18,4,1
CLM20260403009448,RID96195,severe_pollution,25.9,3,50.0,30.0,1.41,7,-1.43,25,0
CLM20260403009449,RID26005,civic_unrest,64.5,2,35.8,80.0,3.66,8,-0.23,10,0
CLM20260403009450,RID32193,extreme_heat,46.4,3,54.5,23.4,4.68,13,1.34,7,1
CLM20260403009451,RID94071,extreme_heat,103.3,5,59.2,6.4,1.34,10,0.08,18,0
CLM20260403009452,RID25593,civic_unrest,31.6,5,10.5,40.6,0.06,11,1.62,9,0
CLM20260403009453,RID47219,heavy_rainfall,4.1,0,4.3,3.7,7.05,31,2.45,1,1
CLM20260403009454,RID19979,extreme_heat,52.4,2,31.1,36.9,1.2,2,0.55,21,0
CLM20260403009455,RID20800,civic_unrest,115.9,4,48.9,15.5,4.29,6,0.96,25,0
CLM20260403009456,RID38546,civic_unrest,96.4,0,16.3,36.9,0.08,9,0.3,8,0
CLM20260403009457,RID16736,severe_pollution,32.9,6,22.0,15.8,3.96,6,0.56,22,0
CLM20260403009458,RID88225,severe_pollution,22.8,6,26.5,17.8,0.44,10,0.79,14,0
CLM20260403009459,RID96755,extreme_heat,15.9,2,11.6,80.0,3.07,6,1.35,11,1
CLM20260403009460,RID60926,heavy_rainfall,7.1,1,63.8,56.9,0.37,6,-0.52,21,0
CLM20260403009461,RID63283,civic_unrest,40.4,4,20.7,55.3,0.75,7,1.77,19,0
CLM20260403009462,RID55140,civic_unrest,67.0,4,36.5,17.7,0.2,4,-1.06,20,0
CLM20260403009463,RID31917,civic_unrest,16.9,4,9.9,23.4,0.04,6,2.72,28,0
CLM20260403009464,RID33003,severe_pollution,183.2,4,8.4,30.8,0.72,9,0.41,23,0
CLM20260403009465,RID50879,heavy_rainfall,57.2,1,35.3,41.1,0.05,5,-0.29,16,0
CLM20260403009466,RID10264,extreme_heat,89.3,3,27.4,74.0,1.42,12,0.64,15,0
CLM20260403009467,RID92968,civic_unrest,36.8,2,31.8,62.1,0.59,4,-2.27,27,0
CLM20260403009468,RID47092,severe_pollution,43.3,3,31.0,61.5,0.46,11,1.18,25,0
CLM20260403009469,RID18520,severe_pollution,51.9,6,51.7,25.1,3.1,10,-0.37,17,0
CLM20260403009470,RID86513,civic_unrest,72.2,2,11.2,17.7,0.33,7,-2.17,18,0
CLM20260403009471,RID78235,civic_unrest,0.9,0,5.2,14.0,12.07,48,2.36,2,1
CLM20260403009472,RID65826,severe_pollution,32.9,2,24.0,22.9,0.28,10,-0.82,7,0
CLM20260403009473,RID89234,civic_unrest,56.7,3,41.5,12.9,4.17,9,1.4,17,0
CLM20260403009474,RID76412,extreme_heat,0.7,0,193.0,14.0,14.42,38,1.87,1,1
CLM20260403009475,RID17648,heavy_rainfall,76.1,5,35.3,47.1,1.73,9,0.78,18,0
CLM20260403009476,RID58397,heavy_rainfall,57.7,3,106.9,19.2,3.37,9,-0.31,20,0
CLM20260403009477,RID87443,civic_unrest,36.9,4,9.6,22.3,0.22,7,-0.14,24,0
CLM20260403009478,RID66713,severe_pollution,2.6,0,6.7,11.0,1.02,28,3.17,2,1
CLM20260403009479,RID55595,severe_pollution,56.0,1,56.6,40.0,6.38,5,0.29,23,0
CLM20260403009480,RID37290,civic_unrest,61.7,2,12.7,11.8,0.5,7,1.94,28,0
CLM20260403009481,RID57718,civic_unrest,6.2,4,40.0,15.5,0.93,6,1.35,7,0
CLM20260403009482,RID29089,extreme_heat,54.1,2,18.8,23.6,1.99,5,2.28,12,0
CLM20260403009483,RID68753,heavy_rainfall,66.3,3,57.7,35.4,0.9,6,-1.07,19,0
CLM20260403009484,RID69727,extreme_heat,1.6,0,149.8,13.1,0.15,31,3.56,1,1
CLM20260403009485,RID61080,severe_pollution,37.9,5,10.8,24.3,0.8,10,-0.84,16,0
CLM20260403009486,RID27467,civic_unrest,87.6,6,8.3,30.3,0.47,7,-0.85,28,0
CLM20260403009487,RID63096,civic_unrest,10.8,1,53.6,8.5,1.74,11,1.57,13,0
CLM20260403009488,RID13393,civic_unrest,2.9,5,10.0,15.5,1.09,4,-1.11,13,0
CLM20260403009489,RID60171,heavy_rainfall,108.0,2,91.8,12.4,1.03,5,0.4,10,1
CLM20260403009490,RID72444,heavy_rainfall,8.7,0,176.3,2.6,0.3,33,4.23,3,1
CLM20260403009491,RID96944,heavy_rainfall,58.9,2,23.6,33.4,4.09,8,-0.26,19,0
CLM20260403009492,RID20879,civic_unrest,18.7,3,57.8,31.2,1.29,9,-1.14,20,0
CLM20260403009493,RID95709,civic_unrest,4.1,1,24.0,16.3,2.05,6,-0.46,26,0
CLM20260403009494,RID24579,extreme_heat,26.6,2,37.6,5.0,1.17,5,0.32,15,0
CLM20260403009495,RID10667,severe_pollution,41.4,2,14.4,68.9,3.7,5,1.76,18,0
CLM20260403009496,RID76747,severe_pollution,24.5,3,35.5,37.3,0.36,7,0.11,12,0
CLM20260403009497,RID33597,civic_unrest,63.7,4,50.8,25.6,0.71,9,1.06,24,0
CLM20260403009498,RID15311,severe_pollution,82.6,2,16.2,34.3,0.58,6,-2.49,21,0
CLM20260403009499,RID23448,heavy_rainfall,13.0,5,130.3,41.4,0.19,10,0.76,28,0
CLM20260403009500,RID10449,severe_pollution,19.7,1,49.2,16.6,0.54,7,0.26,26,0
CLM20260403009501,RID63631,heavy_rainfall,17.1,3,68.2,44.9,1.51,12,0.02,8,0
CLM20260403009502,RID98121,civic_unrest,75.9,2,50.3,49.4,1.5,3,-0.64,29,0
CLM20260403009503,RID23145,severe_pollution,63.5,1,42.2,43.9,0.75,5,-0.62,11,0
CLM20260403009504,RID27770,extreme_heat,20.1,3,33.9,51.6,2.3,6,-0.71,15,0
CLM20260403009505,RID11010,severe_pollution,60.0,2,31.6,12.3,3.21,12,1.34,8,0
CLM20260403009506,RID63430,extreme_heat,81.8,7,13.3,7.4,0.49,5,-0.35,7,0
CLM20260403009507,RID35188,heavy_rainfall,106.2,4,62.8,24.6,0.66,11,-2.25,13,0
CLM20260403009508,RID25953,civic_unrest,61.6,1,58.3,21.7,1.0,6,-1.98,26,0
CLM20260403009509,RID96455,extreme_heat,40.2,4,29.7,13.7,0.36,10,-0.44,18,0
CLM20260403009510,RID28350,extreme_heat,6.1,4,11.9,35.8,0.75,12,1.1,9,0
CLM20260403009511,RID28720,extreme_heat,137.6,3,55.7,16.2,1.7,12,-0.12,11,0
CLM20260403009512,RID33721,extreme_heat,213.5,4,54.0,39.0,0.75,8,1.38,29,0
CLM20260403009513,RID82884,extreme_heat,55.1,3,51.4,42.0,2.3,4,0.89,27,0
CLM20260403009514,RID47212,heavy_rainfall,31.7,3,112.7,35.7,0.18,13,0.97,23,0
CLM20260403009515,RID80261,civic_unrest,25.5,4,9.7,16.6,0.13,7,0.67,26,0
CLM20260403009516,RID71740,civic_unrest,111.1,2,24.2,11.5,0.86,6,0.06,14,0
CLM20260403009517,RID30387,extreme_heat,55.7,1,40.0,47.5,0.71,4,2.73,8,0
CLM20260403009518,RID56912,civic_unrest,59.4,1,40.1,9.7,0.08,10,-1.88,25,0
CLM20260403009519,RID14187,heavy_rainfall,16.0,1,26.9,5.5,2.24,8,-2.12,20,0
CLM20260403009520,RID45772,heavy_rainfall,53.3,2,36.2,35.8,3.18,8,-0.03,28,0
CLM20260403009521,RID15113,civic_unrest,49.4,5,27.2,5.1,0.59,4,-0.33,18,0
CLM20260403009522,RID69293,heavy_rainfall,13.7,2,55.3,9.3,0.1,9,0.32,24,0
CLM20260403009523,RID39907,civic_unrest,90.4,4,23.9,14.5,1.08,11,1.65,23,0
CLM20260403009524,RID23340,heavy_rainfall,38.2,2,31.2,16.6,5.89,7,-2.01,14,0
CLM20260403009525,RID42279,civic_unrest,94.8,4,28.1,18.9,0.14,7,-1.69,11,0
CLM20260403009526,RID97426,heavy_rainfall,44.6,3,39.6,53.9,0.66,8,2.12,8,0
CLM20260403009527,RID51211,extreme_heat,96.3,6,18.6,29.6,0.6,10,0.68,26,0
CLM20260403009528,RID51770,severe_pollution,108.0,4,36.8,71.7,3.57,9,0.44,28,0
CLM20260403009529,RID29086,extreme_heat,37.0,0,33.4,32.9,0.15,10,-2.14,11,0
CLM20260403009530,RID94296,extreme_heat,13.0,0,102.1,14.1,17.86,39,0.9,1,1
CLM20260403009531,RID11003,severe_pollution,21.1,2,54.0,28.5,0.41,2,-1.21,13,0
CLM20260403009532,RID47914,heavy_rainfall,23.3,3,109.5,24.4,1.71,8,-0.03,25,0
CLM20260403009533,RID93827,civic_unrest,57.8,7,35.5,47.1,0.63,3,0.47,16,0
CLM20260403009534,RID74143,heavy_rainfall,74.2,4,87.7,24.9,1.44,7,0.41,20,0
CLM20260403009535,RID88485,severe_pollution,53.8,1,31.8,73.6,1.45,3,1.24,19,0
CLM20260403009536,RID78706,extreme_heat,45.6,3,39.1,36.3,0.3,7,0.05,20,0
CLM20260403009537,RID13828,extreme_heat,39.9,1,28.3,47.6,2.08,8,-0.61,16,0
CLM20260403009538,RID80837,heavy_rainfall,87.9,4,68.4,27.1,0.75,5,-1.34,16,0
CLM20260403009539,RID19540,heavy_rainfall,84.9,1,138.5,62.5,1.48,7,-0.94,18,0
CLM20260403009540,RID49334,heavy_rainfall,135.6,1,138.1,3.1,0.01,6,-1.97,15,0
CLM20260403009541,RID91534,civic_unrest,34.9,1,41.0,59.9,7.0,5,-0.63,23,0
CLM20260403009542,RID53178,extreme_heat,6.5,0,97.8,4.1,1.45,29,2.63,8,1
CLM20260403009543,RID49489,heavy_rainfall,101.9,1,137.5,11.4,0.42,14,1.07,9,0
CLM20260403009544,RID90381,civic_unrest,1.9,1,40.9,9.8,2.15,9,-0.87,11,0
CLM20260403009545,RID26547,heavy_rainfall,45.6,1,46.9,28.1,0.15,8,0.25,20,0
CLM20260403009546,RID95955,civic_unrest,46.7,4,53.2,52.4,1.14,7,-0.91,17,0
CLM20260403009547,RID47737,severe_pollution,27.7,2,16.7,9.4,0.97,5,0.2,24,0
CLM20260403009548,RID82832,severe_pollution,119.2,1,9.6,27.7,0.52,10,-0.7,10,0
CLM20260403009549,RID69524,civic_unrest,207.8,3,26.9,29.2,0.08,14,-1.06,8,0
CLM20260403009550,RID92419,extreme_heat,108.5,2,49.5,20.6,1.35,6,-1.72,25,0
CLM20260403009551,RID82168,heavy_rainfall,30.0,2,80.4,25.9,5.74,11,-0.39,14,0
CLM20260403009552,RID32975,heavy_rainfall,37.0,1,133.0,28.2,1.48,5,0.17,24,1
CLM20260403009553,RID94090,extreme_heat,42.7,3,25.8,9.4,3.41,7,1.17,29,0
CLM20260403009554,RID12958,severe_pollution,11.0,1,53.5,23.9,0.61,7,2.44,15,0
CLM20260403009555,RID39099,civic_unrest,21.8,6,10.8,18.2,0.33,9,0.21,8,1
CLM20260403009556,RID75237,heavy_rainfall,52.2,0,92.4,18.6,1.4,6,-2.2,7,0
CLM20260403009557,RID98301,extreme_heat,50.3,2,27.4,30.1,0.44,10,1.28,21,0
CLM20260403009558,RID70903,heavy_rainfall,102.2,5,140.3,10.8,0.38,5,-1.88,23,0
CLM20260403009559,RID97508,extreme_heat,51.1,1,49.8,73.5,0.03,4,1.78,25,0
CLM20260403009560,RID22759,extreme_heat,133.9,1,32.8,44.8,6.46,6,0.1,26,0
CLM20260403009561,RID96593,severe_pollution,152.4,2,11.9,80.0,0.4,7,2.05,14,0
CLM20260403009562,RID42844,extreme_heat,151.5,3,19.5,14.2,1.25,5,0.0,23,0
CLM20260403009563,RID62756,heavy_rainfall,1.1,2,2.4,3.1,12.82,34,2.1,2,1
CLM20260403009564,RID51803,civic_unrest,4.6,0,8.3,9.5,6.63,28,2.99,8,0
CLM20260403009565,RID82423,civic_unrest,34.1,3,36.4,16.7,1.73,14,-0.65,22,0
CLM20260403009566,RID55151,severe_pollution,98.5,0,46.1,19.2,0.15,12,2.91,24,0
CLM20260403009567,RID58769,civic_unrest,79.4,4,38.7,14.0,5.29,15,1.35,22,0
CLM20260403009568,RID12733,civic_unrest,22.7,2,28.9,52.2,2.77,9,-0.8,17,0
CLM20260403009569,RID34454,heavy_rainfall,123.7,4,61.7,7.2,0.15,7,-0.21,9,0
CLM20260403009570,RID64932,severe_pollution,16.1,0,27.4,28.9,1.22,14,-0.87,13,1
CLM20260403009571,RID84244,heavy_rainfall,47.8,5,108.6,37.6,0.68,6,-0.71,17,0
CLM20260403009572,RID49064,civic_unrest,22.1,3,49.5,20.1,0.67,2,1.16,24,0
CLM20260403009573,RID30083,severe_pollution,30.6,2,58.1,14.4,0.7,7,1.75,9,0
CLM20260403009574,RID11936,severe_pollution,47.1,2,57.1,24.2,1.22,8,-0.4,7,0
CLM20260403009575,RID18739,heavy_rainfall,34.4,2,40.7,4.9,5.89,9,2.52,24,0
CLM20260403009576,RID60922,civic_unrest,157.4,5,38.8,34.9,1.41,9,-0.35,25,0
CLM20260403009577,RID65099,severe_pollution,228.5,8,24.9,29.9,1.33,5,0.77,26,0
CLM20260403009578,RID41534,extreme_heat,233.9,3,34.4,48.5,0.99,11,-0.18,23,0
CLM20260403009579,RID69290,civic_unrest,103.1,4,44.8,39.1,2.78,6,0.55,16,0
CLM20260403009580,RID58661,severe_pollution,72.4,6,11.7,6.4,1.57,11,0.61,12,0
CLM20260403009581,RID15666,heavy_rainfall,21.2,1,72.1,6.5,1.14,7,-0.86,14,0
CLM20260403009582,RID62307,civic_unrest,29.6,2,54.6,18.9,1.5,3,-1.38,16,0
CLM20260403009583,RID28861,severe_pollution,57.5,2,11.2,11.4,1.6,10,-1.49,21,0
CLM20260403009584,RID64312,heavy_rainfall,158.8,3,145.6,38.8,0.21,8,0.16,16,0
CLM20260403009585,RID39185,severe_pollution,2.9,0,62.4,5.4,11.79,26,3.0,3,1
CLM20260403009586,RID97016,heavy_rainfall,16.1,4,124.1,11.1,2.99,11,-1.58,7,0
CLM20260403009587,RID49169,heavy_rainfall,71.6,3,148.3,21.4,1.36,8,-0.69,12,0
CLM20260403009588,RID28351,civic_unrest,13.6,1,15.3,8.5,1.16,6,-1.25,25,0
CLM20260403009589,RID38829,heavy_rainfall,67.2,3,52.3,41.6,0.69,8,0.18,17,0
CLM20260403009590,RID77112,civic_unrest,42.6,2,22.7,53.6,1.95,7,-1.22,28,0
CLM20260403009591,RID35487,severe_pollution,76.4,5,47.6,34.6,2.16,9,0.44,16,1
CLM20260403009592,RID62228,extreme_heat,22.4,4,50.1,10.1,0.56,10,0.02,18,0
CLM20260403009593,RID93905,severe_pollution,62.7,4,8.7,26.3,0.08,5,0.08,16,0
CLM20260403009594,RID48765,civic_unrest,109.2,1,12.3,26.3,2.95,4,0.81,24,0
CLM20260403009595,RID49491,severe_pollution,92.9,2,25.8,26.9,0.72,15,-0.97,14,0
CLM20260403009596,RID75391,extreme_heat,27.4,4,34.9,55.2,6.75,9,-1.54,11,0
CLM20260403009597,RID52350,heavy_rainfall,37.8,1,44.6,29.1,2.01,10,1.9,19,0
CLM20260403009598,RID79665,civic_unrest,56.3,0,22.8,72.2,1.24,8,-0.46,28,0
CLM20260403009599,RID98514,extreme_heat,99.2,3,25.6,35.8,0.1,10,1.17,7,0
CLM20260403009600,RID41508,extreme_heat,25.9,2,48.8,5.6,3.27,6,2.55,29,0
CLM20260403009601,RID42837,extreme_heat,50.7,0,14.2,20.5,2.93,4,2.08,7,0
CLM20260403009602,RID37864,civic_unrest,59.6,7,38.7,74.6,0.77,9,-1.05,24,0
CLM20260403009603,RID77146,heavy_rainfall,103.5,1,70.9,4.9,0.2,4,-1.58,12,0
CLM20260403009604,RID14182,civic_unrest,71.9,4,48.4,9.6,1.75,12,0.78,16,0
CLM20260403009605,RID20487,severe_pollution,32.0,3,57.8,76.5,0.06,10,1.23,18,0
CLM20260403009606,RID26517,civic_unrest,84.6,1,39.2,51.3,1.35,7,1.35,9,0
CLM20260403009607,RID24497,civic_unrest,56.0,2,53.4,19.5,6.13,5,-1.42,29,0
CLM20260403009608,RID54827,extreme_heat,78.2,3,8.6,16.0,1.51,5,-2.43,9,1
CLM20260403009609,RID62208,heavy_rainfall,122.9,4,94.7,18.9,0.11,12,0.13,8,0
CLM20260403009610,RID52942,civic_unrest,8.7,0,5.1,5.3,5.16,45,3.65,1,1
CLM20260403009611,RID51330,severe_pollution,62.4,2,16.5,8.8,1.19,6,-0.67,25,0
CLM20260403009612,RID46934,heavy_rainfall,72.7,3,88.6,18.1,0.39,5,2.29,28,0
CLM20260403009613,RID60354,extreme_heat,64.1,4,12.1,25.4,0.4,4,1.23,16,0
CLM20260403009614,RID75403,severe_pollution,75.0,7,27.3,5.5,0.6,11,-0.96,7,0
CLM20260403009615,RID11959,extreme_heat,1.4,0,5.5,8.4,0.09,31,4.21,1,1
CLM20260403009616,RID46379,extreme_heat,54.8,8,43.2,56.1,2.02,7,-0.72,16,0
CLM20260403009617,RID58355,severe_pollution,37.7,2,15.6,39.7,1.4,6,0.1,8,0
CLM20260403009618,RID18052,extreme_heat,1.5,0,8.8,3.8,1.19,37,1.96,1,0
CLM20260403009619,RID37904,extreme_heat,0.8,0,5.1,14.5,1.29,26,4.22,1,0
CLM20260403009620,RID96135,extreme_heat,15.1,0,152.4,9.9,18.21,29,2.11,3,1
CLM20260403009621,RID91341,civic_unrest,38.0,5,9.5,16.9,2.54,5,1.04,12,0
CLM20260403009622,RID98559,civic_unrest,33.6,3,43.3,42.8,1.13,7,0.11,28,0
CLM20260403009623,RID57033,extreme_heat,39.7,2,49.0,44.0,0.22,4,-0.16,12,0
CLM20260403009624,RID39129,heavy_rainfall,45.6,5,140.2,29.9,1.17,6,-0.1,9,0
CLM20260403009625,RID52225,extreme_heat,12.0,1,36.4,35.0,0.36,7,-1.01,27,0
CLM20260403009626,RID78860,severe_pollution,37.6,1,34.1,43.6,1.7,8,2.59,15,0
CLM20260403009627,RID39669,heavy_rainfall,73.7,1,114.7,35.6,1.62,8,-0.27,20,0
CLM20260403009628,RID46639,heavy_rainfall,93.6,1,75.5,31.8,2.26,14,-0.86,9,0
CLM20260403009629,RID28326,severe_pollution,70.0,3,56.2,17.3,0.61,12,0.62,20,0
CLM20260403009630,RID61420,extreme_heat,2.4,3,21.5,44.0,0.76,4,1.45,9,0
CLM20260403009631,RID90902,heavy_rainfall,42.0,5,72.5,51.0,0.84,10,-2.0,24,0
CLM20260403009632,RID68015,extreme_heat,20.9,1,18.8,14.7,1.0,10,-0.19,16,0
CLM20260403009633,RID23003,severe_pollution,2.5,0,157.3,8.5,6.49,23,2.86,5,1
CLM20260403009634,RID48730,extreme_heat,34.2,4,19.5,2.8,0.41,7,-1.91,12,0
CLM20260403009635,RID88674,extreme_heat,81.1,2,58.5,17.6,1.16,11,-0.62,13,0
CLM20260403009636,RID27173,heavy_rainfall,5.0,0,97.8,23.7,2.71,3,1.57,12,0
CLM20260403009637,RID49588,heavy_rainfall,61.8,3,129.7,8.4,1.99,9,1.72,28,0
CLM20260403009638,RID63381,severe_pollution,163.4,4,54.7,65.6,0.39,6,-1.09,13,0
CLM20260403009639,RID80985,extreme_heat,55.0,4,50.8,32.7,4.7,8,-0.21,26,0
CLM20260403009640,RID25626,civic_unrest,174.4,3,41.8,11.8,4.1,6,-0.26,23,0
CLM20260403009641,RID99718,extreme_heat,80.4,4,37.6,72.1,1.12,10,0.75,19,0
CLM20260403009642,RID87377,extreme_heat,67.4,1,43.4,25.7,1.07,10,0.86,9,0
CLM20260403009643,RID63230,severe_pollution,156.4,5,35.0,80.0,0.1,6,-0.45,9,0
CLM20260403009644,RID89183,extreme_heat,38.1,2,35.8,11.7,1.81,7,-0.41,9,1
CLM20260403009645,RID72238,heavy_rainfall,0.7,0,114.6,12.0,12.87,38,3.28,1,1
CLM20260403009646,RID61932,extreme_heat,66.2,0,31.6,10.3,1.82,9,-1.38,17,0
CLM20260403009647,RID26541,civic_unrest,40.6,1,50.5,43.2,1.78,13,3.02,27,0
CLM20260403009648,RID14327,extreme_heat,10.0,0,5.4,11.2,13.35,37,2.05,5,1
CLM20260403009649,RID25874,extreme_heat,5.9,1,38.9,22.0,1.59,5,0.35,18,0
CLM20260403009650,RID86856,extreme_heat,56.3,2,26.9,28.2,1.54,4,-4.55,25,0
CLM20260403009651,RID75550,heavy_rainfall,88.5,2,69.5,11.8,1.01,7,-1.27,13,0
CLM20260403009652,RID49592,civic_unrest,29.8,3,9.8,18.6,0.64,9,1.29,14,0
CLM20260403009653,RID10994,extreme_heat,37.4,6,40.6,25.4,3.25,12,2.75,25,0
CLM20260403009654,RID29821,heavy_rainfall,26.8,0,128.7,22.8,4.26,6,-1.8,28,0
CLM20260403009655,RID64786,heavy_rainfall,62.0,0,30.5,4.6,1.05,11,-0.05,29,0
CLM20260403009656,RID98004,heavy_rainfall,24.7,4,92.5,18.7,2.62,5,0.8,27,0
CLM20260403009657,RID23925,extreme_heat,104.6,2,9.0,13.4,2.13,9,-1.64,8,0
CLM20260403009658,RID94277,extreme_heat,17.1,2,59.8,37.5,0.27,4,-0.24,7,0
CLM20260403009659,RID37740,civic_unrest,96.3,2,48.2,32.3,0.42,10,0.65,25,0
CLM20260403009660,RID91132,extreme_heat,75.9,2,52.3,28.5,2.64,7,-1.17,19,0
CLM20260403009661,RID74147,severe_pollution,23.2,1,37.5,19.7,1.62,7,-1.19,23,0
CLM20260403009662,RID21108,heavy_rainfall,2.1,0,194.8,4.5,12.7,39,2.13,3,1
CLM20260403009663,RID10270,heavy_rainfall,33.7,5,84.8,15.0,0.24,8,-0.63,12,0
CLM20260403009664,RID94689,heavy_rainfall,57.8,6,35.8,3.4,1.05,6,-0.43,27,0
CLM20260403009665,RID34091,civic_unrest,16.2,0,113.2,4.8,14.82,44,4.39,2,1
CLM20260403009666,RID66398,heavy_rainfall,85.2,5,74.3,30.9,2.49,5,-1.86,21,0
CLM20260403009667,RID59385,extreme_heat,72.0,1,53.3,80.0,1.05,8,0.86,29,0
CLM20260403009668,RID34144,civic_unrest,74.2,8,14.9,32.0,0.38,4,-1.25,29,0
CLM20260403009669,RID59358,civic_unrest,2.5,0,122.3,6.3,16.38,27,3.13,1,1
CLM20260403009670,RID74517,heavy_rainfall,3.6,4,40.5,4.8,3.17,8,0.77,23,0
CLM20260403009671,RID77387,civic_unrest,42.3,3,13.1,8.7,1.09,11,-1.34,27,0
CLM20260403009672,RID56386,civic_unrest,51.8,4,35.5,9.3,1.06,10,-0.95,29,0
CLM20260403009673,RID10322,severe_pollution,33.2,1,29.1,62.5,1.07,11,-0.02,19,0
CLM20260403009674,RID85938,extreme_heat,122.9,3,23.2,56.5,1.05,12,-0.81,15,0
CLM20260403009675,RID39740,heavy_rainfall,126.0,1,54.3,11.6,1.19,10,1.12,13,0
CLM20260403009676,RID47441,civic_unrest,79.9,5,15.1,9.4,0.54,6,-2.21,23,0
CLM20260403009677,RID38468,extreme_heat,43.2,1,11.2,48.9,0.65,6,-0.06,15,0
CLM20260403009678,RID40714,heavy_rainfall,27.8,4,131.5,65.4,1.25,9,1.64,20,0
CLM20260403009679,RID60471,severe_pollution,59.8,2,24.4,49.9,4.36,7,-1.02,16,0
CLM20260403009680,RID71010,heavy_rainfall,26.5,7,92.5,19.5,0.03,7,0.15,7,0
CLM20260403009681,RID47337,civic_unrest,63.5,4,52.0,32.6,0.16,13,-1.27,22,0
CLM20260403009682,RID59393,civic_unrest,0.5,0,5.0,13.5,0.8,28,3.14,4,1
CLM20260403009683,RID67814,civic_unrest,37.5,5,38.2,65.6,3.83,11,0.87,29,0
CLM20260403009684,RID42120,severe_pollution,15.4,7,58.6,40.0,0.06,9,2.17,8,0
CLM20260403009685,RID11684,heavy_rainfall,28.6,5,88.0,17.5,1.27,6,-0.01,18,0
CLM20260403009686,RID90601,civic_unrest,37.8,4,39.1,10.5,0.78,7,-1.06,23,0
CLM20260403009687,RID56234,extreme_heat,33.0,5,55.9,9.7,1.11,5,-0.83,19,0
CLM20260403009688,RID98824,heavy_rainfall,95.7,3,29.6,52.4,2.27,7,-1.01,17,0
CLM20260403009689,RID20522,severe_pollution,68.6,4,37.8,46.0,0.93,8,0.92,20,0
CLM20260403009690,RID75398,severe_pollution,94.5,2,55.6,48.0,0.29,6,2.94,28,0
CLM20260403009691,RID65144,severe_pollution,17.5,4,15.4,34.1,0.2,10,-0.64,10,0
CLM20260403009692,RID54562,heavy_rainfall,9.6,2,75.9,4.0,0.33,11,2.22,11,0
CLM20260403009693,RID55167,extreme_heat,68.4,2,47.8,11.3,0.55,5,-3.03,18,0
CLM20260403009694,RID96354,severe_pollution,1.2,0,111.3,8.3,13.21,25,2.18,3,1
CLM20260403009695,RID94948,severe_pollution,5.9,6,44.8,31.4,2.44,10,1.18,8,0
CLM20260403009696,RID18768,extreme_heat,97.0,2,58.9,6.5,0.14,9,1.21,13,0
CLM20260403009697,RID13473,extreme_heat,59.4,4,34.5,25.7,1.21,8,-0.82,18,0
CLM20260403009698,RID82584,heavy_rainfall,5.3,0,171.7,6.2,16.7,42,2.15,3,1
CLM20260403009699,RID94935,civic_unrest,13.0,4,46.7,36.9,0.89,8,-0.6,20,0
CLM20260403009700,RID72493,heavy_rainfall,14.3,0,137.7,7.0,0.05,36,2.63,3,1
CLM20260403009701,RID63317,heavy_rainfall,114.1,2,38.6,7.2,2.15,7,-0.31,29,0
CLM20260403009702,RID91913,heavy_rainfall,90.3,3,37.6,32.7,0.13,9,1.3,25,1
CLM20260403009703,RID30431,extreme_heat,1.0,0,2.3,7.2,10.85,39,2.07,3,1
CLM20260403009704,RID42231,heavy_rainfall,23.2,3,114.7,34.6,0.83,8,-0.35,8,0
CLM20260403009705,RID98496,heavy_rainfall,46.1,3,42.3,17.4,2.23,8,1.5,10,0
CLM20260403009706,RID61221,severe_pollution,32.4,1,56.8,49.9,2.52,3,1.02,24,0
CLM20260403009707,RID92059,severe_pollution,135.6,0,29.6,47.8,0.87,9,2.04,10,0
CLM20260403009708,RID13151,severe_pollution,18.6,0,46.4,11.5,1.33,12,0.61,16,0
CLM20260403009709,RID92470,severe_pollution,45.4,3,50.1,75.1,0.51,8,-0.96,11,0
CLM20260403009710,RID92917,severe_pollution,10.4,1,23.6,41.0,1.51,6,-0.35,17,0
CLM20260403009711,RID36803,civic_unrest,95.4,5,48.2,42.7,0.89,10,-1.89,27,0
CLM20260403009712,RID42253,extreme_heat,32.7,0,22.0,39.4,1.31,5,-2.88,28,0
CLM20260403009713,RID29813,extreme_heat,127.3,1,38.7,2.3,0.2,9,0.8,8,0
CLM20260403009714,RID99647,severe_pollution,28.7,4,19.2,80.0,3.33,4,0.31,10,0
CLM20260403009715,RID26135,civic_unrest,8.3,0,92.3,3.1,13.49,25,2.83,4,1
CLM20260403009716,RID86778,extreme_heat,81.2,4,45.1,29.4,2.23,10,1.3,15,0
CLM20260403009717,RID19386,extreme_heat,117.5,3,40.9,38.5,1.79,5,-0.29,23,0
CLM20260403009718,RID59617,civic_unrest,87.7,3,37.6,51.0,1.64,9,-0.12,15,0
CLM20260403009719,RID94819,civic_unrest,34.7,7,39.8,27.6,2.76,9,0.3,18,0
CLM20260403009720,RID64274,extreme_heat,68.4,6,48.5,8.9,2.51,6,-0.17,27,0
CLM20260403009721,RID75271,heavy_rainfall,90.7,3,119.9,24.1,0.17,11,-4.27,26,0
CLM20260403009722,RID20895,civic_unrest,57.9,2,23.8,58.3,1.2,11,0.69,23,0
CLM20260403009723,RID29952,civic_unrest,3.0,1,159.9,5.0,0.13,38,2.71,2,1
CLM20260403009724,RID35239,heavy_rainfall,8.1,4,44.9,11.6,0.04,9,0.16,22,0
CLM20260403009725,RID15248,heavy_rainfall,81.3,0,127.7,21.1,0.79,9,1.12,15,0
CLM20260403009726,RID42091,severe_pollution,34.4,0,49.7,12.5,1.33,9,1.74,28,0
CLM20260403009727,RID54125,extreme_heat,60.1,2,33.0,30.8,8.65,7,-0.18,13,0
CLM20260403009728,RID84684,extreme_heat,42.0,3,54.9,10.1,0.19,5,0.32,16,0
CLM20260403009729,RID41888,heavy_rainfall,89.8,1,66.7,14.5,1.13,7,0.74,13,1
CLM20260403009730,RID37155,extreme_heat,62.3,4,27.1,76.5,3.98,7,0.16,28,0
CLM20260403009731,RID44033,severe_pollution,42.4,2,56.3,31.3,0.56,5,2.25,23,0
CLM20260403009732,RID55164,severe_pollution,41.7,3,53.8,50.1,1.17,8,-3.18,18,0
CLM20260403009733,RID59805,extreme_heat,44.3,2,59.8,7.9,1.41,14,0.02,24,0
CLM20260403009734,RID26621,severe_pollution,118.6,4,39.0,3.2,0.91,6,0.38,13,0
CLM20260403009735,RID80172,civic_unrest,15.2,1,58.8,32.8,3.38,10,-0.49,9,0
CLM20260403009736,RID23537,severe_pollution,128.5,3,36.9,43.2,0.88,15,-0.17,7,0
CLM20260403009737,RID96390,extreme_heat,11.8,4,10.3,23.9,2.23,9,-2.95,12,0
CLM20260403009738,RID99523,severe_pollution,71.0,4,38.4,18.3,3.7,10,-0.23,13,0
CLM20260403009739,RID64097,civic_unrest,31.6,2,53.3,47.4,1.09,7,-1.89,17,1
CLM20260403009740,RID84727,heavy_rainfall,151.5,1,98.6,15.5,2.64,6,0.41,22,0
CLM20260403009741,RID54672,extreme_heat,94.4,2,14.6,43.6,1.59,9,0.65,21,0
CLM20260403009742,RID78654,extreme_heat,20.2,3,59.4,19.1,0.17,8,0.13,19,0
CLM20260403009743,RID15405,heavy_rainfall,27.9,5,44.1,16.4,1.5,6,1.0,24,0
CLM20260403009744,RID22892,civic_unrest,136.7,2,14.3,58.4,0.14,7,0.62,27,1
CLM20260403009745,RID97464,heavy_rainfall,0.5,0,7.7,1.4,15.16,26,3.96,12,1
CLM20260403009746,RID60834,civic_unrest,1.8,0,92.0,10.4,7.34,24,4.2,12,1
CLM20260403009747,RID31452,severe_pollution,14.5,0,108.3,0.6,15.86,29,3.8,1,1
CLM20260403009748,RID61500,civic_unrest,108.7,4,30.2,8.2,2.22,12,1.09,23,0
CLM20260403009749,RID34115,severe_pollution,111.4,2,28.2,12.3,3.3,8,-0.65,17,0
CLM20260403009750,RID68342,extreme_heat,20.2,7,31.6,7.4,3.92,6,0.58,16,0
CLM20260403009751,RID58339,heavy_rainfall,225.9,2,27.0,9.4,1.03,6,1.75,10,0
CLM20260403009752,RID28939,severe_pollution,18.1,1,28.6,32.4,2.26,5,-0.22,13,0
CLM20260403009753,RID33996,civic_unrest,74.3,6,38.4,16.2,2.69,7,-0.58,22,0
CLM20260403009754,RID51408,civic_unrest,42.1,1,47.7,45.0,0.18,9,0.49,26,0
CLM20260403009755,RID38915,extreme_heat,6.2,3,27.9,12.1,1.38,11,0.99,9,0
CLM20260403009756,RID74095,civic_unrest,52.8,2,39.1,24.6,1.36,9,-0.74,12,0
CLM20260403009757,RID98164,severe_pollution,64.2,0,47.4,62.1,0.3,12,1.02,23,0
CLM20260403009758,RID51158,severe_pollution,80.1,6,45.2,80.0,0.27,7,-2.62,22,0
CLM20260403009759,RID90425,severe_pollution,75.1,2,37.4,75.8,3.36,10,1.21,17,0
CLM20260403009760,RID63835,civic_unrest,11.6,1,23.1,59.3,2.76,9,0.67,26,0
CLM20260403009761,RID79328,severe_pollution,59.0,4,52.1,22.2,1.61,10,1.2,25,0
CLM20260403009762,RID77018,civic_unrest,47.7,1,13.0,5.2,1.98,12,2.48,14,0
CLM20260403009763,RID87159,severe_pollution,22.2,5,49.0,28.1,0.63,9,2.35,18,0
CLM20260403009764,RID30937,extreme_heat,29.5,3,33.9,35.8,0.08,7,1.3,17,0
CLM20260403009765,RID46527,civic_unrest,117.2,5,59.3,30.1,2.39,8,-0.64,20,0
CLM20260403009766,RID58183,heavy_rainfall,63.6,2,148.5,18.5,2.46,8,-0.3,23,0
CLM20260403009767,RID12841,civic_unrest,46.2,1,13.0,6.6,1.11,7,-0.87,26,0
CLM20260403009768,RID63319,extreme_heat,55.5,3,51.9,6.0,1.9,12,0.13,29,0
CLM20260403009769,RID51274,heavy_rainfall,22.6,7,119.2,79.9,0.5,17,0.32,27,0
CLM20260403009770,RID64168,extreme_heat,95.1,4,28.8,27.4,0.53,8,-2.44,9,0
CLM20260403009771,RID84381,severe_pollution,36.6,4,23.4,54.9,0.59,8,1.55,28,0
CLM20260403009772,RID52859,severe_pollution,32.4,2,41.6,31.0,0.55,8,0.19,28,0
CLM20260403009773,RID79970,civic_unrest,1.4,0,115.5,6.6,10.81,40,3.14,5,1
CLM20260403009774,RID24399,extreme_heat,81.5,4,46.8,10.1,0.95,9,-0.84,19,0
CLM20260403009775,RID98102,heavy_rainfall,63.9,2,120.7,41.0,1.38,9,-2.53,22,0
CLM20260403009776,RID65273,extreme_heat,49.6,5,49.2,27.6,2.31,7,-0.08,28,0
CLM20260403009777,RID68629,severe_pollution,116.7,2,10.6,10.2,0.11,8,-1.77,29,0
CLM20260403009778,RID74512,extreme_heat,64.4,0,15.5,80.0,0.01,9,1.27,22,0
CLM20260403009779,RID88286,extreme_heat,84.4,2,58.1,6.2,1.4,11,0.34,13,0
CLM20260403009780,RID51887,heavy_rainfall,31.6,0,48.2,17.3,2.04,7,-0.7,9,0
CLM20260403009781,RID90463,severe_pollution,92.6,5,23.0,32.0,0.03,8,-1.35,27,0
CLM20260403009782,RID86586,extreme_heat,46.8,2,18.2,43.3,1.71,9,-0.73,23,0
CLM20260403009783,RID43738,civic_unrest,118.1,2,55.2,26.9,2.13,13,0.34,27,0
CLM20260403009784,RID28151,heavy_rainfall,42.6,4,122.9,10.4,0.43,9,-1.64,15,0
CLM20260403009785,RID27169,heavy_rainfall,12.7,7,133.6,10.1,1.6,6,1.98,13,0
CLM20260403009786,RID49473,severe_pollution,107.3,3,36.5,39.9,1.95,6,2.3,24,0
CLM20260403009787,RID96080,civic_unrest,43.4,0,49.1,24.3,0.03,15,-0.5,13,0
CLM20260403009788,RID10572,extreme_heat,131.4,5,13.7,10.1,0.5,8,-0.26,10,0
CLM20260403009789,RID29312,extreme_heat,22.1,4,57.2,12.9,0.75,7,-0.81,28,0
CLM20260403009790,RID48365,severe_pollution,22.5,4,29.6,80.0,1.91,7,1.0,7,0
CLM20260403009791,RID70485,heavy_rainfall,53.7,5,143.5,19.6,1.14,6,-1.12,24,0
CLM20260403009792,RID47601,civic_unrest,143.5,2,49.4,34.8,0.63,8,0.33,27,0
CLM20260403009793,RID74585,severe_pollution,157.4,0,52.4,29.9,4.07,7,1.62,14,1
CLM20260403009794,RID27949,civic_unrest,73.1,1,48.2,19.0,0.87,6,-0.0,27,0
CLM20260403009795,RID25232,civic_unrest,32.3,2,47.3,11.6,0.21,5,1.03,27,0
CLM20260403009796,RID95909,heavy_rainfall,52.8,5,79.7,17.1,0.62,6,-0.4,18,0
CLM20260403009797,RID70156,heavy_rainfall,168.7,3,97.6,80.0,0.55,4,3.26,25,0
CLM20260403009798,RID36687,extreme_heat,45.7,2,9.4,40.4,1.23,9,-0.96,11,0
CLM20260403009799,RID95161,extreme_heat,37.7,2,31.9,49.4,0.8,6,-0.05,20,0
CLM20260403009800,RID22269,civic_unrest,44.9,2,13.0,45.9,3.99,7,0.45,8,0
CLM20260403009801,RID69347,extreme_heat,60.4,4,9.2,41.4,0.64,5,0.98,9,0
CLM20260403009802,RID41852,extreme_heat,64.0,1,36.5,32.5,0.03,8,0.19,25,1
CLM20260403009803,RID68288,extreme_heat,131.7,4,24.9,15.4,1.97,9,0.13,24,0
CLM20260403009804,RID17353,civic_unrest,65.7,5,31.9,72.3,2.79,10,-1.02,20,0
CLM20260403009805,RID51504,heavy_rainfall,58.3,5,20.4,43.0,1.95,8,0.74,23,0
CLM20260403009806,RID61735,severe_pollution,30.9,2,23.5,57.2,1.2,5,0.26,24,0
CLM20260403009807,RID62455,severe_pollution,24.2,1,40.2,43.5,3.98,10,-1.13,21,0
CLM20260403009808,RID11540,severe_pollution,44.8,3,52.2,17.1,1.26,9,-0.74,24,0
CLM20260403009809,RID35838,severe_pollution,137.3,3,18.8,63.5,2.65,7,-2.1,22,0
CLM20260403009810,RID92593,extreme_heat,22.7,5,59.5,7.8,0.06,3,-0.78,29,0
CLM20260403009811,RID97936,extreme_heat,89.8,4,18.7,55.0,0.06,4,1.11,21,0
CLM20260403009812,RID78186,severe_pollution,17.7,2,30.4,36.2,0.31,5,0.21,17,0
CLM20260403009813,RID36274,heavy_rainfall,170.6,2,126.3,38.4,8.29,8,-0.07,19,1
CLM20260403009814,RID24788,heavy_rainfall,87.3,2,148.1,17.8,0.2,8,1.89,25,0
CLM20260403009815,RID28129,extreme_heat,35.6,3,25.0,55.9,3.91,6,-1.28,8,0
CLM20260403009816,RID13547,heavy_rainfall,28.4,2,113.9,51.4,0.0,8,0.31,24,0
CLM20260403009817,RID98590,civic_unrest,44.6,4,45.1,28.0,3.28,5,1.12,11,0
CLM20260403009818,RID75978,civic_unrest,129.4,0,20.4,47.5,0.93,9,0.18,28,0
CLM20260403009819,RID26580,severe_pollution,56.2,1,41.5,32.2,1.63,12,-1.25,23,0
CLM20260403009820,RID43177,extreme_heat,36.3,2,21.6,21.8,0.16,6,2.08,23,0
CLM20260403009821,RID36816,extreme_heat,16.8,1,37.5,60.0,0.19,8,2.66,9,0
CLM20260403009822,RID65425,severe_pollution,9.2,5,16.0,18.4,0.03,7,-2.56,9,0
CLM20260403009823,RID98564,severe_pollution,36.6,3,41.0,30.3,0.07,11,2.44,27,0
CLM20260403009824,RID13006,extreme_heat,131.4,1,57.0,2.7,0.92,10,0.6,16,0
CLM20260403009825,RID80812,severe_pollution,78.6,2,53.5,31.7,0.19,8,0.87,15,0
CLM20260403009826,RID75374,heavy_rainfall,100.7,4,116.7,32.0,1.62,5,-1.16,12,0
CLM20260403009827,RID37111,severe_pollution,119.5,4,49.2,15.5,0.58,6,1.13,20,0
CLM20260403009828,RID11143,civic_unrest,9.0,0,4.6,1.1,10.1,42,3.73,1,1
CLM20260403009829,RID93901,civic_unrest,25.7,0,39.3,23.3,0.66,12,0.02,11,0
CLM20260403009830,RID89506,civic_unrest,48.5,2,36.4,3.2,0.37,14,-0.25,18,0
CLM20260403009831,RID66998,extreme_heat,88.4,4,21.5,8.2,0.28,11,-1.13,24,1
CLM20260403009832,RID13149,civic_unrest,59.0,1,28.9,36.8,0.42,2,-1.18,11,0
CLM20260403009833,RID64959,civic_unrest,12.9,5,37.6,1.6,0.1,6,-1.47,22,0
CLM20260403009834,RID84482,heavy_rainfall,7.4,1,142.1,21.5,0.25,9,-0.32,13,0
CLM20260403009835,RID24906,extreme_heat,16.7,0,13.9,26.8,1.78,4,-0.9,25,0
CLM20260403009836,RID29080,civic_unrest,16.7,0,112.4,2.4,5.86,27,3.09,1,0
CLM20260403009837,RID91478,civic_unrest,7.3,0,4.3,6.0,18.34,39,3.38,2,1
CLM20260403009838,RID22265,extreme_heat,0.5,0,6.3,1.7,8.0,46,3.89,2,1
CLM20260403009839,RID59047,heavy_rainfall,72.6,3,70.9,15.4,0.99,12,-0.21,11,0
CLM20260403009840,RID95601,heavy_rainfall,115.4,3,28.9,31.1,0.1,11,-1.16,9,0
CLM20260403009841,RID20150,heavy_rainfall,20.0,3,20.3,34.1,5.05,8,-0.4,27,1
CLM20260403009842,RID53489,civic_unrest,110.7,1,57.4,34.4,1.82,7,0.58,28,0
CLM20260403009843,RID61315,heavy_rainfall,73.0,1,145.0,31.2,5.87,7,0.67,16,1
CLM20260403009844,RID72284,civic_unrest,17.1,5,51.1,51.6,0.24,6,-0.16,12,0
CLM20260403009845,RID79546,heavy_rainfall,11.7,2,108.9,31.5,0.36,8,-0.28,8,0
CLM20260403009846,RID80895,heavy_rainfall,55.1,4,128.4,25.8,1.14,6,-0.04,24,0
CLM20260403009847,RID38408,heavy_rainfall,2.2,0,2.2,13.1,15.26,40,3.5,5,1
CLM20260403009848,RID47465,civic_unrest,39.1,5,34.5,38.9,3.11,6,0.66,25,0
CLM20260403009849,RID93631,heavy_rainfall,12.5,0,112.7,33.5,1.77,10,-1.31,29,0
CLM20260403009850,RID18028,civic_unrest,65.8,3,38.9,5.8,1.39,4,0.26,20,0
CLM20260403009851,RID18052,civic_unrest,2.1,3,8.9,38.7,1.07,8,0.94,10,0
CLM20260403009852,RID41718,heavy_rainfall,8.5,2,25.7,27.7,2.13,5,-3.93,14,0
CLM20260403009853,RID55687,severe_pollution,16.0,0,23.6,1.8,0.71,5,-2.04,20,0
CLM20260403009854,RID60457,civic_unrest,53.1,4,58.4,21.0,1.87,7,-1.86,26,0
CLM20260403009855,RID19941,extreme_heat,16.6,3,39.2,27.4,2.68,7,-1.04,17,0
CLM20260403009856,RID53276,extreme_heat,68.2,4,35.3,10.2,0.18,13,-0.93,20,0
CLM20260403009857,RID78477,heavy_rainfall,7.4,0,55.2,8.8,19.75,39,3.32,3,1
CLM20260403009858,RID45971,extreme_heat,37.2,1,35.7,27.6,0.04,11,0.67,18,0
CLM20260403009859,RID72562,civic_unrest,75.7,2,47.4,44.3,0.12,5,0.05,11,0
CLM20260403009860,RID70041,civic_unrest,39.0,3,19.1,37.1,2.1,8,0.45,13,0
CLM20260403009861,RID56171,heavy_rainfall,22.6,3,69.9,8.6,1.44,6,0.04,29,0
CLM20260403009862,RID35832,heavy_rainfall,13.0,2,103.9,57.3,0.5,9,-1.07,29,0
CLM20260403009863,RID91849,heavy_rainfall,52.6,1,142.6,52.8,1.1,9,-0.24,18,0
CLM20260403009864,RID23514,severe_pollution,140.7,4,45.2,12.1,0.52,7,1.32,24,0
CLM20260403009865,RID77675,civic_unrest,54.9,6,38.8,59.1,1.99,8,-1.26,25,0
CLM20260403009866,RID59995,civic_unrest,56.3,1,10.2,13.1,0.16,7,0.65,15,0
CLM20260403009867,RID68638,heavy_rainfall,84.8,2,86.4,80.0,1.95,10,1.29,20,0
CLM20260403009868,RID73839,severe_pollution,48.8,3,24.9,23.5,3.54,5,-0.13,18,0
CLM20260403009869,RID81947,civic_unrest,55.4,2,59.3,29.8,0.36,2,-0.18,7,0
CLM20260403009870,RID14730,heavy_rainfall,15.2,5,62.0,17.8,2.62,7,-0.39,29,0
CLM20260403009871,RID89717,heavy_rainfall,0.8,0,70.3,1.5,7.22,31,3.91,2,1
CLM20260403009872,RID30285,severe_pollution,22.5,2,22.9,24.3,1.28,5,0.36,24,0
CLM20260403009873,RID96121,heavy_rainfall,203.3,2,97.5,5.2,0.93,9,1.78,9,0
CLM20260403009874,RID63057,extreme_heat,55.8,1,18.0,42.3,2.67,7,0.52,8,0
CLM20260403009875,RID73403,heavy_rainfall,35.8,7,62.2,24.6,0.36,8,-1.09,18,0
CLM20260403009876,RID67138,heavy_rainfall,138.0,4,101.6,67.6,1.52,6,0.26,11,0
CLM20260403009877,RID23985,civic_unrest,98.6,3,24.1,39.7,8.49,10,0.66,11,0
CLM20260403009878,RID77627,severe_pollution,17.8,4,32.1,4.7,2.47,9,-0.98,22,0
CLM20260403009879,RID65612,severe_pollution,41.4,7,38.6,10.9,1.57,10,0.07,13,0
CLM20260403009880,RID24787,heavy_rainfall,101.4,7,114.8,14.9,0.09,7,0.39,28,0
CLM20260403009881,RID84547,severe_pollution,4.0,0,6.0,2.4,10.19,35,3.02,1,1
CLM20260403009882,RID60512,severe_pollution,0.5,0,6.4,0.5,11.76,41,2.86,8,1
CLM20260403009883,RID56694,extreme_heat,121.4,2,52.0,54.2,0.59,9,0.48,23,0
CLM20260403009884,RID97031,extreme_heat,96.7,4,27.0,36.8,0.71,6,0.61,27,0
CLM20260403009885,RID30949,severe_pollution,43.9,6,56.2,15.4,0.52,6,1.43,27,0
CLM20260403009886,RID18607,severe_pollution,59.9,2,33.8,8.2,1.09,8,-0.16,13,0
CLM20260403009887,RID15463,civic_unrest,76.9,3,27.7,38.8,4.13,11,-0.0,21,0
CLM20260403009888,RID13681,civic_unrest,4.6,6,20.5,26.0,3.17,6,-0.24,21,0
CLM20260403009889,RID80295,extreme_heat,57.8,5,26.3,27.7,0.3,11,1.65,10,0
CLM20260403009890,RID59142,extreme_heat,18.5,3,26.9,15.7,0.23,6,-0.52,24,0
CLM20260403009891,RID43499,civic_unrest,33.6,4,47.0,1.5,1.83,8,-0.24,29,0
CLM20260403009892,RID94361,heavy_rainfall,111.6,1,136.9,12.0,7.04,7,0.0,29,0
CLM20260403009893,RID87078,civic_unrest,1.2,0,135.1,3.8,13.64,46,3.25,2,1
CLM20260403009894,RID65310,civic_unrest,3.5,4,21.8,27.1,0.85,5,-0.52,11,0
CLM20260403009895,RID67636,extreme_heat,47.4,7,11.6,25.8,0.48,6,1.82,7,0
CLM20260403009896,RID81490,civic_unrest,127.7,4,32.8,38.8,1.73,6,1.1,14,0
CLM20260403009897,RID42363,civic_unrest,13.4,2,30.4,18.7,0.97,9,2.13,27,0
CLM20260403009898,RID41380,extreme_heat,50.9,2,39.1,65.3,1.34,14,-0.96,8,0
CLM20260403009899,RID85825,extreme_heat,23.7,2,36.1,80.0,0.4,11,1.38,16,0
CLM20260403009900,RID47000,extreme_heat,51.6,5,33.4,11.4,2.31,5,1.86,11,0
CLM20260403009901,RID60842,severe_pollution,58.0,7,51.0,32.8,2.77,3,0.92,26,0
CLM20260403009902,RID96436,extreme_heat,14.3,4,58.0,17.8,2.37,16,0.21,29,1
CLM20260403009903,RID22355,severe_pollution,3.7,1,38.6,26.1,0.13,6,0.98,27,0
CLM20260403009904,RID73173,civic_unrest,107.6,4,8.7,14.4,0.21,10,-0.05,12,0
CLM20260403009905,RID83342,heavy_rainfall,78.4,2,118.2,16.0,0.67,4,0.65,7,0
CLM20260403009906,RID18720,civic_unrest,137.4,1,56.6,16.6,1.29,3,-0.3,24,0
CLM20260403009907,RID80703,civic_unrest,33.6,4,44.3,37.9,1.36,10,0.58,26,0
CLM20260403009908,RID65747,severe_pollution,79.9,1,56.5,5.4,0.26,11,1.67,10,0
CLM20260403009909,RID81834,severe_pollution,45.0,2,55.5,32.8,3.75,6,-0.32,19,0
CLM20260403009910,RID89266,extreme_heat,101.5,2,30.0,30.8,0.36,8,-0.77,14,0
CLM20260403009911,RID10563,extreme_heat,68.1,1,32.3,8.3,0.73,9,2.57,7,0
CLM20260403009912,RID10846,extreme_heat,71.2,2,11.0,70.4,0.91,11,-0.33,8,0
CLM20260403009913,RID77559,civic_unrest,61.9,1,15.3,14.6,2.74,9,0.33,19,0
CLM20260403009914,RID36805,extreme_heat,36.8,1,56.9,76.2,0.3,8,-2.06,13,0
CLM20260403009915,RID70558,extreme_heat,21.7,3,28.8,11.6,0.02,6,0.18,9,0
CLM20260403009916,RID72782,severe_pollution,89.0,2,47.6,16.6,4.54,7,-0.03,11,0
CLM20260403009917,RID66360,extreme_heat,52.2,2,55.8,19.6,1.65,8,-0.74,19,0
CLM20260403009918,RID43429,civic_unrest,51.1,4,15.8,33.2,2.51,8,-0.51,27,0
CLM20260403009919,RID19126,civic_unrest,105.2,6,57.3,49.5,0.09,5,1.33,26,0
CLM20260403009920,RID18025,extreme_heat,75.6,4,10.4,29.7,1.24,8,0.99,27,0
CLM20260403009921,RID51934,extreme_heat,66.6,0,40.3,8.2,1.91,12,0.05,9,1
CLM20260403009922,RID77876,civic_unrest,78.0,5,58.8,43.1,2.53,8,-2.43,13,0
CLM20260403009923,RID49298,severe_pollution,123.9,4,43.8,12.8,0.55,4,-1.23,26,0
CLM20260403009924,RID23958,extreme_heat,41.1,3,39.4,28.9,0.32,8,-1.68,25,0
CLM20260403009925,RID10579,severe_pollution,3.0,0,7.7,14.0,9.82,37,2.8,4,1
CLM20260403009926,RID34961,heavy_rainfall,28.9,1,65.0,12.8,0.15,12,1.92,27,0
CLM20260403009927,RID80145,severe_pollution,6.4,0,69.9,2.6,12.74,41,3.61,4,1
CLM20260403009928,RID26392,heavy_rainfall,90.5,2,147.3,57.2,0.34,9,1.64,27,1
CLM20260403009929,RID93743,severe_pollution,60.0,4,57.1,2.3,1.55,13,0.75,23,0
CLM20260403009930,RID39328,extreme_heat,41.4,4,26.9,0.5,0.99,9,0.52,23,0
CLM20260403009931,RID73410,severe_pollution,1.0,0,5.0,10.0,17.84,35,2.64,2,1
CLM20260403009932,RID71491,severe_pollution,30.7,1,26.4,43.7,1.79,9,-0.08,12,0
CLM20260403009933,RID25198,heavy_rainfall,14.6,6,43.5,10.4,0.25,7,-0.49,9,0
CLM20260403009934,RID75701,civic_unrest,75.4,3,52.2,27.5,0.28,7,1.48,29,1
CLM20260403009935,RID28377,civic_unrest,70.1,3,49.5,17.5,0.24,13,-0.86,22,0
CLM20260403009936,RID26812,severe_pollution,119.3,6,12.6,12.9,0.71,14,-2.35,12,0
CLM20260403009937,RID95520,severe_pollution,25.1,1,36.6,34.5,1.3,8,0.1,12,0
CLM20260403009938,RID36007,heavy_rainfall,35.0,4,115.8,17.8,0.9,11,-0.06,20,0
CLM20260403009939,RID88976,heavy_rainfall,32.9,2,139.8,26.2,1.55,6,-0.28,7,0
CLM20260403009940,RID11129,severe_pollution,34.6,3,57.6,9.9,1.26,7,-0.89,28,0
CLM20260403009941,RID20871,extreme_heat,104.0,3,39.0,21.9,0.17,8,0.69,18,0
CLM20260403009942,RID19592,heavy_rainfall,110.7,3,123.3,5.4,2.19,10,-0.17,15,0
CLM20260403009943,RID28554,civic_unrest,51.2,5,32.7,16.5,1.51,6,0.26,27,0
CLM20260403009944,RID28456,extreme_heat,102.9,2,13.9,8.7,0.19,8,0.16,11,1
CLM20260403009945,RID48692,civic_unrest,30.2,5,10.8,49.7,1.47,8,-0.16,20,0
CLM20260403009946,RID74075,extreme_heat,5.6,0,151.6,8.8,10.16,43,2.97,3,1
CLM20260403009947,RID98841,heavy_rainfall,12.5,2,114.7,67.5,0.17,12,0.14,18,0
CLM20260403009948,RID55717,severe_pollution,15.5,4,11.7,54.0,0.2,6,-0.46,14,1
CLM20260403009949,RID96797,severe_pollution,19.0,3,17.8,13.1,2.04,9,1.6,25,0
CLM20260403009950,RID71558,heavy_rainfall,4.7,0,168.5,11.7,17.06,35,3.36,1,1
CLM20260403009951,RID91139,severe_pollution,28.0,4,59.4,11.1,1.0,5,0.06,7,0
CLM20260403009952,RID25769,severe_pollution,32.6,5,9.8,47.2,0.7,4,0.59,14,0
CLM20260403009953,RID24199,severe_pollution,111.1,2,13.4,66.7,2.51,11,0.76,9,0
CLM20260403009954,RID57810,severe_pollution,21.7,0,126.3,7.3,7.3,30,2.35,2,1
CLM20260403009955,RID55857,severe_pollution,19.8,1,2.7,7.4,5.44,33,3.87,1,1
CLM20260403009956,RID62774,severe_pollution,0.6,0,7.3,3.3,0.3,33,4.33,12,1
CLM20260403009957,RID63309,civic_unrest,31.5,2,32.3,35.2,0.05,9,-0.71,26,0
CLM20260403009958,RID15333,severe_pollution,57.8,5,53.8,80.0,3.03,13,-0.63,7,0
CLM20260403009959,RID78683,extreme_heat,81.8,2,42.3,13.9,0.07,8,1.24,7,0
CLM20260403009960,RID35529,civic_unrest,2.0,0,120.8,3.8,18.81,40,1.96,3,1
CLM20260403009961,RID44867,heavy_rainfall,21.8,2,89.9,38.8,0.48,5,-1.87,21,0
CLM20260403009962,RID12289,civic_unrest,146.5,0,39.8,55.3,0.54,10,0.53,20,0
CLM20260403009963,RID29967,extreme_heat,40.1,3,10.1,23.6,5.51,4,1.69,10,1
CLM20260403009964,RID46903,extreme_heat,6.1,5,49.7,51.7,0.51,7,0.59,25,0
CLM20260403009965,RID98403,severe_pollution,29.3,1,38.1,23.0,1.59,9,0.12,16,1
CLM20260403009966,RID99410,civic_unrest,80.9,4,29.6,30.9,0.42,5,-0.05,13,0
CLM20260403009967,RID35726,severe_pollution,84.3,1,43.1,48.2,0.1,10,-0.88,27,0
CLM20260403009968,RID91807,extreme_heat,23.7,4,38.3,34.8,0.22,12,3.76,24,0
CLM20260403009969,RID33894,extreme_heat,12.5,0,4.0,10.4,5.81,35,3.51,8,1
CLM20260403009970,RID21566,heavy_rainfall,73.6,3,24.6,27.9,0.61,9,1.32,19,0
CLM20260403009971,RID43865,extreme_heat,21.6,2,12.2,44.4,2.56,11,0.81,10,0
CLM20260403009972,RID91758,heavy_rainfall,42.6,5,21.3,27.7,1.82,13,-1.49,29,0
CLM20260403009973,RID70116,heavy_rainfall,24.8,4,121.1,34.7,0.48,8,0.02,15,0
CLM20260403009974,RID57427,civic_unrest,115.8,7,59.1,9.7,0.23,17,1.55,10,0
CLM20260403009975,RID72683,extreme_heat,112.5,1,59.8,17.1,0.08,5,-1.79,29,0
CLM20260403009976,RID65225,heavy_rainfall,44.4,2,98.5,30.1,0.86,11,2.04,18,0
CLM20260403009977,RID24944,civic_unrest,39.1,3,48.8,18.0,0.32,8,-1.02,8,0
CLM20260403009978,RID74597,heavy_rainfall,46.1,4,68.8,35.4,2.63,3,0.29,11,0
CLM20260403009979,RID20828,civic_unrest,127.2,3,27.3,6.0,2.16,8,1.08,14,0
CLM20260403009980,RID14868,heavy_rainfall,94.8,3,21.8,80.0,0.85,11,-1.15,28,0
CLM20260403009981,RID15748,heavy_rainfall,62.5,4,109.7,37.0,0.78,7,-0.75,21,0
CLM20260403009982,RID62031,extreme_heat,47.0,2,57.7,21.3,2.0,5,-0.86,12,0
CLM20260403009983,RID64926,heavy_rainfall,18.3,0,69.2,5.1,0.03,5,0.37,28,0
CLM20260403009984,RID14027,heavy_rainfall,2.4,0,121.6,0.5,14.04,34,0.47,3,1
CLM20260403009985,RID27635,severe_pollution,40.9,4,58.9,49.4,0.68,7,0.85,10,0
CLM20260403009986,RID55698,extreme_heat,33.0,4,26.5,32.9,0.26,7,-0.14,14,0
CLM20260403009987,RID97742,civic_unrest,64.9,3,48.2,42.9,1.47,7,0.17,24,0
CLM20260403009988,RID71436,civic_unrest,77.7,1,20.3,62.2,1.75,10,-1.77,11,0
CLM20260403009989,RID88364,severe_pollution,105.9,3,13.6,22.2,2.44,8,-1.81,25,0
CLM20260403009990,RID82916,extreme_heat,9.8,1,38.6,35.4,5.25,4,-0.18,22,0
CLM20260403009991,RID38921,civic_unrest,5.4,3,19.5,7.9,1.31,7,-1.28,12,0
CLM20260403009992,RID47882,extreme_heat,55.8,3,35.4,25.2,0.18,8,1.78,9,0
CLM20260403009993,RID56944,severe_pollution,2.0,0,5.4,11.0,14.2,45,2.75,2,1
CLM20260403009994,RID21699,extreme_heat,9.3,0,173.9,0.5,9.52,41,2.97,4,1
CLM20260403009995,RID24129,civic_unrest,19.5,5,53.7,14.8,2.19,13,-1.0,15,0
CLM20260403009996,RID84770,severe_pollution,103.3,5,26.5,26.5,0.86,8,-0.89,26,0
CLM20260403009997,RID71865,heavy_rainfall,12.0,4,115.6,20.7,4.12,11,-0.61,18,0
CLM20260403009998,RID43049,severe_pollution,3.1,0,85.0,8.4,6.36,31,1.58,1,1
CLM20260403009999,RID41780,severe_pollution,7.3,1,9.9,6.4,4.51,10,-0.33,19,0
