zone_id,city,week_start_date,month,season,avg_rainfall_mm_day,max_temp_c,aqi_avg,aqi_max,civic_incidents_count,flood_zone_tier,p_weather_actual,p_civic_actual,p_pollution_actual
PUN-PU0109,Pune,2024-10-02,10,Winter,0.0,22.2,121.6,138.9,0,3,0.0601,0.0,0.0812
DEL-DE0028,Delhi,2024-08-19,8,Monsoon,0.0,30.4,85.3,119.6,0,1,0.1597,0.0597,0.0215
MUM-MU0051,Mumbai,2025-03-09,3,Summer,0.0,37.4,85.8,116.6,0,1,0.2048,0.1186,0.0
AHM-AH0118,Ahmedabad,2025-09-28,9,Monsoon,1.14,37.9,52.0,65.0,1,1,0.0,0.2625,0.0758
BEN-BE0163,Bengaluru,2025-04-06,4,Summer,0.0,34.8,122.1,144.5,0,3,0.1182,0.0576,0.0878
BEN-BE0101,Bengaluru,2024-05-25,5,Summer,14.63,44.8,66.4,80.7,0,3,0.3356,0.0585,0.0132
BEN-BE0057,Bengaluru,2025-06-03,6,Monsoon,41.36,26.3,132.4,177.3,0,1,0.5185,0.1098,0.0978
DEL-DE0085,Delhi,2026-02-22,2,Winter,0.0,30.8,142.8,161.7,0,2,0.1993,0.0096,0.1244
AHM-AH0108,Ahmedabad,2025-01-16,1,Winter,0.0,30.2,98.8,114.5,0,5,0.1056,0.0463,0.0925
DEL-DE0009,Delhi,2024-10-04,10,Winter,0.0,20.8,324.4,341.8,0,3,0.136,0.0117,0.6146
PUN-PU0185,Pune,2024-08-19,8,Monsoon,3.51,28.3,66.5,97.7,0,1,0.2448,0.0468,0.0651
AHM-AH0116,Ahmedabad,2024-09-23,9,Monsoon,25.84,37.9,119.5,129.9,0,3,0.4517,0.0794,0.021
HYD-HY0116,Hyderabad,2024-06-08,6,Monsoon,32.88,35.9,115.2,139.9,0,2,0.4361,0.1237,0.06
MUM-MU0178,Mumbai,2025-04-10,4,Summer,25.55,35.7,104.2,115.1,0,1,0.4044,0.0903,0.0884
PUN-PU0009,Pune,2024-11-24,11,Winter,4.37,26.0,75.8,108.1,1,3,0.0,0.2432,0.0391
KOL-KO0064,Kolkata,2025-02-20,2,Winter,0.0,30.7,124.4,170.9,0,3,0.1725,0.0936,0.1315
MUM-MU0065,Mumbai,2026-03-01,3,Summer,0.0,35.6,158.0,179.5,0,1,0.0,0.0555,0.1577
MUM-MU0061,Mumbai,2025-03-17,3,Summer,13.77,35.2,214.2,263.2,0,2,0.2005,0.0033,0.2821
MUM-MU0191,Mumbai,2024-10-15,10,Winter,12.39,23.9,99.5,131.5,0,3,0.0233,0.1068,0.0966
BEN-BE0047,Bengaluru,2025-07-14,7,Monsoon,1.32,30.8,85.4,114.4,0,2,0.1569,0.0442,0.0211
BEN-BE0076,Bengaluru,2024-10-15,10,Winter,15.62,16.0,97.0,108.0,0,5,0.1944,0.0087,0.0212
HYD-HY0034,Hyderabad,2025-09-18,9,Monsoon,23.04,32.6,76.7,114.6,0,4,0.3126,0.0546,0.0439
PUN-PU0032,Pune,2025-07-10,7,Monsoon,31.35,18.4,97.4,144.6,0,2,0.4547,0.0347,0.0973
MUM-MU0054,Mumbai,2026-03-31,3,Summer,3.0,38.3,100.0,148.0,1,3,0.0394,0.1808,0.0626
HYD-HY0149,Hyderabad,2024-11-01,11,Winter,3.33,18.5,63.9,109.4,0,1,0.0593,0.0508,0.0
BEN-BE0007,Bengaluru,2024-04-29,4,Summer,9.65,33.6,35.4,78.0,2,2,0.0322,0.3867,0.0446
AHM-AH0066,Ahmedabad,2025-01-21,1,Winter,0.0,21.5,149.7,183.0,1,2,0.1849,0.1578,0.1529
PUN-PU0130,Pune,2024-06-20,6,Monsoon,21.8,37.8,152.8,187.6,0,1,0.3668,0.0773,0.0635
AHM-AH0036,Ahmedabad,2025-02-05,2,Winter,0.0,28.0,140.2,167.0,1,1,0.0791,0.1965,0.0758
HYD-HY0116,Hyderabad,2024-08-07,8,Monsoon,21.42,29.5,112.3,162.3,1,4,0.2986,0.1149,0.0238
KOL-KO0059,Kolkata,2025-12-04,12,Winter,4.91,16.9,155.4,186.2,0,3,0.2735,0.1403,0.1845
BEN-BE0051,Bengaluru,2024-05-24,5,Summer,12.93,32.7,69.7,97.2,1,3,0.2382,0.1948,0.0
KOL-KO0119,Kolkata,2025-06-24,6,Monsoon,15.93,33.9,76.1,91.3,0,1,0.024,0.0487,0.0025
PUN-PU0006,Pune,2025-10-02,10,Winter,0.0,21.5,74.6,92.9,0,3,0.0863,0.0194,0.0523
BEN-BE0169,Bengaluru,2025-04-14,4,Summer,14.6,30.8,109.2,138.6,0,2,0.0311,0.092,0.061
MUM-MU0013,Mumbai,2025-03-11,3,Summer,5.06,29.1,116.8,127.6,0,2,0.0,0.0185,0.1124
AHM-AH0154,Ahmedabad,2024-12-25,12,Winter,0.0,29.7,123.8,138.9,0,2,0.2083,0.0151,0.0872
DEL-DE0126,Delhi,2025-03-19,3,Summer,0.0,36.9,74.8,101.2,1,2,0.1523,0.2192,0.0388
AHM-AH0029,Ahmedabad,2025-04-22,4,Summer,6.02,42.2,106.4,129.3,0,3,0.237,0.032,0.0
KOL-KO0065,Kolkata,2024-06-16,6,Monsoon,7.2,27.5,101.2,113.7,1,4,0.1062,0.2327,0.0
CHE-CH0096,Chennai,2024-11-13,11,Winter,1.2,22.6,100.3,133.2,1,4,0.0244,0.2219,0.0
BEN-BE0169,Bengaluru,2025-11-30,11,Winter,6.0,25.2,30.0,58.5,0,3,0.1169,0.0318,0.0366
DEL-DE0118,Delhi,2025-06-16,6,Monsoon,29.56,33.5,95.6,127.0,0,4,0.4579,0.0,0.0045
BEN-BE0040,Bengaluru,2025-11-14,11,Winter,7.62,21.3,144.2,160.2,0,3,0.1218,0.0765,0.1981
AHM-AH0163,Ahmedabad,2025-11-19,11,Winter,0.0,33.8,102.5,132.8,0,1,0.1182,0.1467,0.0761
CHE-CH0089,Chennai,2024-07-06,7,Monsoon,12.44,28.4,107.0,154.0,0,1,0.3239,0.0556,0.0631
DEL-DE0009,Delhi,2024-05-05,5,Summer,0.0,31.6,125.8,149.6,0,3,0.0775,0.0,0.0
MUM-MU0189,Mumbai,2024-10-01,10,Winter,7.12,23.7,87.1,135.5,0,2,0.0171,0.0643,0.0
CHE-CH0178,Chennai,2024-09-25,9,Monsoon,29.5,27.7,73.0,114.0,0,3,0.4003,0.0815,0.0
MUM-MU0198,Mumbai,2025-06-21,6,Monsoon,29.77,22.8,101.9,112.9,0,3,0.3932,0.0231,0.0202
CHE-CH0135,Chennai,2025-11-09,11,Winter,0.0,17.3,87.2,126.1,1,2,0.1008,0.2115,0.0
CHE-CH0104,Chennai,2024-06-27,6,Monsoon,59.07,32.8,34.4,69.4,0,3,0.721,0.0499,0.0343
PUN-PU0036,Pune,2025-12-19,12,Winter,0.11,25.7,99.1,119.8,0,3,0.0487,0.0,0.0176
BEN-BE0141,Bengaluru,2024-07-15,7,Monsoon,14.43,37.5,93.8,104.3,0,5,0.2558,0.1136,0.0024
MUM-MU0088,Mumbai,2025-11-05,11,Winter,5.48,18.9,129.8,143.1,0,2,0.0317,0.0314,0.0514
AHM-AH0094,Ahmedabad,2025-09-27,9,Monsoon,79.46,34.9,54.3,88.2,0,4,0.8616,0.0161,0.0114
KOL-KO0140,Kolkata,2024-04-23,4,Summer,0.0,36.6,160.3,193.9,0,1,0.2299,0.0114,0.1849
HYD-HY0098,Hyderabad,2025-07-11,7,Monsoon,35.13,34.4,131.9,151.9,0,2,0.4922,0.0074,0.1325
DEL-DE0055,Delhi,2025-07-05,7,Monsoon,13.86,35.8,115.0,126.4,0,2,0.0,0.0,0.1248
CHE-CH0175,Chennai,2025-07-24,7,Monsoon,15.04,29.5,130.3,164.9,0,1,0.2097,0.0813,0.1745
MUM-MU0161,Mumbai,2025-02-27,2,Winter,0.0,32.8,124.0,150.8,0,2,0.0,0.0021,0.0702
HYD-HY0130,Hyderabad,2025-01-28,1,Winter,2.14,18.0,82.6,127.8,1,3,0.0417,0.2255,0.0001
CHE-CH0000,Chennai,2025-04-27,4,Summer,0.0,40.1,82.6,131.4,2,1,0.119,0.3468,0.0126
PUN-PU0087,Pune,2026-03-12,3,Summer,0.33,48.0,75.8,121.4,2,3,0.4575,0.344,0.054
PUN-PU0066,Pune,2025-12-26,12,Winter,0.0,17.9,117.3,146.6,0,4,0.1037,0.0821,0.1109
CHE-CH0140,Chennai,2024-08-09,8,Monsoon,44.59,33.9,140.9,181.0,0,4,0.6225,0.0761,0.106
HYD-HY0182,Hyderabad,2025-06-21,6,Monsoon,19.93,29.1,102.2,151.4,0,2,0.2016,0.0171,0.0651
DEL-DE0193,Delhi,2025-08-27,8,Monsoon,20.33,32.9,121.9,134.6,0,2,0.252,0.0453,0.1078
AHM-AH0042,Ahmedabad,2024-11-06,11,Winter,7.88,23.6,134.7,151.3,0,3,0.0,0.0419,0.1529
MUM-MU0142,Mumbai,2025-01-22,1,Winter,7.93,16.0,126.9,147.9,1,4,0.129,0.1735,0.0766
MUM-MU0093,Mumbai,2025-01-14,1,Winter,8.52,22.4,121.4,165.2,0,3,0.0624,0.0091,0.1217
PUN-PU0154,Pune,2024-12-28,12,Winter,0.0,28.9,59.0,79.8,0,2,0.057,0.0,0.0
BEN-BE0066,Bengaluru,2024-04-21,4,Summer,9.7,30.2,114.0,128.2,0,5,0.0,0.095,0.0981
AHM-AH0183,Ahmedabad,2025-08-20,8,Monsoon,7.91,28.4,163.5,205.6,0,1,0.0909,0.0309,0.2081
BEN-BE0192,Bengaluru,2024-10-02,10,Winter,0.0,23.3,99.0,141.5,0,4,0.0996,0.1039,0.0115
MUM-MU0163,Mumbai,2024-07-28,7,Monsoon,25.92,27.4,144.8,181.2,0,3,0.3305,0.0731,0.1268
BEN-BE0076,Bengaluru,2025-10-04,10,Winter,0.99,15.0,112.2,136.0,0,5,0.0867,0.0398,0.1468
DEL-DE0006,Delhi,2025-03-22,3,Summer,0.0,39.2,113.4,148.6,0,1,0.0805,0.0744,0.0551
CHE-CH0178,Chennai,2025-05-25,5,Summer,1.07,46.1,100.5,124.8,0,1,0.2638,0.0003,0.0862
BEN-BE0169,Bengaluru,2024-05-03,5,Summer,0.47,39.0,76.5,103.7,0,3,0.1167,0.0421,0.0726
KOL-KO0128,Kolkata,2024-04-20,4,Summer,11.11,45.2,164.1,176.4,0,5,0.3317,0.0,0.1655
PUN-PU0101,Pune,2025-07-18,7,Monsoon,7.71,29.5,112.3,142.9,0,3,0.0,0.0867,0.0903
CHE-CH0147,Chennai,2025-10-29,10,Winter,0.0,21.5,133.5,181.3,0,3,0.1336,0.0346,0.1746
DEL-DE0133,Delhi,2025-09-27,9,Monsoon,31.72,38.0,124.0,165.3,0,3,0.4046,0.0373,0.056
CHE-CH0158,Chennai,2025-11-30,11,Winter,7.57,27.8,94.0,104.2,0,2,0.0278,0.0398,0.0
CHE-CH0127,Chennai,2026-03-10,3,Summer,11.01,42.7,182.3,213.1,0,1,0.2179,0.0,0.1689
BEN-BE0029,Bengaluru,2025-06-17,6,Monsoon,72.05,32.1,127.0,146.7,0,1,0.8111,0.0267,0.0569
PUN-PU0172,Pune,2026-01-16,1,Winter,0.0,23.7,104.0,142.6,0,2,0.0519,0.0,0.0122
BEN-BE0146,Bengaluru,2025-04-20,4,Summer,5.79,44.2,83.6,118.9,1,4,0.2975,0.1832,0.0765
AHM-AH0037,Ahmedabad,2025-09-11,9,Monsoon,6.86,28.8,122.4,159.1,0,3,0.1527,0.0744,0.0698
PUN-PU0199,Pune,2026-01-15,1,Winter,6.61,25.0,129.9,159.8,1,3,0.0,0.2221,0.1685
PUN-PU0127,Pune,2025-06-02,6,Monsoon,33.29,22.2,79.4,110.2,0,4,0.4446,0.0413,0.0
MUM-MU0146,Mumbai,2025-09-26,9,Monsoon,36.44,37.3,190.5,238.8,0,3,0.4304,0.0,0.2521
PUN-PU0047,Pune,2026-03-28,3,Summer,13.63,27.6,58.9,102.6,0,3,0.0568,0.0795,0.033
PUN-PU0100,Pune,2024-05-17,5,Summer,2.24,24.3,98.7,132.7,0,5,0.0,0.0877,0.0651
DEL-DE0150,Delhi,2025-10-25,10,Winter,0.0,32.0,390.4,416.5,0,3,0.0574,0.1301,0.7515
HYD-HY0093,Hyderabad,2024-10-25,10,Winter,3.84,28.9,116.9,142.8,0,2,0.0,0.0178,0.066
AHM-AH0093,Ahmedabad,2025-08-25,8,Monsoon,7.64,32.5,97.0,133.0,0,1,0.1217,0.0976,0.0
BEN-BE0101,Bengaluru,2026-01-26,1,Winter,0.0,16.3,90.9,121.3,1,3,0.0862,0.2613,0.0014
DEL-DE0134,Delhi,2024-07-28,7,Monsoon,27.13,26.9,114.1,124.9,0,4,0.2417,0.0,0.0433
KOL-KO0146,Kolkata,2024-11-06,11,Winter,0.48,25.1,119.3,133.2,0,1,0.057,0.0047,0.0502
CHE-CH0177,Chennai,2025-03-30,3,Summer,5.12,41.5,42.4,86.0,0,5,0.072,0.086,0.0438
BEN-BE0152,Bengaluru,2025-12-14,12,Winter,2.06,17.2,109.9,121.5,0,3,0.0212,0.0,0.0915
PUN-PU0110,Pune,2025-10-07,10,Winter,4.26,24.9,91.2,131.7,0,1,0.0,0.1267,0.001
AHM-AH0009,Ahmedabad,2025-04-28,4,Summer,0.79,42.2,123.5,135.2,1,2,0.3158,0.2917,0.1682
HYD-HY0140,Hyderabad,2025-04-18,4,Summer,4.08,41.3,84.8,112.1,0,3,0.1246,0.0174,0.0333
BEN-BE0049,Bengaluru,2025-08-22,8,Monsoon,9.22,27.9,116.6,160.3,0,4,0.1403,0.0596,0.1045
AHM-AH0002,Ahmedabad,2024-10-19,10,Winter,0.15,22.2,125.7,157.4,0,3,0.1501,0.106,0.0711
CHE-CH0064,Chennai,2024-08-02,8,Monsoon,27.31,25.4,142.7,177.3,0,2,0.3929,0.0744,0.1454
AHM-AH0173,Ahmedabad,2026-03-26,3,Summer,0.0,44.6,99.3,121.5,2,2,0.3105,0.3789,0.0569
AHM-AH0189,Ahmedabad,2024-05-20,5,Summer,0.0,47.5,168.3,201.5,0,3,0.4828,0.0911,0.2079
MUM-MU0114,Mumbai,2025-09-21,9,Monsoon,31.43,28.4,162.2,203.7,0,2,0.3927,0.0168,0.1791
BEN-BE0069,Bengaluru,2025-05-16,5,Summer,0.0,33.6,145.4,160.1,0,4,0.171,0.0647,0.1372
MUM-MU0065,Mumbai,2024-04-08,4,Summer,0.0,43.8,111.3,153.4,0,3,0.289,0.0969,0.0406
CHE-CH0046,Chennai,2024-04-26,4,Summer,8.0,39.2,112.4,125.2,0,2,0.0701,0.0183,0.0325
KOL-KO0021,Kolkata,2025-07-18,7,Monsoon,46.11,22.2,205.3,216.1,0,5,0.547,0.0091,0.2785
BEN-BE0148,Bengaluru,2024-05-12,5,Summer,23.87,29.1,66.3,100.6,0,1,0.3369,0.0,0.0101
MUM-MU0135,Mumbai,2024-09-06,9,Monsoon,63.65,33.1,121.6,153.3,0,3,0.6732,0.0928,0.0784
BEN-BE0032,Bengaluru,2025-08-04,8,Monsoon,61.51,36.3,75.4,87.5,0,2,0.7838,0.0114,0.0
HYD-HY0161,Hyderabad,2024-12-25,12,Winter,3.08,20.2,66.4,97.9,0,1,0.1275,0.1215,0.0255
AHM-AH0070,Ahmedabad,2024-05-29,5,Summer,0.0,42.9,158.9,184.7,1,1,0.2733,0.2003,0.2312
CHE-CH0044,Chennai,2025-10-03,10,Winter,4.0,18.1,143.6,157.0,1,3,0.14,0.1599,0.1703
BEN-BE0035,Bengaluru,2025-12-10,12,Winter,7.05,34.1,112.7,130.2,1,3,0.1244,0.2209,0.05
PUN-PU0142,Pune,2025-07-05,7,Monsoon,4.32,23.0,133.4,147.4,0,1,0.1504,0.0554,0.1545
HYD-HY0022,Hyderabad,2026-01-08,1,Winter,0.0,22.5,99.3,122.3,0,1,0.0149,0.0994,0.069
KOL-KO0010,Kolkata,2024-09-18,9,Monsoon,28.45,28.3,164.2,205.8,0,2,0.409,0.1109,0.2421
PUN-PU0116,Pune,2024-07-17,7,Monsoon,0.0,21.0,82.6,122.2,0,2,0.1973,0.0676,0.0028
KOL-KO0139,Kolkata,2024-06-17,6,Monsoon,38.28,29.1,104.1,123.7,0,3,0.4874,0.0,0.0563
DEL-DE0092,Delhi,2025-06-22,6,Monsoon,40.74,34.6,95.5,145.3,0,3,0.4611,0.0165,0.0845
BEN-BE0142,Bengaluru,2024-10-14,10,Winter,6.73,28.6,35.4,62.8,0,3,0.2838,0.0297,0.0
DEL-DE0085,Delhi,2025-10-17,10,Winter,5.35,22.1,500.0,548.0,0,3,0.0701,0.0313,0.8936
BEN-BE0105,Bengaluru,2025-11-11,11,Winter,0.12,15.0,95.0,116.2,0,3,0.0553,0.0399,0.0407
AHM-AH0125,Ahmedabad,2024-08-12,8,Monsoon,15.51,29.4,92.3,122.0,0,5,0.0274,0.0,0.0
HYD-HY0149,Hyderabad,2025-12-09,12,Winter,8.62,31.5,85.9,123.4,0,2,0.0605,0.0306,0.0
HYD-HY0103,Hyderabad,2024-07-16,7,Monsoon,23.35,28.5,97.3,132.8,0,3,0.3525,0.0312,0.0475
BEN-BE0138,Bengaluru,2025-12-22,12,Winter,0.0,19.4,67.9,101.0,0,1,0.175,0.0392,0.0164
AHM-AH0129,Ahmedabad,2025-05-30,5,Summer,14.47,33.1,113.5,155.5,1,5,0.1259,0.1347,0.1052
HYD-HY0197,Hyderabad,2025-08-13,8,Monsoon,34.59,23.2,87.8,123.3,0,1,0.4378,0.0743,0.0
KOL-KO0077,Kolkata,2025-01-11,1,Winter,10.36,19.6,92.7,141.3,0,1,0.0,0.031,0.0784
HYD-HY0195,Hyderabad,2026-01-25,1,Winter,8.09,22.7,109.5,134.9,0,3,0.0532,0.1026,0.0754
KOL-KO0017,Kolkata,2025-04-07,4,Summer,0.0,30.2,107.7,131.6,0,1,0.1135,0.0,0.0574
CHE-CH0141,Chennai,2024-08-27,8,Monsoon,29.37,26.1,84.5,113.5,0,2,0.407,0.1401,0.0
BEN-BE0049,Bengaluru,2025-09-06,9,Monsoon,23.66,27.3,116.0,149.6,0,2,0.334,0.0025,0.1206
DEL-DE0083,Delhi,2024-06-14,6,Monsoon,19.39,32.5,162.2,208.0,0,4,0.0794,0.0707,0.1644
HYD-HY0043,Hyderabad,2026-02-28,2,Winter,6.92,25.2,97.6,139.8,0,2,0.1225,0.0,0.035
HYD-HY0010,Hyderabad,2024-09-30,9,Monsoon,30.47,30.5,138.6,179.3,0,3,0.4034,0.0,0.09
MUM-MU0186,Mumbai,2026-03-27,3,Summer,2.49,38.4,130.3,152.3,0,3,0.1499,0.0098,0.0561
AHM-AH0147,Ahmedabad,2024-04-29,4,Summer,0.0,45.6,62.0,81.0,0,5,0.2968,0.1009,0.0065
MUM-MU0096,Mumbai,2026-03-28,3,Summer,9.49,48.0,121.0,140.7,0,4,0.5118,0.0931,0.0301
DEL-DE0024,Delhi,2025-08-01,8,Monsoon,27.52,30.3,92.2,102.2,0,1,0.4313,0.0178,0.0482
DEL-DE0113,Delhi,2024-12-25,12,Winter,4.13,19.3,305.5,349.2,0,4,0.1374,0.0366,0.5922
PUN-PU0085,Pune,2024-09-06,9,Monsoon,17.42,31.6,103.4,140.1,1,5,0.1096,0.2187,0.0352
DEL-DE0127,Delhi,2025-12-28,12,Winter,4.03,15.0,231.5,256.3,0,1,0.2153,0.0754,0.3246
PUN-PU0193,Pune,2024-05-03,5,Summer,21.13,37.9,65.7,81.1,0,3,0.365,0.0,0.0434
KOL-KO0064,Kolkata,2025-05-18,5,Summer,0.95,34.4,137.0,157.7,1,2,0.0566,0.1113,0.116
PUN-PU0021,Pune,2025-01-14,1,Winter,1.32,21.2,81.3,122.3,0,3,0.2288,0.0298,0.0174
MUM-MU0130,Mumbai,2024-08-06,8,Monsoon,73.54,25.9,113.0,135.1,0,2,0.7886,0.0748,0.0518
CHE-CH0188,Chennai,2026-02-09,2,Winter,2.83,21.8,70.6,86.2,0,4,0.0858,0.0296,0.065
CHE-CH0181,Chennai,2026-02-24,2,Winter,0.0,15.2,128.8,167.1,0,1,0.0,0.0304,0.1137
PUN-PU0020,Pune,2025-03-06,3,Summer,3.79,25.2,119.4,147.7,0,2,0.0,0.0,0.0402
KOL-KO0158,Kolkata,2025-10-01,10,Winter,1.57,21.7,203.5,216.4,0,5,0.0,0.0801,0.3304
HYD-HY0083,Hyderabad,2025-01-09,1,Winter,2.41,15.0,145.8,162.3,0,4,0.1585,0.0,0.1548
BEN-BE0114,Bengaluru,2024-11-04,11,Winter,1.42,20.5,129.5,144.3,0,2,0.1716,0.059,0.0474
HYD-HY0133,Hyderabad,2024-07-05,7,Monsoon,7.35,28.5,122.7,142.3,0,5,0.0,0.0049,0.0671
MUM-MU0023,Mumbai,2025-08-09,8,Monsoon,22.04,36.3,81.7,103.0,0,4,0.3256,0.089,0.0759
PUN-PU0193,Pune,2024-04-19,4,Summer,0.0,33.4,124.2,142.5,0,1,0.1671,0.0887,0.0876
AHM-AH0076,Ahmedabad,2025-04-14,4,Summer,7.2,43.5,114.3,135.6,0,1,0.3296,0.0335,0.0
DEL-DE0034,Delhi,2026-02-02,2,Winter,3.57,17.8,308.3,352.3,0,2,0.1061,0.0573,0.5579
PUN-PU0196,Pune,2025-05-14,5,Summer,8.62,48.0,130.6,169.0,0,4,0.4596,0.0779,0.0313
HYD-HY0099,Hyderabad,2025-10-27,10,Winter,0.59,27.2,202.4,245.5,0,3,0.0832,0.1247,0.336
AHM-AH0137,Ahmedabad,2024-07-01,7,Monsoon,26.93,25.4,145.8,178.3,0,3,0.3147,0.067,0.1395
BEN-BE0146,Bengaluru,2025-01-15,1,Winter,3.29,20.6,108.2,150.9,0,5,0.1013,0.0875,0.0392
AHM-AH0174,Ahmedabad,2024-07-04,7,Monsoon,39.35,30.9,104.1,124.2,0,3,0.5244,0.0722,0.0435
PUN-PU0112,Pune,2025-04-25,4,Summer,0.0,24.8,123.9,136.7,0,2,0.1632,0.0556,0.072
CHE-CH0096,Chennai,2026-03-12,3,Summer,24.28,42.5,138.4,152.5,0,2,0.3181,0.0034,0.1477
DEL-DE0028,Delhi,2025-04-21,4,Summer,8.17,36.0,134.4,155.0,0,3,0.0,0.035,0.119
CHE-CH0001,Chennai,2024-10-10,10,Winter,0.0,24.0,120.7,131.3,1,3,0.1828,0.1773,0.045
KOL-KO0090,Kolkata,2024-04-08,4,Summer,12.81,40.8,99.4,125.7,0,3,0.1091,0.0417,0.0619
DEL-DE0123,Delhi,2026-03-08,3,Summer,0.0,40.8,81.6,109.0,0,1,0.0959,0.0226,0.0633
KOL-KO0129,Kolkata,2026-01-24,1,Winter,1.66,19.3,101.7,114.2,0,3,0.0798,0.0795,0.0636
MUM-MU0006,Mumbai,2026-03-15,3,Summer,13.24,42.1,149.6,162.3,0,5,0.2893,0.0069,0.1537
AHM-AH0078,Ahmedabad,2025-11-04,11,Winter,10.05,32.5,89.9,117.0,0,3,0.1364,0.0,0.0566
AHM-AH0073,Ahmedabad,2024-12-27,12,Winter,0.17,15.4,71.9,108.1,0,1,0.1043,0.0233,0.0025
BEN-BE0139,Bengaluru,2025-11-01,11,Winter,0.0,19.6,68.0,99.4,0,2,0.0827,0.0954,0.0374
HYD-HY0025,Hyderabad,2025-06-10,6,Monsoon,0.0,27.4,150.0,167.8,0,3,0.1886,0.0621,0.1746
AHM-AH0160,Ahmedabad,2024-04-17,4,Summer,0.0,36.3,129.5,146.0,0,1,0.0191,0.0482,0.0833
DEL-DE0165,Delhi,2025-07-08,7,Monsoon,0.0,32.8,138.9,170.5,0,3,0.0,0.0805,0.1191
HYD-HY0039,Hyderabad,2025-07-16,7,Monsoon,7.13,27.1,100.9,119.2,0,4,0.0,0.0096,0.0401
DEL-DE0017,Delhi,2025-09-30,9,Monsoon,15.93,37.5,158.3,202.1,0,2,0.1778,0.0551,0.1781
PUN-PU0080,Pune,2026-01-30,1,Winter,0.33,16.0,135.7,148.3,0,1,0.0773,0.0241,0.125
CHE-CH0011,Chennai,2024-10-12,10,Winter,0.0,19.9,47.3,85.6,0,2,0.1961,0.0565,0.0638
PUN-PU0108,Pune,2025-05-18,5,Summer,14.26,40.0,101.6,138.4,0,3,0.0368,0.0284,0.0678
HYD-HY0039,Hyderabad,2024-07-30,7,Monsoon,31.89,32.6,75.0,104.0,0,2,0.3874,0.0,0.0448
PUN-PU0047,Pune,2025-12-22,12,Winter,0.63,18.5,130.8,172.6,0,3,0.0614,0.049,0.1143
BEN-BE0007,Bengaluru,2024-07-10,7,Monsoon,0.0,32.6,126.8,144.3,0,3,0.1116,0.0537,0.0064
DEL-DE0113,Delhi,2025-05-06,5,Summer,8.89,38.5,127.0,146.9,0,1,0.0348,0.1347,0.0753
CHE-CH0165,Chennai,2024-05-25,5,Summer,11.23,37.4,54.9,91.1,0,1,0.1849,0.074,0.0718
AHM-AH0161,Ahmedabad,2025-08-28,8,Monsoon,34.17,33.6,112.9,151.2,0,2,0.4769,0.0977,0.0
DEL-DE0130,Delhi,2025-06-25,6,Monsoon,21.68,35.4,133.0,170.1,0,5,0.2916,0.0756,0.1176
HYD-HY0104,Hyderabad,2025-10-26,10,Winter,0.0,22.0,159.0,187.2,0,4,0.0,0.0176,0.2357
AHM-AH0194,Ahmedabad,2025-04-24,4,Summer,4.2,48.0,65.8,112.7,0,3,0.5269,0.0113,0.0244
HYD-HY0086,Hyderabad,2025-08-28,8,Monsoon,9.03,29.8,88.1,130.2,1,4,0.1228,0.2484,0.0
MUM-MU0001,Mumbai,2024-12-30,12,Winter,10.13,24.3,90.7,109.1,0,3,0.0,0.0659,0.0
PUN-PU0026,Pune,2024-06-01,6,Monsoon,4.79,21.9,114.4,130.2,0,4,0.0031,0.0,0.0581
CHE-CH0063,Chennai,2024-07-19,7,Monsoon,16.44,25.4,68.9,98.4,0,3,0.002,0.0028,0.0739
HYD-HY0000,Hyderabad,2025-12-24,12,Winter,7.37,20.1,104.3,122.1,0,3,0.1609,0.0343,0.0
MUM-MU0039,Mumbai,2025-04-10,4,Summer,0.0,35.7,111.7,144.8,0,3,0.0,0.0921,0.0
DEL-DE0029,Delhi,2025-09-19,9,Monsoon,17.67,29.7,108.4,133.4,0,2,0.0284,0.0677,0.0486
CHE-CH0143,Chennai,2026-02-24,2,Winter,0.0,17.9,120.6,155.7,0,1,0.1104,0.0342,0.0612
CHE-CH0029,Chennai,2024-08-19,8,Monsoon,7.79,16.8,88.7,118.1,0,3,0.1736,0.1244,0.0142
BEN-BE0090,Bengaluru,2024-04-24,4,Summer,0.0,37.9,80.5,91.9,0,2,0.0902,0.0,0.0462
MUM-MU0118,Mumbai,2024-05-07,5,Summer,0.0,33.2,120.9,160.9,0,4,0.0817,0.1484,0.0754
BEN-BE0093,Bengaluru,2025-02-14,2,Winter,9.46,15.0,118.1,138.7,0,3,0.0801,0.0437,0.099
HYD-HY0161,Hyderabad,2025-11-02,11,Winter,7.14,18.5,44.9,68.7,1,1,0.0197,0.2558,0.0
MUM-MU0161,Mumbai,2026-01-24,1,Winter,1.96,29.6,161.5,207.7,0,4,0.0,0.0927,0.2434
MUM-MU0175,Mumbai,2026-03-15,3,Summer,0.0,34.0,58.3,101.5,0,3,0.1032,0.0,0.0
AHM-AH0098,Ahmedabad,2025-03-22,3,Summer,0.0,46.7,125.2,161.6,1,3,0.4706,0.1986,0.0745
KOL-KO0195,Kolkata,2025-10-01,10,Winter,2.19,16.7,147.3,186.8,0,3,0.0192,0.1113,0.1564
MUM-MU0141,Mumbai,2025-08-14,8,Monsoon,32.71,38.7,73.9,98.2,0,4,0.3498,0.0091,0.0
AHM-AH0157,Ahmedabad,2024-06-20,6,Monsoon,3.08,21.3,94.7,120.0,0,4,0.0,0.0816,0.0135
HYD-HY0090,Hyderabad,2026-03-11,3,Summer,6.04,36.8,60.9,97.2,1,3,0.0,0.2051,0.0235
AHM-AH0168,Ahmedabad,2026-02-19,2,Winter,2.0,16.4,118.5,153.0,0,2,0.0,0.014,0.0726
DEL-DE0057,Delhi,2025-12-12,12,Winter,0.0,25.9,334.6,351.3,1,2,0.1182,0.2358,0.6871
DEL-DE0062,Delhi,2025-07-23,7,Monsoon,43.78,38.1,166.2,182.0,0,3,0.5655,0.0255,0.1665
PUN-PU0151,Pune,2025-10-02,10,Winter,0.3,22.2,77.0,88.6,0,1,0.2337,0.1418,0.0
KOL-KO0173,Kolkata,2025-08-27,8,Monsoon,36.97,34.4,148.6,185.0,0,1,0.4051,0.0479,0.1024
HYD-HY0125,Hyderabad,2025-01-15,1,Winter,0.0,28.5,71.4,82.1,0,3,0.0139,0.0716,0.0226
DEL-DE0138,Delhi,2024-09-19,9,Monsoon,5.79,38.4,86.3,119.9,0,5,0.107,0.0,0.0826
BEN-BE0142,Bengaluru,2025-05-23,5,Summer,0.0,38.8,83.1,102.1,0,5,0.0518,0.0703,0.0
HYD-HY0080,Hyderabad,2026-01-29,1,Winter,0.0,18.0,32.5,65.4,0,4,0.0363,0.0,0.0
PUN-PU0042,Pune,2026-02-02,2,Winter,10.12,16.8,73.7,119.5,0,2,0.066,0.0533,0.0543
KOL-KO0066,Kolkata,2025-07-02,7,Monsoon,18.19,29.5,103.6,116.8,1,5,0.2257,0.2412,0.041
BEN-BE0033,Bengaluru,2025-09-11,9,Monsoon,0.0,21.9,37.9,85.3,0,4,0.1331,0.0979,0.0
HYD-HY0104,Hyderabad,2025-07-17,7,Monsoon,33.46,37.0,162.5,195.5,0,2,0.3978,0.0909,0.2226
AHM-AH0146,Ahmedabad,2024-09-15,9,Monsoon,32.71,33.7,33.4,62.0,0,1,0.4538,0.0281,0.0104
AHM-AH0094,Ahmedabad,2025-06-28,6,Monsoon,5.95,34.0,177.9,207.9,0,1,0.1516,0.0335,0.1621
AHM-AH0012,Ahmedabad,2024-11-07,11,Winter,6.67,28.6,135.0,172.2,1,1,0.087,0.1792,0.1639
BEN-BE0011,Bengaluru,2025-06-24,6,Monsoon,0.81,27.0,116.2,155.3,0,1,0.0,0.0323,0.0107
AHM-AH0060,Ahmedabad,2025-05-18,5,Summer,6.93,48.0,96.0,121.6,0,1,0.4206,0.0305,0.0376
CHE-CH0038,Chennai,2025-11-16,11,Winter,2.15,25.4,69.1,91.7,0,3,0.0828,0.0909,0.0801
KOL-KO0017,Kolkata,2024-09-28,9,Monsoon,22.08,26.2,239.1,283.1,0,1,0.4486,0.0349,0.3992
PUN-PU0175,Pune,2024-10-13,10,Winter,11.92,26.5,91.1,128.7,0,2,0.2022,0.0537,0.0
PUN-PU0130,Pune,2025-01-28,1,Winter,1.67,15.0,86.4,127.1,0,2,0.2064,0.028,0.0293
CHE-CH0164,Chennai,2025-07-15,7,Monsoon,5.38,29.5,43.0,92.9,0,2,0.0312,0.0051,0.0578
KOL-KO0097,Kolkata,2024-08-22,8,Monsoon,18.85,31.7,264.1,297.4,0,2,0.0,0.0627,0.4239
HYD-HY0059,Hyderabad,2024-06-17,6,Monsoon,10.39,36.3,70.8,103.5,0,2,0.0632,0.0077,0.0
KOL-KO0124,Kolkata,2024-09-19,9,Monsoon,31.53,28.2,211.3,252.6,0,5,0.4371,0.0,0.316
DEL-DE0047,Delhi,2025-11-22,11,Winter,13.55,23.7,320.0,355.7,0,1,0.1082,0.0459,0.5851
BEN-BE0107,Bengaluru,2025-05-29,5,Summer,8.22,40.3,129.8,171.2,0,2,0.3052,0.0487,0.0544
BEN-BE0060,Bengaluru,2025-03-22,3,Summer,1.77,45.5,55.7,92.3,0,2,0.3562,0.0078,0.0142
MUM-MU0131,Mumbai,2025-02-15,2,Winter,0.0,15.0,114.9,145.2,0,1,0.1654,0.0611,0.1695
CHE-CH0092,Chennai,2025-08-23,8,Monsoon,28.46,28.9,98.4,118.2,0,5,0.3316,0.0978,0.0
MUM-MU0043,Mumbai,2025-09-01,9,Monsoon,17.89,28.4,71.8,85.8,1,3,0.0,0.1427,0.0338
PUN-PU0004,Pune,2024-04-03,4,Summer,9.16,40.8,89.2,113.2,0,5,0.0504,0.024,0.0329
HYD-HY0134,Hyderabad,2026-03-05,3,Summer,0.69,36.6,107.4,140.5,1,4,0.0,0.2043,0.066
BEN-BE0071,Bengaluru,2025-04-22,4,Summer,15.85,36.7,65.7,82.1,2,5,0.1101,0.3133,0.0666
PUN-PU0005,Pune,2025-04-13,4,Summer,0.0,32.9,186.8,205.2,0,1,0.0875,0.0696,0.3068
BEN-BE0051,Bengaluru,2024-08-17,8,Monsoon,19.73,37.0,108.8,139.3,0,1,0.0255,0.0478,0.0356
MUM-MU0014,Mumbai,2025-10-02,10,Winter,3.08,15.0,182.2,200.0,0,4,0.118,0.1267,0.2425
MUM-MU0145,Mumbai,2024-12-22,12,Winter,4.88,25.0,79.0,101.2,0,3,0.0478,0.0637,0.0
AHM-AH0049,Ahmedabad,2025-07-30,7,Monsoon,1.19,38.5,146.9,183.4,0,5,0.1507,0.1182,0.1332
PUN-PU0092,Pune,2024-07-04,7,Monsoon,11.53,26.5,117.5,157.8,0,2,0.1201,0.022,0.095
MUM-MU0120,Mumbai,2025-09-22,9,Monsoon,46.43,25.5,181.2,214.2,0,3,0.5299,0.0111,0.2202
BEN-BE0068,Bengaluru,2025-08-11,8,Monsoon,7.23,25.0,128.6,172.5,0,5,0.0887,0.0332,0.0479
MUM-MU0138,Mumbai,2024-12-10,12,Winter,5.81,18.3,140.2,177.8,1,2,0.1213,0.1832,0.1173
MUM-MU0064,Mumbai,2024-10-29,10,Winter,4.22,26.1,163.3,178.5,0,3,0.1142,0.0233,0.1638
CHE-CH0076,Chennai,2025-09-05,9,Monsoon,26.04,24.7,123.8,141.4,0,3,0.3174,0.1517,0.0773
MUM-MU0145,Mumbai,2026-03-25,3,Summer,15.26,47.4,150.2,189.2,0,2,0.4748,0.0688,0.1788
HYD-HY0052,Hyderabad,2026-02-05,2,Winter,0.0,24.2,37.2,60.9,0,2,0.3381,0.0831,0.0419
BEN-BE0087,Bengaluru,2024-06-16,6,Monsoon,7.56,37.8,96.2,132.1,0,3,0.0271,0.0147,0.0356
BEN-BE0170,Bengaluru,2024-08-22,8,Monsoon,16.74,25.8,68.7,87.4,0,5,0.133,0.0277,0.0162
PUN-PU0170,Pune,2024-07-18,7,Monsoon,19.1,21.4,77.1,91.6,0,5,0.0869,0.043,0.0
KOL-KO0194,Kolkata,2025-12-19,12,Winter,1.69,32.8,153.7,193.9,0,3,0.1979,0.0944,0.1291
BEN-BE0038,Bengaluru,2024-08-12,8,Monsoon,24.04,22.2,87.2,108.8,0,2,0.2366,0.0081,0.0417
HYD-HY0104,Hyderabad,2024-09-26,9,Monsoon,8.19,27.3,95.3,108.1,0,1,0.1802,0.072,0.0
DEL-DE0070,Delhi,2025-04-06,4,Summer,9.66,38.7,91.5,116.5,0,3,0.0,0.0538,0.0
AHM-AH0081,Ahmedabad,2024-04-06,4,Summer,11.91,48.0,60.8,87.4,0,2,0.4629,0.0915,0.0186
HYD-HY0169,Hyderabad,2025-02-16,2,Winter,3.18,22.1,103.2,126.9,0,1,0.0009,0.1293,0.0308
HYD-HY0180,Hyderabad,2024-06-26,6,Monsoon,0.0,25.3,142.8,168.1,0,1,0.0964,0.0189,0.1855
KOL-KO0168,Kolkata,2024-11-06,11,Winter,0.0,28.8,145.6,183.0,0,3,0.0704,0.0067,0.1119
BEN-BE0097,Bengaluru,2025-08-17,8,Monsoon,13.45,26.4,82.9,128.3,0,3,0.1218,0.0092,0.0424
KOL-KO0168,Kolkata,2024-10-12,10,Winter,4.76,22.6,221.9,240.9,0,5,0.0013,0.0323,0.3506
KOL-KO0033,Kolkata,2025-01-22,1,Winter,1.58,27.6,167.1,211.1,0,4,0.0928,0.0859,0.2349
DEL-DE0189,Delhi,2024-04-21,4,Summer,1.89,36.5,147.1,182.5,0,3,0.1737,0.0507,0.108
MUM-MU0193,Mumbai,2025-01-03,1,Winter,0.29,26.6,145.5,165.5,0,1,0.0524,0.0227,0.1081
MUM-MU0198,Mumbai,2025-01-16,1,Winter,4.77,21.4,118.4,154.4,0,4,0.0671,0.0442,0.115
PUN-PU0149,Pune,2025-06-10,6,Monsoon,36.24,31.0,72.4,89.0,0,3,0.404,0.0368,0.0273
KOL-KO0082,Kolkata,2024-08-08,8,Monsoon,0.0,37.7,179.3,201.4,0,3,0.1383,0.0604,0.1869
CHE-CH0125,Chennai,2024-06-21,6,Monsoon,26.99,25.7,156.1,190.2,0,3,0.382,0.0,0.2575
KOL-KO0067,Kolkata,2025-03-23,3,Summer,0.0,37.3,174.6,221.5,0,2,0.1459,0.0172,0.2337
KOL-KO0041,Kolkata,2026-03-27,3,Summer,5.4,32.8,158.0,192.6,0,3,0.0614,0.0385,0.1308
KOL-KO0156,Kolkata,2024-11-30,11,Winter,1.07,27.5,100.2,111.8,0,3,0.0524,0.0,0.0277
AHM-AH0093,Ahmedabad,2025-09-03,9,Monsoon,20.79,37.9,40.2,80.6,0,2,0.1659,0.0918,0.0181
MUM-MU0110,Mumbai,2025-06-23,6,Monsoon,58.61,32.9,190.2,204.2,0,5,0.7546,0.0,0.2647
PUN-PU0179,Pune,2025-05-01,5,Summer,4.22,45.7,125.3,161.3,1,1,0.3339,0.2219,0.0537
PUN-PU0138,Pune,2024-11-06,11,Winter,5.68,22.4,97.0,108.6,0,3,0.0151,0.0661,0.0067
PUN-PU0123,Pune,2026-02-06,2,Winter,0.32,26.1,127.0,152.5,1,5,0.1586,0.1989,0.0779
DEL-DE0001,Delhi,2025-02-15,2,Winter,0.0,26.8,340.5,366.0,0,2,0.2641,0.1242,0.6084
MUM-MU0124,Mumbai,2024-11-03,11,Winter,12.89,16.4,117.7,152.1,0,3,0.0384,0.0378,0.0064
KOL-KO0024,Kolkata,2024-09-12,9,Monsoon,7.81,31.4,82.0,120.1,0,3,0.0914,0.0607,0.0224
AHM-AH0091,Ahmedabad,2024-05-23,5,Summer,19.66,25.2,134.6,179.1,0,3,0.0956,0.0812,0.1393
CHE-CH0094,Chennai,2025-03-02,3,Summer,4.36,35.5,101.4,133.7,0,5,0.0787,0.0635,0.0148
DEL-DE0023,Delhi,2024-12-23,12,Winter,0.0,21.1,461.7,485.0,1,5,0.0727,0.1649,0.9745
BEN-BE0109,Bengaluru,2025-02-05,2,Winter,3.37,24.7,47.1,58.2,0,1,0.2491,0.1279,0.0
DEL-DE0192,Delhi,2024-05-09,5,Summer,7.95,25.6,120.8,142.1,0,2,0.1452,0.0,0.0657
DEL-DE0189,Delhi,2024-07-08,7,Monsoon,9.62,30.2,101.7,134.5,0,1,0.1461,0.0265,0.0703
HYD-HY0098,Hyderabad,2024-08-19,8,Monsoon,32.88,18.0,125.3,159.4,0,3,0.4878,0.0778,0.0941
KOL-KO0118,Kolkata,2025-01-26,1,Winter,0.0,21.4,112.6,141.9,0,3,0.051,0.0582,0.0278
DEL-DE0087,Delhi,2026-01-26,1,Winter,0.0,28.1,403.6,436.9,0,2,0.0284,0.0757,0.7597
KOL-KO0064,Kolkata,2025-08-15,8,Monsoon,2.5,30.7,134.6,172.1,0,3,0.0037,0.0196,0.0214
DEL-DE0175,Delhi,2024-11-12,11,Winter,0.0,15.0,373.9,393.5,0,3,0.1346,0.0,0.6815
BEN-BE0170,Bengaluru,2025-11-25,11,Winter,7.1,15.0,113.3,145.1,0,2,0.0266,0.0294,0.0
KOL-KO0147,Kolkata,2024-04-30,4,Summer,10.76,29.4,227.1,271.5,1,3,0.0703,0.1409,0.3871
BEN-BE0111,Bengaluru,2024-05-23,5,Summer,1.88,40.4,59.2,98.3,0,5,0.0992,0.1396,0.0247
MUM-MU0154,Mumbai,2026-01-18,1,Winter,8.75,15.0,160.5,193.3,0,3,0.0079,0.0,0.079
KOL-KO0107,Kolkata,2025-06-19,6,Monsoon,11.79,28.4,175.6,216.3,0,3,0.196,0.0398,0.2994
HYD-HY0127,Hyderabad,2025-03-03,3,Summer,0.0,35.9,67.2,104.9,0,1,0.0276,0.0169,0.0655
DEL-DE0000,Delhi,2025-02-12,2,Winter,4.67,27.7,432.5,458.0,1,4,0.1112,0.1342,0.9012
MUM-MU0103,Mumbai,2025-04-08,4,Summer,4.73,38.5,160.4,175.5,0,5,0.2484,0.0405,0.1769
PUN-PU0135,Pune,2025-02-22,2,Winter,0.0,17.6,30.0,52.5,0,1,0.225,0.0,0.0207
HYD-HY0107,Hyderabad,2025-01-09,1,Winter,0.0,25.1,83.9,117.8,1,2,0.0973,0.1876,0.0334
MUM-MU0030,Mumbai,2025-09-10,9,Monsoon,53.94,28.1,129.2,152.9,0,1,0.6634,0.0636,0.1284
MUM-MU0191,Mumbai,2024-06-08,6,Monsoon,31.67,26.5,176.1,197.1,0,3,0.3313,0.1093,0.2449
AHM-AH0143,Ahmedabad,2024-09-14,9,Monsoon,4.46,32.9,72.6,86.8,0,3,0.159,0.1128,0.0283
BEN-BE0084,Bengaluru,2025-01-03,1,Winter,2.92,15.1,68.5,106.9,0,2,0.1199,0.0327,0.0614
DEL-DE0140,Delhi,2025-01-18,1,Winter,0.0,25.6,475.4,497.8,0,2,0.1453,0.0041,0.9408
KOL-KO0032,Kolkata,2025-10-25,10,Winter,0.0,26.0,181.8,218.9,0,1,0.0519,0.0522,0.2256
KOL-KO0194,Kolkata,2024-06-06,6,Monsoon,14.29,28.9,186.3,206.9,0,3,0.2515,0.072,0.2142
KOL-KO0185,Kolkata,2025-01-29,1,Winter,11.53,19.2,131.5,166.8,0,2,0.1004,0.0802,0.1112
BEN-BE0037,Bengaluru,2024-09-20,9,Monsoon,15.12,30.4,84.3,123.1,0,2,0.1393,0.0144,0.0978
KOL-KO0021,Kolkata,2024-05-13,5,Summer,0.0,41.6,174.2,222.8,1,4,0.0018,0.1345,0.1811
MUM-MU0120,Mumbai,2024-07-02,7,Monsoon,49.15,36.1,156.4,203.6,0,4,0.5423,0.0752,0.1865
DEL-DE0137,Delhi,2025-04-08,4,Summer,0.0,43.3,34.7,77.4,0,4,0.2714,0.0531,0.0677
CHE-CH0176,Chennai,2024-09-01,9,Monsoon,16.0,29.6,108.0,130.8,0,1,0.264,0.0,0.0227
MUM-MU0004,Mumbai,2024-05-01,5,Summer,3.01,36.6,177.4,205.1,0,2,0.0948,0.0361,0.2126
CHE-CH0199,Chennai,2026-01-12,1,Winter,6.72,25.6,35.9,54.1,0,2,0.0983,0.0,0.0368
BEN-BE0143,Bengaluru,2024-10-26,10,Winter,9.48,24.1,74.6,94.4,1,5,0.1418,0.2276,0.0286
KOL-KO0131,Kolkata,2024-05-07,5,Summer,0.0,35.2,116.4,163.5,0,2,0.0417,0.0873,0.0
BEN-BE0184,Bengaluru,2024-11-30,11,Winter,6.19,25.7,129.6,142.8,0,2,0.2712,0.0475,0.0528
KOL-KO0066,Kolkata,2025-03-31,3,Summer,0.0,27.9,139.4,155.7,0,3,0.0,0.0657,0.1209
AHM-AH0026,Ahmedabad,2025-08-17,8,Monsoon,45.46,33.0,89.7,131.9,0,2,0.5842,0.1669,0.0796
AHM-AH0096,Ahmedabad,2024-11-07,11,Winter,3.65,27.6,115.9,144.3,0,1,0.1217,0.0477,0.1108
HYD-HY0138,Hyderabad,2026-02-24,2,Winter,2.76,19.2,111.1,124.0,0,2,0.1886,0.0818,0.067
PUN-PU0155,Pune,2024-06-14,6,Monsoon,12.4,24.7,129.3,173.5,0,1,0.0258,0.0712,0.0644
AHM-AH0071,Ahmedabad,2025-04-10,4,Summer,8.71,43.8,123.2,138.3,0,1,0.3392,0.0345,0.1091
KOL-KO0196,Kolkata,2024-04-30,4,Summer,3.93,43.8,30.0,59.6,1,2,0.2857,0.1445,0.0092
DEL-DE0117,Delhi,2025-12-10,12,Winter,8.09,22.9,344.8,361.5,0,2,0.0313,0.0,0.6501
DEL-DE0188,Delhi,2025-07-02,7,Monsoon,11.63,32.9,102.2,113.1,0,4,0.0212,0.0762,0.0
CHE-CH0007,Chennai,2025-01-21,1,Winter,6.13,23.4,83.2,98.2,0,3,0.0024,0.04,0.0193
BEN-BE0045,Bengaluru,2025-03-18,3,Summer,6.6,42.9,105.1,127.1,0,2,0.3213,0.045,0.0807
MUM-MU0119,Mumbai,2025-02-25,2,Winter,0.0,18.0,141.2,165.7,0,4,0.2268,0.0,0.2363
HYD-HY0186,Hyderabad,2024-08-31,8,Monsoon,21.21,35.4,101.8,118.0,0,2,0.2439,0.0276,0.0035
AHM-AH0106,Ahmedabad,2024-08-30,8,Monsoon,34.08,36.0,97.9,131.6,0,1,0.39,0.0766,0.0455
HYD-HY0110,Hyderabad,2024-05-26,5,Summer,5.76,44.5,123.7,142.1,0,3,0.3032,0.0471,0.0893
MUM-MU0124,Mumbai,2025-08-13,8,Monsoon,1.63,25.7,35.7,76.6,0,1,0.0219,0.0686,0.0155
AHM-AH0131,Ahmedabad,2024-08-17,8,Monsoon,1.29,36.9,45.9,62.8,0,4,0.1717,0.115,0.0501
CHE-CH0042,Chennai,2026-02-03,2,Winter,4.48,18.6,87.8,111.3,0,2,0.1028,0.091,0.0296
MUM-MU0117,Mumbai,2026-01-15,1,Winter,0.0,23.7,115.7,151.2,0,5,0.0,0.1074,0.0936
MUM-MU0102,Mumbai,2025-10-28,10,Winter,0.0,24.7,182.0,200.3,0,4,0.1349,0.0626,0.2183
HYD-HY0196,Hyderabad,2026-02-02,2,Winter,10.06,19.4,128.3,150.7,0,2,0.0765,0.0475,0.006
KOL-KO0176,Kolkata,2025-03-06,3,Summer,9.18,39.5,30.0,51.1,1,3,0.1739,0.1587,0.123
HYD-HY0029,Hyderabad,2024-08-19,8,Monsoon,8.31,30.7,79.5,91.0,0,3,0.1421,0.0,0.0
HYD-HY0087,Hyderabad,2025-04-15,4,Summer,0.0,48.0,109.1,122.0,0,5,0.5799,0.0227,0.0517
DEL-DE0122,Delhi,2024-09-12,9,Monsoon,11.11,36.3,91.0,119.6,0,3,0.1006,0.0273,0.0076
MUM-MU0116,Mumbai,2024-10-08,10,Winter,0.0,29.7,152.3,163.4,0,3,0.2454,0.0295,0.1974
HYD-HY0040,Hyderabad,2025-07-01,7,Monsoon,10.5,26.3,51.5,95.8,0,4,0.0244,0.0537,0.0632
MUM-MU0164,Mumbai,2025-01-10,1,Winter,0.0,17.6,146.7,187.2,0,5,0.0341,0.0882,0.1794
DEL-DE0180,Delhi,2024-11-09,11,Winter,0.0,32.9,500.0,514.6,0,3,0.0581,0.0412,0.919
MUM-MU0140,Mumbai,2025-08-03,8,Monsoon,15.38,24.4,186.4,207.0,0,5,0.0363,0.0829,0.1927
PUN-PU0018,Pune,2025-07-31,7,Monsoon,36.3,29.7,86.9,102.0,0,3,0.461,0.0529,0.0861
MUM-MU0139,Mumbai,2026-03-12,3,Summer,4.0,30.3,92.9,104.0,0,4,0.0377,0.0,0.0278
PUN-PU0182,Pune,2026-03-17,3,Summer,15.67,40.3,118.6,148.9,0,4,0.1108,0.0595,0.0972
BEN-BE0081,Bengaluru,2025-05-16,5,Summer,2.01,38.4,111.8,146.1,0,4,0.1915,0.0,0.0107
KOL-KO0026,Kolkata,2024-12-11,12,Winter,1.21,19.2,145.6,186.1,0,2,0.0,0.0,0.1264
DEL-DE0045,Delhi,2024-09-16,9,Monsoon,0.0,40.5,47.0,67.9,0,3,0.1877,0.0831,0.042
HYD-HY0166,Hyderabad,2025-06-08,6,Monsoon,0.0,31.0,38.2,63.5,0,3,0.0379,0.0768,0.1243
BEN-BE0104,Bengaluru,2024-11-11,11,Winter,5.05,23.3,122.6,145.0,1,2,0.0218,0.1548,0.1466
HYD-HY0185,Hyderabad,2024-10-21,10,Winter,0.31,15.0,142.2,159.0,0,3,0.0744,0.0639,0.2272
PUN-PU0017,Pune,2025-02-08,2,Winter,2.78,22.6,84.3,124.6,0,3,0.149,0.0431,0.0776
MUM-MU0081,Mumbai,2024-11-07,11,Winter,2.4,21.6,88.0,114.7,0,2,0.0576,0.0,0.0358
PUN-PU0068,Pune,2024-12-19,12,Winter,4.27,24.3,124.5,144.4,0,1,0.105,0.0773,0.0398
MUM-MU0167,Mumbai,2024-07-27,7,Monsoon,46.69,26.8,47.0,89.1,0,3,0.5129,0.0998,0.0
KOL-KO0058,Kolkata,2025-04-26,4,Summer,0.8,45.6,86.8,132.9,0,2,0.4074,0.0794,0.0311
PUN-PU0146,Pune,2024-05-28,5,Summer,0.0,35.9,106.2,119.8,0,1,0.1205,0.0354,0.0534
HYD-HY0195,Hyderabad,2024-06-27,6,Monsoon,4.66,34.8,105.8,143.0,0,5,0.1054,0.0,0.0291
HYD-HY0157,Hyderabad,2024-05-04,5,Summer,41.67,30.0,86.6,108.0,0,5,0.4993,0.0344,0.0013
HYD-HY0070,Hyderabad,2024-08-02,8,Monsoon,27.82,26.9,96.9,126.2,0,2,0.3539,0.0852,0.0417
CHE-CH0047,Chennai,2024-10-29,10,Winter,0.05,15.0,31.8,62.9,0,1,0.0292,0.0873,0.0248
BEN-BE0134,Bengaluru,2024-09-22,9,Monsoon,0.0,23.5,124.0,153.3,0,5,0.2236,0.003,0.0344
BEN-BE0018,Bengaluru,2025-10-22,10,Winter,13.79,18.4,72.5,107.3,0,5,0.1652,0.0059,0.0736
PUN-PU0171,Pune,2025-08-21,8,Monsoon,5.15,27.1,91.5,124.7,1,1,0.1041,0.1779,0.0544
AHM-AH0066,Ahmedabad,2024-08-25,8,Monsoon,22.08,31.5,58.9,106.6,0,2,0.2718,0.0391,0.0162
CHE-CH0043,Chennai,2024-07-08,7,Monsoon,1.4,26.3,118.0,147.3,0,5,0.0052,0.0,0.0725
BEN-BE0088,Bengaluru,2025-03-21,3,Summer,6.49,35.1,88.4,114.5,0,3,0.0962,0.0344,0.005
BEN-BE0143,Bengaluru,2024-05-24,5,Summer,5.21,39.1,120.0,164.7,0,1,0.0867,0.0344,0.0
KOL-KO0010,Kolkata,2024-05-03,5,Summer,0.0,37.3,254.8,292.9,1,2,0.122,0.1917,0.4853
DEL-DE0068,Delhi,2025-04-17,4,Summer,0.0,41.0,86.4,118.2,0,3,0.1739,0.052,0.0224
PUN-PU0175,Pune,2025-02-25,2,Winter,5.33,15.0,64.6,78.0,1,3,0.2421,0.1083,0.0295
PUN-PU0121,Pune,2025-03-17,3,Summer,5.29,35.2,68.2,110.5,0,1,0.0817,0.0241,0.0311
CHE-CH0014,Chennai,2024-09-19,9,Monsoon,56.2,37.9,70.9,104.3,0,2,0.7096,0.0727,0.0
KOL-KO0136,Kolkata,2025-12-25,12,Winter,0.0,26.7,167.7,206.9,0,2,0.1294,0.1109,0.1955
CHE-CH0047,Chennai,2025-05-13,5,Summer,5.09,37.2,122.7,163.8,0,3,0.0184,0.0394,0.06
AHM-AH0139,Ahmedabad,2025-05-21,5,Summer,0.0,39.5,129.0,161.2,0,2,0.2042,0.1089,0.064
MUM-MU0148,Mumbai,2026-03-15,3,Summer,0.36,44.1,135.0,168.7,1,2,0.2626,0.2424,0.1189
MUM-MU0019,Mumbai,2024-08-31,8,Monsoon,34.02,32.1,63.5,94.2,0,4,0.4494,0.0448,0.0492
KOL-KO0138,Kolkata,2026-01-26,1,Winter,0.0,15.0,136.7,159.7,1,3,0.1318,0.1864,0.1946
PUN-PU0072,Pune,2025-03-02,3,Summer,6.23,33.3,109.0,149.2,0,2,0.1066,0.1032,0.0985
HYD-HY0153,Hyderabad,2024-09-30,9,Monsoon,0.79,31.6,143.5,181.5,0,1,0.1109,0.0196,0.1006
DEL-DE0004,Delhi,2025-03-02,3,Summer,17.79,36.9,72.4,91.8,0,4,0.0803,0.0277,0.0488
MUM-MU0150,Mumbai,2025-12-15,12,Winter,7.99,34.9,30.0,61.7,0,4,0.1632,0.0662,0.0122
HYD-HY0101,Hyderabad,2024-10-25,10,Winter,0.0,17.0,66.0,86.7,0,1,0.1139,0.0651,0.0512
BEN-BE0036,Bengaluru,2026-02-02,2,Winter,3.12,19.4,88.1,115.8,0,3,0.0664,0.0766,0.045
HYD-HY0036,Hyderabad,2026-03-11,3,Summer,3.28,33.5,117.9,162.0,1,5,0.0428,0.1922,0.1264
BEN-BE0143,Bengaluru,2025-12-08,12,Winter,0.0,15.0,95.1,130.8,0,2,0.1724,0.0365,0.0169
DEL-DE0071,Delhi,2024-07-19,7,Monsoon,10.3,29.1,196.9,218.2,0,4,0.0822,0.097,0.1594
CHE-CH0114,Chennai,2025-08-11,8,Monsoon,15.95,27.0,82.3,123.8,0,5,0.148,0.0127,0.042
MUM-MU0140,Mumbai,2025-10-23,10,Winter,0.0,28.8,227.5,245.2,0,3,0.047,0.0709,0.3516
BEN-BE0100,Bengaluru,2025-05-11,5,Summer,0.0,32.8,160.9,198.6,0,3,0.0831,0.101,0.1888
CHE-CH0156,Chennai,2024-10-31,10,Winter,0.93,16.5,110.7,138.9,0,4,0.1308,0.1184,0.0271
BEN-BE0183,Bengaluru,2025-08-08,8,Monsoon,24.09,27.2,37.2,70.8,0,2,0.4326,0.0505,0.0792
DEL-DE0123,Delhi,2024-12-10,12,Winter,0.0,28.5,329.3,345.8,1,2,0.0468,0.2436,0.6179
KOL-KO0097,Kolkata,2024-06-07,6,Monsoon,7.87,22.2,54.6,84.0,0,2,0.0091,0.0,0.0596
HYD-HY0112,Hyderabad,2026-03-21,3,Summer,0.0,21.7,108.4,145.0,0,3,0.0,0.0013,0.0071
AHM-AH0040,Ahmedabad,2025-03-16,3,Summer,0.0,43.0,91.7,124.0,0,3,0.1995,0.0,0.0691
CHE-CH0019,Chennai,2024-11-03,11,Winter,0.0,28.9,41.0,87.5,0,2,0.0592,0.1194,0.0796
PUN-PU0052,Pune,2024-10-06,10,Winter,0.0,25.7,69.1,84.6,0,3,0.047,0.083,0.0265
PUN-PU0139,Pune,2025-03-27,3,Summer,7.06,32.2,53.5,85.2,1,1,0.0564,0.1921,0.0
HYD-HY0083,Hyderabad,2025-03-26,3,Summer,19.23,38.5,77.7,110.1,0,2,0.0068,0.1212,0.0413
MUM-MU0016,Mumbai,2025-02-23,2,Winter,0.0,22.5,134.6,158.6,0,2,0.0722,0.0102,0.0959
PUN-PU0167,Pune,2024-10-17,10,Winter,0.0,25.1,123.9,160.4,0,3,0.12,0.1161,0.1361
HYD-HY0135,Hyderabad,2025-06-04,6,Monsoon,36.37,33.6,91.1,122.8,0,3,0.5463,0.1104,0.0
CHE-CH0013,Chennai,2026-02-18,2,Winter,8.12,20.4,101.5,140.7,0,1,0.0633,0.1121,0.0472
PUN-PU0158,Pune,2025-04-27,4,Summer,0.0,41.5,116.3,133.8,0,2,0.0,0.0738,0.0478
DEL-DE0012,Delhi,2024-08-07,8,Monsoon,8.93,29.9,108.9,144.9,0,2,0.2781,0.1498,0.0274
DEL-DE0075,Delhi,2025-02-21,2,Winter,6.63,27.7,200.0,227.5,0,1,0.1085,0.033,0.2386
BEN-BE0141,Bengaluru,2025-05-09,5,Summer,3.32,42.0,124.9,160.6,0,3,0.3039,0.0106,0.0763
DEL-DE0036,Delhi,2024-04-25,4,Summer,8.9,45.7,94.2,125.3,0,3,0.3934,0.1446,0.0483
DEL-DE0019,Delhi,2024-11-20,11,Winter,4.01,26.9,257.4,291.1,1,2,0.1646,0.2066,0.4625
AHM-AH0120,Ahmedabad,2025-10-23,10,Winter,0.38,23.1,127.9,155.8,0,5,0.0118,0.1002,0.0959
HYD-HY0133,Hyderabad,2024-10-30,10,Winter,4.53,17.8,105.0,115.0,0,1,0.1311,0.1102,0.0
DEL-DE0118,Delhi,2024-08-12,8,Monsoon,7.65,27.9,70.1,109.8,0,3,0.0,0.0541,0.0
BEN-BE0157,Bengaluru,2024-09-11,9,Monsoon,30.29,27.1,129.3,165.6,0,2,0.364,0.0469,0.0765
BEN-BE0177,Bengaluru,2025-02-02,2,Winter,0.0,16.4,83.5,111.7,0,4,0.0504,0.0303,0.0404
PUN-PU0038,Pune,2024-11-10,11,Winter,6.69,30.3,76.4,86.4,1,2,0.096,0.1323,0.0
BEN-BE0031,Bengaluru,2024-04-11,4,Summer,4.16,36.9,63.6,111.2,1,2,0.0817,0.1803,0.1113
AHM-AH0069,Ahmedabad,2025-04-29,4,Summer,17.98,26.8,121.7,159.4,0,4,0.0667,0.0421,0.0654
CHE-CH0102,Chennai,2024-12-23,12,Winter,2.17,30.6,57.6,87.4,0,2,0.0941,0.0,0.0896
BEN-BE0016,Bengaluru,2024-12-18,12,Winter,0.0,15.0,160.0,185.5,0,1,0.0399,0.0752,0.1604
AHM-AH0007,Ahmedabad,2024-10-05,10,Winter,1.08,16.7,50.9,93.0,0,3,0.1099,0.0196,0.0416
PUN-PU0098,Pune,2025-11-05,11,Winter,0.0,15.0,154.2,180.7,0,1,0.0,0.0018,0.1556
BEN-BE0140,Bengaluru,2024-09-28,9,Monsoon,46.15,26.6,125.8,159.6,0,2,0.5628,0.0268,0.0
HYD-HY0035,Hyderabad,2025-07-04,7,Monsoon,6.98,31.5,120.8,168.8,0,3,0.0268,0.1504,0.108
HYD-HY0000,Hyderabad,2025-07-27,7,Monsoon,16.12,38.0,90.8,136.6,1,1,0.1207,0.2439,0.0747
BEN-BE0114,Bengaluru,2024-05-30,5,Summer,6.21,37.9,68.6,109.9,0,3,0.181,0.0525,0.0
MUM-MU0104,Mumbai,2025-09-08,9,Monsoon,17.72,26.2,135.9,176.2,0,3,0.0569,0.1462,0.0694
MUM-MU0189,Mumbai,2025-03-30,3,Summer,7.72,45.6,208.1,251.8,0,2,0.4307,0.0589,0.2678
PUN-PU0099,Pune,2025-11-01,11,Winter,0.0,23.0,124.2,138.1,0,4,0.0575,0.0695,0.0913
KOL-KO0067,Kolkata,2026-04-02,4,Summer,0.0,37.1,147.3,170.8,0,3,0.174,0.0628,0.1212
BEN-BE0166,Bengaluru,2024-05-13,5,Summer,0.0,48.0,96.3,116.3,0,3,0.5253,0.0,0.0012
MUM-MU0090,Mumbai,2024-09-26,9,Monsoon,19.37,31.9,183.2,232.2,0,5,0.0038,0.0184,0.1981
MUM-MU0007,Mumbai,2025-08-22,8,Monsoon,38.71,29.1,96.0,135.2,0,1,0.4538,0.0794,0.0
CHE-CH0083,Chennai,2024-10-22,10,Winter,0.73,25.6,138.9,176.1,0,2,0.2081,0.0343,0.1178
AHM-AH0179,Ahmedabad,2025-03-07,3,Summer,7.64,39.7,119.9,162.8,0,5,0.0766,0.0,0.1298
DEL-DE0067,Delhi,2025-05-05,5,Summer,4.5,22.3,61.8,89.3,0,4,0.1442,0.0773,0.0
PUN-PU0104,Pune,2024-09-30,9,Monsoon,24.49,25.1,112.1,136.6,0,2,0.29,0.0192,0.0
BEN-BE0136,Bengaluru,2025-06-17,6,Monsoon,36.4,30.5,57.6,69.9,0,1,0.4455,0.0,0.0651
DEL-DE0130,Delhi,2026-02-03,2,Winter,0.0,21.1,376.6,408.6,0,1,0.1555,0.0457,0.675
AHM-AH0118,Ahmedabad,2024-07-04,7,Monsoon,8.86,38.2,74.9,113.3,0,1,0.1437,0.0,0.0722
KOL-KO0104,Kolkata,2024-12-14,12,Winter,0.0,22.7,168.0,178.8,0,1,0.1967,0.0222,0.2106
HYD-HY0129,Hyderabad,2025-08-01,8,Monsoon,62.16,30.7,92.2,125.7,0,2,0.762,0.0024,0.0164
AHM-AH0045,Ahmedabad,2026-01-29,1,Winter,5.26,30.4,127.4,165.7,0,1,0.0812,0.0,0.0219
KOL-KO0075,Kolkata,2026-01-28,1,Winter,0.0,31.3,139.0,168.8,0,3,0.0625,0.0409,0.1791
HYD-HY0148,Hyderabad,2024-05-30,5,Summer,3.32,45.7,143.8,172.3,0,4,0.4199,0.0515,0.1051
MUM-MU0019,Mumbai,2025-05-27,5,Summer,21.2,35.5,157.1,178.4,0,1,0.2616,0.0072,0.1643
DEL-DE0029,Delhi,2024-08-19,8,Monsoon,19.91,38.2,77.6,93.9,0,2,0.0567,0.0569,0.0
MUM-MU0154,Mumbai,2025-02-01,2,Winter,10.88,22.5,111.9,141.5,1,3,0.0,0.252,0.0927
AHM-AH0015,Ahmedabad,2025-11-24,11,Winter,6.59,30.3,109.0,156.2,0,3,0.0939,0.0,0.0013
DEL-DE0105,Delhi,2026-01-15,1,Winter,0.0,29.8,309.3,342.2,0,2,0.0,0.0,0.5422
HYD-HY0117,Hyderabad,2025-06-08,6,Monsoon,8.73,29.9,52.6,79.2,0,2,0.125,0.0582,0.0
MUM-MU0073,Mumbai,2025-04-23,4,Summer,15.96,34.4,125.3,173.1,0,3,0.1672,0.1026,0.105
CHE-CH0156,Chennai,2025-07-16,7,Monsoon,32.73,25.2,46.5,57.2,0,2,0.3646,0.0809,0.0449
HYD-HY0192,Hyderabad,2025-06-26,6,Monsoon,10.18,30.0,105.2,135.8,0,1,0.1708,0.035,0.0204
HYD-HY0131,Hyderabad,2025-12-06,12,Winter,7.71,21.7,45.9,67.1,1,3,0.0,0.2025,0.0279
DEL-DE0103,Delhi,2024-05-20,5,Summer,10.26,45.5,93.2,121.2,0,1,0.3679,0.0302,0.0235
KOL-KO0080,Kolkata,2025-10-28,10,Winter,8.4,32.0,134.8,150.2,1,4,0.1402,0.2345,0.1503
DEL-DE0061,Delhi,2025-11-13,11,Winter,0.0,29.4,316.4,342.7,0,1,0.2079,0.0658,0.6012
MUM-MU0085,Mumbai,2025-04-23,4,Summer,7.81,45.9,121.5,142.5,0,2,0.4393,0.0485,0.0404
CHE-CH0031,Chennai,2024-05-05,5,Summer,4.36,31.7,100.9,119.8,0,3,0.1891,0.1382,0.051
CHE-CH0146,Chennai,2026-01-14,1,Winter,4.12,21.6,118.2,149.0,0,2,0.1635,0.0811,0.0182
MUM-MU0081,Mumbai,2025-11-22,11,Winter,7.14,15.1,156.0,204.0,1,1,0.0138,0.2499,0.1289
CHE-CH0132,Chennai,2024-11-23,11,Winter,0.0,24.7,138.0,156.8,0,2,0.1178,0.0749,0.1812
BEN-BE0030,Bengaluru,2026-02-16,2,Winter,0.44,24.3,37.5,65.1,0,3,0.1264,0.0,0.0109
PUN-PU0196,Pune,2024-11-23,11,Winter,9.39,15.0,85.3,111.7,0,3,0.1609,0.0298,0.0349
BEN-BE0111,Bengaluru,2025-05-23,5,Summer,0.85,35.6,93.6,124.9,0,1,0.1241,0.0,0.0717
PUN-PU0165,Pune,2025-12-10,12,Winter,0.35,18.8,42.2,52.7,0,3,0.2344,0.1348,0.0067
DEL-DE0010,Delhi,2025-12-27,12,Winter,0.0,21.3,212.3,225.0,0,4,0.1426,0.0949,0.3158
CHE-CH0124,Chennai,2025-12-30,12,Winter,5.3,19.8,86.9,112.4,1,2,0.0785,0.1606,0.015
AHM-AH0197,Ahmedabad,2024-09-25,9,Monsoon,4.94,33.2,173.9,200.7,0,1,0.0437,0.0109,0.2002
HYD-HY0146,Hyderabad,2024-05-29,5,Summer,0.0,32.7,61.5,79.9,0,1,0.1816,0.0181,0.0255
KOL-KO0032,Kolkata,2025-01-02,1,Winter,2.45,17.9,144.8,171.3,1,5,0.0118,0.1992,0.1978
PUN-PU0071,Pune,2024-11-30,11,Winter,0.0,15.0,91.2,127.9,1,1,0.0417,0.124,0.0226
AHM-AH0134,Ahmedabad,2025-09-22,9,Monsoon,5.61,25.6,130.8,156.8,0,2,0.115,0.0171,0.1491
DEL-DE0116,Delhi,2025-11-27,11,Winter,0.0,25.8,421.7,445.4,0,3,0.0689,0.0945,0.8099
BEN-BE0084,Bengaluru,2024-08-06,8,Monsoon,36.8,29.2,106.5,118.3,0,3,0.4147,0.0199,0.0961
DEL-DE0132,Delhi,2025-02-07,2,Winter,7.23,27.0,318.2,350.8,0,2,0.203,0.0,0.5467
DEL-DE0162,Delhi,2024-10-23,10,Winter,0.0,22.2,347.3,389.8,0,3,0.1081,0.0183,0.6597
KOL-KO0044,Kolkata,2024-09-25,9,Monsoon,20.29,25.1,154.5,201.0,0,4,0.3292,0.1044,0.2214
MUM-MU0050,Mumbai,2025-05-26,5,Summer,8.24,44.4,30.0,62.8,0,1,0.3847,0.0516,0.0424
DEL-DE0167,Delhi,2025-09-30,9,Monsoon,7.36,33.3,74.0,110.7,0,3,0.0054,0.0573,0.0633
AHM-AH0108,Ahmedabad,2024-06-12,6,Monsoon,16.88,32.3,66.3,76.5,0,2,0.0368,0.0743,0.0849
CHE-CH0080,Chennai,2026-01-13,1,Winter,0.0,27.6,107.0,146.5,0,1,0.1098,0.0481,0.0308
KOL-KO0043,Kolkata,2025-12-16,12,Winter,7.65,15.0,220.0,255.5,0,1,0.202,0.0,0.3315
PUN-PU0171,Pune,2024-06-14,6,Monsoon,2.46,23.1,156.1,183.5,0,2,0.057,0.1396,0.1265
AHM-AH0105,Ahmedabad,2025-09-08,9,Monsoon,12.84,32.7,100.6,130.0,0,3,0.057,0.0003,0.0002
BEN-BE0108,Bengaluru,2025-04-19,4,Summer,1.41,42.3,116.6,135.1,0,2,0.2522,0.0887,0.0
BEN-BE0146,Bengaluru,2025-12-22,12,Winter,3.91,23.1,93.7,116.3,0,5,0.1747,0.0033,0.0217
DEL-DE0126,Delhi,2025-07-10,7,Monsoon,25.19,20.9,75.8,87.0,0,4,0.3284,0.0977,0.0516
AHM-AH0036,Ahmedabad,2024-04-04,4,Summer,10.71,37.1,57.4,80.6,0,2,0.0413,0.0209,0.0009
DEL-DE0021,Delhi,2025-11-25,11,Winter,0.76,29.4,329.1,342.6,1,3,0.2178,0.1346,0.6
CHE-CH0183,Chennai,2025-09-14,9,Monsoon,15.95,35.4,122.5,151.5,0,5,0.1654,0.0838,0.1287
MUM-MU0079,Mumbai,2024-09-13,9,Monsoon,25.05,34.1,126.6,146.3,0,3,0.3944,0.0332,0.0909
KOL-KO0163,Kolkata,2026-01-09,1,Winter,0.0,15.0,159.2,198.5,0,2,0.1368,0.0,0.1723
BEN-BE0055,Bengaluru,2025-03-03,3,Summer,0.0,48.0,121.3,156.9,0,2,0.4868,0.0354,0.0952
BEN-BE0008,Bengaluru,2025-10-16,10,Winter,0.0,18.4,71.0,112.9,0,1,0.0391,0.0609,0.0738
KOL-KO0142,Kolkata,2025-08-13,8,Monsoon,35.5,37.1,173.7,221.0,0,3,0.5776,0.0803,0.284
CHE-CH0116,Chennai,2025-12-27,12,Winter,6.1,20.5,105.1,136.4,0,4,0.1438,0.0325,0.0843
CHE-CH0025,Chennai,2025-04-11,4,Summer,12.31,35.9,99.2,136.8,0,3,0.0924,0.0963,0.0238
BEN-BE0066,Bengaluru,2025-09-27,9,Monsoon,3.25,27.7,59.4,100.2,0,2,0.011,0.0555,0.0662
BEN-BE0056,Bengaluru,2025-12-04,12,Winter,10.51,19.6,71.5,93.1,0,3,0.206,0.0098,0.0
MUM-MU0048,Mumbai,2025-10-06,10,Winter,0.43,24.9,105.5,149.3,0,3,0.0953,0.037,0.1359
PUN-PU0151,Pune,2024-10-20,10,Winter,12.92,17.7,136.1,166.3,0,1,0.0133,0.0506,0.1564
DEL-DE0195,Delhi,2026-03-27,3,Summer,0.0,35.8,102.6,138.5,0,2,0.1173,0.0765,0.0232
KOL-KO0016,Kolkata,2025-07-04,7,Monsoon,29.77,33.1,214.4,232.8,0,5,0.4726,0.0905,0.2952
CHE-CH0072,Chennai,2024-04-20,4,Summer,13.0,45.1,97.7,114.2,1,3,0.3778,0.1938,0.0004
BEN-BE0170,Bengaluru,2024-08-28,8,Monsoon,31.69,31.3,83.0,104.9,0,2,0.4051,0.0767,0.0
MUM-MU0142,Mumbai,2025-03-16,3,Summer,16.89,29.0,111.2,121.5,0,3,0.1694,0.0,0.0972
AHM-AH0183,Ahmedabad,2025-04-17,4,Summer,0.16,34.4,53.9,70.2,0,4,0.0,0.0516,0.0
BEN-BE0171,Bengaluru,2025-01-01,1,Winter,5.54,24.6,147.7,188.8,0,4,0.0803,0.0691,0.1733
CHE-CH0119,Chennai,2025-06-14,6,Monsoon,2.69,27.9,61.3,90.3,0,5,0.0842,0.0103,0.0184
PUN-PU0113,Pune,2025-08-12,8,Monsoon,8.91,23.1,144.5,155.3,0,3,0.1071,0.0281,0.1422
HYD-HY0043,Hyderabad,2025-05-11,5,Summer,4.73,38.7,85.6,120.1,0,4,0.0934,0.0012,0.0
KOL-KO0018,Kolkata,2024-04-21,4,Summer,4.6,30.7,30.0,48.6,0,3,0.1069,0.0729,0.0
PUN-PU0191,Pune,2024-11-26,11,Winter,0.0,21.0,175.4,210.4,0,3,0.1208,0.0043,0.1808
HYD-HY0098,Hyderabad,2024-07-11,7,Monsoon,21.31,33.7,103.3,147.0,0,2,0.3761,0.0219,0.0166
CHE-CH0078,Chennai,2026-03-14,3,Summer,0.0,24.9,91.2,139.4,0,5,0.2162,0.1221,0.0825
MUM-MU0056,Mumbai,2025-10-06,10,Winter,2.88,27.5,41.7,76.5,1,4,0.0734,0.168,0.0069
DEL-DE0036,Delhi,2024-06-18,6,Monsoon,5.78,30.5,66.2,105.8,0,2,0.0766,0.0134,0.0
BEN-BE0134,Bengaluru,2024-11-20,11,Winter,0.0,22.8,98.6,128.3,0,3,0.168,0.0365,0.0429
DEL-DE0165,Delhi,2024-05-02,5,Summer,0.0,43.3,56.6,90.4,1,2,0.2115,0.1466,0.0459
HYD-HY0189,Hyderabad,2024-12-20,12,Winter,0.45,20.3,57.0,72.3,0,3,0.1571,0.0137,0.0301
BEN-BE0143,Bengaluru,2024-08-07,8,Monsoon,7.73,40.6,140.4,172.8,0,2,0.0615,0.0,0.1507
MUM-MU0078,Mumbai,2025-04-30,4,Summer,8.08,35.8,89.8,122.9,1,3,0.0437,0.1815,0.0
DEL-DE0022,Delhi,2024-12-31,12,Winter,10.89,17.6,168.1,211.9,0,3,0.0572,0.1311,0.2372
PUN-PU0021,Pune,2024-05-06,5,Summer,3.43,28.9,99.3,123.4,0,1,0.13,0.0258,0.0
KOL-KO0089,Kolkata,2024-06-07,6,Monsoon,12.42,36.6,124.6,173.2,0,2,0.0581,0.0249,0.061
CHE-CH0107,Chennai,2026-01-04,1,Winter,6.76,31.3,64.4,85.0,0,4,0.1039,0.0,0.0272
AHM-AH0092,Ahmedabad,2024-11-20,11,Winter,0.0,26.7,87.0,102.8,2,2,0.1335,0.3547,0.0559
CHE-CH0042,Chennai,2024-08-12,8,Monsoon,47.57,30.7,127.6,152.3,0,3,0.5791,0.0982,0.074
KOL-KO0093,Kolkata,2026-03-30,3,Summer,0.0,35.4,293.3,340.3,0,2,0.1545,0.0311,0.5738
PUN-PU0041,Pune,2025-11-07,11,Winter,4.15,15.2,94.6,135.7,1,3,0.0217,0.1747,0.0
HYD-HY0047,Hyderabad,2025-04-30,4,Summer,6.44,40.2,149.3,185.7,0,4,0.0736,0.0538,0.1407
DEL-DE0036,Delhi,2024-08-13,8,Monsoon,19.65,37.3,181.1,193.3,0,4,0.0993,0.0,0.238
CHE-CH0188,Chennai,2025-01-03,1,Winter,8.3,23.4,120.6,151.3,0,2,0.078,0.0041,0.0654
HYD-HY0180,Hyderabad,2024-07-14,7,Monsoon,9.06,32.0,98.7,144.3,0,1,0.0368,0.0882,0.0162
DEL-DE0189,Delhi,2025-03-06,3,Summer,7.74,47.6,64.0,96.3,1,4,0.4315,0.3097,0.0
BEN-BE0121,Bengaluru,2024-12-10,12,Winter,1.58,30.9,74.3,102.1,2,4,0.0,0.3375,0.0483
MUM-MU0090,Mumbai,2025-12-30,12,Winter,11.08,17.6,69.8,90.6,0,2,0.051,0.0724,0.0593
AHM-AH0051,Ahmedabad,2025-12-07,12,Winter,0.0,20.7,174.3,203.7,0,3,0.0835,0.0848,0.1398
KOL-KO0093,Kolkata,2025-08-20,8,Monsoon,6.69,32.0,165.9,187.6,0,4,0.1216,0.0724,0.1661
MUM-MU0003,Mumbai,2024-12-17,12,Winter,0.0,16.6,80.8,109.9,1,3,0.0939,0.236,0.069
HYD-HY0064,Hyderabad,2025-12-01,12,Winter,0.0,21.5,75.9,122.4,1,3,0.0245,0.2108,0.0963
HYD-HY0102,Hyderabad,2024-08-28,8,Monsoon,15.68,28.3,138.4,157.7,0,4,0.1883,0.1312,0.0278
AHM-AH0006,Ahmedabad,2025-07-02,7,Monsoon,72.2,36.9,75.7,94.9,0,3,0.7974,0.0688,0.1109
AHM-AH0073,Ahmedabad,2025-09-16,9,Monsoon,31.39,30.1,162.4,173.6,0,3,0.5219,0.0183,0.1964
AHM-AH0119,Ahmedabad,2024-06-19,6,Monsoon,6.68,33.6,157.6,177.2,0,5,0.0741,0.0478,0.1324
AHM-AH0109,Ahmedabad,2025-12-26,12,Winter,0.0,20.4,79.4,119.5,0,2,0.16,0.0877,0.0374
PUN-PU0173,Pune,2025-07-05,7,Monsoon,31.65,37.5,99.7,111.0,0,5,0.5204,0.0781,0.062
BEN-BE0003,Bengaluru,2024-04-03,4,Summer,2.1,41.6,111.2,153.1,0,2,0.0436,0.0961,0.1083
CHE-CH0145,Chennai,2024-12-21,12,Winter,5.32,20.6,69.4,97.7,0,1,0.0,0.0118,0.0914
KOL-KO0083,Kolkata,2025-01-18,1,Winter,0.97,28.8,78.6,122.5,1,1,0.2388,0.2087,0.0416
MUM-MU0143,Mumbai,2025-07-28,7,Monsoon,19.63,23.3,95.7,137.3,0,1,0.135,0.0609,0.0
PUN-PU0160,Pune,2025-10-25,10,Winter,6.54,20.1,160.3,201.9,0,2,0.1457,0.0352,0.2483
CHE-CH0076,Chennai,2025-11-20,11,Winter,3.1,20.9,59.8,88.8,0,2,0.2154,0.0828,0.0
PUN-PU0076,Pune,2025-05-03,5,Summer,4.44,39.7,98.3,128.4,1,3,0.1578,0.2373,0.0
CHE-CH0042,Chennai,2024-10-09,10,Winter,0.0,15.0,110.0,123.5,1,3,0.1179,0.133,0.0081
PUN-PU0158,Pune,2026-03-03,3,Summer,4.03,34.1,124.9,174.0,1,1,0.2131,0.2124,0.0631
DEL-DE0055,Delhi,2026-01-17,1,Winter,10.42,25.1,244.5,263.4,0,1,0.0859,0.0,0.4013
AHM-AH0074,Ahmedabad,2025-08-30,8,Monsoon,28.44,31.7,76.1,100.1,0,1,0.3084,0.0696,0.0148
CHE-CH0015,Chennai,2025-10-02,10,Winter,5.32,18.4,216.0,230.2,1,1,0.1934,0.1956,0.3026
HYD-HY0038,Hyderabad,2025-10-11,10,Winter,2.02,30.8,157.2,187.3,0,5,0.0861,0.0587,0.1841
CHE-CH0033,Chennai,2024-06-19,6,Monsoon,37.28,28.2,171.9,203.7,0,3,0.5831,0.0527,0.1827
PUN-PU0165,Pune,2024-06-14,6,Monsoon,5.95,28.6,148.7,190.1,0,2,0.1639,0.0674,0.1523
KOL-KO0036,Kolkata,2025-11-21,11,Winter,0.54,15.0,206.5,229.5,1,4,0.053,0.1453,0.3991
CHE-CH0068,Chennai,2025-06-06,6,Monsoon,0.82,20.7,143.5,187.6,1,3,0.0652,0.3097,0.0798
KOL-KO0024,Kolkata,2025-09-13,9,Monsoon,13.53,35.2,177.7,204.6,0,4,0.052,0.0675,0.2166
AHM-AH0027,Ahmedabad,2024-09-26,9,Monsoon,19.42,31.6,50.2,88.0,0,2,0.0185,0.0498,0.0248
CHE-CH0005,Chennai,2026-03-11,3,Summer,0.0,48.0,91.1,133.0,0,3,0.5921,0.0307,0.0
HYD-HY0135,Hyderabad,2025-07-22,7,Monsoon,25.58,40.5,178.9,210.3,0,4,0.4071,0.0868,0.2073
DEL-DE0060,Delhi,2025-05-25,5,Summer,4.53,42.9,147.7,180.2,0,1,0.2338,0.0872,0.1954
DEL-DE0192,Delhi,2025-09-02,9,Monsoon,24.29,28.7,30.0,63.0,0,3,0.2945,0.0866,0.047
KOL-KO0061,Kolkata,2025-02-17,2,Winter,3.45,24.2,207.4,229.3,0,5,0.1876,0.0358,0.4214
PUN-PU0161,Pune,2025-07-22,7,Monsoon,2.08,27.3,108.5,143.6,0,2,0.1474,0.1358,0.0642
CHE-CH0176,Chennai,2024-05-21,5,Summer,1.03,35.8,87.9,123.8,1,4,0.0855,0.2136,0.0
PUN-PU0187,Pune,2024-11-12,11,Winter,0.51,16.2,84.3,132.8,0,4,0.1166,0.1004,0.0847
AHM-AH0132,Ahmedabad,2024-07-07,7,Monsoon,3.89,33.8,136.7,157.3,0,4,0.1172,0.0882,0.0554
DEL-DE0156,Delhi,2025-05-14,5,Summer,19.41,44.4,136.0,164.8,0,4,0.4252,0.0,0.1228
PUN-PU0060,Pune,2024-04-10,4,Summer,0.0,35.8,75.9,86.4,0,4,0.0929,0.0215,0.0809
HYD-HY0165,Hyderabad,2024-12-30,12,Winter,0.0,16.3,110.5,123.3,1,4,0.1607,0.2381,0.0354
CHE-CH0016,Chennai,2024-07-18,7,Monsoon,14.63,39.1,116.5,138.0,0,4,0.1446,0.0,0.0169
KOL-KO0031,Kolkata,2025-11-11,11,Winter,0.0,27.7,138.2,163.1,0,1,0.2063,0.0495,0.15
HYD-HY0122,Hyderabad,2025-07-25,7,Monsoon,2.6,23.7,79.6,120.7,0,3,0.1402,0.0931,0.0209
MUM-MU0000,Mumbai,2025-03-23,3,Summer,5.6,48.0,121.9,139.2,0,2,0.495,0.0422,0.1174
CHE-CH0022,Chennai,2025-09-25,9,Monsoon,2.8,39.3,114.9,142.2,0,2,0.0,0.0535,0.0737
BEN-BE0187,Bengaluru,2025-11-13,11,Winter,10.65,22.1,146.1,169.6,1,1,0.037,0.2276,0.092
BEN-BE0030,Bengaluru,2025-01-31,1,Winter,0.0,20.0,108.0,148.3,0,4,0.1981,0.0677,0.0559
KOL-KO0080,Kolkata,2024-04-18,4,Summer,0.0,38.1,247.5,266.7,0,2,0.11,0.0529,0.4322
HYD-HY0187,Hyderabad,2025-01-25,1,Winter,7.93,23.8,87.0,131.2,0,4,0.1679,0.0,0.032
PUN-PU0042,Pune,2025-03-27,3,Summer,10.12,24.2,118.5,166.5,0,1,0.162,0.0134,0.13
PUN-PU0140,Pune,2026-01-06,1,Winter,6.43,30.0,85.3,117.0,0,5,0.0,0.0517,0.0
CHE-CH0059,Chennai,2024-05-12,5,Summer,6.64,35.9,115.4,128.1,0,1,0.0798,0.092,0.0879
KOL-KO0152,Kolkata,2025-10-29,10,Winter,0.0,15.0,118.7,164.3,1,1,0.1278,0.2395,0.037
KOL-KO0104,Kolkata,2024-10-08,10,Winter,3.52,23.1,43.3,84.3,0,1,0.1537,0.0653,0.0614
KOL-KO0105,Kolkata,2024-11-01,11,Winter,7.14,17.3,143.5,175.7,1,3,0.0586,0.1928,0.0965
PUN-PU0183,Pune,2025-04-05,4,Summer,3.9,36.7,59.4,106.9,0,3,0.1963,0.0984,0.0273
BEN-BE0037,Bengaluru,2025-06-17,6,Monsoon,3.5,35.1,136.8,166.0,0,2,0.1325,0.0823,0.1292
HYD-HY0046,Hyderabad,2024-04-22,4,Summer,0.0,43.9,87.1,117.6,0,5,0.3217,0.0816,0.0271
KOL-KO0169,Kolkata,2025-08-16,8,Monsoon,26.83,38.3,78.4,121.7,0,2,0.3093,0.048,0.0164
AHM-AH0107,Ahmedabad,2025-09-28,9,Monsoon,21.41,41.3,112.3,137.0,0,1,0.2437,0.0,0.0467
DEL-DE0147,Delhi,2025-12-27,12,Winter,0.0,28.5,379.9,420.1,0,4,0.1557,0.0396,0.7428
PUN-PU0149,Pune,2026-02-08,2,Winter,0.0,19.3,39.5,60.5,0,4,0.1457,0.0156,0.0684
MUM-MU0173,Mumbai,2025-05-02,5,Summer,5.07,48.0,111.9,140.8,0,3,0.5273,0.1221,0.0568
BEN-BE0181,Bengaluru,2024-04-23,4,Summer,4.6,33.6,126.8,148.5,0,3,0.0387,0.0433,0.113
HYD-HY0055,Hyderabad,2025-05-01,5,Summer,10.91,46.8,65.8,101.2,0,3,0.4235,0.0791,0.0132
PUN-PU0159,Pune,2025-04-11,4,Summer,6.74,43.6,72.0,118.0,0,5,0.3164,0.0,0.0
PUN-PU0096,Pune,2025-09-22,9,Monsoon,3.81,35.7,96.2,113.4,0,3,0.0429,0.0474,0.0419
PUN-PU0068,Pune,2024-08-22,8,Monsoon,9.31,24.5,126.1,173.9,0,5,0.1265,0.0662,0.0862
CHE-CH0086,Chennai,2026-01-07,1,Winter,5.15,32.5,77.4,113.0,0,1,0.0,0.0358,0.0361
MUM-MU0191,Mumbai,2025-12-23,12,Winter,0.0,16.6,185.7,231.8,1,2,0.0,0.2112,0.2304
AHM-AH0138,Ahmedabad,2024-09-25,9,Monsoon,0.0,24.7,83.2,109.8,0,3,0.1952,0.0685,0.0192
BEN-BE0081,Bengaluru,2024-06-06,6,Monsoon,16.28,42.8,112.6,133.8,0,4,0.2267,0.0,0.0
PUN-PU0177,Pune,2025-06-09,6,Monsoon,13.2,33.7,104.8,152.8,0,2,0.213,0.0,0.0
CHE-CH0035,Chennai,2025-03-04,3,Summer,6.11,37.7,117.0,132.9,0,3,0.0335,0.0,0.0335
BEN-BE0060,Bengaluru,2026-03-31,3,Summer,4.52,39.8,51.9,74.7,0,3,0.0908,0.0,0.0283
BEN-BE0007,Bengaluru,2024-05-29,5,Summer,0.0,32.2,98.3,112.6,0,3,0.1992,0.1093,0.0769
DEL-DE0101,Delhi,2025-10-21,10,Winter,1.54,24.9,375.9,390.5,1,4,0.0,0.2161,0.7387
MUM-MU0050,Mumbai,2026-01-11,1,Winter,2.54,17.5,51.8,96.7,0,5,0.133,0.0222,0.0105
MUM-MU0094,Mumbai,2026-03-20,3,Summer,3.37,28.0,139.9,180.6,0,4,0.149,0.0075,0.2129
BEN-BE0101,Bengaluru,2024-10-20,10,Winter,4.54,18.4,120.6,149.3,0,1,0.0684,0.1236,0.1014
KOL-KO0173,Kolkata,2024-11-20,11,Winter,1.22,24.8,219.1,259.7,0,2,0.1492,0.0453,0.3139
PUN-PU0051,Pune,2025-04-14,4,Summer,2.76,38.6,166.5,193.1,0,1,0.0706,0.0247,0.2307
AHM-AH0173,Ahmedabad,2025-10-08,10,Winter,0.0,29.5,114.3,128.3,0,1,0.1486,0.0244,0.0608
MUM-MU0149,Mumbai,2025-05-28,5,Summer,3.29,48.0,136.2,163.9,0,4,0.5123,0.0811,0.1316
KOL-KO0132,Kolkata,2025-06-18,6,Monsoon,17.09,30.6,128.1,150.3,0,4,0.0581,0.0127,0.0625
KOL-KO0048,Kolkata,2025-04-14,4,Summer,13.09,33.8,235.5,258.0,1,2,0.0517,0.1985,0.4129
PUN-PU0089,Pune,2024-09-11,9,Monsoon,9.9,32.0,118.4,130.5,0,2,0.2995,0.0411,0.0928
HYD-HY0178,Hyderabad,2024-09-24,9,Monsoon,38.6,26.2,89.1,123.0,0,2,0.5226,0.0789,0.0374
DEL-DE0198,Delhi,2025-02-23,2,Winter,4.56,24.1,319.1,362.6,0,3,0.1805,0.0562,0.696
AHM-AH0071,Ahmedabad,2026-01-03,1,Winter,3.34,27.3,30.0,60.4,1,5,0.0777,0.2359,0.0742
AHM-AH0026,Ahmedabad,2024-08-15,8,Monsoon,11.72,30.5,122.3,132.5,0,1,0.1907,0.0022,0.0656
CHE-CH0186,Chennai,2026-03-19,3,Summer,11.18,32.6,116.4,136.4,1,3,0.1344,0.1823,0.1657
HYD-HY0012,Hyderabad,2025-06-09,6,Monsoon,0.16,33.2,84.1,120.3,0,4,0.166,0.1149,0.0498
KOL-KO0018,Kolkata,2025-09-15,9,Monsoon,13.03,26.3,168.2,192.0,0,5,0.2627,0.0613,0.2189
BEN-BE0099,Bengaluru,2025-05-16,5,Summer,3.03,48.0,95.1,134.2,0,1,0.5637,0.0283,0.0389
DEL-DE0102,Delhi,2025-09-08,9,Monsoon,25.07,35.4,116.7,166.6,0,4,0.3198,0.0935,0.0473
PUN-PU0143,Pune,2024-07-04,7,Monsoon,8.37,25.2,160.1,179.6,0,2,0.1662,0.0485,0.1614
AHM-AH0008,Ahmedabad,2025-08-10,8,Monsoon,9.43,27.2,122.5,168.5,0,1,0.0841,0.0,0.1412
MUM-MU0011,Mumbai,2026-03-06,3,Summer,6.17,38.7,60.6,86.7,0,3,0.014,0.0756,0.095
AHM-AH0137,Ahmedabad,2025-07-27,7,Monsoon,56.2,28.1,116.5,144.5,0,3,0.5657,0.0344,0.0987
AHM-AH0177,Ahmedabad,2025-06-01,6,Monsoon,10.65,29.8,112.4,142.8,0,4,0.1149,0.0308,0.0728
DEL-DE0018,Delhi,2025-11-17,11,Winter,10.34,18.5,295.1,339.5,0,2,0.0592,0.0982,0.5802
AHM-AH0194,Ahmedabad,2025-01-20,1,Winter,0.0,36.5,112.8,157.7,0,3,0.0,0.0256,0.0067
KOL-KO0070,Kolkata,2024-07-12,7,Monsoon,18.56,27.4,130.6,163.4,0,4,0.0732,0.0618,0.0931
BEN-BE0048,Bengaluru,2025-03-13,3,Summer,6.43,34.5,128.6,175.3,0,1,0.1078,0.0213,0.1092
DEL-DE0160,Delhi,2025-07-20,7,Monsoon,22.79,32.3,99.3,130.6,0,4,0.3363,0.064,0.0164
AHM-AH0025,Ahmedabad,2025-11-12,11,Winter,7.16,32.0,120.8,163.9,1,2,0.0519,0.1905,0.0586
HYD-HY0060,Hyderabad,2025-12-07,12,Winter,0.0,22.0,38.3,75.2,0,1,0.1609,0.0224,0.0377
KOL-KO0151,Kolkata,2024-12-30,12,Winter,10.79,20.1,145.8,156.3,1,2,0.1423,0.2516,0.1405
MUM-MU0102,Mumbai,2024-04-11,4,Summer,0.63,37.1,65.5,82.0,0,1,0.1645,0.0406,0.0
HYD-HY0141,Hyderabad,2024-09-08,9,Monsoon,9.88,23.3,157.8,207.5,0,1,0.1535,0.0763,0.2269
BEN-BE0110,Bengaluru,2025-07-27,7,Monsoon,14.64,31.8,74.2,88.2,0,4,0.0126,0.0784,0.0
DEL-DE0048,Delhi,2026-02-26,2,Winter,8.08,21.0,315.3,341.0,0,2,0.039,0.0888,0.5475
KOL-KO0134,Kolkata,2024-06-24,6,Monsoon,10.97,33.7,155.0,199.8,0,5,0.2296,0.0748,0.1217
DEL-DE0073,Delhi,2025-03-22,3,Summer,10.01,45.9,78.0,118.0,0,2,0.3954,0.0,0.0796
KOL-KO0151,Kolkata,2024-12-15,12,Winter,2.18,24.0,83.7,118.6,0,4,0.0666,0.0477,0.0319
PUN-PU0167,Pune,2025-10-05,10,Winter,2.61,23.2,136.6,167.0,0,2,0.0545,0.0818,0.1436
HYD-HY0087,Hyderabad,2025-08-13,8,Monsoon,17.34,28.5,84.1,101.7,0,1,0.1404,0.0427,0.0163
HYD-HY0144,Hyderabad,2025-11-22,11,Winter,4.5,18.8,109.7,129.5,0,4,0.1419,0.0239,0.0553
PUN-PU0019,Pune,2024-08-20,8,Monsoon,15.37,30.3,91.3,118.4,0,1,0.1837,0.0825,0.0602
CHE-CH0049,Chennai,2025-03-18,3,Summer,8.71,36.2,150.9,199.9,0,5,0.1679,0.0052,0.1899
AHM-AH0146,Ahmedabad,2024-04-11,4,Summer,1.14,44.0,78.2,107.1,0,1,0.2792,0.0018,0.0442
KOL-KO0106,Kolkata,2024-08-30,8,Monsoon,43.77,31.6,56.6,80.3,0,4,0.5512,0.0135,0.0502
PUN-PU0054,Pune,2024-07-22,7,Monsoon,14.98,24.0,112.2,144.2,0,1,0.1857,0.0968,0.0
AHM-AH0073,Ahmedabad,2025-09-11,9,Monsoon,15.52,38.9,85.7,122.9,0,4,0.0,0.0817,0.0533
HYD-HY0033,Hyderabad,2024-05-24,5,Summer,2.25,48.0,191.3,205.3,0,1,0.4951,0.0053,0.2111
KOL-KO0073,Kolkata,2024-10-22,10,Winter,0.0,17.4,172.7,187.1,0,3,0.1969,0.0683,0.2596
HYD-HY0122,Hyderabad,2025-10-15,10,Winter,0.0,21.0,112.7,144.1,0,3,0.0979,0.0953,0.0863
KOL-KO0113,Kolkata,2025-08-14,8,Monsoon,40.86,30.2,138.6,173.0,0,5,0.4585,0.0757,0.1995
DEL-DE0125,Delhi,2025-01-30,1,Winter,5.87,26.4,297.4,319.1,0,4,0.0,0.0531,0.5365
AHM-AH0123,Ahmedabad,2024-10-19,10,Winter,0.0,21.3,114.7,148.2,0,3,0.1841,0.0424,0.0763
KOL-KO0172,Kolkata,2025-03-27,3,Summer,13.12,27.8,107.8,134.6,0,1,0.2167,0.012,0.0727
KOL-KO0121,Kolkata,2024-08-30,8,Monsoon,12.21,24.8,189.5,205.5,0,2,0.0684,0.1069,0.2259
BEN-BE0130,Bengaluru,2025-06-04,6,Monsoon,19.49,22.4,59.0,101.5,0,1,0.0587,0.0979,0.0
AHM-AH0139,Ahmedabad,2026-02-08,2,Winter,5.23,16.5,31.1,52.5,1,1,0.1896,0.1832,0.0
BEN-BE0106,Bengaluru,2024-12-18,12,Winter,2.64,21.8,116.1,136.5,0,5,0.1393,0.0405,0.0752
PUN-PU0105,Pune,2024-11-15,11,Winter,0.0,24.3,44.0,94.0,0,1,0.0846,0.0315,0.0558
BEN-BE0167,Bengaluru,2024-04-14,4,Summer,2.81,36.9,62.4,91.0,0,4,0.0147,0.0832,0.0
AHM-AH0168,Ahmedabad,2025-12-15,12,Winter,8.19,15.0,72.6,115.9,0,5,0.0521,0.0696,0.0272
AHM-AH0192,Ahmedabad,2024-07-06,7,Monsoon,19.44,35.8,46.5,68.1,0,4,0.146,0.0472,0.0
HYD-HY0067,Hyderabad,2025-03-13,3,Summer,11.56,46.4,120.1,157.3,0,2,0.3577,0.0245,0.0822
KOL-KO0192,Kolkata,2024-12-30,12,Winter,0.0,24.1,152.5,194.7,0,2,0.0,0.0541,0.1831
PUN-PU0083,Pune,2025-05-31,5,Summer,2.21,44.2,146.5,173.8,0,5,0.3135,0.0251,0.1639
BEN-BE0089,Bengaluru,2025-04-05,4,Summer,4.08,35.4,93.3,129.4,0,2,0.004,0.0956,0.0494
BEN-BE0162,Bengaluru,2025-03-16,3,Summer,0.0,30.4,116.1,151.8,1,1,0.1052,0.2353,0.1673
KOL-KO0100,Kolkata,2025-09-18,9,Monsoon,32.01,28.7,187.1,212.5,0,3,0.4261,0.0,0.2637
MUM-MU0158,Mumbai,2025-06-23,6,Monsoon,17.33,34.3,86.6,128.7,0,4,0.1528,0.0,0.0113
AHM-AH0061,Ahmedabad,2024-05-06,5,Summer,17.92,40.6,135.9,147.2,0,2,0.1038,0.05,0.0421
BEN-BE0185,Bengaluru,2025-11-02,11,Winter,0.0,28.2,93.5,139.8,0,1,0.0,0.0569,0.0735
BEN-BE0080,Bengaluru,2024-10-07,10,Winter,2.49,15.0,64.0,103.5,0,1,0.0535,0.0264,0.0642
BEN-BE0156,Bengaluru,2026-03-13,3,Summer,15.9,36.1,57.8,74.4,0,3,0.0954,0.0224,0.0
CHE-CH0087,Chennai,2024-06-27,6,Monsoon,4.47,29.6,92.6,126.7,0,3,0.1392,0.0621,0.023
CHE-CH0054,Chennai,2025-11-07,11,Winter,0.0,26.4,118.3,158.1,0,3,0.0838,0.0381,0.0489
HYD-HY0106,Hyderabad,2024-10-09,10,Winter,4.59,28.4,129.4,171.9,0,3,0.0283,0.0,0.0831
MUM-MU0165,Mumbai,2025-01-11,1,Winter,8.45,23.4,33.5,49.8,0,3,0.1163,0.0647,0.0
DEL-DE0083,Delhi,2025-07-09,7,Monsoon,19.65,35.8,121.8,144.9,0,1,0.0169,0.0611,0.0431
DEL-DE0108,Delhi,2024-09-15,9,Monsoon,35.23,27.4,98.2,111.9,0,1,0.4377,0.0113,0.015
BEN-BE0073,Bengaluru,2025-05-13,5,Summer,6.82,40.9,64.1,80.1,0,2,0.1363,0.1098,0.008
CHE-CH0184,Chennai,2024-11-23,11,Winter,0.0,16.9,48.5,75.3,0,5,0.2527,0.0835,0.0179
AHM-AH0021,Ahmedabad,2025-05-30,5,Summer,0.0,27.0,66.1,107.7,1,5,0.2666,0.1868,0.0339
DEL-DE0112,Delhi,2025-12-29,12,Winter,0.0,28.1,272.9,302.2,0,2,0.1045,0.0,0.4562
AHM-AH0046,Ahmedabad,2025-01-27,1,Winter,0.0,19.6,121.9,139.7,0,1,0.0599,0.0,0.0056
BEN-BE0038,Bengaluru,2024-08-08,8,Monsoon,8.27,29.8,78.6,106.8,0,2,0.1116,0.0481,0.0243
MUM-MU0131,Mumbai,2025-11-26,11,Winter,0.0,24.9,87.9,106.6,0,5,0.2169,0.0857,0.0217
KOL-KO0049,Kolkata,2024-10-16,10,Winter,9.24,27.8,157.9,206.2,0,3,0.1232,0.0742,0.1548
KOL-KO0034,Kolkata,2025-10-27,10,Winter,0.0,21.4,122.1,163.4,0,3,0.0284,0.0728,0.0692
CHE-CH0077,Chennai,2024-12-09,12,Winter,3.3,25.4,150.3,191.7,1,5,0.2146,0.1616,0.193
HYD-HY0111,Hyderabad,2025-12-26,12,Winter,1.95,17.9,122.1,149.3,0,2,0.0983,0.0566,0.1518
KOL-KO0154,Kolkata,2024-08-26,8,Monsoon,3.86,35.3,85.3,122.2,0,4,0.0673,0.0,0.0397
KOL-KO0051,Kolkata,2025-05-26,5,Summer,5.28,30.6,224.6,273.5,1,5,0.0,0.1781,0.3435
MUM-MU0127,Mumbai,2025-01-18,1,Winter,0.0,21.2,129.6,146.9,0,1,0.2185,0.0866,0.0569
BEN-BE0023,Bengaluru,2025-02-16,2,Winter,4.62,16.1,79.1,126.7,0,4,0.0865,0.0252,0.077
KOL-KO0060,Kolkata,2025-01-25,1,Winter,3.56,23.6,205.6,253.7,0,3,0.0,0.008,0.2468
CHE-CH0197,Chennai,2024-11-08,11,Winter,0.0,28.1,148.8,191.9,0,3,0.1779,0.0998,0.1446
AHM-AH0176,Ahmedabad,2024-09-28,9,Monsoon,16.46,36.1,75.8,117.7,0,1,0.2353,0.0846,0.0876
HYD-HY0196,Hyderabad,2025-09-05,9,Monsoon,23.13,29.6,119.7,154.8,0,3,0.2926,0.0324,0.0925
AHM-AH0024,Ahmedabad,2026-03-22,3,Summer,5.6,32.6,61.6,75.9,2,1,0.0,0.3246,0.0397
MUM-MU0040,Mumbai,2025-12-04,12,Winter,7.8,25.5,102.8,116.4,0,3,0.1294,0.0361,0.0028
AHM-AH0167,Ahmedabad,2025-01-20,1,Winter,0.75,20.5,161.2,179.3,0,1,0.2111,0.0691,0.1679
HYD-HY0179,Hyderabad,2024-05-01,5,Summer,0.0,38.9,112.9,151.6,0,2,0.0005,0.0871,0.1333
CHE-CH0179,Chennai,2024-10-04,10,Winter,6.63,19.2,87.8,105.3,0,3,0.0063,0.0491,0.0466
KOL-KO0176,Kolkata,2025-11-06,11,Winter,5.14,16.9,145.7,175.8,1,5,0.1596,0.2009,0.0556
MUM-MU0012,Mumbai,2025-03-01,3,Summer,2.11,37.6,174.2,204.3,1,4,0.051,0.193,0.1178
CHE-CH0120,Chennai,2024-08-14,8,Monsoon,12.47,34.7,102.3,129.9,0,2,0.1522,0.0482,0.0
CHE-CH0011,Chennai,2024-09-08,9,Monsoon,29.51,36.1,83.5,100.3,0,3,0.3737,0.0842,0.0
AHM-AH0143,Ahmedabad,2026-01-29,1,Winter,0.0,23.3,106.4,129.4,0,3,0.1074,0.0385,0.0874
CHE-CH0198,Chennai,2025-01-10,1,Winter,4.66,32.3,129.5,170.4,0,3,0.0755,0.0901,0.0546
KOL-KO0058,Kolkata,2024-08-22,8,Monsoon,9.18,24.3,215.5,234.1,0,4,0.078,0.0867,0.3384
HYD-HY0102,Hyderabad,2026-03-14,3,Summer,1.64,27.7,51.6,69.5,0,4,0.1133,0.093,0.0
AHM-AH0130,Ahmedabad,2025-07-30,7,Monsoon,12.63,26.5,73.5,118.1,0,3,0.1265,0.0,0.0383
AHM-AH0104,Ahmedabad,2025-12-18,12,Winter,1.29,19.6,60.9,88.2,0,5,0.0699,0.0291,0.0207
HYD-HY0118,Hyderabad,2024-05-27,5,Summer,5.05,26.3,40.2,75.1,0,4,0.2212,0.0224,0.0
PUN-PU0035,Pune,2025-07-11,7,Monsoon,71.06,29.7,121.2,155.5,0,3,0.7846,0.0118,0.0453
BEN-BE0051,Bengaluru,2025-08-21,8,Monsoon,12.86,21.6,55.7,91.7,0,1,0.1541,0.0,0.0038
KOL-KO0199,Kolkata,2025-06-29,6,Monsoon,32.75,29.7,160.9,201.9,0,2,0.4839,0.0059,0.1918
BEN-BE0049,Bengaluru,2025-08-20,8,Monsoon,22.83,30.8,30.0,69.9,0,4,0.347,0.0309,0.012
BEN-BE0158,Bengaluru,2026-02-11,2,Winter,5.31,24.9,72.9,116.2,0,1,0.1738,0.042,0.0695
KOL-KO0092,Kolkata,2025-06-24,6,Monsoon,72.11,24.5,82.3,111.2,0,1,0.7616,0.1007,0.0264
KOL-KO0194,Kolkata,2025-12-16,12,Winter,0.0,27.1,161.3,205.6,0,2,0.0127,0.0908,0.1504
MUM-MU0059,Mumbai,2025-05-20,5,Summer,0.0,40.5,139.9,181.7,0,3,0.1366,0.1201,0.1386
CHE-CH0196,Chennai,2024-11-22,11,Winter,5.81,20.0,50.2,65.4,1,4,0.1407,0.1532,0.0496
CHE-CH0088,Chennai,2025-07-25,7,Monsoon,0.0,22.9,128.8,172.1,0,3,0.209,0.0259,0.1204
PUN-PU0169,Pune,2024-11-27,11,Winter,0.0,22.0,56.8,97.1,0,3,0.0717,0.0054,0.0
PUN-PU0190,Pune,2026-03-19,3,Summer,1.14,37.8,147.8,170.4,0,5,0.1664,0.0083,0.1033
KOL-KO0028,Kolkata,2025-04-29,4,Summer,5.26,39.4,183.8,203.5,0,5,0.0309,0.0069,0.1961
AHM-AH0083,Ahmedabad,2025-06-26,6,Monsoon,4.56,29.1,91.9,121.5,0,1,0.0653,0.0012,0.0
DEL-DE0138,Delhi,2025-12-14,12,Winter,0.0,36.0,160.8,204.7,0,2,0.1851,0.0,0.2474
KOL-KO0157,Kolkata,2024-08-15,8,Monsoon,62.43,36.2,253.0,280.9,0,1,0.8273,0.1381,0.3495
DEL-DE0061,Delhi,2024-12-07,12,Winter,0.0,22.9,490.2,519.0,1,2,0.1715,0.1576,0.8225
PUN-PU0074,Pune,2025-04-14,4,Summer,15.71,23.6,119.7,161.2,0,3,0.2433,0.0292,0.0255
HYD-HY0093,Hyderabad,2026-01-28,1,Winter,4.54,15.6,143.1,173.1,0,1,0.0924,0.0551,0.1396
MUM-MU0055,Mumbai,2025-08-05,8,Monsoon,28.02,30.0,134.6,153.5,0,5,0.3685,0.0789,0.0798
KOL-KO0006,Kolkata,2026-02-11,2,Winter,0.0,24.2,158.7,172.5,0,5,0.2004,0.0447,0.1249
PUN-PU0012,Pune,2024-08-25,8,Monsoon,14.57,27.1,90.2,119.5,0,5,0.1146,0.0586,0.0496
HYD-HY0155,Hyderabad,2025-08-21,8,Monsoon,8.22,35.3,51.5,101.3,0,2,0.1054,0.048,0.0
PUN-PU0157,Pune,2024-10-13,10,Winter,0.0,25.6,66.6,110.6,1,5,0.1785,0.2823,0.0013
MUM-MU0055,Mumbai,2025-06-17,6,Monsoon,2.24,30.3,115.1,135.3,0,3,0.1272,0.0224,0.1485
MUM-MU0171,Mumbai,2025-10-13,10,Winter,0.0,18.0,110.7,136.6,0,3,0.2798,0.0554,0.136
PUN-PU0116,Pune,2024-09-24,9,Monsoon,4.52,27.9,70.5,98.8,0,1,0.0,0.0789,0.0
KOL-KO0077,Kolkata,2025-10-23,10,Winter,0.0,23.1,107.9,146.9,0,4,0.0341,0.1063,0.0269
DEL-DE0077,Delhi,2024-12-04,12,Winter,0.85,29.8,309.3,357.4,0,3,0.0723,0.019,0.55
KOL-KO0145,Kolkata,2024-07-05,7,Monsoon,38.92,31.1,248.9,282.8,0,5,0.4715,0.065,0.4056
DEL-DE0172,Delhi,2024-05-15,5,Summer,8.6,39.6,131.3,160.2,0,4,0.1424,0.0407,0.0567
MUM-MU0102,Mumbai,2025-10-08,10,Winter,0.34,15.5,125.2,142.5,0,4,0.0614,0.0131,0.1191
BEN-BE0132,Bengaluru,2025-04-24,4,Summer,0.0,33.5,79.7,100.6,0,5,0.0452,0.1241,0.0515
CHE-CH0176,Chennai,2025-06-07,6,Monsoon,64.14,31.4,113.0,136.2,0,2,0.678,0.0,0.0741
CHE-CH0070,Chennai,2025-09-25,9,Monsoon,20.45,26.7,67.9,92.3,0,2,0.3043,0.0657,0.0301
BEN-BE0033,Bengaluru,2024-06-07,6,Monsoon,62.35,31.0,173.8,214.7,0,2,0.7411,0.1037,0.1848
KOL-KO0131,Kolkata,2024-08-13,8,Monsoon,2.48,32.7,127.9,170.4,0,2,0.0767,0.07,0.1109
CHE-CH0069,Chennai,2024-10-17,10,Winter,0.0,17.1,88.1,125.0,0,2,0.2356,0.0396,0.0
CHE-CH0091,Chennai,2025-08-22,8,Monsoon,61.81,28.0,49.1,96.3,0,3,0.6652,0.0487,0.0
AHM-AH0158,Ahmedabad,2024-12-06,12,Winter,0.0,25.5,99.9,125.6,0,5,0.1416,0.0843,0.0366
CHE-CH0176,Chennai,2024-10-23,10,Winter,10.71,24.5,56.9,89.4,0,4,0.0709,0.0461,0.0432
BEN-BE0169,Bengaluru,2025-01-27,1,Winter,0.0,15.0,116.7,140.9,0,3,0.0739,0.0,0.0796
AHM-AH0140,Ahmedabad,2025-01-02,1,Winter,0.0,15.0,127.3,164.8,0,2,0.1326,0.088,0.0
KOL-KO0063,Kolkata,2024-10-14,10,Winter,0.0,20.7,95.6,112.4,0,4,0.2261,0.0498,0.032
BEN-BE0116,Bengaluru,2025-04-16,4,Summer,7.02,32.7,83.8,131.1,1,3,0.0429,0.1674,0.0191
MUM-MU0167,Mumbai,2025-02-22,2,Winter,0.0,31.9,131.9,158.7,0,3,0.0901,0.0334,0.145
KOL-KO0163,Kolkata,2024-08-21,8,Monsoon,32.7,33.0,150.6,195.2,0,1,0.4591,0.0274,0.1294
MUM-MU0039,Mumbai,2024-05-26,5,Summer,0.76,38.4,256.6,288.2,0,1,0.0,0.1091,0.441
AHM-AH0134,Ahmedabad,2026-01-28,1,Winter,0.0,26.1,110.6,150.9,0,1,0.2155,0.0793,0.0809
HYD-HY0104,Hyderabad,2024-06-02,6,Monsoon,14.8,26.6,146.7,165.1,0,1,0.2181,0.0,0.1255
MUM-MU0106,Mumbai,2024-08-24,8,Monsoon,6.21,27.1,153.1,198.9,0,3,0.227,0.0,0.1471
CHE-CH0116,Chennai,2025-11-09,11,Winter,7.42,26.7,97.2,135.4,0,3,0.0118,0.0253,0.0
BEN-BE0059,Bengaluru,2025-03-18,3,Summer,0.0,30.1,105.7,146.7,0,1,0.0686,0.1537,0.0
PUN-PU0131,Pune,2025-06-04,6,Monsoon,1.36,23.9,85.7,103.0,0,5,0.1737,0.0,0.0
MUM-MU0140,Mumbai,2024-08-29,8,Monsoon,9.51,24.0,100.9,150.2,0,4,0.214,0.0197,0.0405
AHM-AH0199,Ahmedabad,2025-10-26,10,Winter,6.31,29.1,115.1,152.0,0,1,0.1037,0.0363,0.0948
PUN-PU0134,Pune,2025-09-29,9,Monsoon,15.55,24.6,128.9,176.0,0,4,0.0362,0.0,0.1074
MUM-MU0082,Mumbai,2026-01-21,1,Winter,8.4,27.8,46.3,65.3,0,3,0.2096,0.0637,0.0587
AHM-AH0144,Ahmedabad,2025-04-27,4,Summer,7.17,35.7,99.5,138.3,0,3,0.1005,0.0,0.0321
MUM-MU0063,Mumbai,2024-08-13,8,Monsoon,0.67,41.9,96.7,145.5,0,2,0.0554,0.0613,0.0191
BEN-BE0106,Bengaluru,2025-09-01,9,Monsoon,31.97,24.1,120.2,166.8,1,2,0.3002,0.1497,0.0726
BEN-BE0008,Bengaluru,2025-04-19,4,Summer,0.0,34.5,128.0,167.8,0,1,0.1241,0.0296,0.1485
MUM-MU0041,Mumbai,2026-03-31,3,Summer,6.51,39.6,93.8,139.2,0,5,0.1006,0.0815,0.0219
PUN-PU0072,Pune,2025-03-19,3,Summer,2.41,29.5,120.2,167.9,1,3,0.053,0.2223,0.0548
DEL-DE0112,Delhi,2025-08-31,8,Monsoon,22.02,39.1,94.3,113.8,0,2,0.3683,0.0,0.0
BEN-BE0088,Bengaluru,2024-09-12,9,Monsoon,13.22,33.3,136.8,180.8,0,2,0.0747,0.0436,0.1326
DEL-DE0058,Delhi,2024-05-26,5,Summer,6.75,37.9,88.2,105.5,1,4,0.1396,0.184,0.0205
KOL-KO0169,Kolkata,2025-07-14,7,Monsoon,7.86,18.3,136.8,186.1,0,3,0.0293,0.0874,0.1146
PUN-PU0171,Pune,2025-05-03,5,Summer,0.0,39.9,119.8,155.0,0,3,0.1018,0.0971,0.0634
DEL-DE0034,Delhi,2025-10-14,10,Winter,3.45,27.9,337.0,361.8,1,3,0.1112,0.1236,0.6111
HYD-HY0155,Hyderabad,2025-01-10,1,Winter,5.23,16.7,57.5,95.5,0,3,0.185,0.1198,0.0277
BEN-BE0046,Bengaluru,2025-06-29,6,Monsoon,24.07,24.6,117.9,161.4,0,3,0.436,0.0025,0.1152
KOL-KO0152,Kolkata,2024-04-23,4,Summer,0.0,42.8,185.6,230.6,0,4,0.1169,0.0017,0.3146
AHM-AH0032,Ahmedabad,2025-12-01,12,Winter,2.51,22.7,86.1,103.7,0,3,0.0171,0.021,0.0
BEN-BE0124,Bengaluru,2024-05-14,5,Summer,16.83,43.8,101.5,122.2,0,2,0.4162,0.0,0.0498
AHM-AH0170,Ahmedabad,2025-11-15,11,Winter,0.0,18.0,87.6,134.2,1,3,0.1487,0.2576,0.0
CHE-CH0155,Chennai,2024-10-19,10,Winter,0.0,27.0,122.5,137.1,0,3,0.1765,0.0143,0.0267
DEL-DE0143,Delhi,2025-04-30,4,Summer,3.37,48.0,122.9,168.3,0,2,0.4801,0.0749,0.0225
PUN-PU0040,Pune,2025-04-06,4,Summer,0.7,45.1,88.3,98.9,0,4,0.4001,0.0459,0.1229
PUN-PU0043,Pune,2025-05-30,5,Summer,2.42,36.3,143.9,180.8,0,4,0.0,0.0651,0.1328
AHM-AH0131,Ahmedabad,2025-06-06,6,Monsoon,5.13,29.2,51.7,85.3,0,2,0.0734,0.0226,0.0
AHM-AH0071,Ahmedabad,2024-05-20,5,Summer,0.0,38.9,151.2,193.3,0,3,0.2488,0.0248,0.1221
DEL-DE0034,Delhi,2024-10-10,10,Winter,3.5,19.4,362.5,404.4,0,2,0.1147,0.13,0.6623
AHM-AH0192,Ahmedabad,2026-02-13,2,Winter,4.38,27.3,150.2,193.9,0,3,0.0799,0.0315,0.1196
DEL-DE0135,Delhi,2026-03-26,3,Summer,1.59,36.2,132.6,173.5,0,1,0.1612,0.0739,0.1422
CHE-CH0037,Chennai,2024-12-31,12,Winter,0.42,24.2,72.0,113.7,0,1,0.054,0.0093,0.0303
DEL-DE0021,Delhi,2025-08-02,8,Monsoon,9.6,21.5,60.0,85.7,0,4,0.1465,0.1251,0.0491
HYD-HY0185,Hyderabad,2026-02-13,2,Winter,10.11,37.7,81.1,108.4,0,3,0.1062,0.0511,0.037
MUM-MU0052,Mumbai,2025-06-20,6,Monsoon,31.34,26.9,107.6,135.7,0,3,0.4337,0.0182,0.0726
CHE-CH0038,Chennai,2025-05-18,5,Summer,12.5,31.7,147.6,192.7,0,2,0.0619,0.0183,0.149
HYD-HY0179,Hyderabad,2026-03-28,3,Summer,1.34,48.0,104.8,144.4,0,2,0.4858,0.1264,0.086
PUN-PU0187,Pune,2024-05-12,5,Summer,16.11,28.0,134.4,170.5,0,1,0.1365,0.0246,0.0857
CHE-CH0168,Chennai,2025-10-08,10,Winter,0.0,15.0,104.5,149.2,1,3,0.0,0.261,0.0036
KOL-KO0012,Kolkata,2024-10-27,10,Winter,5.26,24.5,32.6,68.5,1,5,0.0989,0.2336,0.0827
AHM-AH0064,Ahmedabad,2025-08-25,8,Monsoon,3.0,30.2,146.5,170.7,0,4,0.0987,0.0063,0.193
BEN-BE0006,Bengaluru,2024-08-21,8,Monsoon,18.21,26.6,85.6,123.3,0,3,0.0559,0.0,0.0227
MUM-MU0155,Mumbai,2026-03-16,3,Summer,3.29,35.5,136.1,161.4,0,2,0.0035,0.0679,0.1326
PUN-PU0012,Pune,2025-11-01,11,Winter,0.0,24.4,40.8,73.2,0,1,0.147,0.0936,0.0728
AHM-AH0014,Ahmedabad,2025-07-05,7,Monsoon,6.86,37.5,95.8,108.1,0,3,0.0226,0.0146,0.0311
PUN-PU0084,Pune,2024-12-19,12,Winter,7.77,17.0,60.4,103.2,0,5,0.096,0.0714,0.0785
BEN-BE0097,Bengaluru,2025-06-26,6,Monsoon,18.26,36.2,95.6,115.9,0,2,0.0857,0.0,0.0633
DEL-DE0008,Delhi,2025-12-25,12,Winter,2.35,25.5,367.4,406.0,0,2,0.1308,0.0329,0.6374
AHM-AH0027,Ahmedabad,2024-12-31,12,Winter,10.45,23.4,58.8,78.8,0,4,0.1927,0.0214,0.0
AHM-AH0182,Ahmedabad,2024-06-18,6,Monsoon,19.78,30.2,128.4,140.7,0,3,0.1778,0.0,0.0562
CHE-CH0017,Chennai,2026-03-23,3,Summer,14.74,33.2,63.5,77.6,0,2,0.1574,0.0,0.1512
AHM-AH0001,Ahmedabad,2025-07-24,7,Monsoon,10.31,34.9,58.9,99.2,0,5,0.1815,0.0483,0.0442
PUN-PU0029,Pune,2024-07-04,7,Monsoon,30.68,32.7,62.9,72.9,0,2,0.4028,0.0674,0.0
DEL-DE0047,Delhi,2026-04-01,4,Summer,6.89,40.2,149.4,187.2,1,5,0.0823,0.2656,0.1841
HYD-HY0159,Hyderabad,2024-07-11,7,Monsoon,20.26,27.7,103.9,123.0,0,3,0.3114,0.0716,0.0182
MUM-MU0084,Mumbai,2024-07-15,7,Monsoon,37.74,29.6,189.9,201.9,0,2,0.5179,0.024,0.2917
CHE-CH0111,Chennai,2024-10-01,10,Winter,9.99,28.1,90.7,129.0,0,2,0.0,0.0612,0.0738
HYD-HY0091,Hyderabad,2025-07-18,7,Monsoon,18.92,38.5,104.7,145.3,0,5,0.1156,0.0,0.0139
KOL-KO0077,Kolkata,2025-04-05,4,Summer,2.51,38.4,173.3,184.9,0,4,0.1213,0.104,0.206
PUN-PU0154,Pune,2025-10-18,10,Winter,2.94,15.6,96.4,138.8,1,2,0.2584,0.2217,0.0
CHE-CH0158,Chennai,2025-05-12,5,Summer,18.32,41.3,53.4,75.8,0,3,0.2317,0.0421,0.0
MUM-MU0141,Mumbai,2026-03-02,3,Summer,0.0,42.8,133.8,181.2,0,3,0.2811,0.0531,0.0976
HYD-HY0036,Hyderabad,2025-03-11,3,Summer,8.84,37.7,181.3,209.6,0,3,0.0,0.0305,0.2152
PUN-PU0126,Pune,2025-10-03,10,Winter,1.95,25.4,65.0,107.7,0,2,0.2046,0.0711,0.0589
CHE-CH0098,Chennai,2024-05-16,5,Summer,7.07,32.9,135.1,183.3,0,3,0.1164,0.095,0.1805
MUM-MU0025,Mumbai,2024-12-04,12,Winter,0.0,20.5,30.1,72.5,0,1,0.0,0.1365,0.0514
KOL-KO0060,Kolkata,2025-01-14,1,Winter,3.91,15.0,187.5,233.3,0,3,0.0095,0.0298,0.2894
HYD-HY0003,Hyderabad,2025-01-18,1,Winter,0.0,22.7,134.8,165.4,0,3,0.1699,0.0774,0.1202
DEL-DE0016,Delhi,2025-12-04,12,Winter,12.29,15.2,432.9,468.7,0,1,0.0644,0.0075,0.8799
KOL-KO0087,Kolkata,2025-02-15,2,Winter,2.26,24.1,173.4,191.9,0,2,0.0585,0.0316,0.2674
CHE-CH0141,Chennai,2025-10-16,10,Winter,1.46,21.0,154.6,196.4,0,5,0.0919,0.0,0.1326
PUN-PU0101,Pune,2025-01-24,1,Winter,0.0,19.9,158.2,194.6,0,2,0.0499,0.0401,0.166
KOL-KO0141,Kolkata,2024-08-28,8,Monsoon,18.74,28.6,210.4,242.9,0,2,0.1654,0.1008,0.2359
AHM-AH0048,Ahmedabad,2025-09-08,9,Monsoon,35.54,35.3,105.6,150.7,0,1,0.3956,0.0249,0.0334
DEL-DE0113,Delhi,2025-11-19,11,Winter,1.31,27.0,420.5,442.0,0,5,0.1377,0.0295,0.8327
KOL-KO0091,Kolkata,2024-08-30,8,Monsoon,4.34,33.8,137.9,159.9,0,3,0.008,0.075,0.1492
DEL-DE0160,Delhi,2025-10-16,10,Winter,2.66,20.2,390.3,423.7,1,4,0.0487,0.1739,0.7963
AHM-AH0102,Ahmedabad,2026-03-06,3,Summer,11.79,39.1,155.6,186.4,1,3,0.0767,0.173,0.1018
HYD-HY0068,Hyderabad,2025-03-11,3,Summer,0.0,28.7,72.0,119.7,0,4,0.0048,0.1283,0.0
PUN-PU0132,Pune,2025-03-09,3,Summer,9.29,32.4,96.3,143.2,0,3,0.1071,0.0025,0.0699
BEN-BE0153,Bengaluru,2024-08-23,8,Monsoon,43.17,30.7,136.9,149.3,0,1,0.5959,0.0262,0.0625
PUN-PU0061,Pune,2025-11-20,11,Winter,4.57,18.7,97.1,131.7,0,2,0.0652,0.0818,0.0754
HYD-HY0102,Hyderabad,2025-12-10,12,Winter,3.23,22.2,59.5,95.4,0,2,0.0829,0.0766,0.0449
AHM-AH0186,Ahmedabad,2026-01-22,1,Winter,0.0,19.8,83.6,104.7,0,3,0.0661,0.0,0.0
KOL-KO0190,Kolkata,2025-10-04,10,Winter,9.44,23.9,188.2,201.5,0,2,0.1003,0.0691,0.193
KOL-KO0152,Kolkata,2024-07-23,7,Monsoon,19.45,32.0,152.4,199.7,0,2,0.0557,0.0865,0.1682
KOL-KO0092,Kolkata,2024-10-10,10,Winter,3.73,15.4,99.0,109.9,0,1,0.2556,0.0714,0.0
AHM-AH0097,Ahmedabad,2025-11-01,11,Winter,0.0,19.3,57.5,103.8,0,1,0.112,0.0224,0.0
PUN-PU0013,Pune,2025-05-10,5,Summer,0.0,37.8,151.3,162.8,0,4,0.1186,0.0767,0.1357
BEN-BE0149,Bengaluru,2026-03-27,3,Summer,0.0,31.4,64.0,79.3,1,2,0.0196,0.2661,0.0321
CHE-CH0060,Chennai,2025-08-11,8,Monsoon,21.28,35.6,113.6,160.7,0,2,0.3132,0.0327,0.049
BEN-BE0102,Bengaluru,2026-04-02,4,Summer,9.8,34.9,92.5,109.4,0,4,0.1184,0.0,0.0
MUM-MU0177,Mumbai,2024-05-29,5,Summer,9.9,47.3,53.0,69.1,0,4,0.6092,0.0,0.0418
BEN-BE0171,Bengaluru,2024-07-24,7,Monsoon,35.84,32.0,211.1,256.5,0,5,0.4186,0.0747,0.3188
KOL-KO0123,Kolkata,2025-05-07,5,Summer,7.17,37.6,172.6,203.6,0,5,0.1037,0.1446,0.2288
BEN-BE0099,Bengaluru,2025-01-27,1,Winter,10.11,20.6,110.6,156.8,0,1,0.1376,0.0,0.0509
AHM-AH0136,Ahmedabad,2025-06-01,6,Monsoon,10.65,31.0,156.3,170.8,0,4,0.1529,0.051,0.1266
KOL-KO0151,Kolkata,2025-11-08,11,Winter,3.01,28.6,54.9,97.3,0,2,0.0039,0.0919,0.055
HYD-HY0167,Hyderabad,2025-08-16,8,Monsoon,6.59,39.1,126.6,150.8,1,1,0.1033,0.1518,0.0439
PUN-PU0049,Pune,2024-05-22,5,Summer,8.34,26.0,99.3,140.4,0,3,0.041,0.032,0.0913
PUN-PU0168,Pune,2024-06-29,6,Monsoon,24.42,36.3,124.1,173.3,0,2,0.4028,0.0617,0.0485
CHE-CH0176,Chennai,2025-03-21,3,Summer,9.2,32.0,73.3,92.5,0,5,0.101,0.0,0.0
CHE-CH0088,Chennai,2025-02-08,2,Winter,4.91,40.0,105.0,151.4,0,3,0.1804,0.0,0.0
MUM-MU0058,Mumbai,2024-04-24,4,Summer,15.78,38.9,123.5,161.4,0,4,0.2942,0.0821,0.016
HYD-HY0012,Hyderabad,2025-03-04,3,Summer,0.0,32.1,182.3,216.7,0,2,0.1822,0.0435,0.2441
CHE-CH0065,Chennai,2026-01-15,1,Winter,2.44,21.6,139.4,155.7,1,2,0.0772,0.1565,0.1903
DEL-DE0172,Delhi,2026-02-12,2,Winter,8.45,34.7,354.7,395.2,0,4,0.0957,0.0002,0.6848
KOL-KO0198,Kolkata,2024-06-28,6,Monsoon,12.85,25.3,110.4,133.4,0,1,0.2364,0.0043,0.0404
BEN-BE0034,Bengaluru,2025-09-07,9,Monsoon,11.85,24.4,108.7,148.1,0,3,0.0705,0.0019,0.0896
CHE-CH0126,Chennai,2025-03-19,3,Summer,5.76,28.7,88.9,100.9,1,1,0.0,0.28,0.0
BEN-BE0129,Bengaluru,2024-10-07,10,Winter,5.01,21.6,85.1,110.4,0,5,0.0985,0.0356,0.045
CHE-CH0097,Chennai,2025-01-21,1,Winter,0.0,26.1,58.1,94.0,1,1,0.0,0.2133,0.0085
BEN-BE0172,Bengaluru,2026-01-02,1,Winter,0.0,21.8,97.8,133.0,0,2,0.0453,0.0365,0.0909
PUN-PU0020,Pune,2024-10-09,10,Winter,0.0,17.3,141.6,161.3,0,4,0.1726,0.0285,0.1175
AHM-AH0036,Ahmedabad,2024-04-05,4,Summer,1.81,48.0,115.2,164.0,0,2,0.3893,0.0247,0.1077
BEN-BE0165,Bengaluru,2025-01-29,1,Winter,5.06,15.0,96.6,111.5,0,4,0.0029,0.1158,0.0
HYD-HY0138,Hyderabad,2024-11-11,11,Winter,8.71,15.0,104.5,115.1,0,3,0.0183,0.0558,0.0
MUM-MU0020,Mumbai,2025-10-12,10,Winter,0.0,18.9,204.8,252.8,0,3,0.1593,0.022,0.2172
HYD-HY0058,Hyderabad,2025-04-29,4,Summer,6.61,30.8,72.0,98.5,0,3,0.2621,0.0542,0.0
DEL-DE0191,Delhi,2024-07-19,7,Monsoon,8.35,38.3,133.8,159.9,1,3,0.1419,0.1912,0.0876
MUM-MU0175,Mumbai,2024-08-04,8,Monsoon,87.59,29.4,67.2,105.9,0,2,0.9514,0.0314,0.0
BEN-BE0094,Bengaluru,2025-04-06,4,Summer,10.5,31.0,86.6,134.1,1,5,0.0703,0.1591,0.0851
AHM-AH0074,Ahmedabad,2024-08-16,8,Monsoon,27.69,32.8,95.0,107.7,0,1,0.4132,0.0513,0.0
KOL-KO0032,Kolkata,2024-07-14,7,Monsoon,0.8,23.2,52.2,93.8,0,2,0.0906,0.0537,0.0351
HYD-HY0000,Hyderabad,2025-08-21,8,Monsoon,5.13,24.8,99.2,121.3,0,3,0.0683,0.0607,0.0
HYD-HY0137,Hyderabad,2024-12-30,12,Winter,10.71,19.3,82.0,129.0,0,1,0.1755,0.0837,0.0772
AHM-AH0152,Ahmedabad,2026-03-24,3,Summer,14.31,38.6,126.7,153.1,0,3,0.0522,0.1085,0.0821
BEN-BE0092,Bengaluru,2025-03-09,3,Summer,6.53,36.0,63.6,112.1,1,3,0.0886,0.255,0.0588
AHM-AH0014,Ahmedabad,2025-03-25,3,Summer,11.92,44.3,57.2,106.5,0,4,0.3285,0.0624,0.0291
KOL-KO0175,Kolkata,2024-05-22,5,Summer,3.23,44.4,142.5,184.7,0,2,0.2444,0.1091,0.1976
PUN-PU0122,Pune,2025-10-16,10,Winter,5.75,30.0,101.0,132.0,0,1,0.1306,0.0172,0.0
AHM-AH0057,Ahmedabad,2024-06-17,6,Monsoon,20.99,36.2,171.3,201.0,0,3,0.2752,0.0472,0.1943
HYD-HY0005,Hyderabad,2024-04-29,4,Summer,0.0,43.3,74.2,118.0,0,3,0.2192,0.0214,0.0
KOL-KO0117,Kolkata,2025-04-02,4,Summer,12.8,40.4,144.5,163.2,0,4,0.0466,0.05,0.1509
MUM-MU0035,Mumbai,2025-02-14,2,Winter,5.06,23.6,167.1,194.0,0,2,0.0395,0.0577,0.1584
MUM-MU0190,Mumbai,2025-04-19,4,Summer,4.91,38.5,142.2,180.9,0,4,0.0678,0.1022,0.1061
CHE-CH0002,Chennai,2026-03-28,3,Summer,12.62,48.0,107.3,136.6,0,2,0.5428,0.0951,0.03
BEN-BE0053,Bengaluru,2024-04-02,4,Summer,0.0,23.7,120.4,160.9,0,4,0.1291,0.0364,0.102
KOL-KO0028,Kolkata,2025-01-01,1,Winter,6.82,37.5,176.0,206.6,1,5,0.1048,0.1637,0.2492
AHM-AH0016,Ahmedabad,2025-06-22,6,Monsoon,10.38,29.6,156.6,187.3,0,1,0.1762,0.0597,0.1574
BEN-BE0098,Bengaluru,2025-03-22,3,Summer,7.68,33.5,110.4,149.5,0,2,0.1683,0.0389,0.0145
CHE-CH0027,Chennai,2026-03-03,3,Summer,3.42,38.5,114.3,159.5,1,1,0.1154,0.1933,0.0261
PUN-PU0159,Pune,2025-11-20,11,Winter,9.64,22.9,125.4,164.3,0,3,0.1332,0.1269,0.0
HYD-HY0191,Hyderabad,2025-07-06,7,Monsoon,10.36,29.0,58.9,73.7,0,1,0.2273,0.039,0.0488
CHE-CH0155,Chennai,2025-11-04,11,Winter,4.17,32.4,127.3,162.6,0,4,0.0784,0.0446,0.0754
KOL-KO0169,Kolkata,2025-06-03,6,Monsoon,15.38,20.8,75.2,110.5,0,2,0.0,0.0872,0.0124
HYD-HY0133,Hyderabad,2025-08-04,8,Monsoon,23.46,27.7,65.3,95.4,0,3,0.3851,0.1128,0.0
HYD-HY0087,Hyderabad,2024-12-25,12,Winter,2.48,29.2,149.1,161.8,0,5,0.1335,0.0303,0.1181
CHE-CH0104,Chennai,2025-10-17,10,Winter,4.59,24.6,30.0,53.3,1,3,0.078,0.2207,0.0254
KOL-KO0071,Kolkata,2025-12-09,12,Winter,0.0,27.0,97.5,109.1,0,3,0.0778,0.0406,0.0324
AHM-AH0127,Ahmedabad,2025-06-18,6,Monsoon,11.58,31.9,84.4,133.6,0,1,0.0437,0.0951,0.0694
HYD-HY0127,Hyderabad,2025-10-27,10,Winter,7.72,25.2,170.0,199.0,0,4,0.0971,0.1074,0.1466
CHE-CH0077,Chennai,2024-08-11,8,Monsoon,46.28,23.8,86.9,118.8,0,2,0.582,0.0077,0.0459
CHE-CH0120,Chennai,2026-02-19,2,Winter,1.17,23.3,30.0,77.3,0,5,0.1138,0.0369,0.0235
AHM-AH0039,Ahmedabad,2025-12-30,12,Winter,1.07,22.4,63.4,74.2,0,2,0.1996,0.065,0.0
KOL-KO0129,Kolkata,2024-12-08,12,Winter,0.41,28.2,158.2,188.6,0,2,0.1509,0.0327,0.1463
BEN-BE0154,Bengaluru,2024-07-05,7,Monsoon,17.81,25.9,76.8,89.9,0,3,0.1942,0.0111,0.08
CHE-CH0027,Chennai,2025-05-30,5,Summer,22.19,42.2,30.0,62.8,0,1,0.3722,0.0479,0.0309
BEN-BE0114,Bengaluru,2025-03-13,3,Summer,12.35,36.8,132.5,146.0,0,5,0.0619,0.0874,0.0957
BEN-BE0072,Bengaluru,2026-03-20,3,Summer,3.95,40.8,105.9,152.4,0,4,0.1955,0.0896,0.0409
DEL-DE0047,Delhi,2025-10-24,10,Winter,0.0,19.2,379.3,396.1,0,3,0.039,0.0,0.67
AHM-AH0077,Ahmedabad,2025-04-15,4,Summer,10.11,33.3,132.2,171.0,0,5,0.1507,0.0768,0.1533
DEL-DE0194,Delhi,2024-05-16,5,Summer,0.0,32.6,102.4,145.6,0,3,0.1144,0.0902,0.1227
CHE-CH0046,Chennai,2024-10-12,10,Winter,5.54,21.1,42.6,65.1,0,4,0.278,0.0076,0.0
DEL-DE0044,Delhi,2025-08-29,8,Monsoon,4.92,33.7,50.6,66.5,0,1,0.1118,0.0523,0.0
AHM-AH0121,Ahmedabad,2025-11-14,11,Winter,0.0,39.6,147.2,190.5,0,1,0.1361,0.023,0.1373
HYD-HY0097,Hyderabad,2024-06-09,6,Monsoon,33.42,28.4,142.5,173.5,0,3,0.4499,0.0884,0.1766
AHM-AH0160,Ahmedabad,2025-08-03,8,Monsoon,9.18,31.6,57.5,87.8,0,1,0.1741,0.006,0.0743
AHM-AH0013,Ahmedabad,2026-02-16,2,Winter,1.72,30.7,133.1,158.6,1,2,0.0729,0.1457,0.0364
DEL-DE0179,Delhi,2025-01-27,1,Winter,2.45,22.1,312.5,331.4,0,2,0.0467,0.0819,0.5932
DEL-DE0192,Delhi,2025-05-05,5,Summer,0.0,48.0,109.4,141.9,0,4,0.5194,0.1117,0.017
BEN-BE0043,Bengaluru,2025-02-09,2,Winter,0.57,21.3,175.9,217.0,0,3,0.2687,0.0888,0.1956
AHM-AH0112,Ahmedabad,2024-08-19,8,Monsoon,18.92,40.2,93.0,127.4,0,5,0.0,0.1262,0.0832
KOL-KO0191,Kolkata,2025-04-28,4,Summer,11.33,37.5,109.8,151.0,0,3,0.0458,0.0,0.0062
BEN-BE0166,Bengaluru,2024-06-06,6,Monsoon,30.11,28.1,107.8,156.5,0,5,0.3423,0.0393,0.0678
AHM-AH0083,Ahmedabad,2025-06-14,6,Monsoon,12.83,34.5,60.0,90.0,0,4,0.1602,0.0265,0.0674
PUN-PU0007,Pune,2025-09-15,9,Monsoon,18.41,31.4,143.0,155.6,0,4,0.1297,0.0,0.1018
AHM-AH0156,Ahmedabad,2025-04-26,4,Summer,0.0,43.0,88.7,123.9,1,2,0.2476,0.1592,0.0225
HYD-HY0074,Hyderabad,2026-01-31,1,Winter,10.0,20.1,86.3,112.5,0,2,0.2819,0.0999,0.0
PUN-PU0022,Pune,2025-12-04,12,Winter,0.0,15.0,108.3,124.6,0,1,0.0969,0.0404,0.0
BEN-BE0179,Bengaluru,2025-08-23,8,Monsoon,9.6,33.3,72.9,122.3,0,4,0.0625,0.0,0.0
DEL-DE0005,Delhi,2025-03-22,3,Summer,3.89,45.6,72.4,88.4,1,3,0.4132,0.2059,0.0
DEL-DE0197,Delhi,2024-06-25,6,Monsoon,23.41,27.9,161.9,192.1,0,1,0.2981,0.0495,0.2181
CHE-CH0006,Chennai,2026-03-17,3,Summer,4.26,48.0,130.0,147.4,0,3,0.6115,0.0435,0.1104
BEN-BE0065,Bengaluru,2025-05-31,5,Summer,0.0,36.9,147.9,189.6,0,4,0.0637,0.0332,0.1505
CHE-CH0139,Chennai,2025-07-08,7,Monsoon,26.59,26.8,125.7,139.3,0,3,0.4718,0.0712,0.1128
DEL-DE0167,Delhi,2025-09-17,9,Monsoon,8.29,36.6,71.4,110.7,0,2,0.0295,0.0901,0.0
CHE-CH0019,Chennai,2025-10-04,10,Winter,3.89,27.4,95.8,139.4,0,2,0.1326,0.0,0.0177
MUM-MU0028,Mumbai,2025-08-02,8,Monsoon,9.55,32.3,113.3,138.1,0,3,0.1471,0.0137,0.0647
AHM-AH0050,Ahmedabad,2026-01-07,1,Winter,0.0,19.3,174.1,214.0,0,3,0.1441,0.0353,0.1928
HYD-HY0093,Hyderabad,2024-04-26,4,Summer,0.55,38.6,95.8,145.6,0,2,0.1786,0.1019,0.0
DEL-DE0059,Delhi,2025-11-08,11,Winter,0.0,20.7,427.2,457.8,0,1,0.177,0.0766,0.8074
BEN-BE0161,Bengaluru,2024-07-09,7,Monsoon,11.55,24.6,137.0,151.8,0,5,0.0539,0.101,0.1276
MUM-MU0093,Mumbai,2024-04-16,4,Summer,1.98,37.6,125.5,161.2,1,1,0.0547,0.2901,0.1259
MUM-MU0111,Mumbai,2024-10-04,10,Winter,4.34,15.0,50.8,70.5,0,5,0.0822,0.0626,0.0376
HYD-HY0133,Hyderabad,2024-07-23,7,Monsoon,12.03,37.1,143.1,170.4,0,3,0.053,0.0201,0.1385
BEN-BE0198,Bengaluru,2025-10-22,10,Winter,1.65,18.7,59.2,92.2,0,1,0.1175,0.0448,0.0191
AHM-AH0028,Ahmedabad,2024-08-01,8,Monsoon,38.17,29.0,105.5,148.2,0,4,0.4386,0.0796,0.1014
DEL-DE0058,Delhi,2025-01-18,1,Winter,0.0,19.3,296.7,331.9,0,2,0.0629,0.051,0.5353
PUN-PU0106,Pune,2026-02-25,2,Winter,0.0,24.0,62.7,111.0,0,2,0.0919,0.0604,0.0037
AHM-AH0141,Ahmedabad,2024-04-07,4,Summer,3.62,38.4,136.4,155.6,0,2,0.0867,0.0662,0.0829
HYD-HY0005,Hyderabad,2025-07-10,7,Monsoon,2.91,27.7,69.5,81.6,0,4,0.1231,0.0804,0.0
DEL-DE0010,Delhi,2024-08-05,8,Monsoon,31.18,29.3,101.4,139.4,0,3,0.3724,0.0651,0.0
MUM-MU0025,Mumbai,2025-06-18,6,Monsoon,14.01,31.5,60.8,81.3,0,2,0.0805,0.1451,0.0
HYD-HY0175,Hyderabad,2024-05-16,5,Summer,5.25,27.5,142.1,189.8,0,1,0.0849,0.0119,0.1679
BEN-BE0182,Bengaluru,2026-01-27,1,Winter,4.11,18.8,85.3,112.5,0,3,0.0673,0.0235,0.0129
KOL-KO0161,Kolkata,2025-04-18,4,Summer,7.02,36.2,161.7,186.4,0,1,0.0469,0.0525,0.2041
KOL-KO0180,Kolkata,2025-04-21,4,Summer,7.37,45.9,153.0,177.8,0,3,0.4394,0.0155,0.0948
KOL-KO0102,Kolkata,2025-03-28,3,Summer,7.18,31.7,165.6,205.8,0,5,0.0006,0.0375,0.1543
CHE-CH0097,Chennai,2025-08-04,8,Monsoon,30.34,25.0,97.5,110.1,0,3,0.4125,0.0,0.0148
DEL-DE0177,Delhi,2025-05-07,5,Summer,7.85,37.2,121.2,149.4,1,1,0.1451,0.2224,0.1285
MUM-MU0105,Mumbai,2025-04-30,4,Summer,18.43,34.6,188.7,233.7,0,2,0.1236,0.0755,0.2933
BEN-BE0117,Bengaluru,2024-09-12,9,Monsoon,28.27,31.6,121.6,142.4,0,5,0.3465,0.0655,0.1322
KOL-KO0178,Kolkata,2026-01-18,1,Winter,4.05,34.2,207.3,255.3,0,3,0.1173,0.0967,0.2957
DEL-DE0033,Delhi,2025-01-19,1,Winter,2.42,30.2,327.9,343.2,0,4,0.1281,0.0168,0.61
MUM-MU0133,Mumbai,2024-10-07,10,Winter,2.28,27.6,178.4,203.6,0,3,0.1198,0.0646,0.2477
KOL-KO0020,Kolkata,2025-07-09,7,Monsoon,0.0,26.0,159.8,174.9,0,3,0.1137,0.0,0.2107
HYD-HY0007,Hyderabad,2025-03-19,3,Summer,0.0,30.0,82.1,95.5,0,3,0.0414,0.0655,0.0458
MUM-MU0151,Mumbai,2025-11-07,11,Winter,11.81,27.6,68.1,105.6,1,3,0.0018,0.1562,0.0401
HYD-HY0181,Hyderabad,2024-07-27,7,Monsoon,23.43,26.5,53.9,66.0,0,3,0.3886,0.0766,0.0841
PUN-PU0089,Pune,2025-04-03,4,Summer,5.29,33.2,61.1,97.9,0,4,0.1219,0.0777,0.0269
AHM-AH0005,Ahmedabad,2025-04-05,4,Summer,6.27,33.9,135.4,158.6,1,1,0.0,0.1589,0.1543
MUM-MU0109,Mumbai,2024-07-11,7,Monsoon,59.31,28.7,185.3,225.7,0,2,0.7064,0.1246,0.2501
DEL-DE0110,Delhi,2024-12-27,12,Winter,0.36,30.4,308.1,325.5,0,3,0.189,0.0,0.4878
DEL-DE0105,Delhi,2024-04-29,4,Summer,12.71,43.1,78.9,118.3,0,4,0.2198,0.0413,0.0098
HYD-HY0152,Hyderabad,2025-03-25,3,Summer,4.75,31.8,74.0,107.7,0,1,0.0679,0.0,0.0176
CHE-CH0022,Chennai,2024-10-16,10,Winter,0.0,22.0,135.9,149.9,0,2,0.114,0.0,0.0969
MUM-MU0174,Mumbai,2026-02-28,2,Winter,8.14,27.2,119.2,135.4,0,3,0.2127,0.0513,0.0633
BEN-BE0108,Bengaluru,2025-10-19,10,Winter,0.0,17.1,30.0,58.4,1,1,0.2138,0.1944,0.015
DEL-DE0042,Delhi,2025-05-31,5,Summer,2.09,45.7,121.6,143.1,0,4,0.31,0.0885,0.0596
HYD-HY0142,Hyderabad,2025-08-14,8,Monsoon,28.98,31.2,86.9,103.8,0,3,0.3082,0.0095,0.0222
AHM-AH0165,Ahmedabad,2025-11-19,11,Winter,0.0,23.1,146.4,187.1,0,4,0.1432,0.094,0.1418
KOL-KO0052,Kolkata,2025-04-23,4,Summer,13.92,34.5,79.7,102.6,0,5,0.0499,0.0465,0.0757
PUN-PU0041,Pune,2025-06-05,6,Monsoon,24.83,36.9,87.5,106.2,1,2,0.3557,0.1992,0.0071
PUN-PU0020,Pune,2024-09-16,9,Monsoon,23.09,22.5,50.1,93.2,0,4,0.2677,0.0583,0.0112
PUN-PU0066,Pune,2025-01-17,1,Winter,6.02,15.0,108.1,146.5,1,1,0.0953,0.2034,0.0
BEN-BE0062,Bengaluru,2024-07-29,7,Monsoon,0.0,30.1,141.0,168.0,0,5,0.0123,0.0461,0.1157
AHM-AH0188,Ahmedabad,2025-11-02,11,Winter,0.0,36.1,73.7,110.2,0,3,0.0489,0.05,0.0303
HYD-HY0070,Hyderabad,2024-11-26,11,Winter,6.8,15.0,137.6,165.1,0,5,0.0344,0.0743,0.1361
CHE-CH0179,Chennai,2026-03-22,3,Summer,7.16,29.6,119.9,148.1,1,3,0.1793,0.2503,0.0141
KOL-KO0122,Kolkata,2024-12-26,12,Winter,10.03,28.1,186.5,218.1,0,2,0.1555,0.088,0.3151
KOL-KO0106,Kolkata,2024-07-29,7,Monsoon,4.6,24.8,132.4,154.9,0,2,0.0356,0.0429,0.0965
CHE-CH0008,Chennai,2025-04-17,4,Summer,9.76,29.7,96.5,135.7,0,5,0.1298,0.099,0.0
PUN-PU0005,Pune,2026-03-01,3,Summer,0.0,48.0,79.1,120.3,0,1,0.5095,0.0622,0.0647
KOL-KO0078,Kolkata,2024-04-08,4,Summer,1.35,33.4,123.7,161.4,0,1,0.0213,0.0122,0.1144
CHE-CH0025,Chennai,2025-09-20,9,Monsoon,13.95,36.3,82.0,101.5,0,4,0.1013,0.0177,0.0
HYD-HY0164,Hyderabad,2025-12-17,12,Winter,7.64,20.9,113.1,160.0,0,3,0.107,0.0902,0.027
PUN-PU0071,Pune,2025-01-29,1,Winter,0.0,19.1,117.1,156.4,0,2,0.2159,0.0372,0.0399
MUM-MU0123,Mumbai,2025-06-03,6,Monsoon,49.42,40.0,140.1,169.6,0,4,0.615,0.0505,0.0415
PUN-PU0048,Pune,2025-09-19,9,Monsoon,12.56,32.7,124.0,157.9,1,5,0.0276,0.2064,0.087
AHM-AH0115,Ahmedabad,2024-06-22,6,Monsoon,26.13,32.5,70.1,87.2,0,3,0.3927,0.0,0.0408
DEL-DE0003,Delhi,2024-07-19,7,Monsoon,17.63,37.6,30.0,74.5,0,2,0.1986,0.0207,0.0302
AHM-AH0162,Ahmedabad,2026-02-27,2,Winter,0.0,31.2,136.1,146.8,0,5,0.1788,0.0448,0.1455
BEN-BE0025,Bengaluru,2025-07-12,7,Monsoon,38.14,24.5,86.2,116.4,0,3,0.5186,0.1149,0.0
PUN-PU0081,Pune,2025-05-24,5,Summer,0.38,32.1,109.5,143.0,0,1,0.0032,0.0662,0.0496
BEN-BE0032,Bengaluru,2024-09-08,9,Monsoon,9.67,31.5,132.8,165.7,0,3,0.0735,0.0999,0.1261
BEN-BE0141,Bengaluru,2025-03-20,3,Summer,6.87,36.3,148.6,188.1,1,3,0.1389,0.2458,0.0809
PUN-PU0152,Pune,2025-12-04,12,Winter,0.97,22.4,93.5,123.2,0,2,0.009,0.0886,0.0508
MUM-MU0166,Mumbai,2024-05-16,5,Summer,7.83,48.0,156.8,188.2,0,4,0.5448,0.0068,0.1686
DEL-DE0121,Delhi,2024-11-06,11,Winter,7.06,27.6,355.1,392.6,1,1,0.1553,0.1502,0.659
BEN-BE0091,Bengaluru,2025-10-10,10,Winter,0.0,17.0,103.9,121.4,0,4,0.0,0.0331,0.1147
DEL-DE0155,Delhi,2024-05-22,5,Summer,0.0,45.6,126.3,174.0,0,2,0.3735,0.0,0.1282
HYD-HY0130,Hyderabad,2025-01-12,1,Winter,8.54,19.7,62.4,109.3,0,1,0.1141,0.0695,0.1099
MUM-MU0153,Mumbai,2025-09-16,9,Monsoon,67.04,33.4,128.2,156.5,0,3,0.8353,0.0257,0.0184
DEL-DE0120,Delhi,2025-04-28,4,Summer,21.57,48.0,109.7,148.5,1,2,0.2838,0.1995,0.0828
MUM-MU0005,Mumbai,2026-02-14,2,Winter,0.0,28.3,139.6,154.8,1,2,0.245,0.1801,0.1032
KOL-KO0036,Kolkata,2025-02-14,2,Winter,3.92,17.6,137.3,166.6,0,2,0.0893,0.1293,0.0852
KOL-KO0122,Kolkata,2025-03-08,3,Summer,4.81,39.8,121.2,157.6,0,4,0.0,0.0343,0.0562
AHM-AH0011,Ahmedabad,2024-05-18,5,Summer,14.21,34.1,104.7,122.8,0,1,0.2369,0.0558,0.0352
PUN-PU0016,Pune,2025-07-25,7,Monsoon,6.74,25.2,103.9,127.8,0,2,0.1304,0.036,0.0305
KOL-KO0162,Kolkata,2024-08-20,8,Monsoon,0.0,33.3,91.8,122.2,0,1,0.0,0.0,0.0064
BEN-BE0196,Bengaluru,2025-06-16,6,Monsoon,24.75,30.9,110.0,121.9,0,1,0.3939,0.0,0.0244
MUM-MU0066,Mumbai,2024-08-11,8,Monsoon,0.0,35.8,184.0,202.6,0,5,0.1603,0.0269,0.2353
BEN-BE0074,Bengaluru,2024-06-18,6,Monsoon,15.45,21.3,116.2,132.7,0,2,0.1029,0.022,0.0869
BEN-BE0190,Bengaluru,2024-10-27,10,Winter,0.0,15.6,113.6,134.7,0,3,0.0607,0.0363,0.0626
AHM-AH0047,Ahmedabad,2025-09-27,9,Monsoon,20.71,29.0,67.7,79.8,0,4,0.3372,0.0685,0.0339
BEN-BE0179,Bengaluru,2025-08-08,8,Monsoon,12.98,30.1,96.3,114.2,0,2,0.0763,0.0146,0.046
AHM-AH0039,Ahmedabad,2025-03-12,3,Summer,7.37,40.5,104.1,121.5,0,3,0.0,0.1096,0.0306
KOL-KO0129,Kolkata,2025-01-04,1,Winter,7.83,22.2,183.3,232.7,0,2,0.1859,0.0821,0.1961
MUM-MU0145,Mumbai,2024-08-09,8,Monsoon,43.77,35.2,142.1,153.5,0,3,0.5401,0.0,0.201
AHM-AH0007,Ahmedabad,2025-03-14,3,Summer,0.0,34.9,30.0,47.0,0,2,0.0731,0.0159,0.0
BEN-BE0078,Bengaluru,2025-09-25,9,Monsoon,18.76,30.0,107.8,134.1,0,3,0.0527,0.0273,0.055
BEN-BE0141,Bengaluru,2026-01-25,1,Winter,10.26,24.0,84.0,130.9,0,1,0.0,0.0444,0.0492
PUN-PU0080,Pune,2024-04-14,4,Summer,9.42,44.6,103.4,153.2,0,4,0.3739,0.0949,0.0
PUN-PU0007,Pune,2025-03-19,3,Summer,4.39,41.5,44.9,61.3,1,4,0.1349,0.1383,0.0
PUN-PU0154,Pune,2024-08-05,8,Monsoon,24.57,25.0,81.7,126.0,0,5,0.4585,0.0625,0.0408
BEN-BE0005,Bengaluru,2024-06-07,6,Monsoon,29.96,28.0,143.2,193.1,0,1,0.4407,0.0436,0.1351
KOL-KO0070,Kolkata,2025-12-17,12,Winter,1.15,26.3,169.3,194.5,1,4,0.1257,0.129,0.2569
DEL-DE0035,Delhi,2024-09-28,9,Monsoon,30.13,27.6,141.1,151.6,0,3,0.4217,0.0,0.1321
HYD-HY0115,Hyderabad,2024-07-23,7,Monsoon,26.72,30.5,157.7,187.7,0,3,0.3268,0.0568,0.1407
BEN-BE0060,Bengaluru,2025-10-20,10,Winter,5.52,15.0,88.5,115.4,0,5,0.0,0.0703,0.0756
PUN-PU0126,Pune,2024-07-08,7,Monsoon,11.08,27.5,126.9,174.4,0,2,0.1643,0.037,0.0939
DEL-DE0105,Delhi,2024-06-29,6,Monsoon,15.68,32.7,88.9,119.8,0,2,0.0708,0.0003,0.0
BEN-BE0144,Bengaluru,2025-01-19,1,Winter,0.0,21.2,90.9,135.0,0,4,0.1554,0.0145,0.0408
DEL-DE0091,Delhi,2025-07-16,7,Monsoon,7.66,33.2,97.1,146.9,0,2,0.1967,0.0,0.0121
MUM-MU0146,Mumbai,2026-01-12,1,Winter,0.0,29.2,92.3,127.6,0,2,0.0088,0.101,0.0
MUM-MU0122,Mumbai,2025-08-09,8,Monsoon,41.14,35.1,149.5,186.9,0,2,0.5266,0.0932,0.1967
DEL-DE0139,Delhi,2025-04-12,4,Summer,20.11,41.3,30.0,70.0,0,2,0.3998,0.065,0.0163
CHE-CH0029,Chennai,2025-09-12,9,Monsoon,14.86,35.1,120.8,150.6,0,1,0.0878,0.0,0.0371
PUN-PU0018,Pune,2024-06-20,6,Monsoon,13.68,25.1,83.0,126.9,0,4,0.0378,0.0498,0.0
AHM-AH0133,Ahmedabad,2024-04-08,4,Summer,14.63,38.9,112.0,158.2,0,4,0.1764,0.0068,0.0004
HYD-HY0165,Hyderabad,2025-02-13,2,Winter,5.81,31.2,108.9,146.5,0,1,0.0574,0.0428,0.0024
BEN-BE0191,Bengaluru,2026-03-27,3,Summer,9.24,33.3,92.9,135.3,0,2,0.0473,0.0999,0.0737
KOL-KO0099,Kolkata,2025-09-01,9,Monsoon,18.28,24.5,111.8,141.2,0,5,0.0712,0.0504,0.0548
DEL-DE0054,Delhi,2025-04-26,4,Summer,0.0,48.0,127.6,172.3,0,5,0.4922,0.0574,0.1448
KOL-KO0159,Kolkata,2024-05-28,5,Summer,2.05,37.2,206.1,224.2,0,3,0.1917,0.0227,0.2542
AHM-AH0010,Ahmedabad,2025-02-17,2,Winter,0.0,28.4,81.5,94.1,0,2,0.1353,0.0611,0.0553
CHE-CH0022,Chennai,2024-08-02,8,Monsoon,61.95,31.4,103.8,129.4,0,1,0.6228,0.0301,0.0405
AHM-AH0033,Ahmedabad,2024-08-17,8,Monsoon,0.0,33.7,79.0,108.9,0,3,0.1452,0.1408,0.0331
KOL-KO0024,Kolkata,2024-12-22,12,Winter,0.0,15.0,53.6,91.5,1,5,0.1213,0.2548,0.0227
BEN-BE0157,Bengaluru,2024-12-06,12,Winter,11.33,23.9,55.5,80.4,0,1,0.0922,0.0419,0.0934
HYD-HY0024,Hyderabad,2025-03-10,3,Summer,8.93,29.4,108.9,136.0,0,4,0.1943,0.0,0.1764
HYD-HY0105,Hyderabad,2025-07-09,7,Monsoon,40.36,30.9,110.9,123.8,0,3,0.5437,0.0403,0.0204
HYD-HY0011,Hyderabad,2024-07-01,7,Monsoon,74.77,24.9,75.7,117.9,0,2,0.8776,0.0002,0.0735
KOL-KO0096,Kolkata,2024-05-04,5,Summer,3.96,38.7,181.0,229.8,0,1,0.0164,0.0396,0.2487
MUM-MU0164,Mumbai,2024-09-30,9,Monsoon,38.17,23.2,111.0,131.9,0,1,0.531,0.1207,0.0047
PUN-PU0024,Pune,2026-03-01,3,Summer,10.72,46.2,89.1,113.3,0,2,0.3991,0.0302,0.0558
MUM-MU0081,Mumbai,2024-09-04,9,Monsoon,50.06,41.8,120.4,135.0,0,2,0.6152,0.0555,0.0841
KOL-KO0084,Kolkata,2025-02-28,2,Winter,0.0,20.2,103.9,135.1,0,3,0.0932,0.0,0.0587
AHM-AH0104,Ahmedabad,2024-04-21,4,Summer,8.85,47.2,42.1,75.9,1,5,0.4666,0.2722,0.0
CHE-CH0060,Chennai,2025-09-04,9,Monsoon,38.75,34.7,61.8,75.5,0,5,0.4749,0.0917,0.0113
PUN-PU0036,Pune,2025-09-10,9,Monsoon,8.29,31.3,152.9,179.4,0,3,0.0545,0.0754,0.1309
BEN-BE0112,Bengaluru,2026-03-02,3,Summer,0.0,43.5,145.2,189.9,0,2,0.3005,0.0379,0.1306
MUM-MU0052,Mumbai,2025-09-30,9,Monsoon,21.86,31.1,104.4,152.3,0,4,0.3178,0.0635,0.0513
MUM-MU0187,Mumbai,2026-03-29,3,Summer,3.37,39.7,83.1,119.6,0,3,0.2098,0.0037,0.0
BEN-BE0068,Bengaluru,2024-11-09,11,Winter,0.0,15.0,46.5,69.6,0,3,0.0619,0.072,0.0
PUN-PU0180,Pune,2025-03-13,3,Summer,7.76,40.5,107.5,119.3,0,4,0.1267,0.0814,0.0374
HYD-HY0178,Hyderabad,2024-09-25,9,Monsoon,0.0,35.9,91.8,119.3,0,3,0.1859,0.0406,0.0077
PUN-PU0002,Pune,2026-02-19,2,Winter,0.0,28.8,78.9,108.6,0,2,0.1887,0.0434,0.0893
MUM-MU0042,Mumbai,2024-12-31,12,Winter,5.03,16.4,314.4,353.6,0,3,0.1584,0.0596,0.5508
AHM-AH0166,Ahmedabad,2026-03-27,3,Summer,11.14,40.9,63.8,92.2,1,3,0.1919,0.1544,0.0594
PUN-PU0176,Pune,2025-08-10,8,Monsoon,10.78,38.7,103.4,116.2,0,3,0.0418,0.0022,0.0423
BEN-BE0151,Bengaluru,2025-09-24,9,Monsoon,7.39,33.8,114.4,161.4,0,3,0.2604,0.0,0.0756
HYD-HY0180,Hyderabad,2025-08-07,8,Monsoon,61.49,30.4,110.4,151.7,0,2,0.7832,0.0395,0.0296
MUM-MU0082,Mumbai,2024-12-03,12,Winter,4.62,25.7,127.0,146.4,0,2,0.2225,0.1034,0.0923
AHM-AH0162,Ahmedabad,2024-06-29,6,Monsoon,40.95,28.2,92.7,134.0,0,3,0.5439,0.0,0.0
AHM-AH0148,Ahmedabad,2025-11-07,11,Winter,0.0,33.9,105.6,141.6,0,2,0.0363,0.0827,0.0319
DEL-DE0158,Delhi,2024-06-19,6,Monsoon,15.11,37.7,80.6,100.0,0,2,0.2239,0.0208,0.0
KOL-KO0163,Kolkata,2024-09-27,9,Monsoon,20.52,41.1,164.9,177.5,0,3,0.3073,0.0,0.1659
HYD-HY0062,Hyderabad,2026-02-18,2,Winter,0.0,24.7,67.5,103.0,0,2,0.1634,0.0742,0.0
PUN-PU0134,Pune,2024-12-17,12,Winter,3.35,26.3,125.8,157.4,1,4,0.0187,0.2188,0.082
KOL-KO0105,Kolkata,2025-11-20,11,Winter,1.9,15.0,184.2,232.1,0,1,0.1086,0.0705,0.3285
BEN-BE0169,Bengaluru,2025-07-10,7,Monsoon,15.59,28.4,172.2,190.9,0,4,0.0434,0.1095,0.2012
DEL-DE0171,Delhi,2025-12-01,12,Winter,8.21,19.2,209.9,224.4,1,2,0.1037,0.1975,0.369
HYD-HY0198,Hyderabad,2024-05-04,5,Summer,1.97,29.2,95.9,120.9,0,2,0.0612,0.0034,0.0116
KOL-KO0092,Kolkata,2024-08-20,8,Monsoon,20.63,30.5,60.8,107.6,0,5,0.3364,0.0247,0.0
PUN-PU0100,Pune,2024-05-23,5,Summer,1.81,31.0,120.0,167.8,0,2,0.1494,0.1428,0.096
HYD-HY0007,Hyderabad,2024-11-28,11,Winter,4.14,34.3,110.0,157.9,1,2,0.1311,0.2328,0.0553
MUM-MU0186,Mumbai,2025-10-24,10,Winter,0.0,15.0,140.1,183.4,0,1,0.08,0.0552,0.0626
KOL-KO0162,Kolkata,2026-02-23,2,Winter,6.38,24.8,228.6,244.5,0,2,0.1615,0.0422,0.2888
CHE-CH0112,Chennai,2026-03-20,3,Summer,21.66,34.7,124.9,139.5,0,1,0.2673,0.0547,0.1443
KOL-KO0036,Kolkata,2025-09-20,9,Monsoon,4.7,34.9,74.6,114.7,0,2,0.2728,0.1162,0.0231
CHE-CH0082,Chennai,2025-02-18,2,Winter,0.0,15.0,88.2,115.2,0,3,0.004,0.0,0.0
CHE-CH0057,Chennai,2026-03-15,3,Summer,10.88,26.8,90.7,131.4,1,5,0.1968,0.1967,0.0
PUN-PU0172,Pune,2025-03-15,3,Summer,0.91,33.2,141.5,154.0,1,3,0.1151,0.2371,0.1883
DEL-DE0014,Delhi,2025-12-06,12,Winter,0.0,22.3,345.3,387.1,0,3,0.0756,0.0,0.6736
DEL-DE0129,Delhi,2025-03-09,3,Summer,5.37,47.2,154.3,197.2,0,2,0.4469,0.0435,0.1922
CHE-CH0075,Chennai,2025-07-01,7,Monsoon,20.8,34.5,94.8,143.4,1,2,0.1796,0.2195,0.0986
KOL-KO0043,Kolkata,2025-05-23,5,Summer,1.33,33.8,233.9,269.2,0,1,0.0588,0.0632,0.2569
AHM-AH0020,Ahmedabad,2025-09-10,9,Monsoon,24.71,31.4,131.5,175.3,0,1,0.3649,0.0327,0.1112
HYD-HY0014,Hyderabad,2024-05-05,5,Summer,0.0,39.9,89.6,100.0,0,3,0.0671,0.056,0.0389
BEN-BE0190,Bengaluru,2025-07-28,7,Monsoon,8.5,22.1,139.1,164.2,0,2,0.0831,0.0236,0.1229
PUN-PU0156,Pune,2024-05-12,5,Summer,0.0,34.1,94.9,115.9,0,3,0.0,0.0235,0.069
KOL-KO0020,Kolkata,2025-07-12,7,Monsoon,14.66,34.1,78.0,124.2,0,5,0.2301,0.0153,0.0108
AHM-AH0157,Ahmedabad,2024-10-24,10,Winter,0.0,25.4,79.8,121.9,0,4,0.0281,0.1212,0.0254
HYD-HY0126,Hyderabad,2025-01-18,1,Winter,4.48,15.0,53.7,65.2,0,2,0.2444,0.1116,0.0169
MUM-MU0075,Mumbai,2025-01-20,1,Winter,0.0,24.6,147.6,177.8,0,3,0.1967,0.072,0.1887
KOL-KO0131,Kolkata,2025-12-31,12,Winter,0.0,26.6,149.7,164.3,2,3,0.1826,0.3458,0.1223
MUM-MU0180,Mumbai,2025-09-16,9,Monsoon,32.82,35.7,145.7,183.1,0,3,0.4581,0.0498,0.1659
CHE-CH0044,Chennai,2024-12-24,12,Winter,9.27,25.7,53.5,82.7,0,3,0.002,0.164,0.0242
BEN-BE0116,Bengaluru,2024-07-18,7,Monsoon,23.11,25.5,34.2,58.0,0,3,0.3028,0.0721,0.038
CHE-CH0062,Chennai,2024-06-25,6,Monsoon,6.44,22.6,80.5,108.3,0,5,0.0827,0.0099,0.0765
DEL-DE0037,Delhi,2024-05-22,5,Summer,4.91,36.5,127.7,168.2,0,4,0.0,0.099,0.0822
AHM-AH0182,Ahmedabad,2024-04-03,4,Summer,4.02,43.8,118.2,132.4,0,3,0.2622,0.0877,0.0347
KOL-KO0027,Kolkata,2025-06-25,6,Monsoon,31.93,30.1,144.3,178.9,0,3,0.3454,0.1035,0.1155
HYD-HY0053,Hyderabad,2026-03-30,3,Summer,7.17,38.5,104.2,137.5,0,3,0.0,0.0,0.0586
MUM-MU0002,Mumbai,2025-12-02,12,Winter,6.67,26.7,97.8,147.5,0,2,0.0844,0.0885,0.0609
PUN-PU0146,Pune,2024-06-23,6,Monsoon,22.96,27.9,119.2,148.5,0,3,0.2824,0.0644,0.1267
HYD-HY0111,Hyderabad,2024-08-17,8,Monsoon,0.33,29.9,106.6,148.8,0,4,0.2811,0.0658,0.0494
KOL-KO0146,Kolkata,2024-07-29,7,Monsoon,8.26,29.3,76.2,117.8,0,1,0.1879,0.1071,0.0
KOL-KO0046,Kolkata,2025-10-10,10,Winter,8.12,15.0,166.1,204.7,0,2,0.1921,0.1262,0.1089
MUM-MU0111,Mumbai,2024-09-11,9,Monsoon,14.57,25.5,62.8,103.3,0,3,0.134,0.0543,0.0
DEL-DE0184,Delhi,2025-09-11,9,Monsoon,31.64,29.8,119.5,142.3,0,3,0.4253,0.069,0.011
HYD-HY0061,Hyderabad,2025-06-15,6,Monsoon,10.78,26.7,96.9,107.7,0,3,0.0541,0.0753,0.0064
CHE-CH0140,Chennai,2024-12-05,12,Winter,2.94,31.3,77.5,95.5,0,5,0.1136,0.0581,0.0721
PUN-PU0075,Pune,2026-03-21,3,Summer,0.0,36.6,63.8,95.3,1,3,0.0813,0.168,0.0
AHM-AH0149,Ahmedabad,2025-12-20,12,Winter,0.0,28.4,101.0,142.7,0,3,0.1879,0.0563,0.0
HYD-HY0020,Hyderabad,2024-07-09,7,Monsoon,23.21,28.9,147.2,196.2,0,3,0.3057,0.1267,0.1756
PUN-PU0080,Pune,2024-08-04,8,Monsoon,78.66,26.4,70.5,98.8,0,4,0.9175,0.0611,0.0
KOL-KO0105,Kolkata,2024-04-11,4,Summer,10.11,39.0,137.4,159.6,0,3,0.022,0.0256,0.2153
AHM-AH0156,Ahmedabad,2025-01-26,1,Winter,0.0,25.9,138.4,151.9,0,3,0.1038,0.0212,0.0989
MUM-MU0105,Mumbai,2026-03-05,3,Summer,2.93,44.0,165.2,199.6,0,3,0.2801,0.097,0.1601
BEN-BE0016,Bengaluru,2025-10-17,10,Winter,10.22,15.0,97.1,124.6,0,3,0.1168,0.0885,0.0
BEN-BE0146,Bengaluru,2024-06-27,6,Monsoon,3.24,18.2,92.6,102.9,0,3,0.0233,0.0,0.0
HYD-HY0124,Hyderabad,2026-02-25,2,Winter,6.21,20.6,78.6,127.5,0,3,0.0131,0.1159,0.043
DEL-DE0068,Delhi,2025-09-13,9,Monsoon,70.29,28.5,146.4,190.3,0,5,0.7714,0.0534,0.1257
BEN-BE0189,Bengaluru,2025-05-12,5,Summer,2.97,38.1,54.4,81.0,0,2,0.1243,0.0938,0.0
KOL-KO0097,Kolkata,2026-02-04,2,Winter,1.39,27.5,229.3,248.6,0,4,0.0487,0.0119,0.3832
AHM-AH0030,Ahmedabad,2024-04-22,4,Summer,26.8,43.0,106.6,125.8,0,3,0.475,0.069,0.0195
KOL-KO0192,Kolkata,2024-10-25,10,Winter,0.0,30.3,76.8,112.4,2,3,0.0601,0.3265,0.031
DEL-DE0048,Delhi,2026-02-28,2,Winter,0.0,16.7,232.2,260.4,0,3,0.0948,0.0834,0.4539
MUM-MU0059,Mumbai,2025-07-14,7,Monsoon,48.36,34.6,151.9,177.4,0,1,0.6883,0.0732,0.099
PUN-PU0090,Pune,2026-02-24,2,Winter,5.17,22.4,73.0,112.3,0,3,0.1467,0.1103,0.0734
PUN-PU0046,Pune,2024-09-16,9,Monsoon,26.59,33.4,87.9,129.6,0,3,0.3104,0.0884,0.0265
BEN-BE0090,Bengaluru,2025-06-20,6,Monsoon,0.0,24.6,94.1,116.5,0,3,0.0239,0.0491,0.1573
AHM-AH0053,Ahmedabad,2025-01-19,1,Winter,9.19,22.5,116.6,127.9,0,3,0.1788,0.1021,0.1304
DEL-DE0124,Delhi,2024-08-27,8,Monsoon,5.92,32.9,108.9,119.9,0,3,0.2124,0.1212,0.0
CHE-CH0036,Chennai,2024-06-07,6,Monsoon,19.43,31.6,123.1,164.3,0,5,0.1107,0.0778,0.0605
HYD-HY0128,Hyderabad,2024-07-08,7,Monsoon,16.33,29.4,120.9,157.5,0,1,0.1447,0.027,0.0607
MUM-MU0028,Mumbai,2024-09-21,9,Monsoon,20.15,26.6,83.7,100.0,0,5,0.365,0.015,0.0456
HYD-HY0131,Hyderabad,2025-07-28,7,Monsoon,39.67,34.5,126.1,168.8,0,3,0.3974,0.0819,0.0096
KOL-KO0035,Kolkata,2024-10-31,10,Winter,0.0,25.5,209.7,226.7,0,1,0.1,0.0687,0.2896
MUM-MU0190,Mumbai,2025-04-30,4,Summer,1.31,35.6,125.9,154.7,0,3,0.0274,0.0375,0.1507
BEN-BE0060,Bengaluru,2024-11-17,11,Winter,8.11,19.6,95.6,127.7,0,4,0.1902,0.027,0.0009
DEL-DE0032,Delhi,2026-03-28,3,Summer,14.69,32.4,119.1,132.6,1,2,0.0252,0.1678,0.1673
KOL-KO0145,Kolkata,2024-05-03,5,Summer,6.17,39.3,194.3,238.1,0,3,0.0085,0.0,0.2309
DEL-DE0040,Delhi,2026-03-10,3,Summer,19.91,33.5,54.2,103.6,1,5,0.1563,0.1969,0.0
PUN-PU0126,Pune,2025-04-07,4,Summer,4.22,33.0,64.0,104.6,0,4,0.1349,0.0558,0.0892
DEL-DE0115,Delhi,2024-10-16,10,Winter,6.68,28.3,332.1,373.2,0,3,0.1382,0.0,0.5756
HYD-HY0020,Hyderabad,2026-02-26,2,Winter,10.24,19.6,56.0,104.8,0,4,0.1318,0.0565,0.0314
AHM-AH0067,Ahmedabad,2025-03-14,3,Summer,0.48,40.6,89.8,111.3,0,2,0.0049,0.0333,0.0443
BEN-BE0197,Bengaluru,2024-07-28,7,Monsoon,22.91,29.9,76.7,100.0,0,2,0.2898,0.0083,0.0
HYD-HY0042,Hyderabad,2026-02-17,2,Winter,0.0,21.2,86.8,111.5,0,4,0.1471,0.0784,0.0
AHM-AH0044,Ahmedabad,2025-05-31,5,Summer,6.5,40.9,31.7,81.1,0,2,0.0202,0.0528,0.0084
BEN-BE0159,Bengaluru,2024-07-27,7,Monsoon,18.03,36.7,160.4,197.1,0,2,0.251,0.0755,0.1989
KOL-KO0050,Kolkata,2026-03-13,3,Summer,14.78,26.4,30.0,48.8,0,2,0.0443,0.0408,0.0836
KOL-KO0188,Kolkata,2024-10-11,10,Winter,0.0,19.0,122.5,162.5,0,2,0.0768,0.0,0.023
KOL-KO0167,Kolkata,2024-10-13,10,Winter,0.4,30.4,109.6,146.3,0,3,0.0642,0.0,0.0965
BEN-BE0099,Bengaluru,2025-12-31,12,Winter,6.66,15.0,118.5,149.2,1,5,0.1822,0.1215,0.0713
KOL-KO0135,Kolkata,2024-12-29,12,Winter,0.0,20.0,162.5,211.0,0,3,0.1462,0.0622,0.1924
HYD-HY0128,Hyderabad,2024-10-13,10,Winter,5.92,24.9,122.9,134.5,0,1,0.1171,0.0165,0.1364
DEL-DE0096,Delhi,2026-03-20,3,Summer,0.0,38.5,59.4,102.1,0,3,0.1144,0.0761,0.0289
CHE-CH0185,Chennai,2025-04-06,4,Summer,0.1,46.7,86.5,132.6,0,2,0.4292,0.1037,0.0406
DEL-DE0190,Delhi,2024-10-04,10,Winter,2.41,24.3,421.5,431.5,1,3,0.0799,0.2157,0.8905
PUN-PU0027,Pune,2024-07-30,7,Monsoon,6.94,34.8,48.4,83.7,0,5,0.0357,0.0844,0.0413
HYD-HY0040,Hyderabad,2025-05-19,5,Summer,2.57,33.4,174.0,195.6,2,2,0.0846,0.3879,0.1924
AHM-AH0128,Ahmedabad,2024-08-17,8,Monsoon,7.71,38.5,81.1,122.8,0,3,0.118,0.1316,0.0611
DEL-DE0079,Delhi,2025-04-20,4,Summer,3.59,43.6,35.9,84.3,0,3,0.3471,0.0843,0.0122
MUM-MU0142,Mumbai,2024-06-19,6,Monsoon,21.29,29.3,128.3,159.2,0,2,0.3929,0.0817,0.1723
BEN-BE0165,Bengaluru,2024-05-19,5,Summer,0.0,33.5,92.0,120.7,1,2,0.05,0.2322,0.0
AHM-AH0182,Ahmedabad,2025-09-27,9,Monsoon,5.43,37.7,123.0,141.0,0,4,0.044,0.0765,0.0673
KOL-KO0049,Kolkata,2025-07-23,7,Monsoon,24.47,23.9,136.5,182.9,0,3,0.4132,0.0307,0.1159
CHE-CH0096,Chennai,2025-04-18,4,Summer,10.56,48.0,95.2,134.0,0,2,0.5019,0.0434,0.0337
HYD-HY0039,Hyderabad,2025-09-05,9,Monsoon,15.04,30.6,122.4,135.7,0,5,0.1367,0.0,0.0247
BEN-BE0147,Bengaluru,2025-09-05,9,Monsoon,3.45,31.1,44.2,60.6,0,5,0.1081,0.0303,0.0794
MUM-MU0005,Mumbai,2025-05-30,5,Summer,28.51,45.6,140.8,178.7,0,1,0.5399,0.0,0.1299
BEN-BE0179,Bengaluru,2025-01-07,1,Winter,0.0,15.0,52.8,65.0,0,3,0.0,0.0657,0.0
AHM-AH0086,Ahmedabad,2025-05-06,5,Summer,0.0,43.4,69.7,88.9,0,2,0.2278,0.0486,0.0176
CHE-CH0011,Chennai,2024-06-13,6,Monsoon,14.97,27.7,89.1,118.3,0,1,0.2778,0.1145,0.0849
PUN-PU0002,Pune,2025-11-05,11,Winter,0.0,27.4,117.7,132.4,0,2,0.0,0.1009,0.0491
HYD-HY0187,Hyderabad,2024-07-14,7,Monsoon,20.74,31.7,142.0,186.5,0,5,0.3134,0.0551,0.0761
PUN-PU0151,Pune,2024-07-23,7,Monsoon,15.01,33.4,171.0,198.3,0,5,0.1352,0.0096,0.252
HYD-HY0002,Hyderabad,2025-12-20,12,Winter,9.03,15.0,113.6,157.2,1,4,0.0739,0.1613,0.0897
DEL-DE0104,Delhi,2024-04-06,4,Summer,3.03,35.2,112.5,154.2,0,3,0.1139,0.036,0.0585
KOL-KO0114,Kolkata,2026-02-22,2,Winter,2.18,15.7,217.2,246.0,1,3,0.1445,0.2079,0.3907
HYD-HY0103,Hyderabad,2024-08-05,8,Monsoon,6.77,21.3,153.9,174.3,0,1,0.1354,0.0,0.1609
KOL-KO0191,Kolkata,2025-09-18,9,Monsoon,25.35,24.5,242.3,256.0,0,3,0.3158,0.0034,0.4325
CHE-CH0106,Chennai,2024-08-15,8,Monsoon,26.49,31.4,111.1,138.7,0,5,0.3347,0.0492,0.0399
CHE-CH0080,Chennai,2025-01-14,1,Winter,0.53,19.4,124.5,134.9,1,1,0.0,0.1869,0.1022
HYD-HY0130,Hyderabad,2026-01-02,1,Winter,10.23,29.6,119.2,135.1,1,3,0.0673,0.1597,0.1124
AHM-AH0162,Ahmedabad,2024-05-01,5,Summer,10.89,39.1,88.4,109.7,0,5,0.158,0.0738,0.0285
HYD-HY0112,Hyderabad,2024-08-07,8,Monsoon,22.92,25.2,66.0,106.9,0,2,0.3121,0.0996,0.0315
CHE-CH0172,Chennai,2025-06-14,6,Monsoon,30.37,32.2,151.5,196.1,0,4,0.3506,0.0211,0.1853
KOL-KO0132,Kolkata,2024-06-07,6,Monsoon,12.83,35.6,145.0,189.8,0,2,0.1919,0.0627,0.0464
CHE-CH0059,Chennai,2025-10-29,10,Winter,0.0,29.3,124.2,146.4,0,2,0.2235,0.1149,0.0756
DEL-DE0186,Delhi,2026-03-20,3,Summer,11.24,34.8,86.8,126.8,0,3,0.0661,0.0452,0.0512
AHM-AH0028,Ahmedabad,2025-02-04,2,Winter,13.29,30.9,143.9,154.3,1,3,0.1827,0.2922,0.1022
BEN-BE0089,Bengaluru,2025-05-24,5,Summer,10.12,36.0,85.6,113.8,0,3,0.2772,0.1188,0.0151
HYD-HY0171,Hyderabad,2024-12-15,12,Winter,0.0,22.0,101.6,125.1,0,3,0.045,0.0521,0.0492
CHE-CH0184,Chennai,2024-04-16,4,Summer,0.0,42.3,85.5,135.4,0,2,0.2362,0.068,0.0629
BEN-BE0078,Bengaluru,2025-07-07,7,Monsoon,27.76,25.2,139.9,149.9,0,2,0.3169,0.0616,0.1336
AHM-AH0188,Ahmedabad,2024-06-10,6,Monsoon,25.29,35.7,64.4,90.3,0,1,0.3805,0.0278,0.0
KOL-KO0041,Kolkata,2025-07-28,7,Monsoon,18.18,31.2,182.4,195.6,0,2,0.0399,0.0506,0.2776
MUM-MU0089,Mumbai,2024-07-23,7,Monsoon,37.23,30.4,86.4,112.6,0,2,0.387,0.0608,0.0712
CHE-CH0051,Chennai,2025-01-21,1,Winter,0.0,27.4,74.4,90.8,0,4,0.189,0.0893,0.0662
AHM-AH0125,Ahmedabad,2024-08-02,8,Monsoon,27.08,38.8,99.2,123.9,0,2,0.3839,0.0459,0.013
KOL-KO0168,Kolkata,2025-03-19,3,Summer,0.0,42.8,248.1,271.7,0,4,0.2069,0.0223,0.3288
AHM-AH0044,Ahmedabad,2025-08-28,8,Monsoon,18.84,29.7,92.4,106.4,0,3,0.1358,0.0328,0.0383
CHE-CH0180,Chennai,2025-08-21,8,Monsoon,39.51,32.4,113.1,158.4,0,5,0.4846,0.0016,0.0
CHE-CH0190,Chennai,2024-08-27,8,Monsoon,0.61,26.7,111.0,134.2,0,2,0.0759,0.0527,0.0218
PUN-PU0159,Pune,2025-07-15,7,Monsoon,24.92,28.8,120.1,166.3,0,1,0.3157,0.0283,0.1698
PUN-PU0135,Pune,2024-07-21,7,Monsoon,20.41,38.6,63.5,80.1,0,3,0.3743,0.0345,0.092
DEL-DE0111,Delhi,2024-09-20,9,Monsoon,31.44,39.6,87.7,135.3,0,4,0.4556,0.0519,0.0823
HYD-HY0014,Hyderabad,2026-01-12,1,Winter,0.0,22.7,123.9,166.7,1,4,0.1088,0.1591,0.0932
MUM-MU0075,Mumbai,2024-06-28,6,Monsoon,8.76,33.7,91.0,107.8,0,2,0.1275,0.0675,0.1009
DEL-DE0058,Delhi,2025-02-04,2,Winter,10.36,21.4,448.5,462.3,0,3,0.2633,0.074,0.9936
HYD-HY0028,Hyderabad,2024-07-13,7,Monsoon,9.98,35.3,97.7,119.5,0,2,0.0944,0.0747,0.0252
PUN-PU0008,Pune,2025-08-20,8,Monsoon,26.96,23.2,154.6,203.6,0,2,0.4508,0.0667,0.136
CHE-CH0079,Chennai,2025-04-08,4,Summer,3.35,30.2,155.8,200.9,1,4,0.036,0.2228,0.1174
DEL-DE0005,Delhi,2025-02-01,2,Winter,6.62,19.9,303.2,326.7,1,3,0.1588,0.1781,0.4443
KOL-KO0101,Kolkata,2024-06-12,6,Monsoon,12.65,30.6,224.4,236.2,0,4,0.1053,0.016,0.3586
DEL-DE0004,Delhi,2025-07-13,7,Monsoon,14.54,30.5,117.3,129.6,0,4,0.0643,0.0474,0.0761
HYD-HY0077,Hyderabad,2026-03-06,3,Summer,5.96,40.1,105.0,144.4,0,2,0.0948,0.0,0.0612
KOL-KO0135,Kolkata,2025-04-06,4,Summer,4.86,31.1,154.1,169.1,0,2,0.1178,0.105,0.1857
MUM-MU0031,Mumbai,2025-12-01,12,Winter,0.0,17.0,78.3,119.8,0,1,0.1677,0.1159,0.0045
AHM-AH0079,Ahmedabad,2025-05-29,5,Summer,2.66,23.9,110.9,130.6,0,3,0.0374,0.0402,0.0731
DEL-DE0095,Delhi,2025-08-09,8,Monsoon,12.04,34.7,79.9,125.1,0,3,0.1488,0.0339,0.1399
KOL-KO0039,Kolkata,2026-03-29,3,Summer,7.87,48.0,180.7,194.1,0,2,0.5025,0.111,0.2397
PUN-PU0140,Pune,2025-11-24,11,Winter,0.1,18.7,115.1,143.5,0,2,0.134,0.033,0.1063
DEL-DE0116,Delhi,2025-07-10,7,Monsoon,29.53,35.7,129.6,170.4,0,1,0.463,0.0123,0.0804
MUM-MU0153,Mumbai,2024-06-08,6,Monsoon,13.34,31.1,130.1,156.0,0,2,0.1278,0.0872,0.085
KOL-KO0161,Kolkata,2026-01-20,1,Winter,0.56,29.7,191.6,218.8,0,4,0.0,0.0101,0.3164
BEN-BE0142,Bengaluru,2026-01-02,1,Winter,0.0,24.6,96.1,137.0,0,3,0.13,0.0955,0.0048
CHE-CH0093,Chennai,2025-11-08,11,Winter,10.61,15.6,136.8,147.6,0,3,0.123,0.0012,0.0859
PUN-PU0076,Pune,2024-12-10,12,Winter,0.0,16.7,122.3,169.7,0,3,0.1578,0.0443,0.072
AHM-AH0018,Ahmedabad,2025-07-31,7,Monsoon,9.62,27.9,57.6,93.6,0,2,0.0186,0.0056,0.0037
KOL-KO0014,Kolkata,2025-02-04,2,Winter,0.0,19.1,139.7,168.0,0,2,0.2095,0.0697,0.0428
PUN-PU0130,Pune,2024-05-08,5,Summer,9.9,34.2,91.9,102.8,0,3,0.2217,0.0,0.031
MUM-MU0164,Mumbai,2025-03-04,3,Summer,0.0,36.4,115.4,147.9,0,1,0.0154,0.0356,0.1257
CHE-CH0072,Chennai,2025-01-30,1,Winter,1.62,22.4,78.1,106.8,1,4,0.062,0.2744,0.0
PUN-PU0181,Pune,2024-09-10,9,Monsoon,3.1,21.9,102.9,130.0,1,3,0.134,0.1544,0.0587
HYD-HY0092,Hyderabad,2025-04-30,4,Summer,10.58,40.2,63.4,100.9,0,1,0.223,0.0854,0.0637
CHE-CH0178,Chennai,2024-07-22,7,Monsoon,42.89,30.3,191.5,237.5,0,4,0.4973,0.0,0.2179
CHE-CH0048,Chennai,2024-09-11,9,Monsoon,8.28,22.1,128.5,148.0,0,1,0.1514,0.0,0.1015
PUN-PU0083,Pune,2025-10-19,10,Winter,1.11,24.2,104.5,124.0,0,2,0.1683,0.0436,0.0207
AHM-AH0071,Ahmedabad,2025-08-15,8,Monsoon,3.93,23.7,80.4,116.9,0,2,0.1341,0.0349,0.0351
AHM-AH0155,Ahmedabad,2025-01-11,1,Winter,5.63,27.2,87.3,100.2,0,4,0.2348,0.0904,0.0
KOL-KO0199,Kolkata,2025-06-03,6,Monsoon,17.01,35.4,118.0,130.6,0,5,0.1774,0.0849,0.047
HYD-HY0108,Hyderabad,2026-03-01,3,Summer,2.59,43.2,93.6,134.5,0,2,0.2209,0.1318,0.0966
MUM-MU0073,Mumbai,2025-09-11,9,Monsoon,2.24,31.0,149.5,190.9,0,3,0.0787,0.0628,0.1069
PUN-PU0064,Pune,2026-01-20,1,Winter,4.85,28.0,114.7,164.1,0,3,0.1455,0.1265,0.0785
MUM-MU0140,Mumbai,2024-04-14,4,Summer,12.76,48.0,114.6,133.1,0,3,0.3837,0.0734,0.0228
BEN-BE0080,Bengaluru,2025-04-19,4,Summer,15.79,28.3,65.2,115.0,0,3,0.1358,0.0793,0.0399
PUN-PU0092,Pune,2024-05-31,5,Summer,5.16,36.4,103.3,128.2,0,2,0.1725,0.0358,0.0
AHM-AH0001,Ahmedabad,2025-08-31,8,Monsoon,27.44,33.8,133.1,154.9,0,3,0.3725,0.1053,0.1049
BEN-BE0188,Bengaluru,2025-06-05,6,Monsoon,0.0,32.2,67.7,114.9,0,2,0.0624,0.0543,0.0177
BEN-BE0065,Bengaluru,2025-04-03,4,Summer,1.63,25.5,120.7,136.5,0,5,0.1052,0.0613,0.0821
AHM-AH0129,Ahmedabad,2025-08-28,8,Monsoon,9.44,20.4,120.9,161.3,0,1,0.1285,0.1277,0.1008
MUM-MU0185,Mumbai,2024-04-12,4,Summer,12.1,47.4,121.5,170.7,0,2,0.4535,0.036,0.0653
KOL-KO0088,Kolkata,2024-07-15,7,Monsoon,13.94,27.6,173.3,203.9,0,2,0.0212,0.0065,0.2126
DEL-DE0001,Delhi,2025-11-12,11,Winter,3.2,26.7,441.3,482.6,0,5,0.2106,0.0368,0.8238
AHM-AH0157,Ahmedabad,2025-07-04,7,Monsoon,2.53,31.6,100.0,124.8,0,3,0.1907,0.1358,0.0302
PUN-PU0097,Pune,2025-03-31,3,Summer,10.89,37.7,108.1,156.6,0,5,0.0026,0.0555,0.1186
AHM-AH0041,Ahmedabad,2025-05-02,5,Summer,19.65,38.3,77.8,113.6,0,2,0.2134,0.0,0.0
DEL-DE0005,Delhi,2024-07-12,7,Monsoon,0.0,28.3,116.6,159.5,0,2,0.1266,0.0133,0.0311
KOL-KO0108,Kolkata,2026-02-28,2,Winter,5.09,24.8,170.0,182.7,0,2,0.0555,0.008,0.1783
DEL-DE0140,Delhi,2025-01-25,1,Winter,8.64,21.4,319.5,344.2,0,2,0.0602,0.1009,0.5156
AHM-AH0021,Ahmedabad,2025-04-29,4,Summer,3.93,44.5,161.4,178.0,0,2,0.2649,0.0868,0.151
CHE-CH0013,Chennai,2025-03-22,3,Summer,6.51,44.0,65.7,89.0,0,3,0.2158,0.0,0.0
MUM-MU0059,Mumbai,2025-11-11,11,Winter,10.39,19.6,94.2,119.3,0,4,0.1834,0.0187,0.0578
MUM-MU0094,Mumbai,2025-03-06,3,Summer,10.45,40.0,89.4,122.9,0,3,0.1587,0.0519,0.0297
CHE-CH0064,Chennai,2025-05-15,5,Summer,6.84,33.5,113.2,141.9,1,5,0.1783,0.2317,0.0106
MUM-MU0114,Mumbai,2025-02-19,2,Winter,0.0,23.1,155.4,169.0,0,2,0.1175,0.1302,0.1496
CHE-CH0000,Chennai,2025-11-29,11,Winter,5.64,30.7,129.9,174.7,0,4,0.1459,0.0,0.1693
CHE-CH0134,Chennai,2024-09-11,9,Monsoon,61.01,25.5,165.4,198.6,1,5,0.6705,0.1902,0.252
CHE-CH0167,Chennai,2025-01-21,1,Winter,10.92,15.0,86.0,118.1,0,3,0.1436,0.0808,0.0
KOL-KO0082,Kolkata,2024-07-30,7,Monsoon,7.26,27.9,117.7,139.0,0,4,0.2708,0.0443,0.1461
DEL-DE0098,Delhi,2025-01-16,1,Winter,1.76,32.5,230.5,247.9,0,3,0.1264,0.0,0.3571
BEN-BE0100,Bengaluru,2025-08-27,8,Monsoon,3.29,25.0,104.7,126.2,0,2,0.2188,0.0173,0.062
HYD-HY0087,Hyderabad,2026-03-26,3,Summer,7.38,28.5,69.9,92.3,0,2,0.032,0.0626,0.0685
KOL-KO0043,Kolkata,2025-05-14,5,Summer,8.36,38.4,135.2,158.0,0,3,0.1661,0.0796,0.1209
HYD-HY0159,Hyderabad,2024-12-27,12,Winter,0.0,17.3,124.7,159.4,0,3,0.1802,0.0878,0.0976
PUN-PU0196,Pune,2025-09-17,9,Monsoon,14.1,27.5,71.0,120.9,0,2,0.0288,0.0,0.0362
DEL-DE0168,Delhi,2024-12-23,12,Winter,0.8,15.3,404.5,416.9,0,3,0.1105,0.0804,0.7507
DEL-DE0148,Delhi,2024-05-18,5,Summer,2.1,43.7,88.7,105.7,0,3,0.2971,0.0135,0.0318
DEL-DE0158,Delhi,2024-12-09,12,Winter,1.54,25.2,269.3,289.9,0,4,0.0822,0.0473,0.4456
MUM-MU0161,Mumbai,2024-10-15,10,Winter,0.43,19.5,186.1,218.2,0,3,0.1802,0.0405,0.2287
PUN-PU0048,Pune,2024-05-23,5,Summer,2.71,27.7,131.0,166.0,0,1,0.057,0.0439,0.1122
CHE-CH0183,Chennai,2026-03-11,3,Summer,0.0,41.0,71.5,106.1,0,5,0.114,0.0125,0.0
PUN-PU0069,Pune,2025-11-04,11,Winter,0.0,23.1,53.8,86.9,0,5,0.1254,0.1008,0.0
PUN-PU0199,Pune,2025-01-17,1,Winter,6.97,27.3,145.1,192.4,0,4,0.1471,0.0899,0.0795
BEN-BE0093,Bengaluru,2024-11-25,11,Winter,0.66,19.7,155.7,182.9,0,5,0.1154,0.0464,0.1888
HYD-HY0019,Hyderabad,2025-03-29,3,Summer,6.87,46.5,95.9,127.7,0,4,0.4317,0.0867,0.0165
HYD-HY0194,Hyderabad,2024-10-15,10,Winter,3.04,20.6,109.6,126.2,0,3,0.1144,0.0,0.0
DEL-DE0093,Delhi,2024-10-06,10,Winter,2.66,23.0,440.4,468.7,0,2,0.0684,0.1064,0.9791
BEN-BE0075,Bengaluru,2024-04-03,4,Summer,5.2,45.7,134.0,147.4,1,3,0.4486,0.2416,0.0806
KOL-KO0144,Kolkata,2025-08-11,8,Monsoon,20.56,27.6,146.3,175.5,0,2,0.2922,0.0652,0.1036
PUN-PU0106,Pune,2024-10-21,10,Winter,0.8,17.2,30.0,53.4,0,2,0.059,0.0748,0.0688
BEN-BE0120,Bengaluru,2025-05-09,5,Summer,0.0,47.8,132.1,142.1,0,2,0.4947,0.0476,0.0958
KOL-KO0141,Kolkata,2025-09-06,9,Monsoon,56.07,26.6,91.9,119.1,0,2,0.7614,0.0889,0.0286
BEN-BE0122,Bengaluru,2025-08-13,8,Monsoon,9.56,29.1,159.7,196.4,0,2,0.1867,0.0456,0.264
PUN-PU0165,Pune,2025-09-23,9,Monsoon,13.36,34.3,97.6,131.2,0,4,0.1881,0.1006,0.0
MUM-MU0019,Mumbai,2025-12-22,12,Winter,6.04,22.4,120.4,159.1,0,2,0.0121,0.0854,0.0584
KOL-KO0152,Kolkata,2024-05-06,5,Summer,7.7,43.4,167.1,203.6,0,2,0.3114,0.0,0.1313
BEN-BE0189,Bengaluru,2025-11-21,11,Winter,8.22,15.0,71.8,114.1,0,4,0.1066,0.0705,0.0171
PUN-PU0187,Pune,2024-09-12,9,Monsoon,33.92,23.9,122.1,140.7,0,2,0.4449,0.0,0.1566
HYD-HY0119,Hyderabad,2025-09-21,9,Monsoon,0.19,27.1,86.9,102.8,0,2,0.2276,0.0269,0.0
DEL-DE0123,Delhi,2024-05-11,5,Summer,0.0,48.0,148.8,174.3,0,3,0.3953,0.0495,0.1826
MUM-MU0151,Mumbai,2024-04-13,4,Summer,14.01,39.8,168.0,198.2,0,5,0.0757,0.0543,0.2023
KOL-KO0104,Kolkata,2024-11-07,11,Winter,0.0,25.2,164.6,205.3,0,5,0.1089,0.0782,0.1864
CHE-CH0107,Chennai,2026-01-18,1,Winter,5.99,30.1,46.7,76.2,0,3,0.1523,0.1172,0.0255
PUN-PU0003,Pune,2024-12-19,12,Winter,0.67,23.2,113.9,150.3,0,2,0.1451,0.0786,0.0273
CHE-CH0012,Chennai,2025-07-28,7,Monsoon,11.88,34.7,73.9,103.7,0,1,0.081,0.0966,0.0882
PUN-PU0108,Pune,2024-09-19,9,Monsoon,3.59,22.0,85.5,131.4,0,4,0.0,0.0,0.0199
KOL-KO0068,Kolkata,2026-01-04,1,Winter,8.55,16.6,164.9,191.3,0,5,0.1683,0.0198,0.2694
AHM-AH0013,Ahmedabad,2025-11-24,11,Winter,2.34,26.4,30.0,60.6,0,5,0.0261,0.0951,0.0543
BEN-BE0112,Bengaluru,2024-09-22,9,Monsoon,6.92,21.0,116.0,132.2,0,3,0.0742,0.034,0.0439
KOL-KO0135,Kolkata,2025-06-22,6,Monsoon,8.33,28.5,86.3,130.0,0,1,0.1837,0.0,0.0
CHE-CH0018,Chennai,2025-11-04,11,Winter,0.0,23.2,110.0,142.9,1,2,0.1029,0.2482,0.0126
BEN-BE0007,Bengaluru,2025-05-16,5,Summer,15.23,36.4,80.1,121.0,0,2,0.1917,0.0611,0.0
CHE-CH0187,Chennai,2025-10-29,10,Winter,3.51,23.7,97.3,111.7,0,1,0.1678,0.0546,0.0509
KOL-KO0189,Kolkata,2025-12-15,12,Winter,16.69,23.4,254.9,290.2,0,2,0.0719,0.0346,0.3305
DEL-DE0018,Delhi,2025-10-11,10,Winter,1.91,31.8,325.6,351.8,1,3,0.0775,0.2497,0.5138
BEN-BE0085,Bengaluru,2025-07-13,7,Monsoon,6.27,26.1,114.7,150.9,0,2,0.0656,0.0932,0.066
CHE-CH0181,Chennai,2024-08-19,8,Monsoon,38.24,30.7,101.9,119.9,0,1,0.5339,0.0702,0.0
HYD-HY0171,Hyderabad,2025-09-15,9,Monsoon,44.53,30.3,65.0,76.7,0,3,0.6437,0.0407,0.0991
CHE-CH0135,Chennai,2024-10-02,10,Winter,5.46,16.5,140.5,165.2,0,2,0.0319,0.1228,0.156
HYD-HY0177,Hyderabad,2026-02-24,2,Winter,3.4,26.1,57.0,102.8,0,3,0.1196,0.0774,0.0223
CHE-CH0005,Chennai,2025-04-19,4,Summer,0.0,32.8,50.4,86.8,0,2,0.0107,0.0098,0.0408
AHM-AH0032,Ahmedabad,2025-02-18,2,Winter,4.74,25.2,134.5,180.2,0,2,0.2208,0.0,0.1044
CHE-CH0004,Chennai,2024-10-15,10,Winter,4.37,37.9,53.4,96.0,0,3,0.1293,0.0289,0.0061
MUM-MU0044,Mumbai,2025-05-12,5,Summer,1.35,35.8,124.3,138.5,0,1,0.1263,0.0257,0.0894
PUN-PU0148,Pune,2024-07-14,7,Monsoon,12.9,31.5,143.4,158.7,0,3,0.0583,0.0,0.1235
KOL-KO0010,Kolkata,2024-10-02,10,Winter,4.05,15.0,86.3,116.1,0,4,0.1253,0.0453,0.0189
BEN-BE0162,Bengaluru,2026-01-26,1,Winter,10.04,18.1,30.0,62.3,0,2,0.0942,0.0439,0.0759
MUM-MU0016,Mumbai,2025-05-14,5,Summer,2.0,30.5,128.3,153.6,0,5,0.025,0.079,0.0642
HYD-HY0159,Hyderabad,2025-06-16,6,Monsoon,18.02,25.3,41.5,61.6,0,4,0.018,0.0289,0.0
AHM-AH0004,Ahmedabad,2025-11-29,11,Winter,5.12,15.0,128.1,153.9,1,3,0.0364,0.2124,0.1348
AHM-AH0193,Ahmedabad,2025-01-29,1,Winter,0.89,24.5,108.0,120.1,0,2,0.1705,0.0123,0.0603
AHM-AH0125,Ahmedabad,2024-12-25,12,Winter,2.55,26.4,108.4,130.0,0,2,0.167,0.0374,0.0778
MUM-MU0100,Mumbai,2025-04-05,4,Summer,12.72,29.9,187.2,230.8,1,3,0.0,0.1659,0.3444
PUN-PU0041,Pune,2025-08-06,8,Monsoon,31.41,23.3,92.8,114.0,0,5,0.3312,0.0375,0.0136
AHM-AH0126,Ahmedabad,2025-04-27,4,Summer,18.24,34.8,67.3,116.3,0,4,0.1182,0.0742,0.0768
HYD-HY0017,Hyderabad,2024-06-10,6,Monsoon,41.56,24.2,59.5,103.7,0,5,0.5556,0.0629,0.035
BEN-BE0186,Bengaluru,2024-10-21,10,Winter,4.16,16.5,81.7,121.9,0,2,0.1082,0.0645,0.0259
AHM-AH0188,Ahmedabad,2024-08-25,8,Monsoon,22.88,33.9,79.7,108.9,0,3,0.291,0.0242,0.0176
BEN-BE0071,Bengaluru,2024-08-31,8,Monsoon,24.7,26.4,138.5,182.2,0,3,0.4666,0.0646,0.1788
PUN-PU0043,Pune,2024-06-13,6,Monsoon,16.32,23.8,133.0,172.1,0,5,0.0,0.0,0.1383
CHE-CH0121,Chennai,2026-01-10,1,Winter,12.41,24.1,129.7,158.3,0,3,0.1779,0.0816,0.1258
BEN-BE0048,Bengaluru,2024-06-16,6,Monsoon,15.32,24.0,152.1,194.4,0,3,0.0927,0.0621,0.0704
PUN-PU0103,Pune,2025-05-07,5,Summer,9.48,26.3,136.1,150.4,0,4,0.0742,0.0776,0.0963
DEL-DE0189,Delhi,2026-02-18,2,Winter,15.11,24.3,466.4,481.3,0,5,0.1409,0.0349,0.9324
PUN-PU0071,Pune,2024-12-29,12,Winter,0.0,17.8,36.4,55.5,0,5,0.0763,0.0756,0.0285
BEN-BE0113,Bengaluru,2025-05-06,5,Summer,8.72,29.0,115.4,153.6,0,3,0.0,0.0,0.0994
PUN-PU0188,Pune,2025-03-24,3,Summer,0.07,48.0,96.3,126.7,0,2,0.5434,0.068,0.0
AHM-AH0147,Ahmedabad,2025-01-19,1,Winter,0.0,26.0,59.5,79.8,0,2,0.09,0.0215,0.1386
AHM-AH0076,Ahmedabad,2024-08-01,8,Monsoon,23.57,37.4,147.3,190.1,0,3,0.3429,0.0421,0.1058
AHM-AH0171,Ahmedabad,2026-03-30,3,Summer,2.18,29.0,160.8,172.6,0,1,0.0,0.0562,0.2132
PUN-PU0150,Pune,2025-02-09,2,Winter,1.89,20.1,95.6,117.1,0,2,0.0998,0.0537,0.0405
PUN-PU0194,Pune,2025-03-22,3,Summer,6.73,34.9,56.7,85.3,0,2,0.205,0.1256,0.0529
DEL-DE0080,Delhi,2025-11-16,11,Winter,3.67,25.7,302.9,352.3,0,4,0.1245,0.0567,0.6087
PUN-PU0086,Pune,2024-06-25,6,Monsoon,11.12,28.6,76.5,101.1,0,3,0.0803,0.0961,0.0711
MUM-MU0198,Mumbai,2025-11-30,11,Winter,5.63,24.7,93.3,129.5,0,2,0.2041,0.0,0.0395
PUN-PU0085,Pune,2025-12-08,12,Winter,9.72,23.2,49.1,78.2,0,4,0.0523,0.0,0.0
PUN-PU0123,Pune,2025-01-27,1,Winter,0.0,15.0,107.6,146.0,0,5,0.1236,0.1055,0.0
MUM-MU0080,Mumbai,2024-07-11,7,Monsoon,45.0,19.6,152.7,166.5,0,4,0.5258,0.0644,0.145
CHE-CH0032,Chennai,2025-12-29,12,Winter,0.0,20.4,99.5,118.1,1,3,0.0637,0.2188,0.0138
KOL-KO0102,Kolkata,2025-02-23,2,Winter,0.87,17.1,195.9,231.9,0,5,0.0,0.0958,0.1657
MUM-MU0068,Mumbai,2025-05-05,5,Summer,3.06,33.6,71.7,113.8,0,2,0.0931,0.0,0.0
HYD-HY0186,Hyderabad,2024-05-03,5,Summer,7.46,32.5,164.0,201.2,0,3,0.1749,0.0959,0.1726
CHE-CH0147,Chennai,2025-12-30,12,Winter,0.0,23.0,56.8,71.2,1,1,0.0637,0.2065,0.0
AHM-AH0099,Ahmedabad,2025-10-15,10,Winter,0.0,15.9,30.0,69.4,0,3,0.0266,0.0,0.0268
DEL-DE0069,Delhi,2024-06-26,6,Monsoon,21.33,33.4,75.9,122.3,0,3,0.2725,0.0493,0.0477
MUM-MU0184,Mumbai,2026-03-03,3,Summer,13.04,38.2,59.6,98.7,0,5,0.1497,0.0532,0.05
CHE-CH0004,Chennai,2025-04-13,4,Summer,0.0,37.4,79.3,111.2,0,2,0.0646,0.0095,0.0974
CHE-CH0069,Chennai,2025-04-30,4,Summer,7.54,25.4,59.5,102.0,1,1,0.0185,0.2367,0.0
AHM-AH0130,Ahmedabad,2025-07-23,7,Monsoon,18.71,38.4,129.4,179.2,0,1,0.0,0.0724,0.0846
KOL-KO0050,Kolkata,2024-08-01,8,Monsoon,20.74,30.3,138.3,150.3,0,5,0.3402,0.024,0.091
DEL-DE0159,Delhi,2025-02-11,2,Winter,10.05,22.5,329.6,359.8,0,1,0.1388,0.0965,0.6337
BEN-BE0011,Bengaluru,2024-05-18,5,Summer,0.98,46.0,30.0,56.7,0,2,0.4167,0.0005,0.0071
DEL-DE0070,Delhi,2024-09-09,9,Monsoon,15.8,35.8,70.6,91.5,0,1,0.275,0.0309,0.0
HYD-HY0104,Hyderabad,2026-01-21,1,Winter,0.0,21.7,111.1,143.5,0,4,0.2302,0.0204,0.0237
CHE-CH0149,Chennai,2024-09-23,9,Monsoon,54.33,33.2,31.5,45.1,0,2,0.6938,0.0395,0.0062
HYD-HY0087,Hyderabad,2026-02-06,2,Winter,0.4,25.6,128.3,139.2,1,4,0.0763,0.1743,0.1358
HYD-HY0027,Hyderabad,2024-05-18,5,Summer,10.62,28.4,47.4,65.4,0,4,0.1547,0.0554,0.0981
BEN-BE0158,Bengaluru,2024-06-09,6,Monsoon,33.0,28.2,114.3,140.1,0,1,0.4452,0.0744,0.0864
DEL-DE0136,Delhi,2026-02-01,2,Winter,11.19,23.0,305.1,342.2,1,2,0.0,0.2677,0.5338
BEN-BE0126,Bengaluru,2025-11-12,11,Winter,11.79,18.5,136.9,147.8,1,2,0.1748,0.1967,0.0212
KOL-KO0186,Kolkata,2024-12-08,12,Winter,8.77,23.6,124.9,141.0,0,4,0.1373,0.0823,0.1218
CHE-CH0004,Chennai,2024-10-28,10,Winter,0.0,35.0,155.6,192.1,0,3,0.0808,0.0,0.2269
AHM-AH0128,Ahmedabad,2024-04-12,4,Summer,1.15,41.2,74.1,97.9,1,3,0.0523,0.2181,0.0
CHE-CH0093,Chennai,2024-08-07,8,Monsoon,27.97,33.7,66.6,113.0,0,1,0.4459,0.0561,0.0
DEL-DE0035,Delhi,2026-02-15,2,Winter,0.0,26.4,382.1,416.9,0,1,0.0754,0.0595,0.7547
KOL-KO0159,Kolkata,2024-09-24,9,Monsoon,46.5,26.0,80.2,104.0,0,4,0.6004,0.1037,0.0015
MUM-MU0154,Mumbai,2024-09-22,9,Monsoon,22.28,30.5,133.3,154.6,0,3,0.3068,0.1219,0.1238
DEL-DE0088,Delhi,2025-08-09,8,Monsoon,20.01,27.3,102.4,129.1,0,1,0.3217,0.0657,0.042
AHM-AH0144,Ahmedabad,2024-11-16,11,Winter,0.0,31.0,129.6,145.4,0,3,0.09,0.052,0.1321
BEN-BE0062,Bengaluru,2025-05-18,5,Summer,8.85,32.3,30.0,75.6,0,4,0.1015,0.0559,0.0
PUN-PU0185,Pune,2024-10-30,10,Winter,0.0,15.3,107.8,133.2,0,3,0.1169,0.0,0.0
AHM-AH0083,Ahmedabad,2025-08-18,8,Monsoon,17.86,27.1,148.5,194.0,0,5,0.0,0.0421,0.1678
PUN-PU0181,Pune,2025-08-08,8,Monsoon,17.71,26.4,96.1,118.1,0,3,0.2924,0.0445,0.0
KOL-KO0013,Kolkata,2025-07-20,7,Monsoon,10.77,36.0,56.7,95.1,0,5,0.0059,0.0698,0.0
HYD-HY0141,Hyderabad,2025-07-28,7,Monsoon,25.01,24.4,144.9,168.5,0,4,0.3304,0.0415,0.2073
CHE-CH0149,Chennai,2024-10-04,10,Winter,3.8,15.0,120.6,141.9,0,2,0.042,0.0383,0.0487
MUM-MU0184,Mumbai,2024-09-18,9,Monsoon,19.81,32.6,196.1,225.0,0,2,0.1334,0.0,0.2115
KOL-KO0008,Kolkata,2025-07-05,7,Monsoon,8.55,34.6,114.2,146.7,0,3,0.0739,0.0853,0.0447
MUM-MU0028,Mumbai,2025-05-27,5,Summer,13.94,39.5,99.2,143.4,0,3,0.1433,0.0276,0.1206
BEN-BE0141,Bengaluru,2025-06-15,6,Monsoon,14.04,30.7,68.5,91.4,0,4,0.1377,0.0352,0.0
HYD-HY0098,Hyderabad,2025-07-19,7,Monsoon,17.45,28.2,154.1,166.4,0,3,0.1466,0.0831,0.1218
DEL-DE0053,Delhi,2024-06-21,6,Monsoon,23.19,36.9,93.0,112.0,0,5,0.3424,0.0,0.0891
KOL-KO0131,Kolkata,2025-01-04,1,Winter,10.37,15.0,173.6,189.8,0,1,0.0,0.0323,0.1627
CHE-CH0154,Chennai,2024-06-08,6,Monsoon,13.74,22.9,41.8,87.6,0,3,0.0792,0.0499,0.0557
PUN-PU0177,Pune,2025-11-14,11,Winter,10.66,16.3,119.6,147.2,1,2,0.0,0.2204,0.1297
AHM-AH0133,Ahmedabad,2025-05-02,5,Summer,27.75,32.4,134.1,151.0,0,2,0.4131,0.0293,0.0484
PUN-PU0176,Pune,2024-09-28,9,Monsoon,11.27,29.8,116.8,160.8,0,3,0.1756,0.0207,0.0185
BEN-BE0136,Bengaluru,2025-03-29,3,Summer,1.7,28.5,143.2,160.0,0,1,0.0802,0.0378,0.0334
HYD-HY0197,Hyderabad,2025-12-10,12,Winter,5.91,18.6,131.0,144.2,0,2,0.0108,0.0638,0.1016
CHE-CH0180,Chennai,2025-12-08,12,Winter,10.56,27.9,73.2,90.3,1,5,0.0846,0.2177,0.058
PUN-PU0107,Pune,2024-12-26,12,Winter,12.11,17.8,175.5,202.8,0,4,0.0,0.1233,0.264
CHE-CH0160,Chennai,2025-12-01,12,Winter,0.0,21.0,117.6,138.5,0,2,0.1067,0.0167,0.0585
DEL-DE0021,Delhi,2026-03-09,3,Summer,0.0,38.2,103.9,134.7,0,3,0.2023,0.0459,0.018
PUN-PU0182,Pune,2024-10-12,10,Winter,2.16,19.9,102.9,116.4,0,1,0.1916,0.0095,0.0
BEN-BE0078,Bengaluru,2026-04-01,4,Summer,5.86,31.8,146.9,166.0,0,5,0.1203,0.0657,0.131
KOL-KO0165,Kolkata,2025-05-26,5,Summer,1.08,44.7,95.4,108.5,0,4,0.3612,0.0402,0.0288
MUM-MU0051,Mumbai,2025-10-08,10,Winter,15.91,18.5,30.0,53.6,0,1,0.1266,0.0022,0.0533
PUN-PU0068,Pune,2025-02-02,2,Winter,7.56,29.9,97.9,126.7,0,4,0.0938,0.0287,0.0045
HYD-HY0149,Hyderabad,2024-11-17,11,Winter,5.04,26.1,78.5,125.6,0,4,0.093,0.0676,0.0008
CHE-CH0071,Chennai,2025-09-27,9,Monsoon,15.03,27.3,138.9,183.8,0,4,0.1581,0.0,0.1092
PUN-PU0049,Pune,2024-05-07,5,Summer,3.3,35.7,115.7,155.1,0,2,0.0,0.0916,0.0759
BEN-BE0053,Bengaluru,2025-03-10,3,Summer,7.38,32.7,121.3,145.7,1,5,0.0935,0.1876,0.185
PUN-PU0126,Pune,2025-11-01,11,Winter,6.12,29.2,140.2,158.9,1,2,0.0587,0.1733,0.0708
MUM-MU0129,Mumbai,2025-06-28,6,Monsoon,19.68,30.9,132.0,166.1,1,1,0.2435,0.2167,0.1486
PUN-PU0101,Pune,2024-09-14,9,Monsoon,23.1,30.8,103.0,142.7,0,2,0.4146,0.074,0.0432
KOL-KO0150,Kolkata,2025-06-07,6,Monsoon,29.47,27.9,113.1,149.5,0,3,0.4208,0.0782,0.0
AHM-AH0035,Ahmedabad,2025-02-27,2,Winter,0.0,23.8,48.8,71.6,0,3,0.0861,0.0105,0.0824
CHE-CH0018,Chennai,2024-08-11,8,Monsoon,14.36,35.5,73.4,115.8,0,3,0.161,0.0609,0.0778
PUN-PU0129,Pune,2025-05-31,5,Summer,5.69,37.4,77.5,115.2,0,1,0.0931,0.1289,0.0167
KOL-KO0036,Kolkata,2025-04-09,4,Summer,0.0,29.1,118.7,154.0,0,4,0.0,0.1513,0.0634
DEL-DE0038,Delhi,2025-07-07,7,Monsoon,18.31,22.5,143.1,179.2,0,3,0.1175,0.0584,0.0635
DEL-DE0086,Delhi,2024-04-16,4,Summer,0.0,44.2,54.7,92.8,0,1,0.2692,0.0444,0.0
MUM-MU0092,Mumbai,2024-10-22,10,Winter,3.22,24.4,121.1,133.5,0,3,0.0,0.0808,0.0526
MUM-MU0076,Mumbai,2024-09-23,9,Monsoon,40.52,33.5,179.2,204.9,0,2,0.5408,0.0438,0.1894
CHE-CH0023,Chennai,2024-11-18,11,Winter,0.54,15.2,76.3,100.5,0,3,0.1236,0.0809,0.034
HYD-HY0008,Hyderabad,2025-05-05,5,Summer,4.9,46.1,55.7,89.2,1,3,0.4631,0.2649,0.0172
DEL-DE0037,Delhi,2025-04-06,4,Summer,2.32,35.5,160.2,180.6,0,5,0.0671,0.0108,0.1289
MUM-MU0199,Mumbai,2025-07-24,7,Monsoon,52.44,31.3,71.5,95.0,0,4,0.5364,0.0947,0.0359
BEN-BE0080,Bengaluru,2025-03-28,3,Summer,12.4,35.8,112.7,155.5,0,2,0.0943,0.0416,0.0016
HYD-HY0100,Hyderabad,2025-08-10,8,Monsoon,26.11,29.4,144.6,187.1,0,4,0.3354,0.0,0.1285
DEL-DE0077,Delhi,2025-07-14,7,Monsoon,14.36,38.9,78.6,116.5,0,2,0.263,0.0488,0.0
CHE-CH0195,Chennai,2024-08-02,8,Monsoon,18.22,28.4,160.8,196.9,0,3,0.2346,0.0,0.172
KOL-KO0129,Kolkata,2025-04-20,4,Summer,0.0,42.5,182.8,194.0,1,2,0.2118,0.1752,0.2229
CHE-CH0159,Chennai,2024-04-28,4,Summer,0.0,40.3,114.4,131.8,0,3,0.1122,0.0906,0.148
PUN-PU0173,Pune,2024-04-20,4,Summer,0.0,43.0,85.3,122.1,0,3,0.176,0.0213,0.0108
AHM-AH0121,Ahmedabad,2025-05-18,5,Summer,0.38,48.0,132.9,179.1,0,1,0.4647,0.0697,0.072
AHM-AH0026,Ahmedabad,2024-10-31,10,Winter,0.0,15.7,95.2,127.1,0,2,0.2125,0.0538,0.0218
HYD-HY0106,Hyderabad,2026-03-30,3,Summer,0.0,32.1,92.0,119.4,0,5,0.1784,0.0,0.0
KOL-KO0058,Kolkata,2025-09-24,9,Monsoon,23.28,30.4,124.9,147.3,0,3,0.3746,0.0,0.0763
PUN-PU0002,Pune,2025-11-30,11,Winter,3.67,36.9,132.5,181.6,1,5,0.0852,0.226,0.1364
AHM-AH0120,Ahmedabad,2025-02-20,2,Winter,0.0,34.1,83.0,119.5,0,3,0.1744,0.0587,0.072
AHM-AH0088,Ahmedabad,2025-10-06,10,Winter,0.0,21.7,71.2,119.5,0,4,0.1421,0.0075,0.0961
DEL-DE0116,Delhi,2025-03-31,3,Summer,2.33,32.1,143.8,193.0,0,3,0.0589,0.0615,0.0
KOL-KO0049,Kolkata,2025-07-08,7,Monsoon,21.64,30.0,141.9,163.0,0,3,0.3012,0.0568,0.1663
PUN-PU0141,Pune,2024-05-10,5,Summer,0.0,33.9,145.1,171.3,0,3,0.1789,0.0257,0.1717
DEL-DE0002,Delhi,2025-07-11,7,Monsoon,16.77,37.3,73.1,88.6,0,1,0.0645,0.0043,0.0
HYD-HY0002,Hyderabad,2025-04-05,4,Summer,0.0,28.0,93.9,103.9,1,5,0.025,0.2532,0.0
PUN-PU0060,Pune,2026-02-18,2,Winter,1.83,15.7,115.9,155.9,0,2,0.0225,0.0382,0.083
KOL-KO0035,Kolkata,2025-12-25,12,Winter,0.0,21.4,160.1,190.6,0,5,0.0,0.0981,0.2079
BEN-BE0172,Bengaluru,2024-08-21,8,Monsoon,11.96,34.3,96.6,144.7,0,5,0.1993,0.0492,0.0
MUM-MU0067,Mumbai,2025-08-23,8,Monsoon,30.63,25.9,39.6,88.7,0,3,0.4241,0.1049,0.0
AHM-AH0013,Ahmedabad,2025-05-23,5,Summer,4.73,48.0,61.8,100.7,0,1,0.5353,0.0,0.0379
CHE-CH0158,Chennai,2025-08-14,8,Monsoon,44.95,35.5,86.2,102.1,0,1,0.5844,0.0632,0.0626
BEN-BE0044,Bengaluru,2025-07-20,7,Monsoon,1.18,29.8,105.9,142.2,0,2,0.1641,0.0344,0.0971
KOL-KO0108,Kolkata,2025-12-22,12,Winter,5.72,19.2,58.3,104.6,0,3,0.0,0.0533,0.0453
KOL-KO0110,Kolkata,2024-12-17,12,Winter,4.17,15.0,148.4,159.6,0,3,0.0803,0.101,0.0883
BEN-BE0083,Bengaluru,2024-04-23,4,Summer,0.0,39.0,139.4,161.3,0,1,0.1433,0.0337,0.1195
CHE-CH0142,Chennai,2024-09-24,9,Monsoon,38.97,31.6,149.3,175.6,0,2,0.4734,0.0615,0.1746
DEL-DE0003,Delhi,2024-07-04,7,Monsoon,0.0,33.0,120.1,158.7,0,1,0.0,0.0334,0.1499
AHM-AH0004,Ahmedabad,2024-09-22,9,Monsoon,17.71,37.1,111.6,153.3,0,3,0.2774,0.0699,0.0418
CHE-CH0152,Chennai,2024-06-21,6,Monsoon,7.57,35.4,30.0,72.8,0,2,0.0191,0.0901,0.0
HYD-HY0115,Hyderabad,2025-06-09,6,Monsoon,0.0,30.0,171.2,198.5,0,2,0.1142,0.1011,0.178
PUN-PU0120,Pune,2025-09-30,9,Monsoon,33.53,26.5,146.7,168.8,0,3,0.4366,0.0865,0.1679
CHE-CH0134,Chennai,2025-04-15,4,Summer,10.28,29.8,141.9,185.8,0,2,0.0379,0.0922,0.1224
MUM-MU0124,Mumbai,2025-06-25,6,Monsoon,77.88,28.5,134.1,151.9,0,2,0.9253,0.0909,0.1084
KOL-KO0015,Kolkata,2024-04-18,4,Summer,0.44,43.0,152.3,171.3,0,2,0.2748,0.0172,0.1149
BEN-BE0165,Bengaluru,2024-05-15,5,Summer,8.97,41.8,144.1,166.1,0,1,0.1363,0.0472,0.0519
DEL-DE0188,Delhi,2026-02-15,2,Winter,4.56,20.6,355.9,395.2,0,2,0.1494,0.0666,0.651
DEL-DE0050,Delhi,2024-09-09,9,Monsoon,9.76,35.9,83.7,111.3,0,1,0.0132,0.0,0.0606
KOL-KO0131,Kolkata,2024-04-03,4,Summer,0.5,34.0,144.5,162.6,0,4,0.1094,0.0554,0.0824
MUM-MU0187,Mumbai,2024-04-03,4,Summer,1.77,37.3,113.3,151.6,0,2,0.0591,0.0826,0.099
PUN-PU0157,Pune,2025-05-14,5,Summer,0.7,35.1,167.2,196.6,0,3,0.0693,0.042,0.2317
BEN-BE0034,Bengaluru,2025-10-21,10,Winter,0.0,25.9,92.3,134.6,0,2,0.0,0.0,0.0
PUN-PU0114,Pune,2025-03-27,3,Summer,10.92,30.3,103.9,119.0,1,4,0.254,0.1446,0.0365
PUN-PU0109,Pune,2025-09-18,9,Monsoon,23.44,28.4,165.2,191.6,0,2,0.3717,0.067,0.1901
PUN-PU0022,Pune,2024-09-14,9,Monsoon,69.03,31.0,93.3,107.0,0,2,0.8531,0.0865,0.0666
MUM-MU0043,Mumbai,2025-03-03,3,Summer,8.25,45.4,120.8,163.7,1,4,0.3385,0.2249,0.0509
MUM-MU0103,Mumbai,2026-03-21,3,Summer,0.0,30.6,123.1,167.6,1,3,0.0497,0.1897,0.1517
CHE-CH0083,Chennai,2024-09-13,9,Monsoon,9.36,35.7,92.9,105.9,0,1,0.0933,0.0845,0.0046
BEN-BE0098,Bengaluru,2026-03-06,3,Summer,10.0,35.9,83.4,121.1,0,1,0.1875,0.0888,0.0414
DEL-DE0057,Delhi,2025-04-03,4,Summer,7.19,35.4,105.5,147.6,0,2,0.0,0.0,0.0621
HYD-HY0156,Hyderabad,2024-12-09,12,Winter,0.0,15.7,59.7,95.2,1,2,0.0506,0.1487,0.0652
BEN-BE0020,Bengaluru,2025-12-20,12,Winter,4.29,15.0,79.8,101.8,0,4,0.0595,0.1027,0.006
MUM-MU0140,Mumbai,2025-01-09,1,Winter,0.95,23.4,118.4,151.4,0,4,0.2401,0.0974,0.0776
AHM-AH0167,Ahmedabad,2026-01-04,1,Winter,0.0,26.4,66.9,92.1,1,3,0.0951,0.1825,0.0081
HYD-HY0135,Hyderabad,2025-12-07,12,Winter,4.63,31.5,84.6,130.9,0,2,0.0978,0.0495,0.0515
BEN-BE0024,Bengaluru,2025-06-23,6,Monsoon,1.33,27.5,73.5,84.1,0,3,0.1318,0.1107,0.0063
PUN-PU0000,Pune,2024-12-09,12,Winter,4.92,20.7,74.5,99.7,0,2,0.0593,0.092,0.033
BEN-BE0042,Bengaluru,2025-11-18,11,Winter,6.89,15.0,56.2,98.6,0,1,0.0456,0.0992,0.0
BEN-BE0077,Bengaluru,2024-05-13,5,Summer,0.0,31.9,103.4,140.2,0,5,0.1201,0.0778,0.0425
CHE-CH0072,Chennai,2025-03-09,3,Summer,7.06,36.6,30.0,54.1,2,3,0.0,0.4173,0.0
AHM-AH0185,Ahmedabad,2024-06-09,6,Monsoon,26.99,33.5,147.1,157.6,0,1,0.396,0.0011,0.1608
DEL-DE0102,Delhi,2026-03-20,3,Summer,0.0,43.7,87.9,102.8,0,2,0.2888,0.0309,0.0642
PUN-PU0020,Pune,2024-12-12,12,Winter,3.68,28.1,77.6,100.7,0,5,0.0,0.0916,0.0
MUM-MU0005,Mumbai,2024-11-25,11,Winter,7.88,26.2,108.1,129.1,0,3,0.08,0.0046,0.0671
BEN-BE0167,Bengaluru,2024-11-25,11,Winter,0.0,15.0,118.7,166.6,0,2,0.0632,0.0801,0.0874
DEL-DE0096,Delhi,2025-01-03,1,Winter,4.55,22.1,336.3,359.8,0,3,0.1376,0.0507,0.6004
DEL-DE0066,Delhi,2026-03-05,3,Summer,0.89,43.1,89.3,137.8,0,2,0.3028,0.0205,0.0187
HYD-HY0106,Hyderabad,2025-11-23,11,Winter,0.0,19.7,94.0,115.1,1,3,0.1489,0.2322,0.0787
BEN-BE0113,Bengaluru,2025-12-15,12,Winter,0.0,15.5,96.7,142.7,1,2,0.1079,0.2409,0.0276
DEL-DE0157,Delhi,2025-09-13,9,Monsoon,7.59,30.2,71.9,115.9,0,3,0.0878,0.1018,0.0
DEL-DE0025,Delhi,2025-04-16,4,Summer,0.0,38.3,78.7,97.2,0,1,0.0581,0.0554,0.0
PUN-PU0153,Pune,2025-04-17,4,Summer,8.73,44.3,98.2,129.9,0,2,0.2824,0.0871,0.0024
MUM-MU0052,Mumbai,2026-02-17,2,Winter,5.04,19.9,204.1,253.7,0,1,0.0282,0.0,0.2886
DEL-DE0069,Delhi,2025-06-07,6,Monsoon,6.34,32.8,96.8,125.8,0,3,0.1202,0.0439,0.0
MUM-MU0030,Mumbai,2025-06-22,6,Monsoon,25.2,28.7,191.5,221.2,0,5,0.2924,0.0939,0.1757
CHE-CH0133,Chennai,2025-09-12,9,Monsoon,42.54,25.1,64.2,87.7,0,4,0.4678,0.0615,0.0293
BEN-BE0087,Bengaluru,2024-12-11,12,Winter,2.01,31.3,131.3,158.5,0,3,0.1235,0.1173,0.1186
PUN-PU0005,Pune,2025-08-03,8,Monsoon,14.28,23.8,103.7,134.0,0,2,0.0303,0.0,0.1305
CHE-CH0063,Chennai,2026-02-27,2,Winter,0.0,19.6,101.9,120.0,1,2,0.1435,0.1694,0.0577
MUM-MU0032,Mumbai,2024-11-18,11,Winter,10.26,33.2,91.7,112.7,0,2,0.0515,0.0406,0.0516
DEL-DE0156,Delhi,2025-09-19,9,Monsoon,0.0,28.8,79.6,103.1,0,2,0.0,0.0289,0.0114
BEN-BE0143,Bengaluru,2025-10-19,10,Winter,0.41,17.5,55.5,77.6,0,2,0.2057,0.0237,0.0049
MUM-MU0107,Mumbai,2024-06-04,6,Monsoon,43.71,29.4,46.2,70.1,0,3,0.5915,0.1012,0.0
DEL-DE0059,Delhi,2025-02-26,2,Winter,0.0,23.4,342.8,357.0,0,2,0.1238,0.0951,0.6764
AHM-AH0119,Ahmedabad,2025-07-29,7,Monsoon,17.61,34.6,98.4,114.8,0,1,0.0958,0.0217,0.0
KOL-KO0062,Kolkata,2025-05-09,5,Summer,0.0,37.4,170.1,213.2,0,3,0.1977,0.0694,0.269
HYD-HY0077,Hyderabad,2024-05-19,5,Summer,2.17,42.4,57.7,86.4,0,3,0.2108,0.0792,0.064
DEL-DE0032,Delhi,2024-12-07,12,Winter,0.0,20.0,340.2,377.2,0,5,0.0335,0.008,0.6041
AHM-AH0127,Ahmedabad,2025-06-08,6,Monsoon,42.31,33.9,76.8,98.4,0,3,0.4425,0.0499,0.0322
MUM-MU0130,Mumbai,2024-12-03,12,Winter,0.0,22.0,164.0,196.5,0,3,0.0617,0.0238,0.1611
KOL-KO0175,Kolkata,2024-09-19,9,Monsoon,25.66,32.9,88.6,104.5,0,2,0.3528,0.1482,0.0235
KOL-KO0118,Kolkata,2026-02-01,2,Winter,0.0,28.3,122.9,162.2,0,3,0.0037,0.1074,0.0709
AHM-AH0193,Ahmedabad,2024-11-20,11,Winter,0.0,24.4,117.3,153.1,0,4,0.1888,0.0338,0.061
CHE-CH0141,Chennai,2024-05-25,5,Summer,9.66,43.5,121.7,170.2,0,4,0.2514,0.0565,0.1157
HYD-HY0051,Hyderabad,2025-12-05,12,Winter,0.0,22.9,125.9,155.2,0,2,0.1737,0.0469,0.1303
PUN-PU0015,Pune,2026-01-09,1,Winter,0.0,15.2,101.4,141.3,0,4,0.0637,0.0935,0.0035
DEL-DE0023,Delhi,2024-08-18,8,Monsoon,54.15,34.1,109.9,147.7,0,4,0.691,0.02,0.0581
KOL-KO0125,Kolkata,2024-05-11,5,Summer,10.81,45.0,55.3,74.0,0,2,0.3564,0.2092,0.0091
HYD-HY0031,Hyderabad,2025-03-04,3,Summer,16.44,27.4,67.1,83.2,0,4,0.1493,0.0,0.0
BEN-BE0053,Bengaluru,2025-03-21,3,Summer,0.0,36.9,63.2,104.3,0,4,0.0248,0.1139,0.0
PUN-PU0059,Pune,2024-04-04,4,Summer,0.0,32.3,168.9,193.4,0,4,0.1495,0.0,0.1712
MUM-MU0088,Mumbai,2025-08-06,8,Monsoon,43.42,28.4,89.5,124.3,0,1,0.5454,0.0175,0.0143
AHM-AH0089,Ahmedabad,2024-12-07,12,Winter,0.0,25.3,74.3,103.6,0,4,0.0467,0.0361,0.0
PUN-PU0149,Pune,2024-11-01,11,Winter,0.0,17.5,83.5,127.1,0,2,0.2059,0.1072,0.0
HYD-HY0067,Hyderabad,2025-09-14,9,Monsoon,21.85,32.1,125.7,161.7,0,3,0.2681,0.0209,0.0612
CHE-CH0017,Chennai,2026-01-10,1,Winter,4.61,25.6,138.7,188.4,1,1,0.0124,0.2471,0.1377
KOL-KO0138,Kolkata,2025-10-27,10,Winter,0.0,15.0,145.8,170.3,0,3,0.111,0.0312,0.1036
PUN-PU0117,Pune,2024-12-09,12,Winter,11.27,20.4,123.9,167.0,0,3,0.2101,0.0607,0.0413
MUM-MU0063,Mumbai,2025-07-28,7,Monsoon,1.56,32.1,118.7,144.6,0,2,0.0,0.02,0.1089
MUM-MU0124,Mumbai,2026-03-15,3,Summer,12.49,48.0,125.9,159.9,0,3,0.5569,0.0,0.091
KOL-KO0180,Kolkata,2024-09-23,9,Monsoon,21.68,26.0,241.3,273.2,0,3,0.2757,0.0,0.4118
KOL-KO0022,Kolkata,2025-08-13,8,Monsoon,19.06,36.5,160.3,185.7,0,2,0.0348,0.0,0.2667
KOL-KO0073,Kolkata,2024-12-31,12,Winter,4.78,25.8,236.6,248.8,0,2,0.1133,0.0146,0.4345
AHM-AH0005,Ahmedabad,2025-02-20,2,Winter,0.0,24.7,92.2,121.4,0,3,0.1432,0.0163,0.0696
DEL-DE0021,Delhi,2024-07-06,7,Monsoon,46.07,29.0,100.5,138.6,0,5,0.6004,0.0031,0.0587
HYD-HY0004,Hyderabad,2024-06-20,6,Monsoon,18.82,38.5,144.5,157.2,0,1,0.2005,0.0962,0.12
AHM-AH0058,Ahmedabad,2024-06-21,6,Monsoon,18.44,34.8,60.1,91.2,0,3,0.1192,0.0952,0.0373
KOL-KO0108,Kolkata,2025-02-18,2,Winter,0.0,21.0,80.0,95.7,0,2,0.0934,0.0546,0.0006
MUM-MU0150,Mumbai,2024-07-23,7,Monsoon,55.64,37.0,137.0,168.8,0,2,0.6979,0.0725,0.1606
MUM-MU0165,Mumbai,2026-02-09,2,Winter,10.13,18.5,86.3,103.3,0,3,0.1808,0.0878,0.0
CHE-CH0059,Chennai,2025-08-03,8,Monsoon,36.21,26.9,67.8,97.3,0,5,0.5212,0.0825,0.0278
PUN-PU0045,Pune,2026-01-19,1,Winter,1.9,15.2,143.9,192.4,0,3,0.1261,0.0159,0.136
DEL-DE0103,Delhi,2025-10-16,10,Winter,0.0,28.3,324.2,372.2,0,1,0.1264,0.1014,0.5902
MUM-MU0134,Mumbai,2024-12-30,12,Winter,8.36,22.8,102.6,137.5,0,1,0.0303,0.059,0.0428
DEL-DE0058,Delhi,2026-02-23,2,Winter,8.38,19.1,399.0,442.0,0,2,0.146,0.1088,0.8591
BEN-BE0163,Bengaluru,2024-10-29,10,Winter,5.92,15.0,88.7,118.6,0,5,0.0501,0.0883,0.0
PUN-PU0078,Pune,2024-07-02,7,Monsoon,26.69,30.2,55.1,87.3,0,2,0.2595,0.003,0.0196
PUN-PU0096,Pune,2025-05-27,5,Summer,5.83,40.7,75.2,110.5,0,3,0.1794,0.0127,0.0
HYD-HY0198,Hyderabad,2025-03-15,3,Summer,3.07,39.3,62.4,100.0,0,1,0.1045,0.079,0.0112
HYD-HY0123,Hyderabad,2025-03-10,3,Summer,3.57,33.4,52.9,84.4,0,1,0.1055,0.0656,0.0
AHM-AH0058,Ahmedabad,2024-10-22,10,Winter,2.02,17.9,30.0,46.0,0,3,0.0,0.0427,0.0413
CHE-CH0065,Chennai,2025-07-16,7,Monsoon,12.54,30.9,95.2,124.9,0,3,0.0875,0.0055,0.0718
CHE-CH0180,Chennai,2025-01-30,1,Winter,0.0,16.2,113.2,123.7,0,3,0.2321,0.0177,0.0831
PUN-PU0023,Pune,2025-07-16,7,Monsoon,23.51,27.1,85.3,110.5,0,2,0.3492,0.0723,0.0
HYD-HY0086,Hyderabad,2026-03-11,3,Summer,3.02,45.5,73.8,109.4,0,2,0.4232,0.0535,0.0163
CHE-CH0003,Chennai,2025-04-08,4,Summer,0.41,46.5,54.4,90.9,0,2,0.4755,0.0003,0.0646
KOL-KO0129,Kolkata,2024-07-29,7,Monsoon,31.28,32.1,153.0,187.0,0,3,0.3753,0.082,0.1683
HYD-HY0035,Hyderabad,2024-09-29,9,Monsoon,13.84,23.1,87.0,133.0,0,3,0.0,0.0092,0.0023
PUN-PU0039,Pune,2024-07-30,7,Monsoon,43.35,29.7,35.9,74.5,0,5,0.4946,0.0,0.0362
KOL-KO0081,Kolkata,2025-01-07,1,Winter,0.0,19.8,113.1,143.5,2,3,0.0534,0.3347,0.0524
DEL-DE0003,Delhi,2024-11-01,11,Winter,9.74,28.2,408.2,427.6,0,3,0.1698,0.0002,0.7398
AHM-AH0037,Ahmedabad,2025-10-02,10,Winter,3.33,17.0,30.0,66.6,0,2,0.1828,0.051,0.048
DEL-DE0034,Delhi,2025-11-20,11,Winter,0.0,22.4,298.3,327.0,0,1,0.0869,0.0372,0.5569
PUN-PU0140,Pune,2024-11-07,11,Winter,3.53,17.0,83.8,102.4,0,3,0.0256,0.0739,0.0646
PUN-PU0133,Pune,2026-01-07,1,Winter,8.81,15.6,52.4,83.0,0,4,0.1129,0.0446,0.0658
AHM-AH0174,Ahmedabad,2026-01-06,1,Winter,8.87,32.2,111.3,151.5,0,2,0.245,0.1205,0.037
HYD-HY0129,Hyderabad,2026-03-06,3,Summer,6.57,39.0,83.8,106.0,0,2,0.1208,0.1027,0.0
AHM-AH0076,Ahmedabad,2025-02-21,2,Winter,0.0,16.3,55.4,87.2,0,4,0.0,0.1055,0.0442
BEN-BE0040,Bengaluru,2024-09-08,9,Monsoon,20.65,28.7,88.4,117.2,0,5,0.3621,0.0585,0.0198
KOL-KO0080,Kolkata,2025-02-08,2,Winter,0.0,20.9,101.2,114.5,1,4,0.1936,0.1674,0.0329
KOL-KO0124,Kolkata,2024-12-08,12,Winter,0.0,24.5,100.6,131.4,0,3,0.1775,0.0,0.0
BEN-BE0067,Bengaluru,2024-11-15,11,Winter,0.0,28.6,132.8,174.9,0,4,0.0861,0.0817,0.162
KOL-KO0047,Kolkata,2024-08-19,8,Monsoon,7.34,33.9,92.6,105.0,0,3,0.2687,0.0049,0.0
CHE-CH0094,Chennai,2024-04-20,4,Summer,12.94,36.8,79.7,117.8,1,2,0.0783,0.2428,0.0473
KOL-KO0128,Kolkata,2025-10-30,10,Winter,0.0,15.3,211.7,242.8,0,2,0.1953,0.0614,0.3178
KOL-KO0016,Kolkata,2025-03-23,3,Summer,10.81,40.8,223.5,244.0,0,4,0.0718,0.0671,0.3855
KOL-KO0051,Kolkata,2025-12-09,12,Winter,0.0,24.0,162.4,178.0,1,5,0.1956,0.2411,0.1383
AHM-AH0094,Ahmedabad,2025-05-13,5,Summer,10.78,45.7,104.9,128.6,0,1,0.44,0.0508,0.0324
MUM-MU0194,Mumbai,2025-12-19,12,Winter,13.82,26.7,166.4,212.4,0,1,0.234,0.0536,0.1856
CHE-CH0040,Chennai,2025-05-12,5,Summer,0.0,39.0,152.6,197.6,0,3,0.1056,0.0285,0.1337
KOL-KO0074,Kolkata,2024-11-11,11,Winter,0.0,22.0,183.5,202.3,0,5,0.0,0.0324,0.2594
CHE-CH0040,Chennai,2025-03-23,3,Summer,7.39,37.5,119.5,165.4,0,5,0.1028,0.0996,0.1088
PUN-PU0162,Pune,2024-07-08,7,Monsoon,9.94,23.9,77.9,115.2,0,2,0.1392,0.0348,0.0449
BEN-BE0122,Bengaluru,2025-07-16,7,Monsoon,11.3,28.4,109.7,130.2,0,2,0.0133,0.0564,0.0443
CHE-CH0166,Chennai,2025-02-02,2,Winter,11.38,20.1,67.1,79.4,0,2,0.0271,0.0148,0.0052
DEL-DE0112,Delhi,2026-01-31,1,Winter,0.0,23.8,280.5,299.5,0,5,0.1683,0.0225,0.4276
AHM-AH0006,Ahmedabad,2024-09-02,9,Monsoon,26.67,40.0,123.8,152.8,0,2,0.3401,0.0365,0.1924
KOL-KO0171,Kolkata,2025-07-30,7,Monsoon,17.98,29.7,171.7,207.7,0,2,0.104,0.0257,0.1614
MUM-MU0137,Mumbai,2025-06-24,6,Monsoon,15.13,34.5,163.4,196.2,0,3,0.0821,0.0881,0.1868
MUM-MU0186,Mumbai,2024-10-25,10,Winter,0.36,25.7,156.0,201.4,0,2,0.1575,0.0668,0.1982
MUM-MU0174,Mumbai,2024-05-18,5,Summer,0.72,42.1,118.4,157.8,0,1,0.1766,0.1081,0.0
MUM-MU0190,Mumbai,2025-05-29,5,Summer,0.77,35.8,137.2,151.3,0,2,0.1455,0.0,0.1159
KOL-KO0084,Kolkata,2024-09-16,9,Monsoon,20.22,33.5,122.8,157.1,0,1,0.2178,0.0395,0.0363
MUM-MU0197,Mumbai,2024-10-01,10,Winter,0.01,24.5,116.5,154.5,1,3,0.107,0.2405,0.1228
AHM-AH0124,Ahmedabad,2024-07-10,7,Monsoon,13.01,30.4,69.5,106.6,0,3,0.0,0.0487,0.0105
AHM-AH0113,Ahmedabad,2025-06-22,6,Monsoon,18.06,29.5,40.5,63.9,0,1,0.1934,0.0412,0.0653
CHE-CH0163,Chennai,2025-08-08,8,Monsoon,25.06,32.5,85.7,98.3,0,1,0.4188,0.1064,0.0
DEL-DE0066,Delhi,2025-11-16,11,Winter,0.0,19.9,459.3,479.8,0,2,0.0674,0.0816,0.9853
HYD-HY0139,Hyderabad,2024-05-04,5,Summer,3.57,48.0,145.8,192.8,1,1,0.4395,0.1985,0.1668
MUM-MU0122,Mumbai,2025-06-01,6,Monsoon,16.31,23.4,128.0,141.3,0,1,0.0,0.0105,0.1344
PUN-PU0001,Pune,2025-10-20,10,Winter,0.0,22.0,93.1,136.0,0,1,0.0008,0.103,0.0133
HYD-HY0150,Hyderabad,2025-04-20,4,Summer,14.12,37.9,140.0,162.0,0,1,0.0861,0.0055,0.1631
HYD-HY0150,Hyderabad,2025-02-16,2,Winter,0.53,15.0,71.1,81.5,0,5,0.0565,0.0885,0.0205
CHE-CH0075,Chennai,2024-10-04,10,Winter,9.94,23.4,41.3,64.7,0,3,0.067,0.0772,0.0199
PUN-PU0172,Pune,2024-06-30,6,Monsoon,6.86,27.0,122.9,158.2,0,3,0.1371,0.0688,0.1081
DEL-DE0050,Delhi,2026-01-19,1,Winter,9.2,26.2,376.5,420.5,0,3,0.1496,0.0715,0.6397
KOL-KO0041,Kolkata,2024-07-15,7,Monsoon,11.03,35.1,45.9,89.8,0,4,0.0252,0.1353,0.0
CHE-CH0124,Chennai,2025-09-16,9,Monsoon,25.3,27.0,83.1,97.0,0,3,0.4654,0.1251,0.0985
PUN-PU0162,Pune,2025-04-04,4,Summer,13.06,28.5,69.7,93.5,1,2,0.0383,0.1548,0.0828
AHM-AH0136,Ahmedabad,2024-04-27,4,Summer,0.0,42.0,146.4,166.4,0,4,0.087,0.0426,0.0584
KOL-KO0066,Kolkata,2024-05-18,5,Summer,18.5,33.3,31.1,49.9,0,4,0.0948,0.0558,0.0
AHM-AH0076,Ahmedabad,2024-06-28,6,Monsoon,15.85,26.6,61.7,108.7,0,5,0.1449,0.1201,0.0
MUM-MU0105,Mumbai,2025-11-22,11,Winter,0.0,17.0,80.3,93.5,0,3,0.1601,0.0525,0.0
BEN-BE0189,Bengaluru,2024-12-03,12,Winter,1.36,36.8,79.1,115.5,0,3,0.1307,0.0,0.0
PUN-PU0029,Pune,2024-11-04,11,Winter,0.0,21.7,127.8,171.5,0,4,0.1949,0.0141,0.0677
CHE-CH0039,Chennai,2025-09-13,9,Monsoon,12.31,26.2,120.0,165.9,0,3,0.1522,0.0925,0.1282
CHE-CH0120,Chennai,2025-07-05,7,Monsoon,22.19,24.9,142.3,183.9,0,4,0.3072,0.0552,0.1663
DEL-DE0012,Delhi,2025-05-18,5,Summer,8.37,39.3,101.9,119.9,0,5,0.212,0.0,0.0724
HYD-HY0183,Hyderabad,2024-08-09,8,Monsoon,20.71,25.9,120.5,163.2,0,5,0.366,0.0145,0.0244
HYD-HY0039,Hyderabad,2025-12-01,12,Winter,8.13,29.5,119.6,159.7,0,1,0.0777,0.0339,0.0848
BEN-BE0035,Bengaluru,2025-08-11,8,Monsoon,10.15,29.0,101.4,141.6,0,4,0.2952,0.0361,0.057
DEL-DE0116,Delhi,2024-04-17,4,Summer,0.0,48.0,125.0,152.7,0,2,0.4734,0.0202,0.1346
PUN-PU0144,Pune,2024-08-06,8,Monsoon,37.66,27.0,89.2,137.0,0,1,0.3735,0.0626,0.0158
KOL-KO0187,Kolkata,2024-08-15,8,Monsoon,0.92,32.5,165.7,198.7,0,3,0.296,0.0,0.2454
BEN-BE0059,Bengaluru,2024-06-16,6,Monsoon,19.19,33.2,97.0,128.6,0,1,0.0984,0.0578,0.0386
DEL-DE0021,Delhi,2025-08-26,8,Monsoon,6.6,32.4,114.6,125.9,0,3,0.2017,0.0342,0.0566
CHE-CH0117,Chennai,2025-05-12,5,Summer,0.66,43.3,117.4,158.0,2,4,0.3149,0.3956,0.0201
HYD-HY0139,Hyderabad,2025-11-27,11,Winter,0.0,24.7,141.1,163.6,0,3,0.1548,0.043,0.1539
CHE-CH0152,Chennai,2026-01-06,1,Winter,6.18,16.0,157.5,180.3,0,1,0.1217,0.0102,0.2059
DEL-DE0035,Delhi,2026-02-11,2,Winter,0.0,32.6,359.5,391.5,1,1,0.0971,0.2077,0.6249
AHM-AH0161,Ahmedabad,2025-06-24,6,Monsoon,15.53,26.5,61.1,87.6,0,3,0.0,0.1099,0.0826
BEN-BE0170,Bengaluru,2024-06-14,6,Monsoon,12.5,22.6,88.4,113.7,0,3,0.0637,0.0558,0.0
HYD-HY0175,Hyderabad,2024-12-14,12,Winter,3.48,24.0,43.8,60.1,0,3,0.0641,0.0679,0.0197
BEN-BE0063,Bengaluru,2025-06-14,6,Monsoon,35.3,36.5,101.3,119.5,0,4,0.4247,0.0408,0.0363
KOL-KO0078,Kolkata,2024-09-19,9,Monsoon,6.02,33.6,170.0,183.8,0,3,0.0546,0.0391,0.2641
HYD-HY0148,Hyderabad,2026-01-21,1,Winter,5.13,22.2,108.5,139.4,0,3,0.1836,0.0368,0.0846
AHM-AH0171,Ahmedabad,2024-12-14,12,Winter,3.0,25.6,104.6,124.2,0,3,0.0,0.0759,0.0
PUN-PU0073,Pune,2025-01-31,1,Winter,3.14,19.5,106.4,123.8,0,3,0.0756,0.0093,0.024
PUN-PU0056,Pune,2024-09-25,9,Monsoon,14.65,36.5,140.6,164.3,0,1,0.1397,0.0759,0.1198
PUN-PU0182,Pune,2025-06-22,6,Monsoon,19.97,25.1,102.8,120.3,0,3,0.0902,0.0474,0.041
PUN-PU0116,Pune,2025-02-03,2,Winter,8.48,24.1,97.1,123.4,0,1,0.1788,0.0,0.0
HYD-HY0140,Hyderabad,2025-01-01,1,Winter,0.0,24.2,58.0,92.3,0,1,0.0,0.0685,0.0
MUM-MU0053,Mumbai,2025-01-09,1,Winter,7.8,27.8,95.9,116.0,1,3,0.095,0.1756,0.0
PUN-PU0047,Pune,2024-04-05,4,Summer,12.95,36.0,155.8,200.9,0,1,0.0366,0.0463,0.1426
PUN-PU0147,Pune,2024-04-02,4,Summer,9.75,36.7,148.1,180.1,0,3,0.1578,0.0735,0.1892
AHM-AH0020,Ahmedabad,2025-10-10,10,Winter,18.31,33.4,103.1,131.4,1,2,0.0477,0.2058,0.0631
BEN-BE0147,Bengaluru,2024-04-23,4,Summer,10.41,35.6,85.4,96.8,0,2,0.1047,0.0,0.0633
MUM-MU0059,Mumbai,2024-05-16,5,Summer,19.02,41.7,107.9,122.3,0,2,0.0543,0.0658,0.0
DEL-DE0169,Delhi,2025-05-26,5,Summer,4.81,38.8,90.7,128.3,0,5,0.034,0.0,0.0
BEN-BE0159,Bengaluru,2025-06-02,6,Monsoon,3.71,28.8,98.2,128.6,0,2,0.0793,0.1149,0.0157
AHM-AH0039,Ahmedabad,2025-02-22,2,Winter,3.83,22.4,51.1,78.6,0,4,0.0252,0.0572,0.0526
AHM-AH0161,Ahmedabad,2024-09-25,9,Monsoon,25.9,34.8,132.5,159.5,0,3,0.4176,0.0461,0.0723
CHE-CH0032,Chennai,2025-03-31,3,Summer,11.2,48.0,67.7,115.5,0,1,0.4452,0.0771,0.0163
CHE-CH0095,Chennai,2024-12-27,12,Winter,4.71,25.4,35.0,51.4,0,3,0.0605,0.0726,0.0299
CHE-CH0118,Chennai,2024-12-26,12,Winter,4.38,15.8,42.9,69.7,0,4,0.1949,0.0,0.013
MUM-MU0012,Mumbai,2024-12-23,12,Winter,14.1,25.9,123.9,156.5,1,4,0.0992,0.2328,0.077
DEL-DE0171,Delhi,2025-08-22,8,Monsoon,48.1,39.2,109.1,136.1,1,5,0.5678,0.2045,0.1225
DEL-DE0093,Delhi,2025-08-09,8,Monsoon,58.36,37.2,105.4,116.5,0,5,0.6442,0.0571,0.0
HYD-HY0159,Hyderabad,2025-08-04,8,Monsoon,15.11,26.5,122.6,143.7,0,3,0.0225,0.0901,0.0733
PUN-PU0146,Pune,2024-05-09,5,Summer,15.21,41.9,30.0,48.1,0,1,0.1252,0.1107,0.0351
KOL-KO0020,Kolkata,2025-11-21,11,Winter,0.15,17.8,215.5,259.5,0,4,0.1607,0.0638,0.3118
MUM-MU0142,Mumbai,2025-02-06,2,Winter,2.04,15.0,107.7,120.2,0,2,0.0812,0.0,0.0208
DEL-DE0090,Delhi,2025-11-18,11,Winter,8.26,18.9,281.6,308.7,0,3,0.0191,0.0827,0.4639
AHM-AH0117,Ahmedabad,2024-08-14,8,Monsoon,8.1,35.0,99.5,138.1,0,1,0.0,0.0519,0.0
PUN-PU0096,Pune,2025-02-06,2,Winter,4.21,15.6,153.5,190.6,0,5,0.0216,0.0003,0.1714
MUM-MU0062,Mumbai,2026-02-13,2,Winter,0.0,25.6,157.4,176.6,0,3,0.1716,0.0303,0.1988
MUM-MU0187,Mumbai,2024-11-14,11,Winter,10.89,19.1,84.0,129.3,0,4,0.0,0.0187,0.0806
AHM-AH0128,Ahmedabad,2024-09-20,9,Monsoon,8.35,34.9,120.2,147.1,0,4,0.1083,0.0413,0.0284
HYD-HY0086,Hyderabad,2025-06-09,6,Monsoon,32.12,30.6,58.4,87.2,0,2,0.4334,0.0037,0.0
BEN-BE0040,Bengaluru,2024-06-21,6,Monsoon,12.36,34.4,127.5,149.5,0,2,0.2157,0.0836,0.0554
CHE-CH0170,Chennai,2024-11-17,11,Winter,6.29,21.7,101.8,147.1,0,2,0.0985,0.0997,0.0355
KOL-KO0059,Kolkata,2025-12-10,12,Winter,8.86,25.7,186.8,235.2,0,4,0.0418,0.0003,0.2646
KOL-KO0129,Kolkata,2025-05-08,5,Summer,4.33,45.9,101.5,127.2,0,4,0.4235,0.0897,0.0
CHE-CH0098,Chennai,2025-01-04,1,Winter,5.52,19.3,90.5,137.9,0,1,0.1446,0.0049,0.0
DEL-DE0122,Delhi,2024-08-14,8,Monsoon,0.0,41.0,94.9,110.4,0,4,0.0371,0.0584,0.0811
CHE-CH0157,Chennai,2024-11-15,11,Winter,2.69,24.1,126.7,174.4,1,2,0.1194,0.2937,0.1257
CHE-CH0038,Chennai,2025-06-03,6,Monsoon,9.84,30.8,118.7,152.4,0,3,0.0982,0.0734,0.0475
AHM-AH0077,Ahmedabad,2025-09-29,9,Monsoon,11.9,35.5,79.2,99.3,0,5,0.0395,0.0646,0.0798
CHE-CH0064,Chennai,2024-11-05,11,Winter,0.0,28.1,87.4,130.0,0,3,0.0803,0.1229,0.048
AHM-AH0190,Ahmedabad,2024-08-26,8,Monsoon,15.04,35.1,49.3,97.4,0,1,0.1215,0.0835,0.0
HYD-HY0162,Hyderabad,2025-09-11,9,Monsoon,17.27,29.1,118.3,162.8,0,4,0.0438,0.0172,0.0541
PUN-PU0021,Pune,2024-10-17,10,Winter,1.46,15.0,76.7,112.8,1,4,0.0985,0.2581,0.0787
MUM-MU0173,Mumbai,2025-01-09,1,Winter,4.53,19.3,119.0,163.7,0,4,0.2209,0.1255,0.1042
MUM-MU0107,Mumbai,2025-09-15,9,Monsoon,2.54,31.0,68.3,94.6,0,3,0.0012,0.0,0.0
DEL-DE0118,Delhi,2024-09-03,9,Monsoon,3.4,32.8,104.2,140.1,0,2,0.0,0.0173,0.0281
DEL-DE0122,Delhi,2025-02-20,2,Winter,0.0,24.8,393.2,403.8,0,2,0.2076,0.1233,0.81
AHM-AH0145,Ahmedabad,2025-09-24,9,Monsoon,17.32,31.2,71.2,112.4,0,2,0.0878,0.1005,0.0076
PUN-PU0065,Pune,2025-05-28,5,Summer,7.75,37.0,102.5,120.2,0,4,0.0336,0.0,0.0224
MUM-MU0101,Mumbai,2024-12-05,12,Winter,0.0,22.5,75.4,104.5,0,4,0.0285,0.0789,0.022
PUN-PU0180,Pune,2025-03-31,3,Summer,21.99,29.7,77.2,88.0,0,2,0.3046,0.0,0.0
MUM-MU0167,Mumbai,2025-07-11,7,Monsoon,15.59,30.4,140.3,167.4,0,5,0.127,0.091,0.1604
BEN-BE0157,Bengaluru,2025-02-05,2,Winter,8.9,15.2,102.1,119.7,0,5,0.0211,0.0474,0.0128
KOL-KO0107,Kolkata,2024-04-19,4,Summer,0.61,36.8,185.2,231.9,1,5,0.1646,0.1203,0.2822
PUN-PU0155,Pune,2025-04-13,4,Summer,4.36,30.1,110.1,124.0,0,3,0.0503,0.0949,0.0572
KOL-KO0068,Kolkata,2025-03-12,3,Summer,5.22,39.4,61.9,79.0,0,4,0.127,0.0859,0.0
KOL-KO0194,Kolkata,2024-07-14,7,Monsoon,16.62,34.3,157.4,179.4,0,1,0.0,0.0938,0.1459
PUN-PU0043,Pune,2024-05-31,5,Summer,0.85,29.1,145.4,175.5,0,2,0.1398,0.0528,0.1152
KOL-KO0105,Kolkata,2025-06-01,6,Monsoon,26.29,34.1,122.7,148.5,0,4,0.3659,0.0,0.05
KOL-KO0048,Kolkata,2025-04-06,4,Summer,6.57,40.6,186.2,204.3,1,1,0.0302,0.1755,0.2046
BEN-BE0159,Bengaluru,2025-10-28,10,Winter,3.05,26.5,98.2,108.4,1,1,0.0945,0.2482,0.0232
BEN-BE0041,Bengaluru,2025-01-24,1,Winter,1.71,15.0,90.4,117.8,2,3,0.0409,0.3644,0.0376
AHM-AH0146,Ahmedabad,2024-08-18,8,Monsoon,6.37,29.6,86.0,97.2,0,1,0.084,0.0358,0.0
HYD-HY0049,Hyderabad,2024-07-07,7,Monsoon,12.01,28.2,100.8,119.4,0,5,0.2341,0.0565,0.0779
DEL-DE0033,Delhi,2025-05-01,5,Summer,0.0,40.1,103.7,136.0,0,1,0.0591,0.0736,0.0492
CHE-CH0106,Chennai,2024-04-19,4,Summer,5.1,39.3,117.8,158.1,0,3,0.1704,0.1152,0.0541
KOL-KO0080,Kolkata,2025-05-06,5,Summer,0.61,35.0,148.0,192.2,0,2,0.2508,0.0831,0.1727
DEL-DE0027,Delhi,2026-02-22,2,Winter,7.54,32.6,251.0,278.1,0,4,0.1362,0.0,0.4046
BEN-BE0180,Bengaluru,2024-12-25,12,Winter,1.63,21.9,104.6,151.2,0,2,0.0847,0.0557,0.0811
PUN-PU0188,Pune,2025-12-07,12,Winter,3.61,22.0,91.1,133.2,0,2,0.0812,0.0,0.0048
PUN-PU0189,Pune,2024-10-31,10,Winter,13.16,26.8,162.2,188.8,0,2,0.1391,0.0102,0.246
PUN-PU0014,Pune,2026-01-24,1,Winter,0.0,18.8,121.4,136.7,0,3,0.1852,0.0,0.1031
KOL-KO0196,Kolkata,2024-06-14,6,Monsoon,2.24,25.2,78.7,105.4,0,5,0.2126,0.0856,0.097
HYD-HY0079,Hyderabad,2025-08-16,8,Monsoon,10.83,39.4,84.1,96.4,0,1,0.1332,0.0,0.0
PUN-PU0166,Pune,2024-10-25,10,Winter,7.48,18.3,30.0,53.9,0,1,0.0288,0.0112,0.0208
CHE-CH0031,Chennai,2025-02-08,2,Winter,0.0,19.8,63.4,83.7,0,3,0.0015,0.0764,0.0787
MUM-MU0093,Mumbai,2024-09-10,9,Monsoon,8.72,33.9,137.2,186.0,0,2,0.1316,0.134,0.056
BEN-BE0051,Bengaluru,2025-09-03,9,Monsoon,26.29,29.8,123.2,135.4,0,1,0.3752,0.0192,0.0263
KOL-KO0009,Kolkata,2025-03-07,3,Summer,7.13,46.3,104.7,141.5,0,3,0.4043,0.0808,0.0258
PUN-PU0027,Pune,2025-02-21,2,Winter,0.0,15.0,118.3,165.1,0,4,0.0665,0.0774,0.0916
MUM-MU0112,Mumbai,2025-03-15,3,Summer,1.39,48.0,141.5,160.1,1,1,0.5272,0.1588,0.1594
MUM-MU0015,Mumbai,2025-10-13,10,Winter,0.0,15.0,98.7,116.9,0,1,0.1159,0.0866,0.0434
BEN-BE0018,Bengaluru,2024-05-23,5,Summer,7.36,31.4,168.0,207.0,0,4,0.1283,0.0363,0.1736
CHE-CH0017,Chennai,2026-03-12,3,Summer,3.31,42.6,122.1,154.9,0,5,0.1944,0.0,0.0491
BEN-BE0032,Bengaluru,2024-07-08,7,Monsoon,15.68,24.2,112.0,151.4,0,4,0.1403,0.1002,0.1072
AHM-AH0171,Ahmedabad,2026-03-01,3,Summer,0.0,37.7,160.1,209.3,0,3,0.1058,0.0813,0.1311
DEL-DE0081,Delhi,2025-04-15,4,Summer,0.0,46.0,129.8,164.0,0,4,0.326,0.0858,0.1207
AHM-AH0165,Ahmedabad,2025-02-17,2,Winter,7.86,23.7,99.0,120.3,0,3,0.1185,0.0208,0.0
BEN-BE0123,Bengaluru,2026-02-03,2,Winter,5.24,27.1,111.7,156.5,1,1,0.0008,0.1722,0.0
BEN-BE0192,Bengaluru,2026-03-25,3,Summer,1.99,41.5,110.5,131.9,0,3,0.1112,0.0099,0.1363
CHE-CH0071,Chennai,2025-02-17,2,Winter,0.0,32.6,109.2,120.2,0,3,0.1773,0.0311,0.0396
DEL-DE0045,Delhi,2025-01-14,1,Winter,4.75,29.5,450.1,491.8,0,2,0.0795,0.0541,0.9289
MUM-MU0015,Mumbai,2024-12-18,12,Winter,0.69,28.3,173.8,194.9,0,3,0.2149,0.0734,0.1452
HYD-HY0018,Hyderabad,2024-10-28,10,Winter,0.0,16.3,72.4,113.9,0,2,0.1019,0.0166,0.0553
AHM-AH0129,Ahmedabad,2025-03-26,3,Summer,0.0,38.1,83.7,102.7,0,1,0.0804,0.0922,0.0036
KOL-KO0081,Kolkata,2024-04-11,4,Summer,10.15,33.4,153.4,183.6,0,2,0.2326,0.0245,0.1535
DEL-DE0159,Delhi,2025-01-05,1,Winter,1.61,24.3,500.0,544.6,0,1,0.1604,0.0284,0.835
DEL-DE0064,Delhi,2025-10-21,10,Winter,9.17,23.5,457.7,484.4,0,1,0.2167,0.0933,0.9076
CHE-CH0178,Chennai,2025-04-17,4,Summer,3.71,35.6,110.3,149.0,0,3,0.0079,0.102,0.0504
HYD-HY0090,Hyderabad,2024-08-14,8,Monsoon,7.73,30.7,89.9,129.6,0,4,0.0274,0.0649,0.0017
AHM-AH0041,Ahmedabad,2025-12-15,12,Winter,0.0,24.6,77.4,105.7,0,4,0.0962,0.0192,0.0
BEN-BE0071,Bengaluru,2026-02-18,2,Winter,6.52,15.7,84.4,113.9,0,3,0.037,0.047,0.0582
HYD-HY0024,Hyderabad,2024-04-18,4,Summer,7.67,42.9,122.1,158.8,0,2,0.233,0.0968,0.0503
HYD-HY0144,Hyderabad,2025-03-29,3,Summer,0.28,28.8,67.6,78.5,0,3,0.1757,0.0545,0.0588
PUN-PU0168,Pune,2024-10-03,10,Winter,6.91,16.8,99.1,118.9,0,3,0.076,0.1014,0.0
CHE-CH0125,Chennai,2025-05-11,5,Summer,0.0,33.0,62.5,96.2,0,3,0.2026,0.0,0.0
MUM-MU0147,Mumbai,2025-10-25,10,Winter,3.55,21.1,147.2,177.4,0,4,0.0758,0.0524,0.0835
KOL-KO0013,Kolkata,2026-02-05,2,Winter,0.0,25.5,121.8,134.5,0,2,0.0515,0.133,0.0692
AHM-AH0119,Ahmedabad,2025-02-05,2,Winter,0.13,23.3,117.9,132.9,0,2,0.0761,0.0581,0.0563
MUM-MU0086,Mumbai,2024-07-20,7,Monsoon,111.32,23.8,85.1,95.7,0,2,0.9751,0.1131,0.055
KOL-KO0093,Kolkata,2026-03-20,3,Summer,2.06,29.8,161.5,208.0,0,2,0.1296,0.0197,0.2082
MUM-MU0038,Mumbai,2026-03-08,3,Summer,5.62,42.3,117.5,151.9,0,3,0.2474,0.061,0.1169
KOL-KO0141,Kolkata,2026-03-07,3,Summer,1.51,34.8,247.6,283.3,0,3,0.1691,0.0052,0.4068
MUM-MU0159,Mumbai,2025-03-15,3,Summer,19.82,36.6,207.2,232.4,0,2,0.096,0.0,0.2647
CHE-CH0041,Chennai,2025-04-10,4,Summer,0.0,41.1,135.7,157.1,0,1,0.2068,0.0234,0.1265
HYD-HY0179,Hyderabad,2026-01-23,1,Winter,0.0,34.5,41.7,71.9,1,3,0.1407,0.2456,0.0988
KOL-KO0079,Kolkata,2025-05-01,5,Summer,12.9,39.3,135.5,158.9,1,5,0.1614,0.2032,0.0732
HYD-HY0174,Hyderabad,2025-01-22,1,Winter,0.0,18.4,73.0,85.3,1,5,0.0941,0.2362,0.001
KOL-KO0028,Kolkata,2026-02-09,2,Winter,0.0,16.2,196.2,232.2,0,3,0.0987,0.049,0.2693
AHM-AH0053,Ahmedabad,2026-02-20,2,Winter,0.0,21.5,51.8,70.3,0,2,0.2544,0.0694,0.0748
PUN-PU0111,Pune,2025-01-22,1,Winter,0.0,18.4,81.0,105.7,0,4,0.1211,0.0264,0.0047
KOL-KO0055,Kolkata,2024-04-15,4,Summer,12.27,30.4,194.4,237.4,0,4,0.079,0.0831,0.2917
BEN-BE0192,Bengaluru,2025-08-17,8,Monsoon,42.83,32.8,135.4,182.8,0,3,0.5593,0.0843,0.1259
DEL-DE0035,Delhi,2024-06-20,6,Monsoon,26.35,40.4,120.3,143.4,0,3,0.4928,0.0635,0.074
KOL-KO0029,Kolkata,2025-08-24,8,Monsoon,5.94,30.1,235.4,268.8,0,1,0.1296,0.0469,0.359
MUM-MU0042,Mumbai,2025-06-02,6,Monsoon,16.3,26.9,67.9,87.0,0,5,0.0541,0.0434,0.0182
CHE-CH0065,Chennai,2026-01-13,1,Winter,16.66,15.2,132.2,157.3,0,4,0.1038,0.0428,0.081
DEL-DE0151,Delhi,2025-12-06,12,Winter,0.0,24.6,445.3,484.4,0,2,0.0873,0.035,0.9423
PUN-PU0065,Pune,2026-01-12,1,Winter,0.0,23.8,137.0,178.0,0,2,0.0,0.1175,0.0656
KOL-KO0142,Kolkata,2025-03-17,3,Summer,8.57,38.9,58.3,84.8,0,1,0.1338,0.0326,0.0
AHM-AH0012,Ahmedabad,2024-11-14,11,Winter,2.06,21.1,104.8,139.7,0,4,0.1047,0.093,0.0562
CHE-CH0141,Chennai,2024-08-24,8,Monsoon,3.24,30.9,108.4,139.7,0,4,0.0132,0.0438,0.0204
MUM-MU0180,Mumbai,2025-04-30,4,Summer,5.07,38.5,111.4,125.3,0,4,0.1206,0.0373,0.1287
KOL-KO0094,Kolkata,2024-05-08,5,Summer,1.31,44.2,183.1,215.1,0,1,0.32,0.0258,0.217
DEL-DE0016,Delhi,2024-05-10,5,Summer,0.0,46.1,46.5,79.1,0,5,0.3955,0.0,0.0
BEN-BE0098,Bengaluru,2025-05-16,5,Summer,2.54,44.3,106.4,117.1,0,1,0.2742,0.0,0.1043
KOL-KO0092,Kolkata,2024-12-27,12,Winter,10.14,16.6,130.2,170.3,0,5,0.041,0.0212,0.1187
PUN-PU0006,Pune,2025-03-24,3,Summer,9.07,34.8,150.0,191.7,1,1,0.018,0.2506,0.1362
KOL-KO0020,Kolkata,2024-04-03,4,Summer,5.06,44.0,84.1,97.7,0,2,0.3062,0.0607,0.0278
HYD-HY0073,Hyderabad,2025-12-26,12,Winter,0.0,20.3,79.1,100.9,0,5,0.0971,0.0471,0.0339
MUM-MU0161,Mumbai,2025-04-22,4,Summer,0.0,43.8,84.9,131.6,0,3,0.2264,0.0025,0.0193
KOL-KO0010,Kolkata,2024-10-11,10,Winter,1.67,25.7,169.1,209.1,1,3,0.2365,0.1639,0.1812
CHE-CH0035,Chennai,2025-12-29,12,Winter,2.71,23.3,121.3,149.1,1,2,0.0604,0.1934,0.0858
AHM-AH0127,Ahmedabad,2024-06-18,6,Monsoon,30.66,29.3,93.2,107.0,0,5,0.3601,0.0392,0.0092
CHE-CH0095,Chennai,2026-04-01,4,Summer,7.05,29.6,131.3,142.3,1,3,0.217,0.1741,0.1058
BEN-BE0053,Bengaluru,2026-01-08,1,Winter,0.0,25.7,135.9,148.7,1,1,0.1709,0.2111,0.1553
CHE-CH0082,Chennai,2024-10-14,10,Winter,4.81,31.2,80.3,100.2,0,5,0.214,0.0208,0.024
AHM-AH0195,Ahmedabad,2025-05-08,5,Summer,0.0,44.8,116.9,155.8,0,3,0.3025,0.0432,0.0684
DEL-DE0144,Delhi,2026-03-02,3,Summer,0.0,32.5,62.4,75.5,3,3,0.0,0.4461,0.0
MUM-MU0156,Mumbai,2024-08-03,8,Monsoon,25.35,27.4,133.3,154.3,0,3,0.4854,0.0587,0.164
HYD-HY0045,Hyderabad,2025-02-28,2,Winter,7.29,21.8,137.6,152.1,0,3,0.1658,0.0407,0.1698
PUN-PU0096,Pune,2024-08-04,8,Monsoon,10.14,26.6,97.7,124.4,0,1,0.0627,0.063,0.0
DEL-DE0033,Delhi,2025-07-28,7,Monsoon,12.9,35.6,92.1,102.7,0,2,0.0724,0.0645,0.0
HYD-HY0086,Hyderabad,2025-07-15,7,Monsoon,12.76,29.7,93.3,122.1,0,2,0.1516,0.0283,0.0195
HYD-HY0044,Hyderabad,2026-01-18,1,Winter,10.12,16.5,69.1,87.9,1,1,0.1189,0.2748,0.0763
DEL-DE0197,Delhi,2025-06-11,6,Monsoon,15.02,31.9,106.6,117.7,0,3,0.0217,0.0219,0.1408
AHM-AH0189,Ahmedabad,2025-01-18,1,Winter,7.03,17.6,95.1,113.0,0,2,0.1029,0.0,0.1019
CHE-CH0115,Chennai,2025-06-15,6,Monsoon,9.5,37.6,187.4,231.4,0,4,0.0715,0.1244,0.2178
CHE-CH0119,Chennai,2025-04-11,4,Summer,0.0,42.0,112.9,147.6,0,5,0.0621,0.0213,0.0123
AHM-AH0089,Ahmedabad,2024-09-15,9,Monsoon,64.4,35.4,92.0,108.3,0,3,0.7226,0.0648,0.0
PUN-PU0121,Pune,2025-12-04,12,Winter,0.0,20.6,57.7,88.3,0,2,0.0969,0.0,0.0211
DEL-DE0102,Delhi,2025-12-01,12,Winter,3.37,29.6,320.6,346.2,0,3,0.2277,0.0773,0.5737
BEN-BE0083,Bengaluru,2024-06-26,6,Monsoon,12.47,27.8,146.6,171.3,0,2,0.0573,0.071,0.1695
DEL-DE0010,Delhi,2024-11-27,11,Winter,6.85,20.3,361.1,405.7,1,1,0.0,0.231,0.7271
DEL-DE0099,Delhi,2025-05-07,5,Summer,2.98,40.1,89.3,122.1,0,2,0.1648,0.0435,0.0041
BEN-BE0124,Bengaluru,2026-01-06,1,Winter,3.31,21.8,111.7,153.0,0,1,0.0919,0.0362,0.1362
BEN-BE0004,Bengaluru,2024-06-08,6,Monsoon,13.89,27.1,118.0,152.1,0,1,0.0223,0.0404,0.0281
DEL-DE0155,Delhi,2025-11-03,11,Winter,0.0,23.7,258.6,308.2,0,2,0.1121,0.0197,0.4266
PUN-PU0033,Pune,2025-10-16,10,Winter,0.0,21.3,100.4,130.6,0,2,0.0417,0.0504,0.0165
DEL-DE0113,Delhi,2026-03-24,3,Summer,0.6,48.0,104.2,120.0,0,1,0.4804,0.0734,0.0
AHM-AH0156,Ahmedabad,2025-04-25,4,Summer,1.3,42.9,95.9,117.0,0,3,0.335,0.0176,0.0532
AHM-AH0154,Ahmedabad,2024-10-18,10,Winter,12.79,28.2,92.4,116.6,0,3,0.1889,0.0457,0.0
PUN-PU0142,Pune,2025-04-13,4,Summer,15.94,34.2,145.1,165.7,0,1,0.0156,0.0605,0.0822
MUM-MU0154,Mumbai,2024-09-13,9,Monsoon,19.91,32.2,109.5,147.6,0,2,0.1228,0.0,0.0881
DEL-DE0162,Delhi,2024-10-21,10,Winter,0.0,26.2,441.8,462.3,0,3,0.024,0.1223,0.8213
AHM-AH0182,Ahmedabad,2025-04-02,4,Summer,9.72,45.5,86.7,104.5,0,4,0.3508,0.0457,0.0824
PUN-PU0086,Pune,2025-11-06,11,Winter,0.82,21.0,98.1,120.3,0,3,0.1979,0.0828,0.0408
HYD-HY0011,Hyderabad,2025-08-05,8,Monsoon,19.64,32.6,123.2,136.0,0,3,0.1238,0.0801,0.1626
KOL-KO0150,Kolkata,2025-06-24,6,Monsoon,0.0,27.6,150.5,177.4,0,3,0.0512,0.0,0.1208
AHM-AH0145,Ahmedabad,2025-09-25,9,Monsoon,5.36,37.4,60.6,86.3,0,2,0.0939,0.049,0.0435
HYD-HY0154,Hyderabad,2026-01-21,1,Winter,0.0,16.5,87.8,101.4,2,2,0.1729,0.3513,0.0494
AHM-AH0156,Ahmedabad,2024-09-16,9,Monsoon,23.22,29.9,121.6,144.4,0,4,0.3723,0.1011,0.1037
HYD-HY0186,Hyderabad,2025-07-30,7,Monsoon,31.97,31.2,127.7,139.2,0,3,0.4239,0.0901,0.0945
KOL-KO0119,Kolkata,2024-06-30,6,Monsoon,25.64,25.9,137.2,182.2,0,2,0.3902,0.0051,0.1122
PUN-PU0194,Pune,2024-04-23,4,Summer,2.72,36.7,123.1,169.7,0,2,0.0,0.0919,0.0916
HYD-HY0156,Hyderabad,2025-04-07,4,Summer,20.25,36.6,129.0,162.3,0,3,0.2661,0.1376,0.0752
PUN-PU0116,Pune,2025-06-17,6,Monsoon,1.51,22.9,190.8,238.6,0,3,0.2353,0.0399,0.2441
PUN-PU0101,Pune,2024-04-18,4,Summer,0.0,43.0,125.6,151.1,0,3,0.2737,0.0198,0.1146
PUN-PU0079,Pune,2024-09-01,9,Monsoon,27.6,34.2,117.3,146.6,0,2,0.3375,0.0,0.1139
CHE-CH0061,Chennai,2024-12-20,12,Winter,4.18,21.1,99.6,125.9,0,5,0.0315,0.0,0.0
PUN-PU0084,Pune,2025-12-10,12,Winter,0.0,21.3,62.5,99.1,0,4,0.0492,0.1096,0.018
CHE-CH0047,Chennai,2024-05-08,5,Summer,4.46,37.6,115.7,133.7,0,3,0.1552,0.041,0.0059
DEL-DE0109,Delhi,2025-12-20,12,Winter,2.45,16.6,410.8,422.9,0,4,0.0271,0.0473,0.8578
KOL-KO0100,Kolkata,2024-11-21,11,Winter,5.13,27.2,128.0,174.4,0,1,0.0948,0.0491,0.1587
MUM-MU0139,Mumbai,2025-05-23,5,Summer,7.53,42.5,128.4,148.0,0,4,0.2707,0.0879,0.1191
KOL-KO0160,Kolkata,2026-01-26,1,Winter,0.0,28.6,204.1,243.9,0,2,0.0739,0.0361,0.221
KOL-KO0105,Kolkata,2024-12-02,12,Winter,0.0,18.9,79.7,96.7,1,2,0.1338,0.1624,0.0
PUN-PU0093,Pune,2026-03-15,3,Summer,0.0,23.4,124.5,152.4,0,1,0.0826,0.022,0.0645
CHE-CH0020,Chennai,2024-11-21,11,Winter,0.0,23.7,150.8,191.0,0,4,0.0455,0.0545,0.1336
BEN-BE0162,Bengaluru,2025-08-08,8,Monsoon,15.54,26.1,116.8,152.7,0,3,0.1706,0.0374,0.0288
PUN-PU0011,Pune,2024-08-12,8,Monsoon,20.78,25.0,89.5,106.5,0,2,0.4103,0.077,0.0625
MUM-MU0115,Mumbai,2025-11-29,11,Winter,3.44,24.6,106.6,134.3,0,1,0.0533,0.0191,0.1133
CHE-CH0120,Chennai,2025-10-14,10,Winter,0.0,19.2,155.1,183.4,0,1,0.0383,0.0752,0.1719
HYD-HY0039,Hyderabad,2024-07-04,7,Monsoon,7.41,31.2,78.6,122.7,0,2,0.0823,0.0,0.0163
MUM-MU0151,Mumbai,2024-08-19,8,Monsoon,15.42,27.3,60.4,73.4,0,4,0.0972,0.0843,0.0
CHE-CH0035,Chennai,2024-11-27,11,Winter,2.96,21.3,76.0,102.2,0,1,0.0,0.028,0.0522
KOL-KO0145,Kolkata,2025-04-08,4,Summer,0.0,28.1,33.8,80.0,0,3,0.036,0.0668,0.0044
KOL-KO0125,Kolkata,2024-09-02,9,Monsoon,80.1,41.1,262.5,307.7,0,2,0.9456,0.0411,0.4227
MUM-MU0077,Mumbai,2024-09-23,9,Monsoon,11.06,37.0,166.1,179.3,0,4,0.1475,0.0627,0.1727
MUM-MU0116,Mumbai,2024-04-13,4,Summer,7.07,41.9,102.1,139.5,0,3,0.0617,0.0,0.0305
CHE-CH0155,Chennai,2025-03-06,3,Summer,8.01,32.0,69.1,98.3,0,3,0.0185,0.0892,0.0186
BEN-BE0187,Bengaluru,2025-10-13,10,Winter,0.0,31.2,98.2,116.8,0,3,0.006,0.1527,0.0
MUM-MU0157,Mumbai,2025-06-06,6,Monsoon,76.22,22.1,146.0,163.4,0,3,0.8504,0.0,0.2006
PUN-PU0120,Pune,2025-03-21,3,Summer,5.26,36.0,60.4,76.2,0,2,0.1004,0.1095,0.0896
MUM-MU0184,Mumbai,2025-11-23,11,Winter,0.0,22.4,74.6,121.1,0,4,0.1967,0.0673,0.0392
PUN-PU0059,Pune,2025-08-08,8,Monsoon,13.37,27.3,92.0,106.7,0,2,0.0227,0.0528,0.0463
PUN-PU0016,Pune,2025-10-24,10,Winter,15.42,24.1,96.1,110.4,0,1,0.1599,0.0927,0.0
HYD-HY0038,Hyderabad,2024-07-21,7,Monsoon,40.8,27.8,49.3,97.5,0,3,0.4938,0.0701,0.0442
CHE-CH0187,Chennai,2024-09-13,9,Monsoon,24.76,32.0,95.6,130.5,0,3,0.4207,0.0996,0.0
KOL-KO0147,Kolkata,2025-09-27,9,Monsoon,26.21,32.6,82.5,126.1,0,3,0.3994,0.0612,0.0
HYD-HY0188,Hyderabad,2025-08-16,8,Monsoon,7.41,35.7,91.1,101.2,0,3,0.0307,0.0,0.0012
HYD-HY0135,Hyderabad,2024-12-02,12,Winter,0.0,20.2,88.7,113.0,0,1,0.1142,0.0656,0.0224
AHM-AH0113,Ahmedabad,2024-04-29,4,Summer,3.7,48.0,80.0,93.0,0,1,0.5446,0.1105,0.0951
MUM-MU0084,Mumbai,2024-06-21,6,Monsoon,28.09,41.2,96.5,134.1,0,3,0.3677,0.0708,0.0
KOL-KO0121,Kolkata,2024-12-27,12,Winter,1.26,22.4,63.4,110.3,0,3,0.1086,0.0,0.0339
HYD-HY0170,Hyderabad,2025-07-02,7,Monsoon,31.15,38.9,118.5,144.2,0,2,0.3751,0.0108,0.0
PUN-PU0134,Pune,2025-01-10,1,Winter,7.84,15.0,115.3,134.1,1,5,0.0688,0.1947,0.0736
DEL-DE0185,Delhi,2024-11-10,11,Winter,0.0,38.5,345.9,379.4,0,2,0.1248,0.0084,0.6484
CHE-CH0058,Chennai,2024-06-07,6,Monsoon,14.04,30.1,118.2,163.1,0,2,0.0,0.0248,0.1056
PUN-PU0039,Pune,2024-10-15,10,Winter,8.33,21.9,131.8,164.5,0,2,0.0986,0.103,0.1619
KOL-KO0174,Kolkata,2024-12-26,12,Winter,0.0,27.6,213.8,234.0,0,2,0.1946,0.0,0.3295
HYD-HY0026,Hyderabad,2026-03-20,3,Summer,13.6,42.2,103.1,127.1,0,1,0.157,0.0,0.0
DEL-DE0108,Delhi,2025-04-07,4,Summer,8.93,37.2,82.4,101.2,2,3,0.0627,0.3261,0.055
MUM-MU0126,Mumbai,2025-02-22,2,Winter,1.53,15.0,108.3,157.3,0,3,0.1623,0.0576,0.0026
KOL-KO0122,Kolkata,2024-11-21,11,Winter,13.31,30.2,183.8,215.9,0,5,0.1554,0.0216,0.2025
DEL-DE0011,Delhi,2024-11-22,11,Winter,4.91,34.5,408.3,434.0,0,3,0.1098,0.036,0.8087
CHE-CH0103,Chennai,2024-05-27,5,Summer,10.38,32.5,142.1,176.9,0,2,0.1392,0.0751,0.0705
AHM-AH0062,Ahmedabad,2025-07-03,7,Monsoon,7.13,28.1,116.6,156.9,0,5,0.132,0.103,0.0599
MUM-MU0172,Mumbai,2024-09-11,9,Monsoon,27.99,31.0,86.8,108.5,0,3,0.3469,0.0,0.0
HYD-HY0033,Hyderabad,2025-09-04,9,Monsoon,0.0,21.4,104.3,115.8,0,1,0.1826,0.0054,0.0
PUN-PU0123,Pune,2026-03-13,3,Summer,0.51,41.5,73.6,106.1,0,3,0.112,0.0,0.0339
DEL-DE0153,Delhi,2025-06-15,6,Monsoon,14.44,31.9,131.6,143.8,0,3,0.0777,0.0871,0.0981
MUM-MU0080,Mumbai,2025-01-13,1,Winter,0.0,19.3,72.6,89.7,0,2,0.0581,0.0823,0.0369
BEN-BE0107,Bengaluru,2024-11-09,11,Winter,7.91,22.4,97.3,123.5,0,3,0.132,0.0515,0.0
AHM-AH0049,Ahmedabad,2025-08-14,8,Monsoon,0.0,37.2,127.4,175.8,0,5,0.0786,0.1129,0.1018
KOL-KO0096,Kolkata,2024-04-25,4,Summer,0.45,35.5,144.7,168.1,1,5,0.1007,0.2274,0.102
KOL-KO0099,Kolkata,2024-08-27,8,Monsoon,50.37,29.3,120.6,132.6,0,3,0.5378,0.0538,0.1155
HYD-HY0073,Hyderabad,2024-12-06,12,Winter,10.2,27.2,102.7,125.1,0,3,0.0,0.0656,0.0199
HYD-HY0070,Hyderabad,2024-04-14,4,Summer,7.8,43.4,147.1,166.2,1,3,0.4064,0.2467,0.1559
PUN-PU0048,Pune,2026-02-04,2,Winter,7.78,19.0,148.1,194.7,0,2,0.0,0.0305,0.1128
DEL-DE0125,Delhi,2024-10-04,10,Winter,7.41,19.9,437.5,477.0,0,1,0.2127,0.0426,0.8406
CHE-CH0145,Chennai,2025-12-24,12,Winter,0.0,21.7,171.8,207.5,0,5,0.0083,0.0167,0.2771
CHE-CH0163,Chennai,2025-10-05,10,Winter,0.91,16.9,138.2,181.9,0,5,0.076,0.0514,0.184
BEN-BE0179,Bengaluru,2026-03-18,3,Summer,7.31,31.3,90.3,117.8,0,1,0.0321,0.0507,0.0
CHE-CH0193,Chennai,2026-02-12,2,Winter,7.23,22.8,194.0,239.3,0,1,0.0352,0.0582,0.2423
KOL-KO0037,Kolkata,2025-05-20,5,Summer,14.92,45.9,87.6,101.2,1,3,0.4009,0.2548,0.0
AHM-AH0186,Ahmedabad,2025-08-01,8,Monsoon,21.83,33.9,78.7,96.7,0,1,0.3602,0.0481,0.0541
CHE-CH0092,Chennai,2026-02-05,2,Winter,0.0,16.6,97.4,115.8,0,5,0.1335,0.0,0.0151
PUN-PU0190,Pune,2025-03-11,3,Summer,6.27,34.7,97.7,147.1,0,1,0.0,0.1191,0.033
PUN-PU0024,Pune,2024-06-02,6,Monsoon,14.64,41.6,98.0,109.8,1,1,0.0388,0.2186,0.0083
MUM-MU0107,Mumbai,2025-08-12,8,Monsoon,18.46,34.0,111.3,141.4,0,2,0.1819,0.0584,0.0961
PUN-PU0092,Pune,2025-10-09,10,Winter,0.0,17.4,126.5,151.9,1,2,0.0186,0.3194,0.1044
PUN-PU0125,Pune,2025-02-08,2,Winter,2.5,16.4,134.3,151.4,0,2,0.1125,0.0554,0.133
CHE-CH0085,Chennai,2025-12-08,12,Winter,12.34,18.5,79.0,113.9,0,4,0.078,0.0914,0.0345
MUM-MU0134,Mumbai,2024-07-15,7,Monsoon,3.77,33.1,90.6,139.0,0,3,0.2037,0.05,0.0374
CHE-CH0075,Chennai,2025-12-20,12,Winter,2.79,32.2,106.8,140.3,0,2,0.0938,0.0877,0.026
MUM-MU0193,Mumbai,2025-11-15,11,Winter,0.19,25.7,264.7,282.8,0,2,0.103,0.011,0.4172
HYD-HY0142,Hyderabad,2025-12-30,12,Winter,0.81,18.7,76.4,110.2,0,2,0.1648,0.0896,0.0202
PUN-PU0189,Pune,2024-06-10,6,Monsoon,39.53,18.7,106.5,142.1,0,1,0.4886,0.0796,0.034
CHE-CH0191,Chennai,2024-05-02,5,Summer,15.21,48.0,166.4,213.2,0,4,0.5659,0.0753,0.1629
BEN-BE0181,Bengaluru,2025-08-29,8,Monsoon,51.21,27.4,108.4,133.2,0,1,0.5774,0.0311,0.0074
BEN-BE0116,Bengaluru,2024-10-01,10,Winter,0.0,20.5,111.7,139.5,1,2,0.192,0.2118,0.0594
AHM-AH0082,Ahmedabad,2025-03-22,3,Summer,4.47,38.7,102.9,150.6,0,4,0.1027,0.0484,0.051
PUN-PU0144,Pune,2024-05-11,5,Summer,0.0,29.9,112.7,155.2,0,4,0.0556,0.0542,0.0374
PUN-PU0034,Pune,2025-03-22,3,Summer,0.0,28.3,131.5,178.3,0,3,0.1275,0.0452,0.088
DEL-DE0107,Delhi,2024-08-19,8,Monsoon,0.0,30.0,75.2,121.4,0,3,0.1425,0.0901,0.0229
CHE-CH0082,Chennai,2024-04-26,4,Summer,6.51,27.8,67.9,78.1,0,3,0.1595,0.1126,0.0927
MUM-MU0166,Mumbai,2025-08-31,8,Monsoon,5.89,28.6,118.3,147.8,0,3,0.2054,0.0,0.0459
HYD-HY0193,Hyderabad,2025-10-15,10,Winter,4.82,18.1,47.7,73.0,0,3,0.1628,0.0874,0.0
PUN-PU0159,Pune,2025-03-24,3,Summer,0.0,39.9,108.9,148.5,0,3,0.0,0.0779,0.0855
DEL-DE0089,Delhi,2025-01-27,1,Winter,10.7,24.9,381.3,430.6,0,2,0.0286,0.0045,0.7305
CHE-CH0116,Chennai,2024-09-01,9,Monsoon,18.02,32.9,74.2,123.5,0,1,0.2186,0.0024,0.0
CHE-CH0035,Chennai,2026-02-25,2,Winter,0.0,20.6,137.7,175.9,0,2,0.0863,0.1128,0.1823
PUN-PU0143,Pune,2026-01-22,1,Winter,1.71,15.0,61.3,96.4,1,3,0.2452,0.1543,0.051
AHM-AH0030,Ahmedabad,2025-01-20,1,Winter,7.77,18.5,125.1,171.7,0,3,0.0031,0.0876,0.06
PUN-PU0156,Pune,2024-07-03,7,Monsoon,11.29,36.3,82.5,108.4,0,4,0.0656,0.1053,0.0661
KOL-KO0002,Kolkata,2026-01-15,1,Winter,0.0,21.8,143.8,162.5,0,2,0.0789,0.0727,0.1723
DEL-DE0064,Delhi,2025-07-17,7,Monsoon,12.26,35.9,61.6,108.8,0,2,0.053,0.0239,0.1074
PUN-PU0018,Pune,2024-07-13,7,Monsoon,24.81,33.1,77.1,111.3,0,3,0.423,0.1193,0.0
AHM-AH0051,Ahmedabad,2025-12-28,12,Winter,0.0,27.0,71.1,110.8,0,4,0.1454,0.0622,0.0517
MUM-MU0173,Mumbai,2026-03-29,3,Summer,3.04,33.6,139.9,180.0,0,1,0.1159,0.0052,0.0709
CHE-CH0034,Chennai,2025-12-09,12,Winter,6.13,15.0,97.5,142.0,0,1,0.0841,0.0439,0.0029
HYD-HY0144,Hyderabad,2024-10-22,10,Winter,0.0,20.8,95.1,114.5,0,1,0.1532,0.0437,0.0116
CHE-CH0171,Chennai,2024-07-21,7,Monsoon,17.51,26.2,116.4,153.4,0,3,0.0882,0.0735,0.0125
PUN-PU0117,Pune,2025-07-09,7,Monsoon,9.96,30.7,112.3,148.7,0,1,0.0998,0.0,0.0714
CHE-CH0072,Chennai,2025-12-03,12,Winter,5.73,18.2,198.6,238.5,0,4,0.1138,0.0501,0.2681
DEL-DE0061,Delhi,2025-01-15,1,Winter,1.84,22.0,413.1,461.1,0,2,0.2362,0.0902,0.7782
PUN-PU0172,Pune,2026-02-14,2,Winter,0.0,25.1,99.4,148.0,0,4,0.0,0.0,0.0
AHM-AH0039,Ahmedabad,2025-06-05,6,Monsoon,28.64,34.4,102.9,125.9,0,5,0.4847,0.0401,0.016
AHM-AH0113,Ahmedabad,2025-01-30,1,Winter,0.0,26.0,89.9,123.3,0,2,0.1141,0.0568,0.0923
AHM-AH0003,Ahmedabad,2025-06-29,6,Monsoon,22.75,32.2,117.7,142.2,0,3,0.3423,0.0,0.0156
HYD-HY0078,Hyderabad,2024-11-03,11,Winter,10.02,15.8,50.2,91.5,0,2,0.0373,0.0657,0.0278
MUM-MU0191,Mumbai,2025-11-16,11,Winter,0.0,19.6,126.5,154.3,0,3,0.1229,0.0594,0.0966
PUN-PU0123,Pune,2024-12-09,12,Winter,5.09,20.2,152.5,173.2,1,1,0.171,0.2894,0.1462
PUN-PU0173,Pune,2025-03-16,3,Summer,0.0,39.4,93.2,140.6,1,1,0.1684,0.1646,0.0123
KOL-KO0067,Kolkata,2026-01-02,1,Winter,6.61,20.3,92.4,122.5,0,2,0.03,0.0961,0.0567
HYD-HY0041,Hyderabad,2025-09-02,9,Monsoon,33.81,31.1,63.2,88.3,1,2,0.4143,0.229,0.0
CHE-CH0141,Chennai,2025-03-08,3,Summer,3.19,48.0,115.2,164.3,1,4,0.553,0.2316,0.0
MUM-MU0037,Mumbai,2025-04-07,4,Summer,10.8,31.5,177.5,197.3,0,1,0.1102,0.0396,0.2079
CHE-CH0142,Chennai,2025-11-05,11,Winter,22.23,21.9,118.3,156.9,1,1,0.3198,0.2498,0.0439
CHE-CH0032,Chennai,2025-06-30,6,Monsoon,6.69,22.4,129.4,161.7,0,3,0.0618,0.0,0.1312
DEL-DE0169,Delhi,2026-02-01,2,Winter,10.99,26.8,478.2,498.7,0,2,0.1363,0.0371,1.0
BEN-BE0038,Bengaluru,2024-12-21,12,Winter,11.86,19.0,140.8,185.7,0,1,0.0438,0.0619,0.1084
CHE-CH0099,Chennai,2025-10-17,10,Winter,0.23,17.6,125.1,142.1,1,1,0.0878,0.228,0.0744
AHM-AH0169,Ahmedabad,2024-12-24,12,Winter,2.21,26.0,51.4,70.3,0,3,0.1759,0.0212,0.0
KOL-KO0195,Kolkata,2025-07-05,7,Monsoon,15.54,30.6,157.7,207.3,0,5,0.0842,0.0,0.1668
DEL-DE0193,Delhi,2025-11-18,11,Winter,0.0,16.6,318.6,357.2,0,1,0.0971,0.0443,0.5261
BEN-BE0063,Bengaluru,2024-12-31,12,Winter,0.0,15.0,123.6,150.0,0,2,0.0187,0.144,0.002
DEL-DE0081,Delhi,2024-09-08,9,Monsoon,19.28,37.5,66.8,83.7,0,1,0.0749,0.0174,0.0
DEL-DE0117,Delhi,2025-10-05,10,Winter,3.09,21.5,484.8,522.8,0,2,0.0806,0.0665,0.8651
MUM-MU0158,Mumbai,2025-02-04,2,Winter,4.9,17.7,163.5,192.6,0,2,0.0131,0.0,0.2022
CHE-CH0005,Chennai,2025-08-26,8,Monsoon,7.55,33.2,156.4,196.4,0,1,0.0949,0.0,0.1715
DEL-DE0007,Delhi,2025-09-08,9,Monsoon,30.98,29.0,145.5,158.8,0,3,0.3379,0.0628,0.0339
HYD-HY0039,Hyderabad,2025-09-18,9,Monsoon,0.0,24.9,91.4,114.5,0,4,0.1535,0.0011,0.081
AHM-AH0178,Ahmedabad,2024-08-04,8,Monsoon,16.62,38.5,96.4,136.8,0,1,0.0831,0.0515,0.0096
HYD-HY0105,Hyderabad,2025-07-01,7,Monsoon,1.69,30.7,93.5,116.9,0,3,0.1601,0.0,0.0
AHM-AH0112,Ahmedabad,2024-08-21,8,Monsoon,17.82,26.0,75.5,88.4,0,2,0.109,0.0074,0.0111
HYD-HY0078,Hyderabad,2025-07-17,7,Monsoon,22.49,26.6,118.7,136.8,0,4,0.3548,0.0,0.0697
MUM-MU0077,Mumbai,2026-01-22,1,Winter,9.92,27.1,82.8,108.1,0,1,0.0882,0.0,0.0815
PUN-PU0155,Pune,2024-08-27,8,Monsoon,19.2,19.5,40.0,88.0,0,3,0.2464,0.0037,0.0389
CHE-CH0089,Chennai,2024-08-10,8,Monsoon,0.0,26.5,114.0,163.1,0,1,0.1338,0.1084,0.0651
AHM-AH0169,Ahmedabad,2025-03-01,3,Summer,5.7,40.1,66.0,111.6,0,2,0.0538,0.1291,0.0386
PUN-PU0065,Pune,2025-12-25,12,Winter,0.0,19.1,133.0,178.0,0,3,0.0249,0.1218,0.1121
DEL-DE0068,Delhi,2025-06-10,6,Monsoon,11.2,34.9,45.9,75.7,0,1,0.0961,0.0792,0.0
PUN-PU0023,Pune,2026-02-09,2,Winter,5.14,19.1,89.3,99.5,0,2,0.0916,0.0543,0.0013
CHE-CH0171,Chennai,2026-01-14,1,Winter,0.15,19.2,85.3,108.8,0,3,0.0392,0.0314,0.0506
DEL-DE0115,Delhi,2024-06-08,6,Monsoon,0.0,31.3,75.2,101.8,0,2,0.1434,0.0896,0.0295
DEL-DE0132,Delhi,2024-12-05,12,Winter,8.09,15.9,276.2,310.9,0,4,0.161,0.1094,0.4375
DEL-DE0170,Delhi,2025-04-05,4,Summer,0.55,40.1,78.6,96.6,1,5,0.0632,0.2074,0.0
AHM-AH0018,Ahmedabad,2025-06-17,6,Monsoon,5.3,22.5,89.9,135.8,0,1,0.0,0.0415,0.0582
AHM-AH0179,Ahmedabad,2025-01-23,1,Winter,3.07,21.9,176.2,192.7,0,1,0.0882,0.1048,0.1887
PUN-PU0079,Pune,2025-09-27,9,Monsoon,17.12,29.9,30.0,59.4,0,3,0.0833,0.0466,0.0408
DEL-DE0139,Delhi,2025-03-24,3,Summer,8.97,36.3,117.0,137.0,0,3,0.0,0.0486,0.0953
AHM-AH0076,Ahmedabad,2024-07-31,7,Monsoon,25.77,38.2,76.4,92.9,0,5,0.3919,0.0741,0.0606
KOL-KO0096,Kolkata,2024-10-08,10,Winter,0.0,21.1,136.2,185.4,0,5,0.1275,0.0,0.0916
MUM-MU0089,Mumbai,2024-12-13,12,Winter,13.39,18.4,107.4,121.4,0,2,0.065,0.0928,0.031
KOL-KO0041,Kolkata,2025-06-28,6,Monsoon,15.61,20.0,178.0,226.6,0,3,0.0483,0.0835,0.2748
CHE-CH0146,Chennai,2025-09-25,9,Monsoon,7.46,29.1,71.7,105.9,0,3,0.118,0.0411,0.0
PUN-PU0185,Pune,2025-04-12,4,Summer,0.0,45.6,113.2,145.9,0,5,0.4857,0.0,0.0598
AHM-AH0073,Ahmedabad,2024-11-23,11,Winter,3.71,26.7,57.1,91.9,0,2,0.1883,0.0322,0.093
BEN-BE0086,Bengaluru,2024-12-24,12,Winter,9.29,20.9,137.3,153.7,0,4,0.0451,0.0749,0.145
KOL-KO0109,Kolkata,2025-08-29,8,Monsoon,23.78,39.0,171.5,221.1,1,1,0.3793,0.1852,0.2408
PUN-PU0050,Pune,2025-11-21,11,Winter,3.28,31.0,139.8,161.7,1,2,0.0,0.1577,0.1078
BEN-BE0183,Bengaluru,2025-02-25,2,Winter,6.18,24.8,187.1,210.9,0,2,0.0629,0.0489,0.2579
AHM-AH0140,Ahmedabad,2025-05-11,5,Summer,6.21,48.0,37.1,61.8,0,5,0.5412,0.0063,0.0
AHM-AH0133,Ahmedabad,2025-12-10,12,Winter,4.53,32.6,117.1,135.2,0,2,0.0345,0.0802,0.0875
KOL-KO0119,Kolkata,2025-05-05,5,Summer,13.33,40.0,165.6,204.7,1,1,0.1314,0.1398,0.1755
BEN-BE0079,Bengaluru,2025-09-23,9,Monsoon,46.65,24.4,133.2,155.5,0,2,0.5959,0.0833,0.1001
BEN-BE0089,Bengaluru,2024-04-29,4,Summer,17.07,32.3,81.5,116.9,0,4,0.0268,0.0478,0.0474
CHE-CH0033,Chennai,2024-09-07,9,Monsoon,3.24,37.6,153.2,187.8,0,4,0.1254,0.1027,0.1732
KOL-KO0160,Kolkata,2025-04-08,4,Summer,0.0,29.9,247.4,286.7,0,1,0.0,0.0632,0.3733
DEL-DE0197,Delhi,2024-11-16,11,Winter,0.82,25.6,341.6,382.2,1,3,0.2111,0.2176,0.6288
CHE-CH0153,Chennai,2025-11-19,11,Winter,13.09,16.0,71.0,87.8,0,2,0.0761,0.046,0.0
PUN-PU0189,Pune,2025-05-05,5,Summer,2.67,42.4,105.0,142.2,0,5,0.261,0.112,0.0084
HYD-HY0168,Hyderabad,2025-10-11,10,Winter,3.02,16.0,63.6,100.3,1,4,0.0,0.2684,0.0347
KOL-KO0102,Kolkata,2025-11-08,11,Winter,0.0,29.1,101.7,137.4,0,5,0.1016,0.0587,0.0752
KOL-KO0145,Kolkata,2025-12-08,12,Winter,0.0,28.1,106.4,134.9,0,2,0.1775,0.0154,0.0
AHM-AH0175,Ahmedabad,2025-04-23,4,Summer,0.0,36.8,132.0,168.8,2,4,0.0,0.3635,0.1233
BEN-BE0177,Bengaluru,2025-01-25,1,Winter,3.68,20.5,93.9,120.8,0,1,0.0,0.0644,0.0866
AHM-AH0193,Ahmedabad,2025-01-30,1,Winter,7.22,18.8,90.9,108.1,0,4,0.1776,0.0415,0.0685
CHE-CH0182,Chennai,2025-01-23,1,Winter,0.0,25.0,150.2,182.2,0,2,0.0,0.0,0.1616
HYD-HY0029,Hyderabad,2026-01-14,1,Winter,14.7,16.6,123.9,148.4,0,4,0.2261,0.067,0.174
HYD-HY0080,Hyderabad,2024-08-24,8,Monsoon,1.33,26.0,125.5,153.0,0,5,0.02,0.0691,0.0727
KOL-KO0057,Kolkata,2025-10-29,10,Winter,0.65,30.6,232.7,254.4,1,2,0.151,0.1841,0.2897
DEL-DE0131,Delhi,2025-03-03,3,Summer,6.09,41.9,96.4,144.7,0,2,0.0,0.0744,0.0055
BEN-BE0008,Bengaluru,2024-10-19,10,Winter,3.43,23.2,44.8,90.8,0,4,0.0037,0.0476,0.0
PUN-PU0038,Pune,2025-10-01,10,Winter,3.82,17.2,188.9,217.0,0,3,0.0912,0.004,0.1551
DEL-DE0083,Delhi,2025-06-26,6,Monsoon,37.57,25.9,107.4,152.7,0,4,0.5068,0.0484,0.0576
BEN-BE0112,Bengaluru,2025-12-08,12,Winter,6.28,16.5,80.3,105.4,0,2,0.1924,0.1709,0.0865
MUM-MU0106,Mumbai,2024-04-10,4,Summer,13.66,32.1,168.6,205.6,0,1,0.1978,0.0075,0.2043
PUN-PU0113,Pune,2024-12-21,12,Winter,0.0,20.9,35.0,64.0,0,3,0.1271,0.0038,0.0511
KOL-KO0184,Kolkata,2025-03-17,3,Summer,7.72,37.5,124.0,154.4,0,2,0.018,0.0138,0.109
CHE-CH0160,Chennai,2025-09-03,9,Monsoon,17.93,22.3,93.8,107.2,0,3,0.1271,0.05,0.05
HYD-HY0135,Hyderabad,2024-11-27,11,Winter,10.35,28.5,85.4,107.3,0,2,0.0956,0.0365,0.0413
DEL-DE0010,Delhi,2024-09-28,9,Monsoon,30.36,36.4,104.2,125.1,0,4,0.4945,0.0711,0.0
AHM-AH0056,Ahmedabad,2025-11-14,11,Winter,2.05,26.9,101.2,141.8,1,3,0.0005,0.1851,0.0
HYD-HY0056,Hyderabad,2025-06-05,6,Monsoon,58.72,33.0,121.9,137.2,0,4,0.5627,0.1045,0.1447
DEL-DE0055,Delhi,2025-02-14,2,Winter,0.0,23.9,428.7,466.1,0,4,0.032,0.0426,0.856
BEN-BE0183,Bengaluru,2025-11-09,11,Winter,2.19,15.0,67.0,86.3,0,3,0.1606,0.0,0.0
MUM-MU0171,Mumbai,2026-03-24,3,Summer,2.83,26.2,109.7,128.6,1,3,0.2001,0.2633,0.0327
AHM-AH0162,Ahmedabad,2025-06-19,6,Monsoon,36.06,39.4,81.2,99.6,0,4,0.4953,0.0833,0.0231
DEL-DE0128,Delhi,2025-07-15,7,Monsoon,14.7,37.4,170.2,208.2,0,3,0.1814,0.0,0.2063
BEN-BE0158,Bengaluru,2024-07-21,7,Monsoon,4.25,22.7,35.9,64.8,1,1,0.1185,0.1895,0.0
KOL-KO0120,Kolkata,2025-10-06,10,Winter,16.13,26.1,129.9,158.1,0,2,0.1261,0.0381,0.085
HYD-HY0051,Hyderabad,2025-08-20,8,Monsoon,10.9,23.1,64.3,81.5,0,1,0.1554,0.0043,0.0333
DEL-DE0101,Delhi,2025-03-29,3,Summer,1.51,29.3,117.2,141.6,0,4,0.1709,0.0334,0.0
KOL-KO0095,Kolkata,2024-07-14,7,Monsoon,16.69,35.4,198.0,222.3,0,2,0.1116,0.0156,0.3146
MUM-MU0187,Mumbai,2025-11-09,11,Winter,14.03,26.3,127.0,164.9,0,1,0.1184,0.0492,0.0
BEN-BE0054,Bengaluru,2025-09-30,9,Monsoon,52.17,34.3,85.2,108.3,0,1,0.6548,0.024,0.0447
KOL-KO0123,Kolkata,2025-01-25,1,Winter,5.61,20.8,169.8,203.7,1,3,0.2197,0.1621,0.2045
CHE-CH0115,Chennai,2025-12-11,12,Winter,3.26,21.8,84.3,124.4,1,3,0.0775,0.2445,0.0016
MUM-MU0054,Mumbai,2026-01-17,1,Winter,0.0,15.0,125.4,146.6,0,2,0.0015,0.0,0.0476
KOL-KO0049,Kolkata,2024-11-11,11,Winter,3.87,23.7,224.2,236.9,0,5,0.035,0.002,0.3092
MUM-MU0109,Mumbai,2024-12-08,12,Winter,2.1,32.0,43.6,83.1,0,3,0.093,0.005,0.0386
KOL-KO0011,Kolkata,2024-05-18,5,Summer,4.7,40.5,159.9,201.8,0,3,0.0884,0.0,0.1646
HYD-HY0028,Hyderabad,2025-09-01,9,Monsoon,15.95,31.3,108.9,120.6,0,1,0.1151,0.1016,0.051
CHE-CH0165,Chennai,2025-09-27,9,Monsoon,19.36,32.8,117.5,135.4,0,4,0.1898,0.0831,0.0004
BEN-BE0082,Bengaluru,2025-10-30,10,Winter,0.0,16.8,81.9,102.4,0,1,0.0576,0.0323,0.0944
CHE-CH0190,Chennai,2024-08-02,8,Monsoon,39.11,22.5,104.4,133.4,0,4,0.466,0.0287,0.0
CHE-CH0167,Chennai,2024-05-14,5,Summer,6.64,45.5,84.4,117.4,1,4,0.4267,0.1016,0.0248
BEN-BE0059,Bengaluru,2025-11-26,11,Winter,4.63,19.1,65.6,113.6,0,1,0.0875,0.0908,0.0294
MUM-MU0057,Mumbai,2025-07-09,7,Monsoon,7.15,22.8,72.9,111.5,0,4,0.0935,0.1039,0.0251
CHE-CH0052,Chennai,2025-12-02,12,Winter,3.86,26.8,115.8,131.6,0,5,0.264,0.034,0.0992
DEL-DE0002,Delhi,2025-12-25,12,Winter,0.0,28.5,290.6,311.1,0,5,0.0,0.0338,0.5635
AHM-AH0063,Ahmedabad,2025-11-25,11,Winter,0.12,30.8,97.5,140.7,0,2,0.1631,0.0944,0.0112
PUN-PU0131,Pune,2025-06-14,6,Monsoon,37.14,27.0,165.7,204.8,0,1,0.4703,0.0527,0.1948
CHE-CH0086,Chennai,2025-02-28,2,Winter,0.19,29.9,82.3,105.1,0,1,0.0,0.0645,0.0392
DEL-DE0099,Delhi,2024-06-08,6,Monsoon,36.35,25.1,92.8,110.2,0,1,0.4771,0.0165,0.0
DEL-DE0081,Delhi,2025-07-17,7,Monsoon,34.7,31.1,123.1,133.5,1,3,0.4958,0.1946,0.0394
MUM-MU0078,Mumbai,2026-02-15,2,Winter,7.27,20.7,149.4,173.5,0,3,0.1229,0.1049,0.1291
BEN-BE0187,Bengaluru,2025-07-28,7,Monsoon,14.57,31.8,30.0,43.6,0,1,0.1532,0.0778,0.0618
KOL-KO0167,Kolkata,2024-07-23,7,Monsoon,23.13,30.7,137.9,186.0,1,4,0.27,0.2495,0.0341
AHM-AH0025,Ahmedabad,2025-03-28,3,Summer,12.54,46.6,135.4,147.0,0,5,0.4527,0.0663,0.0999
DEL-DE0084,Delhi,2024-12-13,12,Winter,0.0,24.7,403.2,434.9,1,4,0.0639,0.1613,0.7932
AHM-AH0154,Ahmedabad,2025-08-25,8,Monsoon,32.71,33.1,73.6,104.2,0,4,0.4284,0.0746,0.0894
AHM-AH0044,Ahmedabad,2025-10-14,10,Winter,0.0,19.0,123.5,168.6,0,3,0.0112,0.0494,0.0909
KOL-KO0160,Kolkata,2025-07-04,7,Monsoon,18.35,26.3,147.0,177.5,0,3,0.0084,0.0151,0.1885
KOL-KO0118,Kolkata,2024-05-31,5,Summer,0.0,42.3,187.6,203.9,0,3,0.2286,0.0,0.2225
PUN-PU0060,Pune,2025-10-12,10,Winter,3.42,28.4,98.8,128.2,0,2,0.0,0.0168,0.0
MUM-MU0010,Mumbai,2024-12-29,12,Winter,0.0,25.8,161.7,172.9,0,1,0.1805,0.0924,0.2144
MUM-MU0162,Mumbai,2025-03-27,3,Summer,0.0,37.6,198.9,215.2,0,5,0.0887,0.0,0.2618
MUM-MU0038,Mumbai,2026-01-06,1,Winter,8.82,21.6,115.4,151.3,0,3,0.1499,0.1244,0.0
BEN-BE0124,Bengaluru,2025-09-02,9,Monsoon,28.33,28.9,77.5,104.4,0,2,0.3157,0.0925,0.0
BEN-BE0041,Bengaluru,2025-10-17,10,Winter,4.78,15.0,150.5,184.8,1,2,0.1404,0.2302,0.1605
DEL-DE0106,Delhi,2024-05-18,5,Summer,0.0,44.4,87.7,135.0,0,4,0.3426,0.0943,0.0047
HYD-HY0123,Hyderabad,2025-08-28,8,Monsoon,28.83,34.8,140.9,152.8,0,3,0.3936,0.0744,0.1414
AHM-AH0089,Ahmedabad,2024-10-21,10,Winter,0.0,16.9,119.4,133.6,0,1,0.1245,0.0504,0.0871
PUN-PU0046,Pune,2026-03-15,3,Summer,0.0,41.4,41.9,84.7,0,1,0.0507,0.0,0.0128
HYD-HY0080,Hyderabad,2024-11-18,11,Winter,5.09,25.8,121.7,151.2,0,1,0.0674,0.0,0.058
KOL-KO0066,Kolkata,2024-09-28,9,Monsoon,0.0,30.3,169.2,182.4,0,2,0.0145,0.0171,0.1903
DEL-DE0027,Delhi,2024-10-31,10,Winter,0.0,37.7,328.3,376.6,0,2,0.0,0.0,0.5313
AHM-AH0189,Ahmedabad,2024-07-02,7,Monsoon,31.81,31.1,106.7,146.6,0,3,0.4228,0.0418,0.0
BEN-BE0190,Bengaluru,2024-07-13,7,Monsoon,20.49,28.0,64.5,106.8,0,1,0.313,0.1158,0.0198
BEN-BE0086,Bengaluru,2024-09-02,9,Monsoon,9.24,31.6,82.0,112.2,0,3,0.1936,0.0365,0.0428
CHE-CH0016,Chennai,2025-07-19,7,Monsoon,18.02,39.7,30.0,71.8,0,2,0.0001,0.0965,0.0263
DEL-DE0049,Delhi,2025-12-18,12,Winter,8.38,30.4,500.0,540.7,0,4,0.0676,0.0722,0.8098
MUM-MU0097,Mumbai,2024-09-21,9,Monsoon,24.1,24.7,156.7,172.3,0,5,0.3464,0.0544,0.2074
BEN-BE0088,Bengaluru,2025-06-08,6,Monsoon,15.72,24.8,33.0,49.4,0,2,0.0388,0.0489,0.0233
KOL-KO0059,Kolkata,2025-04-30,4,Summer,9.41,45.3,123.6,135.5,0,3,0.3824,0.0598,0.06
PUN-PU0108,Pune,2024-04-13,4,Summer,11.32,34.0,67.1,113.9,0,1,0.3507,0.0392,0.0
PUN-PU0075,Pune,2025-01-28,1,Winter,12.34,15.0,92.7,129.0,0,3,0.1908,0.0,0.0173
KOL-KO0136,Kolkata,2026-04-01,4,Summer,12.08,37.8,162.4,200.7,0,2,0.043,0.0,0.0711
MUM-MU0128,Mumbai,2024-09-08,9,Monsoon,31.37,33.2,88.4,111.5,0,3,0.4516,0.0554,0.0516
DEL-DE0027,Delhi,2026-02-25,2,Winter,10.74,30.0,378.5,409.3,0,4,0.1507,0.0019,0.661
HYD-HY0023,Hyderabad,2026-02-05,2,Winter,4.09,27.3,104.6,143.2,0,4,0.0852,0.0958,0.0633
PUN-PU0022,Pune,2025-03-31,3,Summer,0.0,23.0,161.8,205.3,0,2,0.0441,0.081,0.1446
HYD-HY0097,Hyderabad,2024-10-26,10,Winter,0.0,19.6,67.9,93.0,0,3,0.2044,0.1314,0.0
MUM-MU0033,Mumbai,2025-09-01,9,Monsoon,24.72,31.2,137.5,182.7,0,2,0.3476,0.0134,0.1512
PUN-PU0094,Pune,2025-11-26,11,Winter,0.0,20.4,171.6,201.8,0,4,0.1164,0.085,0.2803
HYD-HY0055,Hyderabad,2024-08-13,8,Monsoon,33.35,34.8,30.0,53.6,0,2,0.3748,0.0061,0.0449
HYD-HY0177,Hyderabad,2024-05-30,5,Summer,6.93,35.2,92.2,140.6,0,3,0.0964,0.051,0.0228
BEN-BE0095,Bengaluru,2026-02-20,2,Winter,0.55,15.0,82.3,130.4,1,4,0.1768,0.1984,0.0453
AHM-AH0071,Ahmedabad,2025-01-24,1,Winter,0.0,27.0,112.5,128.4,0,4,0.1231,0.076,0.0533
DEL-DE0094,Delhi,2025-08-01,8,Monsoon,12.33,33.7,95.1,114.1,0,3,0.1164,0.0742,0.0932
BEN-BE0196,Bengaluru,2024-05-14,5,Summer,0.0,29.2,58.3,80.2,0,2,0.1332,0.1197,0.0535
KOL-KO0079,Kolkata,2025-12-13,12,Winter,4.91,17.0,196.4,219.4,1,2,0.05,0.1818,0.2949
MUM-MU0003,Mumbai,2024-07-27,7,Monsoon,29.65,32.0,103.2,142.3,1,2,0.4845,0.1545,0.0566
PUN-PU0059,Pune,2025-01-21,1,Winter,5.25,16.6,72.9,106.5,0,4,0.1555,0.0,0.072
CHE-CH0122,Chennai,2025-11-04,11,Winter,8.44,23.6,112.7,129.1,0,1,0.0051,0.0909,0.0781
BEN-BE0092,Bengaluru,2025-09-10,9,Monsoon,9.12,26.1,106.8,125.0,0,4,0.0953,0.051,0.0452
HYD-HY0168,Hyderabad,2025-03-13,3,Summer,4.83,39.9,125.0,158.3,0,1,0.0427,0.0634,0.0415
KOL-KO0053,Kolkata,2025-06-08,6,Monsoon,12.87,35.8,113.8,156.0,0,3,0.0502,0.0019,0.0829
DEL-DE0183,Delhi,2024-05-22,5,Summer,15.77,45.8,124.1,155.5,0,2,0.287,0.0912,0.1254
PUN-PU0160,Pune,2024-09-15,9,Monsoon,12.69,25.6,71.1,114.3,0,3,0.026,0.09,0.048
PUN-PU0168,Pune,2024-07-27,7,Monsoon,13.71,28.7,70.4,81.6,0,5,0.2312,0.0292,0.0408
MUM-MU0175,Mumbai,2024-05-15,5,Summer,0.0,33.0,30.0,41.8,0,1,0.1083,0.1053,0.0
HYD-HY0072,Hyderabad,2024-05-01,5,Summer,2.36,37.0,67.2,86.7,0,3,0.1078,0.0349,0.0432
CHE-CH0138,Chennai,2024-04-23,4,Summer,8.07,48.0,48.6,85.7,0,1,0.4928,0.138,0.0214
MUM-MU0138,Mumbai,2024-04-06,4,Summer,0.0,45.2,197.3,213.4,0,3,0.3587,0.0194,0.2994
HYD-HY0077,Hyderabad,2025-12-03,12,Winter,2.35,20.5,55.7,72.5,0,3,0.0398,0.0225,0.0
HYD-HY0114,Hyderabad,2024-05-15,5,Summer,17.66,38.5,96.3,118.1,1,3,0.0038,0.1842,0.0894
HYD-HY0039,Hyderabad,2024-10-31,10,Winter,3.67,15.0,34.9,74.6,0,5,0.1034,0.0235,0.0
HYD-HY0039,Hyderabad,2026-03-26,3,Summer,17.32,38.5,96.2,118.6,0,3,0.2112,0.1194,0.0315
HYD-HY0134,Hyderabad,2026-03-11,3,Summer,17.16,38.9,51.9,92.2,1,3,0.1059,0.126,0.0033
MUM-MU0041,Mumbai,2024-10-16,10,Winter,6.04,21.0,164.0,206.7,1,3,0.2684,0.2409,0.0885
CHE-CH0199,Chennai,2025-10-31,10,Winter,0.0,15.6,127.0,168.5,1,5,0.0,0.1639,0.1668
KOL-KO0162,Kolkata,2025-09-24,9,Monsoon,0.0,25.4,189.0,226.0,0,3,0.0415,0.0126,0.2689
MUM-MU0089,Mumbai,2024-04-05,4,Summer,13.2,48.0,192.5,221.7,0,2,0.4911,0.0513,0.168
PUN-PU0101,Pune,2025-06-10,6,Monsoon,25.57,22.7,95.1,110.1,0,4,0.3569,0.0,0.0
CHE-CH0192,Chennai,2026-03-12,3,Summer,1.97,36.8,40.2,63.0,0,5,0.1957,0.1039,0.0182
CHE-CH0164,Chennai,2025-08-13,8,Monsoon,56.21,31.1,58.1,105.3,0,3,0.6744,0.0006,0.0
BEN-BE0119,Bengaluru,2025-02-15,2,Winter,1.99,23.9,146.0,179.5,0,3,0.0561,0.0576,0.1595
AHM-AH0130,Ahmedabad,2025-02-17,2,Winter,6.81,25.0,163.5,195.5,0,2,0.1438,0.0404,0.2529
MUM-MU0033,Mumbai,2025-01-11,1,Winter,4.02,25.9,136.7,166.5,0,1,0.0284,0.1056,0.1753
CHE-CH0131,Chennai,2024-05-21,5,Summer,8.04,42.3,91.0,140.3,0,2,0.2755,0.1015,0.0441
MUM-MU0138,Mumbai,2024-04-27,4,Summer,0.0,41.2,41.2,89.8,0,2,0.0674,0.0294,0.0393
CHE-CH0106,Chennai,2026-01-13,1,Winter,13.02,28.3,35.7,81.5,0,2,0.1515,0.0432,0.0963
BEN-BE0093,Bengaluru,2025-07-02,7,Monsoon,28.61,30.7,69.1,88.4,0,5,0.3892,0.1043,0.0439
AHM-AH0101,Ahmedabad,2024-09-11,9,Monsoon,32.59,32.3,84.0,125.2,0,2,0.3523,0.0804,0.0432
PUN-PU0145,Pune,2025-08-26,8,Monsoon,22.54,23.2,130.3,149.8,0,2,0.3815,0.033,0.0828
PUN-PU0086,Pune,2024-09-28,9,Monsoon,3.01,22.7,88.9,126.3,0,1,0.1162,0.0047,0.0883
DEL-DE0012,Delhi,2025-01-15,1,Winter,8.98,21.6,241.0,270.3,0,3,0.0474,0.032,0.4172
AHM-AH0180,Ahmedabad,2024-05-05,5,Summer,17.22,42.8,72.4,85.7,0,3,0.3136,0.0257,0.0745
HYD-HY0191,Hyderabad,2024-08-25,8,Monsoon,12.65,29.7,58.3,91.4,0,3,0.036,0.079,0.0787
AHM-AH0105,Ahmedabad,2024-07-31,7,Monsoon,7.08,30.2,101.3,135.8,0,3,0.1442,0.0034,0.0082
AHM-AH0149,Ahmedabad,2025-12-27,12,Winter,0.0,22.8,109.4,154.1,1,3,0.0366,0.1824,0.0572
CHE-CH0080,Chennai,2025-05-24,5,Summer,2.89,23.8,106.2,137.4,0,3,0.0631,0.0517,0.0244
DEL-DE0073,Delhi,2025-09-06,9,Monsoon,12.07,37.3,129.0,145.1,0,1,0.0348,0.0443,0.0371
MUM-MU0090,Mumbai,2024-09-19,9,Monsoon,10.69,30.7,142.2,172.4,0,3,0.0933,0.0,0.1642
CHE-CH0121,Chennai,2024-12-23,12,Winter,4.72,29.7,76.3,105.7,0,2,0.0638,0.1297,0.0535
HYD-HY0118,Hyderabad,2025-01-13,1,Winter,4.03,20.8,87.2,133.4,0,1,0.2357,0.0342,0.0339
CHE-CH0093,Chennai,2025-11-12,11,Winter,0.0,24.1,166.8,202.8,0,1,0.1498,0.025,0.1666
PUN-PU0116,Pune,2025-07-22,7,Monsoon,45.31,24.4,148.7,184.1,0,2,0.533,0.0872,0.1264
DEL-DE0158,Delhi,2026-03-01,3,Summer,0.0,37.3,97.5,144.8,0,3,0.0417,0.0099,0.0667
AHM-AH0195,Ahmedabad,2024-07-21,7,Monsoon,29.46,34.7,115.1,164.0,0,1,0.3847,0.0,0.1516
AHM-AH0002,Ahmedabad,2026-04-02,4,Summer,0.95,38.2,81.0,95.6,0,5,0.1813,0.0452,0.021
KOL-KO0151,Kolkata,2024-04-11,4,Summer,1.46,38.4,110.0,134.2,0,5,0.2642,0.0131,0.0751
AHM-AH0024,Ahmedabad,2025-02-19,2,Winter,1.7,20.2,103.7,153.1,0,3,0.1152,0.0069,0.0209
KOL-KO0180,Kolkata,2025-01-11,1,Winter,4.5,20.8,92.4,123.9,0,2,0.1173,0.0297,0.0357
PUN-PU0093,Pune,2024-10-12,10,Winter,0.0,16.6,122.3,171.0,0,3,0.0104,0.0818,0.1136
DEL-DE0173,Delhi,2026-01-21,1,Winter,0.0,28.8,425.8,446.6,0,3,0.0345,0.0079,0.8535
DEL-DE0076,Delhi,2024-09-30,9,Monsoon,22.59,22.3,69.7,100.3,0,2,0.3056,0.0787,0.0495
MUM-MU0129,Mumbai,2024-06-22,6,Monsoon,18.62,28.8,149.6,188.5,0,2,0.0,0.1181,0.1122
AHM-AH0066,Ahmedabad,2024-08-17,8,Monsoon,25.28,33.9,93.7,121.3,0,2,0.3901,0.1081,0.0
AHM-AH0189,Ahmedabad,2025-10-07,10,Winter,0.0,26.6,118.5,162.8,1,5,0.1372,0.2078,0.024
KOL-KO0137,Kolkata,2024-11-29,11,Winter,0.0,30.2,104.4,123.2,0,1,0.1188,0.0818,0.0962
MUM-MU0075,Mumbai,2025-12-16,12,Winter,6.45,28.1,66.7,86.5,2,1,0.0,0.3933,0.0397
CHE-CH0000,Chennai,2026-02-14,2,Winter,0.0,19.4,62.0,108.4,0,5,0.213,0.0,0.0612
BEN-BE0012,Bengaluru,2024-08-03,8,Monsoon,23.41,25.0,128.4,151.3,0,2,0.3449,0.0,0.1345
MUM-MU0089,Mumbai,2024-11-23,11,Winter,5.66,17.9,117.2,161.2,0,2,0.0427,0.048,0.0
BEN-BE0008,Bengaluru,2025-07-15,7,Monsoon,3.32,32.6,108.2,134.8,0,4,0.1309,0.0194,0.0322
MUM-MU0085,Mumbai,2024-07-16,7,Monsoon,68.99,42.6,112.3,131.8,0,2,0.7957,0.0537,0.0
CHE-CH0046,Chennai,2025-12-26,12,Winter,4.55,26.7,128.8,144.3,0,1,0.0392,0.0085,0.087
CHE-CH0035,Chennai,2024-05-26,5,Summer,10.59,38.1,148.0,190.3,0,3,0.0,0.0519,0.1512
HYD-HY0055,Hyderabad,2025-09-30,9,Monsoon,20.23,40.3,128.4,149.6,0,1,0.3142,0.037,0.0842
KOL-KO0015,Kolkata,2025-12-28,12,Winter,0.0,30.1,201.1,226.2,1,1,0.0612,0.2093,0.2716
HYD-HY0112,Hyderabad,2024-12-03,12,Winter,6.78,15.0,74.3,87.8,0,4,0.0349,0.0548,0.0
KOL-KO0169,Kolkata,2025-07-20,7,Monsoon,41.12,19.2,129.7,152.3,0,3,0.5315,0.0384,0.127
BEN-BE0118,Bengaluru,2024-05-15,5,Summer,5.67,40.4,33.2,60.6,0,3,0.0,0.1214,0.0309
MUM-MU0074,Mumbai,2025-11-07,11,Winter,0.0,26.4,88.5,127.9,0,3,0.1529,0.0497,0.0027
AHM-AH0142,Ahmedabad,2024-07-22,7,Monsoon,26.43,32.7,177.0,197.6,0,2,0.3136,0.0826,0.2583
PUN-PU0124,Pune,2025-07-29,7,Monsoon,15.24,28.8,67.3,101.8,0,1,0.0184,0.0457,0.0632
DEL-DE0191,Delhi,2025-04-30,4,Summer,0.0,46.9,116.2,153.8,0,5,0.4795,0.1132,0.0
BEN-BE0185,Bengaluru,2024-09-04,9,Monsoon,44.72,26.9,145.1,170.3,0,2,0.6478,0.0243,0.1003
CHE-CH0131,Chennai,2025-05-20,5,Summer,4.6,39.8,136.6,180.3,0,3,0.0291,0.0599,0.1
AHM-AH0199,Ahmedabad,2025-04-27,4,Summer,1.65,31.7,85.7,114.0,1,3,0.1746,0.2577,0.0621
MUM-MU0097,Mumbai,2025-12-14,12,Winter,1.91,33.0,118.4,147.3,2,1,0.1013,0.3044,0.073
PUN-PU0142,Pune,2025-11-22,11,Winter,4.15,23.0,30.0,57.9,0,5,0.1185,0.002,0.0
CHE-CH0079,Chennai,2026-03-26,3,Summer,0.0,46.1,111.4,154.7,0,2,0.4901,0.0298,0.0005
BEN-BE0159,Bengaluru,2025-08-15,8,Monsoon,2.09,25.7,56.1,67.9,0,2,0.054,0.0,0.0219
DEL-DE0054,Delhi,2026-01-28,1,Winter,0.06,20.9,255.8,282.2,0,2,0.0,0.041,0.4747
CHE-CH0153,Chennai,2024-09-23,9,Monsoon,23.66,26.5,80.9,94.4,0,1,0.3685,0.0,0.0982
KOL-KO0094,Kolkata,2025-10-22,10,Winter,0.0,18.6,119.6,163.5,0,1,0.0768,0.0326,0.025
KOL-KO0019,Kolkata,2024-10-07,10,Winter,0.0,20.8,129.3,153.5,0,2,0.0398,0.0,0.0775
AHM-AH0122,Ahmedabad,2026-02-22,2,Winter,0.0,15.0,157.0,186.2,0,1,0.0146,0.03,0.1957
KOL-KO0100,Kolkata,2025-02-23,2,Winter,5.17,25.8,96.1,133.1,0,2,0.0616,0.1008,0.0
CHE-CH0191,Chennai,2025-09-26,9,Monsoon,28.92,30.4,116.4,131.8,0,3,0.3728,0.0069,0.0581
CHE-CH0094,Chennai,2024-05-21,5,Summer,5.73,37.6,39.9,72.3,0,5,0.1421,0.0696,0.0728
DEL-DE0182,Delhi,2026-03-19,3,Summer,0.09,35.9,82.2,132.1,0,4,0.0,0.0288,0.0221
HYD-HY0016,Hyderabad,2026-01-20,1,Winter,0.0,15.0,163.9,183.1,1,4,0.0074,0.1855,0.1347
AHM-AH0017,Ahmedabad,2025-10-22,10,Winter,0.0,16.1,103.6,145.1,0,5,0.0,0.1844,0.071
HYD-HY0018,Hyderabad,2024-11-16,11,Winter,6.24,15.0,71.0,89.7,0,1,0.0847,0.0154,0.0
CHE-CH0152,Chennai,2025-10-02,10,Winter,0.0,18.1,113.6,147.2,2,2,0.1475,0.3761,0.0927
HYD-HY0063,Hyderabad,2025-10-18,10,Winter,1.88,17.5,139.2,151.6,0,3,0.1124,0.0215,0.1306
BEN-BE0146,Bengaluru,2025-03-14,3,Summer,0.35,26.6,97.0,143.8,0,1,0.2186,0.0095,0.0
MUM-MU0169,Mumbai,2025-05-08,5,Summer,3.14,35.3,106.4,146.5,0,2,0.0218,0.0514,0.0343
AHM-AH0089,Ahmedabad,2025-02-18,2,Winter,0.0,25.4,30.0,52.0,0,5,0.0571,0.0114,0.0719
KOL-KO0069,Kolkata,2025-09-16,9,Monsoon,70.17,25.7,166.5,199.9,0,3,0.786,0.032,0.1967
MUM-MU0161,Mumbai,2024-10-26,10,Winter,2.63,26.6,48.0,66.7,0,5,0.0767,0.0325,0.0832
KOL-KO0081,Kolkata,2025-07-31,7,Monsoon,15.73,34.1,92.9,118.6,0,3,0.1339,0.036,0.0411
PUN-PU0033,Pune,2025-05-15,5,Summer,5.93,25.6,88.7,106.6,0,1,0.0974,0.0719,0.0166
DEL-DE0169,Delhi,2025-10-05,10,Winter,0.0,23.7,281.6,326.7,0,1,0.1482,0.0496,0.4784
HYD-HY0117,Hyderabad,2025-08-14,8,Monsoon,19.25,24.9,120.6,162.1,0,2,0.0899,0.049,0.0603
CHE-CH0001,Chennai,2025-09-03,9,Monsoon,69.19,23.7,82.3,119.3,0,1,0.7,0.0776,0.0
CHE-CH0057,Chennai,2025-01-24,1,Winter,1.17,27.4,76.4,118.9,0,3,0.1321,0.0927,0.0561
DEL-DE0010,Delhi,2026-03-29,3,Summer,1.61,41.6,160.8,201.3,0,3,0.1178,0.0335,0.1272
MUM-MU0163,Mumbai,2025-01-30,1,Winter,5.67,21.6,125.1,143.7,1,2,0.0505,0.1999,0.1688
CHE-CH0071,Chennai,2026-03-22,3,Summer,4.28,43.0,128.5,177.4,1,3,0.2603,0.246,0.0594
PUN-PU0153,Pune,2024-08-28,8,Monsoon,20.0,24.7,84.4,134.2,0,3,0.1053,0.0253,0.0
CHE-CH0005,Chennai,2024-11-13,11,Winter,0.0,25.0,99.2,110.9,0,2,0.1965,0.058,0.0
CHE-CH0027,Chennai,2025-08-16,8,Monsoon,67.98,25.5,43.2,91.3,0,1,0.7592,0.0107,0.0
KOL-KO0113,Kolkata,2025-09-13,9,Monsoon,21.95,26.0,30.2,46.5,0,2,0.3315,0.0,0.056
PUN-PU0034,Pune,2024-07-06,7,Monsoon,13.25,29.6,92.4,114.7,0,3,0.2432,0.0757,0.0653
AHM-AH0069,Ahmedabad,2026-03-16,3,Summer,2.88,48.0,56.5,69.4,0,2,0.5363,0.0509,0.0
KOL-KO0072,Kolkata,2025-07-13,7,Monsoon,21.02,29.8,129.9,179.8,0,4,0.2852,0.0269,0.1067
DEL-DE0141,Delhi,2024-07-08,7,Monsoon,34.18,30.4,154.1,193.8,0,1,0.4464,0.0354,0.1246
AHM-AH0012,Ahmedabad,2024-08-14,8,Monsoon,19.31,33.6,95.7,137.6,0,2,0.1375,0.0,0.0
KOL-KO0109,Kolkata,2025-03-05,3,Summer,4.95,33.6,164.9,198.8,0,2,0.0781,0.0,0.2933
CHE-CH0119,Chennai,2024-07-12,7,Monsoon,8.72,34.9,61.0,88.9,1,1,0.2661,0.2011,0.0577
KOL-KO0115,Kolkata,2025-01-23,1,Winter,4.06,28.5,142.7,164.6,0,3,0.0,0.0244,0.05
MUM-MU0086,Mumbai,2025-10-20,10,Winter,4.37,25.5,140.8,188.9,0,1,0.0434,0.0631,0.1639
AHM-AH0088,Ahmedabad,2025-02-17,2,Winter,4.78,29.9,135.8,148.4,0,1,0.1506,0.0712,0.1137
CHE-CH0122,Chennai,2025-09-10,9,Monsoon,20.75,34.7,76.8,125.6,0,3,0.3799,0.0277,0.0634
PUN-PU0059,Pune,2024-05-26,5,Summer,0.0,40.9,154.9,204.6,0,4,0.026,0.0592,0.2158
KOL-KO0090,Kolkata,2025-07-21,7,Monsoon,22.87,33.6,122.4,164.1,0,5,0.2554,0.0,0.0473
BEN-BE0162,Bengaluru,2025-12-17,12,Winter,0.0,15.0,46.1,57.8,0,4,0.0368,0.0227,0.0066
PUN-PU0109,Pune,2024-05-17,5,Summer,0.0,40.6,88.7,101.8,0,1,0.1625,0.0514,0.03
MUM-MU0117,Mumbai,2024-12-19,12,Winter,4.51,29.0,130.0,175.9,0,1,0.1419,0.0873,0.0991
MUM-MU0153,Mumbai,2026-03-18,3,Summer,0.0,38.6,113.5,143.8,0,3,0.159,0.0,0.0239
PUN-PU0174,Pune,2025-10-07,10,Winter,0.0,25.1,126.5,156.7,0,3,0.0761,0.059,0.146
PUN-PU0105,Pune,2025-06-05,6,Monsoon,35.49,35.0,119.8,148.4,0,1,0.3987,0.0348,0.2088
KOL-KO0031,Kolkata,2024-09-27,9,Monsoon,25.83,28.3,170.6,181.1,1,5,0.4962,0.1788,0.1984
CHE-CH0144,Chennai,2026-02-27,2,Winter,0.0,26.1,50.2,73.6,1,3,0.0291,0.1514,0.0
HYD-HY0050,Hyderabad,2024-06-08,6,Monsoon,29.72,36.3,108.2,126.4,0,3,0.4805,0.066,0.0688
AHM-AH0135,Ahmedabad,2025-10-10,10,Winter,2.27,27.0,78.9,115.6,0,2,0.0929,0.0519,0.0712
PUN-PU0191,Pune,2025-05-01,5,Summer,7.28,41.4,83.8,129.4,0,2,0.1325,0.0379,0.0121
DEL-DE0127,Delhi,2025-11-28,11,Winter,1.72,29.7,358.0,393.3,1,3,0.1761,0.2549,0.7264
MUM-MU0063,Mumbai,2025-07-04,7,Monsoon,17.27,36.0,40.6,67.4,0,3,0.0869,0.0311,0.0118
DEL-DE0092,Delhi,2025-06-16,6,Monsoon,1.62,39.3,124.1,134.6,1,4,0.1956,0.2511,0.1559
PUN-PU0044,Pune,2024-10-06,10,Winter,0.0,18.4,94.7,127.8,0,5,0.0237,0.0043,0.0
PUN-PU0188,Pune,2025-05-04,5,Summer,1.74,29.0,42.1,84.5,0,1,0.0364,0.0815,0.0912
KOL-KO0097,Kolkata,2024-06-05,6,Monsoon,59.72,24.0,106.7,136.0,0,2,0.7401,0.0975,0.0211
MUM-MU0071,Mumbai,2025-01-22,1,Winter,11.88,27.5,90.9,114.8,0,1,0.2349,0.0076,0.0555
DEL-DE0058,Delhi,2025-11-10,11,Winter,7.51,17.5,312.3,351.5,1,1,0.116,0.1925,0.5469
MUM-MU0137,Mumbai,2025-04-19,4,Summer,0.0,41.3,87.0,116.2,0,5,0.0,0.046,0.0
BEN-BE0083,Bengaluru,2025-05-02,5,Summer,6.16,41.6,91.6,118.7,0,4,0.008,0.0294,0.0
AHM-AH0194,Ahmedabad,2025-05-12,5,Summer,6.8,48.0,80.4,103.4,1,1,0.4865,0.1354,0.007
PUN-PU0121,Pune,2025-12-12,12,Winter,0.0,26.4,100.8,128.1,1,1,0.1709,0.1448,0.0218
CHE-CH0150,Chennai,2025-01-28,1,Winter,3.43,15.0,157.4,202.2,0,2,0.0686,0.018,0.1863
CHE-CH0141,Chennai,2026-02-20,2,Winter,0.0,15.0,128.8,151.9,0,2,0.0538,0.0322,0.0157
CHE-CH0184,Chennai,2026-01-22,1,Winter,2.01,15.0,122.5,150.1,0,3,0.0847,0.0832,0.0878
HYD-HY0161,Hyderabad,2024-08-17,8,Monsoon,37.49,32.6,82.7,120.1,0,4,0.4715,0.0507,0.0
MUM-MU0066,Mumbai,2024-07-15,7,Monsoon,20.34,28.4,160.4,193.0,0,4,0.3003,0.0,0.0744
PUN-PU0039,Pune,2025-07-14,7,Monsoon,16.73,31.2,145.6,192.9,0,3,0.1433,0.0526,0.1788
DEL-DE0114,Delhi,2025-08-30,8,Monsoon,9.79,32.8,30.0,64.7,0,1,0.0154,0.0729,0.0149
PUN-PU0190,Pune,2025-05-28,5,Summer,0.0,41.8,67.9,83.8,0,2,0.1263,0.0189,0.1331
KOL-KO0121,Kolkata,2024-06-18,6,Monsoon,8.93,31.2,67.3,105.1,1,3,0.2327,0.2555,0.0
CHE-CH0159,Chennai,2025-06-13,6,Monsoon,7.51,35.4,78.0,92.4,0,2,0.1732,0.1066,0.0078
CHE-CH0161,Chennai,2024-04-08,4,Summer,0.3,34.2,101.4,127.9,0,4,0.0676,0.0523,0.0
KOL-KO0109,Kolkata,2025-04-23,4,Summer,14.42,37.9,222.4,245.1,1,3,0.1522,0.2425,0.3003
AHM-AH0162,Ahmedabad,2024-07-11,7,Monsoon,24.95,30.2,70.7,83.0,0,2,0.4997,0.0856,0.0152
MUM-MU0157,Mumbai,2025-02-11,2,Winter,0.0,19.5,82.8,121.0,1,1,0.0352,0.1928,0.0389
HYD-HY0175,Hyderabad,2026-03-30,3,Summer,4.79,37.4,127.8,147.1,0,2,0.1027,0.0364,0.0984
DEL-DE0081,Delhi,2024-06-03,6,Monsoon,1.4,37.6,100.1,138.3,0,2,0.1289,0.028,0.0666
HYD-HY0084,Hyderabad,2025-12-24,12,Winter,0.0,17.2,110.3,153.2,1,5,0.2403,0.1594,0.0902
CHE-CH0151,Chennai,2025-12-28,12,Winter,9.15,23.3,155.2,173.1,0,2,0.1099,0.0811,0.1196
KOL-KO0015,Kolkata,2026-03-01,3,Summer,32.68,38.5,108.6,119.7,0,4,0.3636,0.0329,0.0412
CHE-CH0043,Chennai,2024-11-15,11,Winter,1.07,18.4,35.1,81.7,0,2,0.0266,0.0522,0.0023
PUN-PU0130,Pune,2024-05-23,5,Summer,6.3,26.1,152.8,191.8,0,5,0.0,0.1106,0.136
BEN-BE0170,Bengaluru,2025-08-14,8,Monsoon,9.76,28.2,145.2,187.4,0,2,0.0,0.0563,0.179
BEN-BE0111,Bengaluru,2025-02-07,2,Winter,9.73,24.8,92.3,140.2,2,2,0.0448,0.3062,0.0075
DEL-DE0032,Delhi,2024-07-03,7,Monsoon,11.48,36.1,88.3,129.2,0,5,0.0,0.0552,0.0092
MUM-MU0053,Mumbai,2024-09-24,9,Monsoon,13.48,26.3,76.7,123.3,0,4,0.1729,0.0081,0.0496
AHM-AH0106,Ahmedabad,2024-12-22,12,Winter,4.39,22.3,138.4,173.1,0,4,0.2176,0.1034,0.1544
DEL-DE0181,Delhi,2025-11-15,11,Winter,6.82,22.3,329.5,370.9,0,4,0.1332,0.0547,0.6056
HYD-HY0022,Hyderabad,2025-12-31,12,Winter,5.38,25.1,75.1,85.8,0,4,0.1243,0.1267,0.0497
HYD-HY0060,Hyderabad,2024-12-15,12,Winter,4.79,30.5,119.6,156.3,0,3,0.1249,0.0453,0.0092
CHE-CH0192,Chennai,2025-05-19,5,Summer,2.32,36.4,115.9,155.5,0,3,0.0,0.0258,0.0238
HYD-HY0150,Hyderabad,2025-11-07,11,Winter,1.41,33.3,75.5,113.8,1,3,0.0295,0.2054,0.0502
DEL-DE0041,Delhi,2024-04-16,4,Summer,19.06,45.8,111.2,140.7,1,1,0.4055,0.1248,0.0313
BEN-BE0136,Bengaluru,2024-06-28,6,Monsoon,0.0,30.8,165.6,191.4,0,5,0.0128,0.0067,0.1638
AHM-AH0187,Ahmedabad,2026-02-22,2,Winter,8.33,21.8,143.3,156.1,0,2,0.1746,0.0131,0.149
BEN-BE0133,Bengaluru,2025-07-02,7,Monsoon,18.69,27.4,117.8,136.9,0,3,0.0759,0.0094,0.124
AHM-AH0041,Ahmedabad,2025-04-13,4,Summer,25.26,33.3,116.3,163.0,0,2,0.3226,0.0488,0.0299
KOL-KO0113,Kolkata,2024-05-03,5,Summer,3.07,33.4,283.2,312.4,2,2,0.0967,0.2972,0.3899
BEN-BE0039,Bengaluru,2026-01-19,1,Winter,0.0,16.1,116.3,156.5,1,4,0.0656,0.2061,0.0633
PUN-PU0053,Pune,2025-02-08,2,Winter,8.45,20.0,99.1,110.3,1,2,0.0282,0.1406,0.0091
BEN-BE0184,Bengaluru,2024-11-27,11,Winter,12.2,27.9,86.3,110.1,0,3,0.0,0.0932,0.0
AHM-AH0021,Ahmedabad,2025-02-18,2,Winter,1.47,21.4,30.0,52.6,0,3,0.1794,0.1193,0.0243
HYD-HY0005,Hyderabad,2024-09-26,9,Monsoon,0.0,29.8,78.5,128.1,0,3,0.0996,0.113,0.0182
BEN-BE0009,Bengaluru,2026-01-22,1,Winter,0.0,24.7,115.0,150.7,0,2,0.1088,0.0856,0.0675
DEL-DE0051,Delhi,2024-05-28,5,Summer,22.9,48.0,77.4,89.2,0,2,0.373,0.0437,0.0643
DEL-DE0077,Delhi,2024-10-02,10,Winter,1.05,35.3,288.7,328.8,0,5,0.2396,0.1244,0.5409
MUM-MU0151,Mumbai,2024-07-06,7,Monsoon,36.82,28.8,154.7,198.9,0,3,0.4148,0.0652,0.1719
KOL-KO0125,Kolkata,2025-11-04,11,Winter,0.6,24.6,173.5,204.1,0,3,0.1215,0.054,0.1626
DEL-DE0153,Delhi,2024-04-14,4,Summer,9.38,48.0,112.1,161.2,0,1,0.4989,0.0469,0.1098
AHM-AH0060,Ahmedabad,2025-03-14,3,Summer,9.53,42.9,78.8,92.9,0,3,0.2404,0.0603,0.0576
KOL-KO0111,Kolkata,2025-03-19,3,Summer,1.18,43.0,221.3,266.6,1,2,0.2181,0.265,0.2889
MUM-MU0179,Mumbai,2024-06-21,6,Monsoon,14.95,30.9,88.9,119.4,0,1,0.0665,0.0405,0.0
PUN-PU0196,Pune,2024-10-05,10,Winter,0.0,15.2,72.8,93.9,0,2,0.0344,0.0613,0.086
CHE-CH0054,Chennai,2024-07-11,7,Monsoon,29.65,28.6,96.4,117.5,0,3,0.42,0.0292,0.0522
PUN-PU0167,Pune,2025-12-02,12,Winter,15.21,15.1,112.7,126.2,0,1,0.0503,0.1295,0.0765
CHE-CH0111,Chennai,2026-02-05,2,Winter,12.36,16.4,30.0,49.5,0,3,0.057,0.0351,0.0608
AHM-AH0053,Ahmedabad,2026-02-05,2,Winter,1.31,28.5,99.1,116.4,0,3,0.1378,0.051,0.0817
MUM-MU0132,Mumbai,2024-05-13,5,Summer,0.0,42.0,185.6,198.4,0,3,0.1858,0.0466,0.293
HYD-HY0126,Hyderabad,2025-08-26,8,Monsoon,25.65,33.1,120.6,150.9,0,2,0.3314,0.0431,0.0839
HYD-HY0110,Hyderabad,2024-06-22,6,Monsoon,54.71,20.2,133.8,160.3,0,3,0.6014,0.0631,0.1136
BEN-BE0194,Bengaluru,2024-10-15,10,Winter,5.88,17.0,61.6,88.2,0,1,0.2133,0.0157,0.0446
CHE-CH0014,Chennai,2026-03-28,3,Summer,6.58,47.8,100.7,136.8,0,1,0.5646,0.058,0.0
DEL-DE0122,Delhi,2024-11-27,11,Winter,0.0,27.6,186.7,226.3,0,3,0.0522,0.1356,0.2427
AHM-AH0057,Ahmedabad,2024-12-17,12,Winter,0.0,25.1,60.7,84.0,0,5,0.244,0.0274,0.0
AHM-AH0053,Ahmedabad,2024-11-05,11,Winter,3.01,37.6,85.0,117.9,0,3,0.0907,0.0,0.0488
AHM-AH0034,Ahmedabad,2024-07-08,7,Monsoon,16.5,28.3,161.7,175.0,0,1,0.1211,0.0,0.1932
PUN-PU0106,Pune,2025-03-23,3,Summer,0.0,25.7,120.8,134.4,0,1,0.0204,0.1067,0.0977
DEL-DE0156,Delhi,2025-01-26,1,Winter,0.0,23.9,392.2,429.2,0,3,0.0634,0.0222,0.7786
CHE-CH0140,Chennai,2024-04-29,4,Summer,0.0,48.0,55.7,96.9,0,2,0.5236,0.1024,0.0208
HYD-HY0041,Hyderabad,2025-06-18,6,Monsoon,3.39,30.4,88.9,116.9,0,2,0.1366,0.0,0.0
BEN-BE0059,Bengaluru,2024-05-15,5,Summer,0.0,32.2,124.6,150.7,0,3,0.1217,0.1013,0.1134
DEL-DE0048,Delhi,2025-02-09,2,Winter,5.78,27.0,320.5,351.1,0,4,0.1797,0.0445,0.6212
BEN-BE0011,Bengaluru,2025-09-09,9,Monsoon,25.89,24.0,30.0,78.0,0,2,0.3828,0.0059,0.0468
DEL-DE0084,Delhi,2025-06-17,6,Monsoon,23.95,36.8,74.7,85.8,0,1,0.3247,0.0318,0.0382
BEN-BE0084,Bengaluru,2026-02-08,2,Winter,0.0,22.3,117.1,153.1,0,2,0.1151,0.0468,0.0642
HYD-HY0011,Hyderabad,2025-07-17,7,Monsoon,0.0,29.3,85.9,110.4,0,3,0.2049,0.1074,0.1276
MUM-MU0053,Mumbai,2025-04-03,4,Summer,18.33,41.8,103.3,119.9,0,2,0.0259,0.0665,0.102
CHE-CH0139,Chennai,2025-09-02,9,Monsoon,14.16,34.1,134.0,148.3,0,2,0.0771,0.0352,0.0729
HYD-HY0134,Hyderabad,2025-07-23,7,Monsoon,3.52,31.7,129.5,152.4,0,3,0.0651,0.0461,0.0467
HYD-HY0172,Hyderabad,2026-03-03,3,Summer,2.83,31.4,142.8,159.0,1,3,0.0206,0.2104,0.1107
CHE-CH0155,Chennai,2025-11-19,11,Winter,3.66,27.6,30.0,77.8,1,2,0.0,0.2045,0.0
KOL-KO0157,Kolkata,2024-07-23,7,Monsoon,20.0,29.6,122.3,141.3,0,1,0.2366,0.0518,0.0865
HYD-HY0129,Hyderabad,2024-06-21,6,Monsoon,21.12,23.2,113.8,161.0,0,1,0.2908,0.0625,0.0509
DEL-DE0065,Delhi,2026-03-11,3,Summer,18.6,42.1,117.0,135.5,1,1,0.1264,0.2118,0.0561
PUN-PU0053,Pune,2024-08-18,8,Monsoon,2.69,25.9,133.3,153.7,0,4,0.0695,0.0141,0.1889
MUM-MU0176,Mumbai,2024-09-14,9,Monsoon,43.0,35.6,153.1,196.0,0,1,0.5214,0.0156,0.1788
MUM-MU0134,Mumbai,2025-01-28,1,Winter,0.0,18.8,102.0,127.0,1,1,0.1704,0.2453,0.0378
CHE-CH0033,Chennai,2024-07-07,7,Monsoon,27.74,32.5,122.2,150.5,0,3,0.2861,0.0756,0.0504
KOL-KO0015,Kolkata,2025-03-08,3,Summer,13.16,41.7,113.4,151.9,0,4,0.0647,0.0505,0.0773
AHM-AH0068,Ahmedabad,2025-08-06,8,Monsoon,12.68,25.3,145.0,165.7,0,3,0.2456,0.0095,0.0453
AHM-AH0072,Ahmedabad,2025-05-23,5,Summer,6.93,38.2,88.2,98.5,0,2,0.0294,0.0,0.0
KOL-KO0180,Kolkata,2026-03-18,3,Summer,7.68,41.0,58.0,92.6,0,2,0.0772,0.1093,0.0207
HYD-HY0076,Hyderabad,2024-10-07,10,Winter,10.0,25.2,52.0,84.9,1,2,0.0759,0.2131,0.0397
KOL-KO0041,Kolkata,2024-12-01,12,Winter,6.28,18.7,199.4,234.4,0,5,0.2185,0.0479,0.2313
AHM-AH0175,Ahmedabad,2024-08-17,8,Monsoon,58.48,24.0,117.5,146.5,0,2,0.6937,0.0377,0.067
KOL-KO0038,Kolkata,2024-05-12,5,Summer,5.25,37.1,83.5,109.7,1,2,0.0789,0.2282,0.0489
HYD-HY0177,Hyderabad,2025-03-28,3,Summer,7.05,42.2,64.2,83.4,1,3,0.221,0.1523,0.0182
MUM-MU0151,Mumbai,2024-07-12,7,Monsoon,30.99,23.0,159.2,171.8,0,4,0.3749,0.0,0.24
DEL-DE0056,Delhi,2025-01-06,1,Winter,1.85,15.0,453.3,473.5,0,4,0.1252,0.0661,0.9214
CHE-CH0049,Chennai,2026-02-10,2,Winter,1.52,19.0,100.4,134.7,0,1,0.0932,0.0588,0.0
PUN-PU0115,Pune,2024-04-27,4,Summer,6.32,34.1,96.9,117.5,0,2,0.2136,0.0552,0.0009
MUM-MU0151,Mumbai,2024-09-19,9,Monsoon,51.88,27.0,76.5,102.7,1,2,0.6497,0.1196,0.0
KOL-KO0121,Kolkata,2025-07-13,7,Monsoon,25.47,29.6,163.3,180.5,0,4,0.3436,0.0304,0.1599
KOL-KO0154,Kolkata,2025-11-27,11,Winter,0.0,17.6,59.9,71.0,0,3,0.0178,0.1141,0.0344
PUN-PU0192,Pune,2024-08-15,8,Monsoon,37.39,29.9,207.0,230.9,0,2,0.4908,0.0,0.2687
HYD-HY0059,Hyderabad,2025-06-13,6,Monsoon,44.9,23.4,105.0,122.5,0,1,0.5249,0.0262,0.0552
CHE-CH0105,Chennai,2024-08-24,8,Monsoon,24.6,27.7,166.4,209.0,0,5,0.3374,0.0809,0.2094
DEL-DE0062,Delhi,2024-04-12,4,Summer,3.32,47.5,97.8,144.0,0,2,0.4754,0.0277,0.016
AHM-AH0197,Ahmedabad,2024-05-13,5,Summer,15.87,42.1,134.0,183.3,0,3,0.1902,0.0779,0.1157
HYD-HY0129,Hyderabad,2025-09-19,9,Monsoon,17.79,27.9,96.2,131.8,0,5,0.1798,0.0212,0.0201
PUN-PU0110,Pune,2026-03-16,3,Summer,7.3,35.2,48.2,62.6,0,5,0.2214,0.0711,0.0551
PUN-PU0003,Pune,2025-12-02,12,Winter,2.33,18.2,109.9,150.8,0,1,0.0955,0.1131,0.0614
DEL-DE0172,Delhi,2026-02-07,2,Winter,0.0,18.3,410.5,440.6,0,3,0.0757,0.0766,0.8274
AHM-AH0172,Ahmedabad,2024-10-01,10,Winter,3.8,25.7,96.2,143.7,0,2,0.0369,0.0,0.0
DEL-DE0064,Delhi,2024-12-19,12,Winter,0.0,20.0,318.3,349.1,0,2,0.0803,0.0,0.6897
KOL-KO0086,Kolkata,2025-01-07,1,Winter,10.7,23.6,158.6,171.9,0,5,0.0,0.0417,0.1793
HYD-HY0029,Hyderabad,2025-07-25,7,Monsoon,1.97,39.8,108.0,155.3,0,3,0.0681,0.0828,0.0444
MUM-MU0113,Mumbai,2024-09-23,9,Monsoon,17.8,23.1,122.4,149.0,0,1,0.0568,0.0243,0.048
DEL-DE0054,Delhi,2024-09-09,9,Monsoon,14.06,29.0,107.2,118.8,0,3,0.1581,0.0,0.0045
HYD-HY0061,Hyderabad,2025-05-01,5,Summer,8.84,41.8,80.3,118.2,0,1,0.0402,0.0148,0.0
DEL-DE0113,Delhi,2024-04-22,4,Summer,0.0,45.2,49.0,66.8,0,4,0.2987,0.0454,0.0
CHE-CH0022,Chennai,2025-07-19,7,Monsoon,21.92,35.7,102.1,131.9,0,1,0.3325,0.0138,0.0434
DEL-DE0137,Delhi,2025-05-27,5,Summer,0.0,41.3,119.5,131.7,1,2,0.2049,0.2029,0.0417
DEL-DE0131,Delhi,2025-09-01,9,Monsoon,22.78,40.2,62.4,111.5,0,3,0.4458,0.05,0.0943
CHE-CH0060,Chennai,2024-09-14,9,Monsoon,3.68,42.0,135.0,161.7,0,3,0.0443,0.0,0.044
AHM-AH0052,Ahmedabad,2025-01-13,1,Winter,0.0,27.9,30.0,41.9,0,3,0.131,0.0994,0.0
BEN-BE0061,Bengaluru,2024-07-15,7,Monsoon,13.19,24.3,70.5,88.4,0,1,0.1144,0.0383,0.0373
CHE-CH0108,Chennai,2025-03-03,3,Summer,4.42,41.9,55.4,79.9,0,2,0.0572,0.0315,0.0247
HYD-HY0062,Hyderabad,2025-06-28,6,Monsoon,2.46,25.8,57.7,76.3,0,1,0.1207,0.1078,0.0055
BEN-BE0181,Bengaluru,2025-02-07,2,Winter,0.0,19.9,125.0,139.1,0,1,0.2158,0.0664,0.1219
MUM-MU0161,Mumbai,2025-01-04,1,Winter,2.89,15.0,130.1,157.7,0,3,0.1839,0.0886,0.1269
BEN-BE0113,Bengaluru,2025-11-17,11,Winter,0.0,17.7,142.2,161.8,1,4,0.0,0.1689,0.0926
BEN-BE0002,Bengaluru,2025-01-22,1,Winter,0.0,15.0,112.1,123.0,0,5,0.2085,0.0599,0.0193
PUN-PU0100,Pune,2024-11-18,11,Winter,5.46,25.9,87.7,133.6,0,5,0.0334,0.0598,0.0457
HYD-HY0128,Hyderabad,2025-11-22,11,Winter,5.88,21.7,80.7,128.1,0,4,0.1807,0.0,0.0
BEN-BE0162,Bengaluru,2024-06-05,6,Monsoon,9.61,26.6,140.6,180.8,0,3,0.0,0.0563,0.1277
DEL-DE0056,Delhi,2025-08-10,8,Monsoon,11.84,29.0,95.8,118.8,0,5,0.2818,0.0618,0.0
PUN-PU0080,Pune,2025-07-17,7,Monsoon,44.29,25.8,104.7,131.5,0,3,0.4989,0.0249,0.0593
CHE-CH0020,Chennai,2024-10-16,10,Winter,0.21,23.7,108.3,145.9,1,1,0.1651,0.2678,0.1409
PUN-PU0058,Pune,2024-11-19,11,Winter,0.0,20.3,75.2,124.2,0,2,0.0707,0.0,0.0
HYD-HY0092,Hyderabad,2026-03-12,3,Summer,4.92,39.2,107.7,146.1,0,2,0.234,0.0626,0.1066
MUM-MU0191,Mumbai,2025-01-07,1,Winter,3.68,22.7,138.5,163.7,0,1,0.0682,0.0297,0.1133
HYD-HY0029,Hyderabad,2025-07-19,7,Monsoon,24.63,34.1,121.8,158.9,0,1,0.2012,0.0678,0.0509
PUN-PU0112,Pune,2025-01-25,1,Winter,0.0,15.0,159.6,171.2,0,4,0.0,0.1272,0.1482
DEL-DE0145,Delhi,2025-01-06,1,Winter,2.22,29.9,404.8,416.4,0,1,0.1112,0.0413,0.7518
PUN-PU0012,Pune,2025-12-20,12,Winter,0.0,19.0,76.8,109.1,1,1,0.0021,0.2466,0.0
HYD-HY0189,Hyderabad,2025-12-15,12,Winter,9.67,15.0,30.0,43.8,1,2,0.1127,0.2334,0.0
DEL-DE0115,Delhi,2025-09-19,9,Monsoon,21.64,33.4,84.7,111.3,0,3,0.2507,0.0185,0.0
DEL-DE0150,Delhi,2024-09-06,9,Monsoon,11.65,29.7,49.3,85.7,1,3,0.1619,0.1292,0.0804
PUN-PU0149,Pune,2025-08-25,8,Monsoon,41.0,33.5,145.6,172.9,0,1,0.5114,0.0388,0.1141
PUN-PU0078,Pune,2025-08-17,8,Monsoon,30.12,29.8,73.3,91.1,0,3,0.4706,0.0564,0.0697
AHM-AH0075,Ahmedabad,2025-04-13,4,Summer,0.0,48.0,120.0,137.4,0,3,0.4193,0.0334,0.0774
PUN-PU0039,Pune,2025-05-09,5,Summer,10.39,35.6,129.8,164.1,0,1,0.1296,0.0048,0.0944
CHE-CH0091,Chennai,2024-12-26,12,Winter,2.5,18.0,85.2,97.8,1,3,0.1607,0.2368,0.0145
HYD-HY0154,Hyderabad,2024-12-15,12,Winter,4.49,15.0,126.3,147.4,0,2,0.1249,0.0489,0.1407
MUM-MU0084,Mumbai,2024-05-11,5,Summer,12.34,43.2,41.1,77.9,0,1,0.1615,0.0468,0.0802
MUM-MU0058,Mumbai,2025-10-05,10,Winter,7.31,15.9,134.7,168.8,0,4,0.0771,0.0423,0.103
MUM-MU0166,Mumbai,2025-12-11,12,Winter,13.35,22.1,115.8,131.3,0,5,0.1953,0.0386,0.0528
MUM-MU0093,Mumbai,2025-03-06,3,Summer,10.31,33.5,106.7,122.8,0,2,0.2521,0.0847,0.0
PUN-PU0113,Pune,2025-12-26,12,Winter,5.02,19.5,43.5,61.5,0,2,0.0696,0.022,0.035
AHM-AH0179,Ahmedabad,2026-03-07,3,Summer,23.09,36.5,86.0,122.6,0,3,0.3515,0.0862,0.0344
HYD-HY0181,Hyderabad,2024-06-22,6,Monsoon,17.92,27.5,129.8,156.6,0,1,0.1542,0.0214,0.0558
BEN-BE0142,Bengaluru,2024-04-14,4,Summer,5.9,42.9,80.7,126.6,1,2,0.3135,0.2473,0.0476
PUN-PU0133,Pune,2025-01-01,1,Winter,5.96,19.5,111.3,128.5,0,3,0.0826,0.0647,0.1431
BEN-BE0031,Bengaluru,2025-06-11,6,Monsoon,10.29,19.9,114.6,151.9,0,1,0.1295,0.0473,0.0
AHM-AH0170,Ahmedabad,2025-11-30,11,Winter,0.0,31.2,41.9,83.2,1,4,0.2276,0.2558,0.0889
HYD-HY0171,Hyderabad,2025-08-03,8,Monsoon,28.16,34.2,69.3,89.5,0,1,0.3566,0.0547,0.0748
KOL-KO0053,Kolkata,2025-07-22,7,Monsoon,16.44,32.5,138.3,159.8,0,2,0.0251,0.0612,0.1035
PUN-PU0065,Pune,2024-09-08,9,Monsoon,39.65,31.3,126.2,148.0,0,2,0.4002,0.0061,0.0437
PUN-PU0108,Pune,2026-02-08,2,Winter,6.07,15.0,89.8,132.9,0,3,0.0242,0.0,0.0096
MUM-MU0062,Mumbai,2024-09-17,9,Monsoon,23.18,21.1,215.7,240.1,0,1,0.37,0.079,0.2801
HYD-HY0019,Hyderabad,2025-07-10,7,Monsoon,22.88,28.2,101.4,141.2,0,2,0.3271,0.1186,0.0154
PUN-PU0084,Pune,2026-02-26,2,Winter,4.64,18.1,106.8,141.8,0,3,0.0,0.0,0.0177
HYD-HY0117,Hyderabad,2024-12-31,12,Winter,6.32,26.8,133.8,160.7,0,3,0.1224,0.0229,0.1092
BEN-BE0193,Bengaluru,2026-02-02,2,Winter,0.66,20.5,77.1,89.1,1,5,0.122,0.1472,0.1176
PUN-PU0114,Pune,2024-06-19,6,Monsoon,6.2,20.0,113.5,127.1,0,3,0.1128,0.0437,0.0603
CHE-CH0018,Chennai,2025-07-26,7,Monsoon,26.33,24.4,82.9,116.8,0,4,0.3582,0.0333,0.0
KOL-KO0189,Kolkata,2025-10-11,10,Winter,4.52,15.0,57.3,78.4,0,3,0.0,0.1062,0.0
BEN-BE0101,Bengaluru,2026-02-02,2,Winter,3.25,21.5,89.0,137.2,0,1,0.1955,0.0558,0.008
AHM-AH0002,Ahmedabad,2025-11-04,11,Winter,0.0,25.6,108.8,140.0,0,2,0.1436,0.082,0.0413
KOL-KO0031,Kolkata,2026-03-13,3,Summer,7.31,48.0,119.3,133.4,0,1,0.5347,0.0201,0.0009
CHE-CH0009,Chennai,2025-01-13,1,Winter,7.3,19.1,112.4,148.2,0,2,0.1165,0.0346,0.0
KOL-KO0128,Kolkata,2024-10-18,10,Winter,2.64,16.1,132.4,153.9,1,4,0.131,0.2731,0.0698
MUM-MU0149,Mumbai,2025-08-26,8,Monsoon,18.57,34.4,75.0,97.4,0,1,0.1403,0.0339,0.0475
AHM-AH0010,Ahmedabad,2025-11-15,11,Winter,0.0,18.6,65.8,106.7,0,3,0.077,0.0621,0.1144
MUM-MU0122,Mumbai,2025-09-14,9,Monsoon,60.32,30.3,67.5,84.3,0,2,0.6305,0.0401,0.0
DEL-DE0123,Delhi,2025-12-06,12,Winter,0.0,33.0,375.5,398.3,0,4,0.0831,0.0502,0.6961
KOL-KO0100,Kolkata,2025-03-09,3,Summer,1.36,45.1,179.4,225.0,0,2,0.3794,0.0096,0.2279
KOL-KO0051,Kolkata,2024-12-28,12,Winter,5.75,28.2,186.8,198.2,0,1,0.0903,0.0474,0.2879
KOL-KO0191,Kolkata,2025-08-10,8,Monsoon,11.0,31.5,156.9,168.1,0,3,0.0113,0.0418,0.1085
KOL-KO0151,Kolkata,2025-04-27,4,Summer,2.43,31.3,165.9,215.6,0,1,0.1739,0.1484,0.2185
BEN-BE0017,Bengaluru,2026-01-14,1,Winter,0.71,24.9,68.7,90.6,0,1,0.1638,0.0494,0.0067
CHE-CH0096,Chennai,2025-03-11,3,Summer,19.39,27.8,93.0,137.4,0,5,0.0493,0.0744,0.0183
PUN-PU0042,Pune,2025-03-01,3,Summer,6.33,33.6,118.1,133.2,1,3,0.0766,0.2156,0.0972
DEL-DE0094,Delhi,2025-07-02,7,Monsoon,11.27,31.6,117.7,131.5,0,3,0.1165,0.0279,0.0894
CHE-CH0040,Chennai,2024-07-05,7,Monsoon,3.16,31.4,147.4,160.7,0,1,0.1582,0.0616,0.0987
AHM-AH0071,Ahmedabad,2025-10-25,10,Winter,2.72,22.6,70.8,107.5,1,3,0.0508,0.1983,0.0479
CHE-CH0053,Chennai,2025-02-18,2,Winter,1.97,27.0,159.1,169.4,0,3,0.0,0.1102,0.1997
AHM-AH0103,Ahmedabad,2025-03-24,3,Summer,10.12,41.8,113.4,130.9,0,3,0.0789,0.0964,0.1049
CHE-CH0107,Chennai,2024-08-10,8,Monsoon,16.07,27.8,101.5,123.6,0,2,0.0802,0.0529,0.0
KOL-KO0016,Kolkata,2025-05-30,5,Summer,6.28,45.6,103.9,147.4,0,3,0.3847,0.11,0.0819
DEL-DE0067,Delhi,2024-07-08,7,Monsoon,10.84,28.6,117.1,164.3,0,3,0.1384,0.0965,0.0302
AHM-AH0157,Ahmedabad,2024-09-08,9,Monsoon,1.01,35.0,145.6,192.6,0,2,0.1401,0.0,0.1611
CHE-CH0158,Chennai,2025-08-29,8,Monsoon,8.2,34.0,125.8,137.2,0,3,0.1173,0.0676,0.1012
HYD-HY0054,Hyderabad,2025-11-29,11,Winter,0.0,29.5,79.9,95.4,0,2,0.0,0.0972,0.0
HYD-HY0150,Hyderabad,2025-07-10,7,Monsoon,18.99,30.6,125.3,171.5,0,3,0.0,0.0465,0.0607
DEL-DE0017,Delhi,2024-06-25,6,Monsoon,28.75,32.6,88.1,114.8,0,1,0.4144,0.0,0.0
CHE-CH0053,Chennai,2025-08-20,8,Monsoon,3.26,16.9,109.0,157.5,0,1,0.2023,0.0501,0.0
BEN-BE0095,Bengaluru,2025-01-31,1,Winter,0.0,22.0,120.4,151.6,0,3,0.1142,0.0548,0.0258
KOL-KO0155,Kolkata,2025-12-07,12,Winter,1.99,29.1,279.7,314.4,0,1,0.1761,0.0193,0.539
DEL-DE0050,Delhi,2025-04-22,4,Summer,6.53,45.4,105.2,143.4,0,1,0.3874,0.0522,0.0134
BEN-BE0147,Bengaluru,2025-12-01,12,Winter,7.89,19.7,92.3,123.8,0,3,0.185,0.0285,0.0
KOL-KO0120,Kolkata,2025-07-19,7,Monsoon,12.97,25.9,150.9,193.5,0,1,0.1157,0.0244,0.157
BEN-BE0107,Bengaluru,2024-05-27,5,Summer,1.07,35.1,75.1,99.6,0,2,0.0844,0.0277,0.1144
DEL-DE0088,Delhi,2026-02-07,2,Winter,13.71,19.0,294.3,338.6,0,5,0.1803,0.0702,0.4207
MUM-MU0198,Mumbai,2025-11-07,11,Winter,8.84,24.1,178.6,216.6,0,2,0.0953,0.1007,0.2586
MUM-MU0103,Mumbai,2026-02-12,2,Winter,4.4,15.0,92.5,133.0,0,2,0.164,0.08,0.0677
BEN-BE0194,Bengaluru,2026-03-06,3,Summer,4.61,27.1,68.5,101.9,0,4,0.1594,0.048,0.0249
CHE-CH0186,Chennai,2025-12-22,12,Winter,0.0,26.0,98.5,110.5,0,3,0.1451,0.0121,0.0102
PUN-PU0060,Pune,2025-01-24,1,Winter,1.32,22.2,123.1,163.8,0,3,0.1737,0.112,0.0462
KOL-KO0056,Kolkata,2024-08-15,8,Monsoon,35.73,28.0,227.3,251.2,0,5,0.4547,0.0652,0.3502
BEN-BE0108,Bengaluru,2025-04-24,4,Summer,0.0,25.4,139.7,163.1,0,3,0.0883,0.0174,0.2152
DEL-DE0127,Delhi,2026-01-28,1,Winter,4.47,23.5,258.1,286.3,0,2,0.1566,0.0423,0.4217
CHE-CH0070,Chennai,2026-03-03,3,Summer,1.9,36.6,101.3,134.4,0,2,0.1151,0.011,0.0
HYD-HY0183,Hyderabad,2024-06-20,6,Monsoon,14.9,36.0,164.2,187.5,0,3,0.0495,0.0716,0.1289
AHM-AH0076,Ahmedabad,2025-09-18,9,Monsoon,35.61,30.6,44.2,79.9,0,3,0.4828,0.082,0.0393
CHE-CH0040,Chennai,2024-05-30,5,Summer,2.38,28.2,123.0,134.5,0,2,0.0508,0.0,0.0887
DEL-DE0188,Delhi,2025-10-09,10,Winter,8.73,34.8,500.0,526.7,0,1,0.0417,0.0563,0.9631
AHM-AH0162,Ahmedabad,2024-10-06,10,Winter,0.0,18.8,123.8,169.5,1,5,0.1652,0.2198,0.0797
DEL-DE0126,Delhi,2025-12-09,12,Winter,7.69,17.1,308.6,345.1,0,1,0.1049,0.046,0.591
HYD-HY0020,Hyderabad,2026-03-11,3,Summer,12.23,33.0,113.8,150.6,0,3,0.1999,0.0788,0.0214
HYD-HY0054,Hyderabad,2024-08-16,8,Monsoon,25.06,32.8,110.1,124.6,0,1,0.3576,0.0253,0.0327
KOL-KO0156,Kolkata,2025-06-26,6,Monsoon,4.16,30.8,212.6,244.0,0,1,0.1273,0.0208,0.2325
HYD-HY0021,Hyderabad,2024-06-04,6,Monsoon,32.41,32.7,33.8,69.5,0,3,0.4683,0.0819,0.0326
CHE-CH0031,Chennai,2024-09-12,9,Monsoon,18.99,23.0,139.8,176.6,0,2,0.0,0.041,0.1807
HYD-HY0018,Hyderabad,2024-06-14,6,Monsoon,15.05,25.7,77.4,92.0,0,5,0.0,0.0442,0.0
MUM-MU0047,Mumbai,2025-02-01,2,Winter,13.08,23.4,125.9,162.1,0,2,0.1739,0.085,0.15
MUM-MU0184,Mumbai,2025-04-18,4,Summer,8.45,31.6,132.8,144.7,0,2,0.2258,0.0,0.0766
KOL-KO0005,Kolkata,2024-12-10,12,Winter,0.0,27.1,228.7,276.4,0,3,0.0,0.0387,0.3321
HYD-HY0035,Hyderabad,2024-05-23,5,Summer,11.15,31.5,131.7,146.3,0,5,0.0978,0.1162,0.0944
KOL-KO0136,Kolkata,2024-10-04,10,Winter,0.0,20.6,116.2,152.8,0,5,0.139,0.0,0.0835
BEN-BE0093,Bengaluru,2025-10-16,10,Winter,0.0,15.1,76.7,99.4,1,2,0.1452,0.2442,0.0
BEN-BE0040,Bengaluru,2024-04-18,4,Summer,7.97,32.8,57.4,91.9,0,1,0.0039,0.0628,0.1089
HYD-HY0194,Hyderabad,2024-06-28,6,Monsoon,11.38,30.6,98.7,127.4,0,4,0.0246,0.0703,0.0338
CHE-CH0122,Chennai,2025-02-11,2,Winter,0.0,19.3,104.3,127.1,0,2,0.0,0.0,0.0001
MUM-MU0099,Mumbai,2025-02-11,2,Winter,0.83,29.4,92.0,113.1,0,5,0.2073,0.0284,0.0
MUM-MU0103,Mumbai,2026-01-12,1,Winter,13.3,19.4,133.2,168.0,0,3,0.0,0.0527,0.0831
BEN-BE0176,Bengaluru,2025-05-23,5,Summer,0.46,34.8,90.9,118.0,0,4,0.0,0.0825,0.0
HYD-HY0013,Hyderabad,2024-09-30,9,Monsoon,13.59,38.6,39.2,83.0,1,3,0.0488,0.2493,0.0
PUN-PU0023,Pune,2024-10-26,10,Winter,1.78,23.6,117.3,131.6,2,2,0.2329,0.3826,0.0
PUN-PU0139,Pune,2025-01-27,1,Winter,0.0,15.8,128.1,139.7,0,3,0.0,0.0356,0.1292
PUN-PU0177,Pune,2025-02-06,2,Winter,7.05,19.8,124.0,156.0,0,2,0.0405,0.1102,0.0568
KOL-KO0163,Kolkata,2025-11-03,11,Winter,14.31,25.4,135.1,151.5,0,1,0.0598,0.0435,0.1419
BEN-BE0185,Bengaluru,2024-08-06,8,Monsoon,31.23,23.8,112.9,161.9,0,3,0.3788,0.0398,0.0724
HYD-HY0099,Hyderabad,2024-08-23,8,Monsoon,33.45,30.3,55.1,87.4,0,3,0.3612,0.0306,0.0056
MUM-MU0016,Mumbai,2024-04-20,4,Summer,0.0,38.7,117.0,157.7,1,2,0.0927,0.2277,0.0309
DEL-DE0020,Delhi,2026-03-29,3,Summer,0.0,39.6,113.7,146.3,0,1,0.1931,0.0127,0.0
KOL-KO0082,Kolkata,2025-08-16,8,Monsoon,28.75,27.8,240.9,264.6,0,2,0.3603,0.0785,0.3708
DEL-DE0074,Delhi,2024-07-18,7,Monsoon,28.59,33.5,145.2,187.7,0,3,0.3492,0.0684,0.1505
BEN-BE0141,Bengaluru,2024-10-24,10,Winter,4.96,21.8,197.8,210.1,0,2,0.2502,0.1115,0.258
AHM-AH0089,Ahmedabad,2025-02-04,2,Winter,0.0,29.3,85.5,127.0,1,4,0.0812,0.1976,0.0438
CHE-CH0149,Chennai,2025-11-13,11,Winter,0.0,22.9,81.7,111.9,0,2,0.0202,0.0574,0.059
AHM-AH0164,Ahmedabad,2024-07-29,7,Monsoon,33.99,36.8,75.7,115.4,0,1,0.4164,0.0,0.0
KOL-KO0025,Kolkata,2025-02-26,2,Winter,1.69,26.0,169.0,186.1,0,4,0.1519,0.0418,0.2612
CHE-CH0149,Chennai,2024-09-07,9,Monsoon,12.73,28.7,65.2,112.9,0,3,0.1074,0.0,0.0601
MUM-MU0092,Mumbai,2024-07-23,7,Monsoon,8.98,34.7,132.3,160.0,0,2,0.1424,0.0089,0.1531
KOL-KO0020,Kolkata,2025-10-16,10,Winter,4.26,16.1,179.8,218.3,0,4,0.0,0.0,0.2193
MUM-MU0104,Mumbai,2024-05-12,5,Summer,7.95,34.1,189.4,232.2,1,2,0.0341,0.2959,0.2714
HYD-HY0167,Hyderabad,2024-12-01,12,Winter,2.71,20.7,98.6,116.0,1,2,0.0439,0.145,0.042
HYD-HY0150,Hyderabad,2025-09-16,9,Monsoon,30.06,31.3,100.0,119.0,0,5,0.3869,0.0421,0.0166
DEL-DE0198,Delhi,2025-12-15,12,Winter,0.0,26.7,238.8,286.6,0,1,0.2119,0.034,0.4025
CHE-CH0142,Chennai,2024-08-08,8,Monsoon,20.72,30.5,154.1,171.9,0,2,0.3256,0.024,0.1607
HYD-HY0133,Hyderabad,2025-06-11,6,Monsoon,29.71,23.4,112.4,154.0,0,4,0.5205,0.0531,0.1164
BEN-BE0191,Bengaluru,2026-03-03,3,Summer,4.06,38.1,57.1,67.2,0,1,0.0716,0.0526,0.0488
MUM-MU0150,Mumbai,2026-03-05,3,Summer,2.2,40.6,141.2,185.2,0,2,0.0658,0.0502,0.1137
CHE-CH0191,Chennai,2025-09-07,9,Monsoon,36.29,36.2,112.9,155.1,0,2,0.4743,0.1187,0.0281
HYD-HY0032,Hyderabad,2026-01-12,1,Winter,0.0,16.1,112.5,152.4,0,3,0.1238,0.0,0.0102
KOL-KO0122,Kolkata,2024-07-30,7,Monsoon,51.51,38.4,198.9,211.5,0,2,0.5791,0.035,0.2601
AHM-AH0165,Ahmedabad,2025-08-31,8,Monsoon,21.67,33.8,90.2,114.0,0,4,0.3902,0.0823,0.0
HYD-HY0126,Hyderabad,2025-04-21,4,Summer,0.0,31.4,83.0,96.3,0,1,0.21,0.0524,0.0
BEN-BE0172,Bengaluru,2025-08-23,8,Monsoon,4.76,31.9,98.3,131.6,0,1,0.0806,0.0271,0.0235
PUN-PU0076,Pune,2025-04-03,4,Summer,0.0,39.3,62.1,83.2,0,5,0.2081,0.0434,0.0447
PUN-PU0193,Pune,2026-02-27,2,Winter,5.09,16.3,125.4,165.8,0,3,0.1448,0.0508,0.1108
PUN-PU0051,Pune,2025-12-20,12,Winter,0.0,28.6,30.0,67.2,0,1,0.1041,0.066,0.0
DEL-DE0043,Delhi,2025-03-25,3,Summer,3.94,44.7,110.7,146.7,0,4,0.2959,0.0024,0.0543
DEL-DE0063,Delhi,2025-01-12,1,Winter,0.0,18.1,353.8,384.6,0,2,0.0375,0.1127,0.6747
MUM-MU0198,Mumbai,2025-11-18,11,Winter,0.0,27.4,208.2,229.9,0,3,0.1783,0.0438,0.2914
KOL-KO0006,Kolkata,2025-12-24,12,Winter,1.33,22.7,127.9,170.1,0,3,0.0,0.078,0.0828
CHE-CH0164,Chennai,2025-11-22,11,Winter,4.46,23.5,83.9,110.6,0,5,0.1167,0.0777,0.0346
CHE-CH0094,Chennai,2024-07-30,7,Monsoon,17.99,23.6,122.3,141.9,0,2,0.1883,0.0812,0.0676
HYD-HY0142,Hyderabad,2025-02-19,2,Winter,8.06,23.1,152.2,181.3,0,4,0.1608,0.0405,0.1328
CHE-CH0148,Chennai,2025-02-18,2,Winter,5.08,16.2,60.5,80.6,0,2,0.079,0.0513,0.0771
AHM-AH0146,Ahmedabad,2025-04-02,4,Summer,0.0,37.0,132.8,161.2,0,3,0.1469,0.0,0.1086
DEL-DE0095,Delhi,2025-08-25,8,Monsoon,16.13,29.4,124.7,137.5,0,1,0.1793,0.0406,0.0771
BEN-BE0007,Bengaluru,2025-05-01,5,Summer,4.72,36.6,63.6,83.0,0,2,0.1916,0.0474,0.1162
PUN-PU0033,Pune,2025-08-28,8,Monsoon,11.9,27.9,117.8,141.0,0,1,0.062,0.0053,0.1129
HYD-HY0042,Hyderabad,2025-07-31,7,Monsoon,43.7,34.8,61.3,89.8,0,3,0.4776,0.0,0.0784
KOL-KO0022,Kolkata,2025-05-23,5,Summer,15.39,35.0,158.6,200.2,0,3,0.0492,0.0375,0.1056
HYD-HY0024,Hyderabad,2025-02-28,2,Winter,13.2,15.0,105.6,147.3,0,3,0.1014,0.0,0.0039
MUM-MU0082,Mumbai,2024-09-13,9,Monsoon,24.01,34.1,116.3,164.5,0,1,0.2621,0.0,0.1106
MUM-MU0092,Mumbai,2024-06-21,6,Monsoon,30.88,27.7,105.5,146.6,0,2,0.4495,0.0,0.0
MUM-MU0079,Mumbai,2025-09-03,9,Monsoon,23.7,29.5,117.1,145.5,0,1,0.3789,0.0227,0.1224
DEL-DE0080,Delhi,2025-03-31,3,Summer,0.0,41.6,140.2,150.6,0,5,0.0963,0.0831,0.0707
AHM-AH0061,Ahmedabad,2025-03-04,3,Summer,4.39,29.9,50.8,86.9,0,4,0.0701,0.0693,0.0
CHE-CH0082,Chennai,2025-05-01,5,Summer,6.34,34.4,135.5,178.3,0,2,0.1879,0.0094,0.1789
KOL-KO0170,Kolkata,2024-06-23,6,Monsoon,32.0,33.6,122.4,136.5,0,1,0.3134,0.0672,0.0879
HYD-HY0063,Hyderabad,2024-08-15,8,Monsoon,15.74,30.7,34.6,45.2,0,1,0.0551,0.0469,0.0811
KOL-KO0135,Kolkata,2024-09-06,9,Monsoon,49.79,27.2,121.4,165.8,0,3,0.6687,0.0609,0.0474
DEL-DE0105,Delhi,2025-01-12,1,Winter,0.0,22.7,347.8,374.3,0,2,0.1602,0.0706,0.5618
PUN-PU0041,Pune,2025-11-21,11,Winter,0.0,22.5,95.5,109.2,0,3,0.0389,0.0335,0.0
HYD-HY0055,Hyderabad,2025-05-18,5,Summer,0.0,45.0,150.1,187.0,0,5,0.3717,0.031,0.19
DEL-DE0086,Delhi,2024-11-02,11,Winter,2.26,18.2,285.5,314.3,1,2,0.1843,0.174,0.4814
CHE-CH0071,Chennai,2025-09-09,9,Monsoon,35.48,29.0,128.8,139.9,0,1,0.4513,0.068,0.1246
PUN-PU0055,Pune,2026-02-05,2,Winter,8.82,32.4,111.3,141.6,2,3,0.0855,0.3008,0.0692
CHE-CH0052,Chennai,2024-04-19,4,Summer,6.19,31.4,82.6,116.3,0,1,0.0416,0.1275,0.062
DEL-DE0132,Delhi,2025-06-02,6,Monsoon,67.24,31.8,101.1,121.8,0,2,0.7107,0.0835,0.0376
KOL-KO0004,Kolkata,2025-10-03,10,Winter,5.92,24.3,160.2,193.5,0,3,0.1335,0.0445,0.0916
PUN-PU0062,Pune,2024-04-05,4,Summer,0.0,40.9,92.9,108.2,1,1,0.0922,0.194,0.0294
AHM-AH0114,Ahmedabad,2025-11-25,11,Winter,0.0,28.4,134.9,160.7,0,5,0.1192,0.0068,0.1485
CHE-CH0012,Chennai,2026-02-17,2,Winter,1.82,20.0,103.8,138.7,0,2,0.0699,0.0401,0.0456
PUN-PU0015,Pune,2026-01-15,1,Winter,4.67,15.0,96.5,116.2,0,2,0.1072,0.1087,0.0
CHE-CH0088,Chennai,2024-07-15,7,Monsoon,22.73,26.3,111.1,129.2,0,1,0.3319,0.0029,0.0122
HYD-HY0038,Hyderabad,2025-04-03,4,Summer,18.68,45.0,171.6,194.7,1,2,0.3337,0.2897,0.2198
HYD-HY0043,Hyderabad,2026-02-09,2,Winter,3.74,27.5,64.5,112.6,0,5,0.0462,0.1011,0.0116
HYD-HY0090,Hyderabad,2024-10-15,10,Winter,13.12,22.6,100.2,127.7,0,1,0.0538,0.0902,0.0
HYD-HY0003,Hyderabad,2025-11-09,11,Winter,15.55,18.4,143.4,161.1,0,5,0.2282,0.0244,0.0348
AHM-AH0051,Ahmedabad,2026-03-28,3,Summer,17.81,39.0,72.7,113.8,0,1,0.1162,0.0585,0.0
HYD-HY0152,Hyderabad,2025-06-08,6,Monsoon,31.16,34.9,126.3,168.7,0,2,0.4229,0.021,0.056
CHE-CH0013,Chennai,2025-04-12,4,Summer,0.9,48.0,87.4,131.4,1,4,0.4998,0.2433,0.03
KOL-KO0172,Kolkata,2024-04-20,4,Summer,0.0,41.3,150.6,172.5,0,1,0.1533,0.0,0.1086
MUM-MU0034,Mumbai,2024-12-31,12,Winter,0.27,31.8,128.0,166.1,0,2,0.1165,0.0486,0.0393
CHE-CH0154,Chennai,2025-03-20,3,Summer,17.34,44.2,92.3,113.7,0,1,0.3236,0.0398,0.0057
CHE-CH0078,Chennai,2026-01-16,1,Winter,5.45,21.3,59.9,96.8,1,1,0.0767,0.1849,0.0035
PUN-PU0179,Pune,2025-11-04,11,Winter,3.73,26.1,120.0,162.5,0,2,0.2382,0.0247,0.0856
DEL-DE0024,Delhi,2025-06-10,6,Monsoon,2.2,30.4,114.7,154.3,0,5,0.145,0.0517,0.0636
KOL-KO0053,Kolkata,2025-06-16,6,Monsoon,10.36,39.4,171.3,195.6,0,3,0.1492,0.0,0.2474
HYD-HY0195,Hyderabad,2025-03-27,3,Summer,4.14,40.3,52.2,78.2,1,1,0.0827,0.2111,0.0751
CHE-CH0030,Chennai,2024-06-12,6,Monsoon,30.6,31.0,136.4,181.8,0,3,0.32,0.134,0.1234
AHM-AH0085,Ahmedabad,2026-01-23,1,Winter,4.76,26.2,61.6,85.1,0,3,0.1061,0.0,0.0683
AHM-AH0009,Ahmedabad,2024-06-28,6,Monsoon,16.62,36.7,71.3,112.5,0,2,0.0,0.0139,0.0206
PUN-PU0088,Pune,2024-12-27,12,Winter,7.66,22.8,128.8,166.2,0,3,0.1034,0.0153,0.0814
MUM-MU0054,Mumbai,2025-10-14,10,Winter,0.32,27.6,173.8,190.1,0,2,0.1465,0.0519,0.1824
PUN-PU0022,Pune,2024-12-20,12,Winter,0.0,21.3,145.1,189.1,0,1,0.0,0.078,0.1739
KOL-KO0171,Kolkata,2024-11-23,11,Winter,0.0,18.5,131.3,174.0,0,5,0.0,0.0801,0.0882
BEN-BE0143,Bengaluru,2024-11-01,11,Winter,6.64,23.0,30.0,75.8,0,2,0.0,0.0468,0.0
PUN-PU0142,Pune,2025-02-01,2,Winter,0.0,17.0,83.9,96.1,0,5,0.0909,0.006,0.0
AHM-AH0189,Ahmedabad,2025-09-23,9,Monsoon,14.53,35.1,30.0,44.5,0,2,0.0213,0.0516,0.0
HYD-HY0184,Hyderabad,2024-04-24,4,Summer,10.61,40.3,31.8,72.0,0,3,0.1738,0.0,0.0261
HYD-HY0182,Hyderabad,2024-09-14,9,Monsoon,6.76,24.5,111.1,159.5,0,3,0.1885,0.0491,0.0343
BEN-BE0066,Bengaluru,2024-11-02,11,Winter,0.0,17.4,88.1,121.8,0,3,0.0,0.0329,0.0
AHM-AH0077,Ahmedabad,2025-04-23,4,Summer,2.25,39.6,101.2,140.8,0,2,0.163,0.0541,0.0134
MUM-MU0105,Mumbai,2024-11-22,11,Winter,1.58,16.3,131.2,179.4,0,1,0.2314,0.0738,0.115
HYD-HY0195,Hyderabad,2024-06-07,6,Monsoon,17.95,31.4,83.3,101.8,0,4,0.1346,0.1161,0.0822
KOL-KO0183,Kolkata,2026-03-05,3,Summer,2.05,39.8,156.5,194.3,0,1,0.1506,0.0,0.0897
DEL-DE0149,Delhi,2025-04-03,4,Summer,3.5,42.2,51.7,98.8,0,3,0.2106,0.0667,0.0412
HYD-HY0073,Hyderabad,2026-02-15,2,Winter,0.0,30.0,65.5,93.9,0,5,0.0556,0.0533,0.0402
PUN-PU0088,Pune,2025-06-07,6,Monsoon,13.27,30.0,171.5,212.0,0,4,0.1734,0.0689,0.2267
AHM-AH0076,Ahmedabad,2024-05-27,5,Summer,0.0,29.4,99.1,146.8,0,2,0.1289,0.0156,0.0
PUN-PU0069,Pune,2025-03-16,3,Summer,0.0,33.0,69.2,111.8,0,4,0.2045,0.0,0.0
AHM-AH0186,Ahmedabad,2025-08-11,8,Monsoon,4.53,31.4,39.3,52.2,0,2,0.1866,0.0183,0.0268
CHE-CH0178,Chennai,2024-05-31,5,Summer,0.0,41.1,89.2,123.4,1,4,0.0346,0.2019,0.0171
DEL-DE0102,Delhi,2025-06-28,6,Monsoon,34.23,38.2,156.3,180.8,0,2,0.399,0.0908,0.1892
PUN-PU0194,Pune,2025-01-15,1,Winter,0.36,22.9,74.7,96.4,0,2,0.0928,0.0271,0.0
BEN-BE0096,Bengaluru,2024-09-03,9,Monsoon,18.95,23.1,114.2,162.8,0,1,0.0297,0.0352,0.0941
MUM-MU0064,Mumbai,2025-05-18,5,Summer,26.43,30.4,131.1,165.5,0,2,0.3156,0.0822,0.0975
HYD-HY0172,Hyderabad,2024-04-23,4,Summer,0.0,44.5,107.2,137.6,0,2,0.2582,0.0723,0.0876
AHM-AH0034,Ahmedabad,2025-09-02,9,Monsoon,34.28,29.8,59.0,93.6,0,3,0.4762,0.0,0.0201
DEL-DE0025,Delhi,2024-07-09,7,Monsoon,0.0,30.8,124.2,157.4,1,1,0.036,0.2176,0.0648
DEL-DE0190,Delhi,2024-08-28,8,Monsoon,13.78,35.7,88.4,119.2,0,4,0.0417,0.0132,0.0
MUM-MU0038,Mumbai,2025-09-14,9,Monsoon,41.12,31.7,135.2,154.5,0,4,0.5521,0.0,0.0474
KOL-KO0103,Kolkata,2025-01-06,1,Winter,0.63,26.7,142.6,168.9,0,5,0.0629,0.0586,0.1039
CHE-CH0042,Chennai,2024-04-21,4,Summer,0.79,26.6,143.7,160.2,0,5,0.0193,0.0048,0.0496
KOL-KO0057,Kolkata,2024-10-08,10,Winter,9.58,15.8,275.6,320.6,0,3,0.0007,0.0563,0.4174
DEL-DE0110,Delhi,2026-01-27,1,Winter,5.23,26.3,337.6,377.3,0,2,0.1037,0.0126,0.552
KOL-KO0045,Kolkata,2026-02-11,2,Winter,0.0,19.5,101.3,147.5,0,3,0.1647,0.1063,0.0716
AHM-AH0014,Ahmedabad,2024-05-14,5,Summer,11.71,38.8,170.7,195.1,1,5,0.0316,0.153,0.2414
BEN-BE0017,Bengaluru,2026-03-12,3,Summer,0.0,33.1,64.6,81.4,0,3,0.0377,0.0881,0.0266
KOL-KO0040,Kolkata,2025-08-23,8,Monsoon,37.23,29.1,52.4,78.0,0,4,0.5188,0.0732,0.0658
HYD-HY0027,Hyderabad,2025-01-03,1,Winter,0.0,19.3,138.3,185.3,0,3,0.0822,0.0366,0.1139
AHM-AH0187,Ahmedabad,2024-04-11,4,Summer,0.0,48.0,166.8,211.3,1,3,0.4632,0.2478,0.157
PUN-PU0052,Pune,2025-11-02,11,Winter,4.82,16.2,76.6,125.9,0,2,0.1546,0.0625,0.0432
KOL-KO0165,Kolkata,2025-08-14,8,Monsoon,17.22,22.0,134.5,144.8,0,2,0.2706,0.0342,0.1108
AHM-AH0106,Ahmedabad,2024-06-20,6,Monsoon,15.43,35.8,88.2,122.2,0,2,0.0492,0.0308,0.0048
AHM-AH0089,Ahmedabad,2025-07-26,7,Monsoon,11.2,36.9,71.0,111.0,0,1,0.152,0.0415,0.0402
MUM-MU0127,Mumbai,2024-09-24,9,Monsoon,25.74,32.8,220.6,270.1,0,4,0.3755,0.0639,0.3848
AHM-AH0045,Ahmedabad,2025-03-14,3,Summer,4.75,34.9,122.2,163.3,0,1,0.1263,0.1176,0.0826
DEL-DE0082,Delhi,2025-10-08,10,Winter,8.11,23.9,383.6,400.1,0,2,0.184,0.07,0.7243
HYD-HY0062,Hyderabad,2024-11-18,11,Winter,3.57,21.6,140.6,155.8,1,3,0.1007,0.15,0.1431
BEN-BE0024,Bengaluru,2024-04-10,4,Summer,10.94,31.5,70.8,86.1,0,3,0.0033,0.0659,0.0769
HYD-HY0148,Hyderabad,2024-06-27,6,Monsoon,24.99,26.8,65.4,94.8,1,1,0.364,0.2054,0.0825
CHE-CH0065,Chennai,2024-04-18,4,Summer,0.0,39.0,93.7,136.9,0,3,0.0705,0.0174,0.0814
PUN-PU0156,Pune,2024-09-23,9,Monsoon,12.25,31.3,69.3,88.9,0,4,0.2354,0.0759,0.0033
KOL-KO0179,Kolkata,2024-05-15,5,Summer,0.0,39.0,194.3,215.3,0,3,0.1854,0.0234,0.2415
HYD-HY0076,Hyderabad,2024-11-03,11,Winter,0.0,15.0,145.3,194.8,0,2,0.0401,0.1158,0.1221
CHE-CH0171,Chennai,2025-06-08,6,Monsoon,22.39,29.6,53.8,90.7,1,3,0.2894,0.2633,0.0
CHE-CH0042,Chennai,2025-08-09,8,Monsoon,41.54,21.3,98.4,123.7,0,1,0.606,0.0699,0.0118
DEL-DE0154,Delhi,2025-01-20,1,Winter,1.13,27.6,470.3,489.6,0,2,0.0,0.0601,0.9378
KOL-KO0141,Kolkata,2025-01-03,1,Winter,0.0,30.5,105.8,123.2,0,2,0.1271,0.0068,0.0147
HYD-HY0091,Hyderabad,2024-06-27,6,Monsoon,6.68,43.7,87.2,113.4,0,3,0.2874,0.0331,0.0266
CHE-CH0101,Chennai,2026-03-30,3,Summer,0.0,28.3,100.7,136.3,0,5,0.0,0.0,0.1041
HYD-HY0118,Hyderabad,2024-08-17,8,Monsoon,7.37,23.8,44.3,68.1,0,1,0.0088,0.0667,0.0
CHE-CH0125,Chennai,2026-01-26,1,Winter,0.0,19.5,117.2,127.2,0,4,0.0,0.0572,0.1405
PUN-PU0184,Pune,2024-10-23,10,Winter,9.58,22.5,86.5,134.7,0,3,0.0963,0.0279,0.0
AHM-AH0181,Ahmedabad,2026-02-19,2,Winter,2.25,28.1,114.5,144.9,0,3,0.2103,0.0719,0.0
AHM-AH0076,Ahmedabad,2024-10-30,10,Winter,0.0,19.8,30.0,40.2,0,3,0.054,0.102,0.0164
PUN-PU0194,Pune,2025-08-03,8,Monsoon,6.89,30.2,83.8,112.4,0,3,0.059,0.0139,0.0024
PUN-PU0117,Pune,2025-04-22,4,Summer,5.32,32.2,116.3,153.8,0,5,0.0524,0.0277,0.1035
AHM-AH0019,Ahmedabad,2024-11-18,11,Winter,2.57,27.3,67.3,112.5,0,3,0.0984,0.0,0.0149
BEN-BE0141,Bengaluru,2025-05-22,5,Summer,13.86,37.4,165.9,179.5,0,2,0.1959,0.1134,0.1834
PUN-PU0049,Pune,2024-04-03,4,Summer,4.07,42.8,101.3,136.2,0,3,0.2278,0.11,0.0
KOL-KO0191,Kolkata,2025-11-12,11,Winter,0.54,15.0,163.4,190.3,0,4,0.0,0.057,0.2735
DEL-DE0193,Delhi,2025-04-30,4,Summer,0.0,41.7,127.5,137.6,0,1,0.1636,0.0225,0.0951
BEN-BE0104,Bengaluru,2025-04-04,4,Summer,6.85,21.3,71.6,116.5,1,3,0.0701,0.1429,0.0592
BEN-BE0171,Bengaluru,2024-08-04,8,Monsoon,57.57,31.9,30.0,61.4,0,3,0.5461,0.0986,0.0525
HYD-HY0142,Hyderabad,2024-12-05,12,Winter,8.67,22.1,101.1,136.2,0,3,0.0,0.0113,0.0717
CHE-CH0011,Chennai,2025-01-30,1,Winter,16.57,15.0,69.2,98.4,0,4,0.2199,0.0878,0.0155
BEN-BE0060,Bengaluru,2026-03-08,3,Summer,8.23,44.9,119.7,167.3,1,1,0.3939,0.1637,0.1507
CHE-CH0009,Chennai,2025-08-28,8,Monsoon,13.67,23.3,104.4,140.8,0,3,0.1026,0.046,0.0228
AHM-AH0179,Ahmedabad,2025-07-29,7,Monsoon,8.11,25.0,62.9,97.0,0,2,0.2341,0.0,0.127
BEN-BE0191,Bengaluru,2024-07-27,7,Monsoon,12.08,25.0,138.1,168.5,0,4,0.0774,0.0535,0.1484
AHM-AH0043,Ahmedabad,2025-10-07,10,Winter,5.1,22.2,161.4,190.7,1,4,0.1509,0.1865,0.2167
BEN-BE0024,Bengaluru,2025-07-14,7,Monsoon,1.95,30.6,140.1,177.5,0,4,0.0,0.0445,0.1251
AHM-AH0013,Ahmedabad,2025-11-16,11,Winter,3.1,27.5,98.5,113.2,0,3,0.1167,0.1337,0.0
AHM-AH0043,Ahmedabad,2025-04-25,4,Summer,4.48,46.4,90.2,102.4,0,2,0.4027,0.0,0.0725
HYD-HY0001,Hyderabad,2024-04-06,4,Summer,13.58,32.6,56.3,94.2,0,1,0.1133,0.0366,0.005
CHE-CH0049,Chennai,2025-04-30,4,Summer,2.83,40.7,77.3,108.4,0,2,0.1244,0.0557,0.0121
KOL-KO0182,Kolkata,2025-09-07,9,Monsoon,17.59,35.6,234.0,266.5,0,5,0.0419,0.0358,0.3657
CHE-CH0114,Chennai,2026-04-01,4,Summer,0.0,36.9,140.0,169.5,0,3,0.0701,0.1284,0.1371
HYD-HY0147,Hyderabad,2025-10-07,10,Winter,0.0,23.6,72.4,83.1,0,3,0.0,0.0518,0.0882
AHM-AH0077,Ahmedabad,2026-01-05,1,Winter,5.57,19.0,73.6,121.3,1,3,0.0834,0.1957,0.0311
BEN-BE0160,Bengaluru,2024-07-21,7,Monsoon,19.75,28.4,164.9,202.9,0,1,0.0565,0.0916,0.1634
BEN-BE0189,Bengaluru,2024-10-03,10,Winter,0.95,15.8,105.8,138.6,0,4,0.0567,0.0133,0.0
DEL-DE0049,Delhi,2024-06-06,6,Monsoon,23.55,40.9,65.6,95.1,0,2,0.3979,0.0376,0.0
HYD-HY0174,Hyderabad,2025-10-31,10,Winter,6.69,26.8,82.8,117.2,1,3,0.171,0.1934,0.1191
PUN-PU0185,Pune,2025-06-08,6,Monsoon,10.07,34.7,77.1,125.1,0,5,0.0,0.0242,0.0366
HYD-HY0112,Hyderabad,2025-01-29,1,Winter,1.28,31.1,57.7,79.9,0,3,0.1755,0.0023,0.078
CHE-CH0177,Chennai,2026-03-10,3,Summer,4.82,39.0,108.0,145.9,0,5,0.2006,0.0518,0.0743
KOL-KO0008,Kolkata,2025-11-21,11,Winter,0.33,19.6,134.7,177.1,0,3,0.1103,0.07,0.1224
CHE-CH0106,Chennai,2025-11-29,11,Winter,2.96,25.0,71.3,113.5,0,3,0.2194,0.0339,0.0643
AHM-AH0183,Ahmedabad,2024-06-23,6,Monsoon,20.59,36.1,72.6,111.2,0,1,0.2254,0.0239,0.0716
DEL-DE0099,Delhi,2025-05-24,5,Summer,0.0,45.0,132.9,157.1,1,3,0.2611,0.2168,0.1687
BEN-BE0194,Bengaluru,2025-01-02,1,Winter,3.52,15.0,119.2,148.8,0,2,0.0,0.0798,0.1317
MUM-MU0086,Mumbai,2025-10-19,10,Winter,8.93,18.1,59.5,74.4,0,5,0.0,0.0,0.0495
BEN-BE0189,Bengaluru,2026-01-30,1,Winter,9.03,30.3,109.2,146.8,0,2,0.1288,0.0679,0.0329
AHM-AH0062,Ahmedabad,2026-01-17,1,Winter,0.0,20.4,145.6,170.5,0,3,0.1455,0.0284,0.1404
MUM-MU0161,Mumbai,2025-10-21,10,Winter,1.95,23.0,51.6,91.7,1,2,0.1983,0.1689,0.0244
CHE-CH0109,Chennai,2025-11-15,11,Winter,1.16,21.4,107.0,152.1,1,3,0.0867,0.1312,0.0
KOL-KO0105,Kolkata,2025-08-30,8,Monsoon,3.05,24.3,166.2,210.7,0,1,0.1671,0.1165,0.1326
PUN-PU0143,Pune,2025-03-11,3,Summer,7.13,38.1,135.3,147.8,0,2,0.0207,0.0676,0.1557
BEN-BE0125,Bengaluru,2025-11-28,11,Winter,0.0,24.9,82.4,126.3,0,3,0.1482,0.0237,0.0392
AHM-AH0130,Ahmedabad,2025-09-20,9,Monsoon,12.95,33.0,74.5,89.8,0,3,0.0219,0.0682,0.0
KOL-KO0181,Kolkata,2024-11-30,11,Winter,0.0,16.1,97.3,143.3,0,5,0.2176,0.1106,0.0387
BEN-BE0038,Bengaluru,2025-04-24,4,Summer,2.72,38.8,91.5,121.3,1,2,0.1377,0.2407,0.0145
BEN-BE0013,Bengaluru,2024-07-17,7,Monsoon,19.11,30.2,129.9,142.0,0,2,0.1355,0.0745,0.1625
HYD-HY0103,Hyderabad,2025-06-19,6,Monsoon,15.91,30.9,121.0,138.2,0,1,0.062,0.0036,0.0254
BEN-BE0155,Bengaluru,2026-01-31,1,Winter,8.02,15.0,115.4,162.1,0,3,0.0597,0.0802,0.0808
HYD-HY0151,Hyderabad,2024-11-20,11,Winter,1.79,19.9,117.1,166.4,0,1,0.1638,0.1532,0.1213
AHM-AH0025,Ahmedabad,2024-06-25,6,Monsoon,16.72,29.3,30.0,52.6,0,4,0.161,0.1245,0.0
BEN-BE0156,Bengaluru,2024-07-06,7,Monsoon,31.89,21.0,84.0,130.8,0,5,0.4662,0.0197,0.0
DEL-DE0081,Delhi,2025-08-01,8,Monsoon,0.0,43.0,94.0,118.7,0,4,0.3109,0.084,0.0
DEL-DE0023,Delhi,2025-09-24,9,Monsoon,14.49,34.3,156.0,194.9,0,2,0.1696,0.0166,0.1662
PUN-PU0060,Pune,2025-06-28,6,Monsoon,1.21,25.1,128.0,174.1,0,3,0.0198,0.0689,0.0763
AHM-AH0117,Ahmedabad,2025-10-01,10,Winter,0.0,25.7,125.1,145.1,0,2,0.1516,0.04,0.1332
PUN-PU0001,Pune,2024-08-03,8,Monsoon,23.23,26.3,39.4,89.3,0,1,0.3596,0.091,0.1127
BEN-BE0090,Bengaluru,2024-10-18,10,Winter,0.0,23.7,77.3,105.0,0,3,0.0805,0.0031,0.0591
BEN-BE0096,Bengaluru,2025-03-29,3,Summer,11.05,30.7,92.6,136.5,0,1,0.1506,0.0149,0.0402
MUM-MU0103,Mumbai,2026-03-05,3,Summer,12.69,32.2,118.3,160.2,0,2,0.1286,0.132,0.077
PUN-PU0171,Pune,2024-11-23,11,Winter,8.18,15.0,58.4,103.6,0,4,0.1222,0.0,0.0572
HYD-HY0087,Hyderabad,2025-10-08,10,Winter,2.1,26.3,140.2,181.3,0,3,0.0201,0.1235,0.1458
BEN-BE0062,Bengaluru,2026-02-05,2,Winter,0.0,15.0,76.8,122.3,0,5,0.2059,0.0166,0.0143
PUN-PU0106,Pune,2025-06-12,6,Monsoon,24.8,30.9,109.4,154.0,0,3,0.3734,0.0359,0.0092
BEN-BE0076,Bengaluru,2025-11-24,11,Winter,3.72,18.6,94.2,125.4,0,5,0.0221,0.005,0.0418
MUM-MU0107,Mumbai,2024-08-12,8,Monsoon,1.73,27.0,108.4,132.7,0,2,0.2245,0.1613,0.0768
DEL-DE0005,Delhi,2025-11-06,11,Winter,0.0,24.4,311.1,358.2,0,3,0.0303,0.0,0.5871
KOL-KO0046,Kolkata,2024-12-27,12,Winter,1.23,17.4,141.8,174.4,0,5,0.2294,0.0473,0.2207
CHE-CH0076,Chennai,2025-12-14,12,Winter,0.0,21.2,69.6,94.9,1,3,0.0498,0.2688,0.0521
AHM-AH0069,Ahmedabad,2025-08-01,8,Monsoon,0.38,33.0,144.3,155.2,0,2,0.114,0.0141,0.1431
KOL-KO0167,Kolkata,2024-05-22,5,Summer,0.0,47.6,166.6,209.5,0,1,0.4643,0.0961,0.2367
DEL-DE0005,Delhi,2025-07-30,7,Monsoon,9.32,38.8,77.2,96.3,0,2,0.1635,0.0486,0.0
PUN-PU0195,Pune,2025-01-21,1,Winter,1.68,25.6,132.9,168.4,0,1,0.1919,0.0947,0.0392
AHM-AH0178,Ahmedabad,2024-12-11,12,Winter,0.0,15.0,43.0,55.8,0,4,0.2328,0.0147,0.0492
DEL-DE0081,Delhi,2025-12-27,12,Winter,10.55,19.9,473.7,491.4,0,5,0.1864,0.077,0.8276
MUM-MU0010,Mumbai,2025-09-23,9,Monsoon,33.07,32.9,150.9,178.5,0,1,0.4259,0.0432,0.1062
HYD-HY0127,Hyderabad,2024-06-20,6,Monsoon,31.98,26.3,130.5,154.8,0,1,0.4047,0.0801,0.1246
DEL-DE0123,Delhi,2025-10-31,10,Winter,1.32,23.4,375.2,390.5,0,2,0.0615,0.0048,0.7283
KOL-KO0033,Kolkata,2024-06-14,6,Monsoon,10.07,28.4,158.0,198.3,0,3,0.0657,0.0,0.1655
PUN-PU0137,Pune,2026-02-09,2,Winter,9.45,21.0,57.5,81.6,1,2,0.1478,0.167,0.0109
KOL-KO0174,Kolkata,2024-06-01,6,Monsoon,24.91,27.1,185.5,231.7,0,2,0.3279,0.0,0.2514
KOL-KO0177,Kolkata,2025-04-15,4,Summer,12.92,34.4,154.6,167.2,0,3,0.1623,0.0317,0.1521
PUN-PU0132,Pune,2024-06-02,6,Monsoon,48.12,24.4,172.4,217.7,0,1,0.4819,0.0821,0.2993
BEN-BE0008,Bengaluru,2024-10-25,10,Winter,5.1,18.7,102.9,143.0,0,3,0.0,0.0256,0.0207
AHM-AH0148,Ahmedabad,2024-08-06,8,Monsoon,3.33,29.9,134.1,176.3,0,1,0.2215,0.0573,0.1318
BEN-BE0188,Bengaluru,2025-11-02,11,Winter,24.23,18.6,181.7,214.6,0,3,0.3613,0.0345,0.2283
CHE-CH0057,Chennai,2025-01-10,1,Winter,6.82,22.5,74.0,94.6,0,1,0.0925,0.0829,0.0641
BEN-BE0184,Bengaluru,2026-01-27,1,Winter,8.33,31.6,128.5,174.1,0,2,0.1463,0.0,0.0892
PUN-PU0122,Pune,2026-02-19,2,Winter,6.35,20.0,116.5,151.6,0,2,0.0406,0.0731,0.0138
MUM-MU0121,Mumbai,2025-09-26,9,Monsoon,0.92,30.9,105.4,125.7,0,1,0.1428,0.0468,0.0171
AHM-AH0174,Ahmedabad,2025-11-21,11,Winter,5.55,23.1,140.5,186.2,2,3,0.0376,0.3615,0.114
MUM-MU0183,Mumbai,2025-02-02,2,Winter,0.34,22.2,78.1,95.2,0,3,0.2771,0.0271,0.0
PUN-PU0135,Pune,2026-01-06,1,Winter,5.31,19.5,153.0,199.4,1,4,0.0,0.169,0.153
HYD-HY0175,Hyderabad,2025-12-20,12,Winter,7.63,24.9,96.4,143.7,0,5,0.0218,0.0618,0.0
BEN-BE0075,Bengaluru,2025-09-19,9,Monsoon,29.65,27.6,75.9,116.6,0,1,0.3669,0.0729,0.0219
HYD-HY0095,Hyderabad,2025-10-29,10,Winter,7.63,27.7,156.3,193.0,0,3,0.0149,0.1206,0.1359
AHM-AH0112,Ahmedabad,2025-07-16,7,Monsoon,12.29,30.2,87.1,129.9,0,1,0.1187,0.0344,0.0
AHM-AH0080,Ahmedabad,2024-04-06,4,Summer,6.82,34.9,143.4,168.4,0,3,0.0106,0.0772,0.1873
MUM-MU0076,Mumbai,2025-09-10,9,Monsoon,29.75,30.0,153.8,189.5,0,3,0.4381,0.1332,0.0603
DEL-DE0158,Delhi,2025-10-08,10,Winter,0.0,27.9,216.9,228.5,0,3,0.2068,0.1363,0.2956
KOL-KO0055,Kolkata,2025-08-27,8,Monsoon,22.19,31.1,236.1,278.7,0,5,0.3367,0.1483,0.4748
DEL-DE0160,Delhi,2025-03-30,3,Summer,6.65,47.9,83.5,112.8,0,1,0.4422,0.0415,0.007
MUM-MU0074,Mumbai,2024-05-22,5,Summer,16.51,42.5,53.7,102.5,0,4,0.2395,0.0,0.0249
KOL-KO0013,Kolkata,2026-01-17,1,Winter,0.59,16.4,174.6,200.0,1,2,0.0316,0.0859,0.1742
HYD-HY0014,Hyderabad,2025-10-04,10,Winter,0.0,30.2,131.1,169.3,0,3,0.1562,0.0,0.155
DEL-DE0181,Delhi,2025-12-08,12,Winter,0.51,15.0,467.8,491.8,0,2,0.1599,0.0931,0.9243
AHM-AH0133,Ahmedabad,2024-04-12,4,Summer,0.0,46.0,116.5,152.1,0,2,0.4121,0.0957,0.1024
BEN-BE0192,Bengaluru,2025-07-06,7,Monsoon,34.12,31.3,88.5,115.6,0,3,0.4499,0.1335,0.0817
MUM-MU0076,Mumbai,2024-04-26,4,Summer,0.0,34.3,121.1,159.6,0,1,0.0393,0.0737,0.0302
MUM-MU0018,Mumbai,2024-09-06,9,Monsoon,70.33,40.9,101.8,136.5,0,2,0.8165,0.0849,0.0295
CHE-CH0011,Chennai,2025-08-01,8,Monsoon,39.89,27.2,108.1,132.3,0,3,0.4696,0.0725,0.0
HYD-HY0163,Hyderabad,2024-10-25,10,Winter,2.2,26.2,99.1,128.6,1,2,0.1354,0.2017,0.0598
PUN-PU0034,Pune,2025-12-01,12,Winter,1.26,15.0,151.8,185.2,0,3,0.0962,0.0145,0.0886
DEL-DE0019,Delhi,2024-08-04,8,Monsoon,0.0,43.8,30.0,68.0,0,4,0.3076,0.0,0.0004
CHE-CH0086,Chennai,2025-04-12,4,Summer,0.0,45.1,122.1,151.8,0,3,0.3154,0.0,0.1159
BEN-BE0182,Bengaluru,2024-10-07,10,Winter,1.33,23.0,77.9,121.7,0,5,0.0291,0.0,0.0535
KOL-KO0130,Kolkata,2025-11-25,11,Winter,14.8,21.4,253.6,272.0,1,1,0.1747,0.1623,0.4016
PUN-PU0113,Pune,2025-12-27,12,Winter,0.0,24.4,114.0,138.7,0,3,0.0996,0.0634,0.0425
HYD-HY0112,Hyderabad,2025-01-01,1,Winter,0.0,18.3,87.0,128.0,0,2,0.1585,0.0912,0.0262
HYD-HY0073,Hyderabad,2025-07-08,7,Monsoon,31.11,23.1,123.8,162.0,0,3,0.3498,0.0593,0.0
HYD-HY0011,Hyderabad,2025-11-11,11,Winter,4.15,22.5,114.8,144.9,0,5,0.1424,0.0445,0.0764
DEL-DE0074,Delhi,2024-05-29,5,Summer,0.0,34.5,116.9,147.1,0,3,0.1217,0.0447,0.0851
HYD-HY0032,Hyderabad,2024-11-29,11,Winter,0.0,15.0,30.0,43.5,0,3,0.1562,0.0417,0.0394
KOL-KO0158,Kolkata,2025-05-22,5,Summer,11.19,43.7,198.8,211.3,0,4,0.203,0.004,0.2419
BEN-BE0158,Bengaluru,2025-02-18,2,Winter,0.0,21.4,113.2,143.5,0,1,0.1622,0.0854,0.1357
DEL-DE0194,Delhi,2024-05-06,5,Summer,12.24,46.9,123.4,171.5,1,1,0.4447,0.3038,0.0
DEL-DE0030,Delhi,2024-09-12,9,Monsoon,12.09,27.6,115.5,146.4,0,2,0.0968,0.087,0.0476
CHE-CH0077,Chennai,2024-04-22,4,Summer,20.47,48.0,64.1,85.0,0,2,0.2423,0.0709,0.0
DEL-DE0132,Delhi,2024-09-20,9,Monsoon,11.61,27.3,89.0,124.0,0,2,0.1095,0.0358,0.0
KOL-KO0139,Kolkata,2026-01-01,1,Winter,0.0,21.1,113.9,154.8,0,4,0.0618,0.0369,0.0341
PUN-PU0127,Pune,2024-09-03,9,Monsoon,33.63,24.1,113.4,128.0,0,2,0.4304,0.0579,0.0035
BEN-BE0126,Bengaluru,2024-09-22,9,Monsoon,26.0,31.2,95.4,138.3,0,2,0.4886,0.0419,0.0154
AHM-AH0071,Ahmedabad,2025-06-05,6,Monsoon,22.36,38.4,77.5,125.5,0,1,0.3496,0.1011,0.0877
DEL-DE0181,Delhi,2024-08-29,8,Monsoon,2.63,34.8,71.2,109.0,0,1,0.2011,0.1258,0.0
MUM-MU0028,Mumbai,2025-04-12,4,Summer,0.0,31.9,139.8,188.4,0,5,0.0225,0.0076,0.1534
AHM-AH0108,Ahmedabad,2024-06-01,6,Monsoon,3.37,30.5,110.6,128.4,0,4,0.1081,0.0678,0.0918
CHE-CH0090,Chennai,2025-05-10,5,Summer,0.0,35.7,63.7,107.5,1,1,0.0,0.273,0.0174
CHE-CH0004,Chennai,2025-06-01,6,Monsoon,13.66,26.6,130.2,179.1,0,4,0.1118,0.0,0.1049
HYD-HY0162,Hyderabad,2026-01-07,1,Winter,0.0,31.4,123.4,170.5,0,4,0.075,0.0669,0.107
PUN-PU0181,Pune,2025-02-12,2,Winter,2.2,19.7,145.1,181.8,0,3,0.056,0.088,0.1869
AHM-AH0150,Ahmedabad,2024-08-13,8,Monsoon,15.08,33.0,86.8,134.3,0,1,0.0825,0.0779,0.0695
DEL-DE0195,Delhi,2024-06-25,6,Monsoon,22.25,29.6,57.8,89.4,0,4,0.255,0.0916,0.0699
DEL-DE0159,Delhi,2024-11-20,11,Winter,2.97,20.3,425.1,461.3,0,3,0.2626,0.1151,0.8871
PUN-PU0051,Pune,2025-12-13,12,Winter,8.96,15.0,101.8,120.3,1,1,0.1874,0.2311,0.017
PUN-PU0108,Pune,2024-06-20,6,Monsoon,24.71,34.9,92.5,131.3,0,1,0.3714,0.0104,0.0593
KOL-KO0030,Kolkata,2025-10-21,10,Winter,4.54,23.3,159.7,170.2,1,2,0.0255,0.1616,0.1986
KOL-KO0075,Kolkata,2024-11-07,11,Winter,0.0,23.3,186.9,225.4,0,1,0.0869,0.0497,0.3001
HYD-HY0055,Hyderabad,2025-01-19,1,Winter,4.02,21.3,81.7,93.2,0,3,0.1021,0.1004,0.0
CHE-CH0071,Chennai,2025-11-27,11,Winter,3.31,23.4,112.2,144.0,0,5,0.1605,0.0578,0.0426
MUM-MU0177,Mumbai,2025-05-09,5,Summer,3.74,46.6,134.8,155.7,0,2,0.4209,0.0,0.1188
KOL-KO0020,Kolkata,2025-01-26,1,Winter,3.08,23.7,152.2,176.0,0,2,0.0295,0.0269,0.1937
PUN-PU0170,Pune,2026-01-19,1,Winter,10.02,21.7,119.8,155.0,1,3,0.1681,0.1931,0.0
MUM-MU0195,Mumbai,2025-04-17,4,Summer,0.0,32.9,160.9,191.5,0,2,0.1409,0.0556,0.2114
DEL-DE0178,Delhi,2024-05-24,5,Summer,2.58,39.7,99.3,145.3,1,3,0.2356,0.2458,0.0131
DEL-DE0087,Delhi,2025-12-03,12,Winter,2.54,29.0,350.7,386.6,1,3,0.0565,0.2511,0.6225
KOL-KO0177,Kolkata,2024-06-20,6,Monsoon,18.92,29.1,135.1,167.4,0,1,0.0969,0.023,0.1532
CHE-CH0062,Chennai,2024-09-22,9,Monsoon,25.87,21.1,89.9,112.8,0,2,0.465,0.0648,0.0681
BEN-BE0108,Bengaluru,2026-01-09,1,Winter,0.0,18.2,100.6,142.5,0,4,0.1781,0.0435,0.0227
MUM-MU0013,Mumbai,2025-05-11,5,Summer,6.11,34.0,157.0,199.3,0,1,0.1987,0.0556,0.1043
BEN-BE0134,Bengaluru,2024-11-14,11,Winter,6.44,15.0,60.4,97.9,0,1,0.0586,0.0,0.0262
CHE-CH0185,Chennai,2024-05-30,5,Summer,0.0,38.6,90.4,111.9,0,3,0.05,0.0929,0.0
BEN-BE0082,Bengaluru,2026-01-22,1,Winter,0.0,21.0,92.2,112.9,0,3,0.2071,0.0791,0.0
KOL-KO0114,Kolkata,2024-04-07,4,Summer,0.0,44.5,187.4,234.3,0,2,0.2705,0.0604,0.1974
AHM-AH0143,Ahmedabad,2025-11-27,11,Winter,5.47,22.8,86.7,119.8,0,2,0.0,0.0315,0.085
BEN-BE0146,Bengaluru,2026-03-26,3,Summer,0.0,33.6,105.8,132.8,0,4,0.0194,0.0156,0.0617
CHE-CH0075,Chennai,2025-06-06,6,Monsoon,3.3,33.6,118.8,143.8,0,2,0.287,0.0445,0.0623
CHE-CH0018,Chennai,2024-12-07,12,Winter,0.0,16.8,89.3,130.8,0,4,0.2378,0.0088,0.0829
HYD-HY0192,Hyderabad,2026-02-28,2,Winter,12.08,20.7,77.8,123.4,0,5,0.0,0.0147,0.08
AHM-AH0080,Ahmedabad,2025-02-08,2,Winter,4.38,28.8,105.4,143.8,0,2,0.1289,0.038,0.1037
HYD-HY0173,Hyderabad,2025-03-27,3,Summer,0.0,39.8,96.2,122.0,0,4,0.0489,0.0929,0.0
MUM-MU0023,Mumbai,2024-06-04,6,Monsoon,30.61,36.9,190.0,210.9,0,1,0.3751,0.0072,0.2825
BEN-BE0135,Bengaluru,2025-04-05,4,Summer,7.42,29.8,102.1,144.8,0,1,0.2129,0.0739,0.0
PUN-PU0138,Pune,2024-08-18,8,Monsoon,22.51,30.0,82.9,102.8,0,3,0.3125,0.0389,0.0453
CHE-CH0136,Chennai,2025-09-19,9,Monsoon,59.88,33.2,108.0,121.2,0,2,0.6809,0.0588,0.0556
AHM-AH0018,Ahmedabad,2025-09-22,9,Monsoon,17.79,27.7,118.5,133.5,0,2,0.0985,0.0917,0.0968
BEN-BE0083,Bengaluru,2024-04-24,4,Summer,3.61,29.7,76.5,103.8,0,4,0.0,0.0805,0.083
MUM-MU0127,Mumbai,2024-08-02,8,Monsoon,49.33,20.9,134.8,173.6,0,3,0.5238,0.0455,0.1219
PUN-PU0167,Pune,2025-03-04,3,Summer,10.54,42.0,86.9,98.8,0,2,0.1009,0.0721,0.0214
DEL-DE0042,Delhi,2025-11-05,11,Winter,0.0,26.1,468.5,488.4,0,4,0.1536,0.0756,0.9527
KOL-KO0153,Kolkata,2024-04-24,4,Summer,6.42,35.8,132.5,143.0,0,1,0.0336,0.0198,0.0758
CHE-CH0028,Chennai,2024-06-19,6,Monsoon,31.42,24.1,133.2,150.5,0,1,0.3593,0.0713,0.0444
DEL-DE0127,Delhi,2024-11-12,11,Winter,2.68,22.2,399.4,420.6,0,2,0.1253,0.0925,0.7795
KOL-KO0030,Kolkata,2025-09-17,9,Monsoon,6.87,26.1,149.6,173.8,0,2,0.1044,0.0355,0.0813
AHM-AH0005,Ahmedabad,2025-12-06,12,Winter,0.0,22.4,99.0,120.8,0,2,0.0,0.0005,0.0973
HYD-HY0029,Hyderabad,2024-05-15,5,Summer,7.74,45.2,99.5,135.7,0,3,0.4443,0.0774,0.0
AHM-AH0040,Ahmedabad,2025-06-16,6,Monsoon,0.0,35.2,87.0,98.9,0,4,0.0682,0.0012,0.0206
AHM-AH0176,Ahmedabad,2025-01-11,1,Winter,12.71,23.8,85.4,123.0,0,2,0.1233,0.014,0.0821
CHE-CH0036,Chennai,2025-05-20,5,Summer,3.26,43.4,102.4,126.3,0,1,0.4219,0.1459,0.0503
AHM-AH0013,Ahmedabad,2025-06-26,6,Monsoon,47.27,32.6,118.1,149.6,0,2,0.5211,0.0,0.0823
DEL-DE0040,Delhi,2024-11-13,11,Winter,6.89,27.3,277.7,308.7,0,4,0.0427,0.0042,0.4052
PUN-PU0108,Pune,2025-04-28,4,Summer,8.91,34.1,137.3,180.1,0,4,0.0893,0.0843,0.1365
CHE-CH0004,Chennai,2025-09-19,9,Monsoon,30.18,25.3,62.8,84.7,0,4,0.3997,0.0854,0.0654
CHE-CH0152,Chennai,2024-05-31,5,Summer,0.0,43.1,118.2,136.7,0,3,0.2492,0.0478,0.0663
PUN-PU0058,Pune,2025-03-14,3,Summer,13.04,34.9,58.6,75.8,0,5,0.1602,0.0,0.0799
BEN-BE0052,Bengaluru,2024-09-02,9,Monsoon,16.36,26.5,40.1,53.9,1,2,0.1251,0.2386,0.0577
BEN-BE0048,Bengaluru,2024-11-08,11,Winter,0.0,17.3,102.3,125.6,0,1,0.1658,0.1012,0.0
DEL-DE0073,Delhi,2025-07-18,7,Monsoon,15.53,31.2,111.7,129.9,0,5,0.1106,0.0279,0.0231
KOL-KO0179,Kolkata,2025-08-07,8,Monsoon,8.18,28.3,90.3,122.2,0,2,0.0939,0.0238,0.0521
DEL-DE0113,Delhi,2025-06-14,6,Monsoon,4.34,35.4,126.3,157.3,0,3,0.0,0.0487,0.1003
KOL-KO0131,Kolkata,2025-09-10,9,Monsoon,65.0,30.7,147.8,175.4,0,1,0.8473,0.0378,0.079
AHM-AH0131,Ahmedabad,2024-06-07,6,Monsoon,2.16,34.1,78.6,89.8,0,2,0.1777,0.0,0.0
PUN-PU0040,Pune,2025-11-28,11,Winter,7.72,23.8,114.3,129.4,1,3,0.1615,0.1732,0.0708
CHE-CH0165,Chennai,2024-08-22,8,Monsoon,43.04,30.0,115.6,154.9,0,1,0.6309,0.0118,0.0577
KOL-KO0051,Kolkata,2025-10-30,10,Winter,4.07,21.8,138.6,173.2,0,4,0.0,0.0374,0.1233
AHM-AH0037,Ahmedabad,2025-07-15,7,Monsoon,3.06,28.8,65.1,88.2,0,5,0.1805,0.0166,0.0353
HYD-HY0124,Hyderabad,2024-06-06,6,Monsoon,32.43,23.8,139.3,152.1,0,1,0.3845,0.0259,0.1101
KOL-KO0164,Kolkata,2025-04-20,4,Summer,9.05,33.7,140.5,174.0,0,4,0.105,0.0317,0.1041
AHM-AH0151,Ahmedabad,2025-10-13,10,Winter,11.47,19.2,109.7,146.8,1,5,0.026,0.1533,0.1041
HYD-HY0100,Hyderabad,2025-11-25,11,Winter,0.0,19.6,44.2,67.8,0,4,0.0,0.0245,0.0
PUN-PU0160,Pune,2024-12-14,12,Winter,0.0,22.8,116.5,158.2,0,1,0.1666,0.107,0.1347
BEN-BE0047,Bengaluru,2024-06-25,6,Monsoon,14.53,25.8,30.0,63.6,0,2,0.1376,0.0066,0.0555
AHM-AH0160,Ahmedabad,2024-04-08,4,Summer,9.96,33.2,119.9,138.7,0,1,0.0915,0.0552,0.0872
BEN-BE0106,Bengaluru,2025-05-17,5,Summer,8.45,43.1,73.2,112.0,1,2,0.3575,0.2706,0.0336
PUN-PU0193,Pune,2024-05-30,5,Summer,0.0,27.1,78.9,107.5,0,1,0.2043,0.0956,0.0655
AHM-AH0145,Ahmedabad,2026-03-12,3,Summer,3.07,46.9,135.7,161.3,0,3,0.421,0.0527,0.0756
PUN-PU0020,Pune,2024-12-10,12,Winter,0.18,22.7,124.5,148.7,0,3,0.1221,0.0205,0.0833
MUM-MU0167,Mumbai,2026-01-01,1,Winter,0.0,21.5,38.9,79.3,0,2,0.1755,0.0,0.0122
HYD-HY0076,Hyderabad,2025-10-03,10,Winter,0.0,27.5,129.9,176.5,0,4,0.0568,0.1178,0.114
KOL-KO0114,Kolkata,2025-07-09,7,Monsoon,16.26,28.1,130.6,155.6,0,3,0.037,0.0153,0.083
HYD-HY0081,Hyderabad,2024-09-25,9,Monsoon,6.0,19.3,167.9,181.5,0,2,0.0,0.0665,0.2381
AHM-AH0041,Ahmedabad,2024-08-09,8,Monsoon,5.6,38.3,170.3,213.2,0,3,0.0678,0.0494,0.1813
CHE-CH0140,Chennai,2025-06-11,6,Monsoon,23.95,26.6,49.1,81.3,0,3,0.2717,0.0026,0.0
MUM-MU0159,Mumbai,2025-10-05,10,Winter,4.64,22.1,94.1,128.1,0,5,0.1383,0.0606,0.0251
HYD-HY0155,Hyderabad,2024-04-25,4,Summer,11.51,30.5,95.6,127.6,0,2,0.1031,0.0757,0.0
DEL-DE0029,Delhi,2025-02-23,2,Winter,0.0,34.4,500.0,518.0,0,1,0.1041,0.0566,0.9008
MUM-MU0126,Mumbai,2024-06-11,6,Monsoon,15.29,29.4,30.0,68.1,0,1,0.0583,0.1079,0.0
HYD-HY0121,Hyderabad,2026-04-01,4,Summer,9.19,34.4,161.9,198.6,0,3,0.1993,0.0806,0.1186
HYD-HY0035,Hyderabad,2024-04-26,4,Summer,2.38,48.0,113.7,131.1,0,1,0.5472,0.0536,0.0353
BEN-BE0014,Bengaluru,2024-10-12,10,Winter,1.34,20.2,53.9,80.3,0,1,0.0,0.1368,0.0547
HYD-HY0172,Hyderabad,2024-07-07,7,Monsoon,5.37,28.6,126.9,158.1,0,2,0.1541,0.0621,0.0981
HYD-HY0099,Hyderabad,2024-06-21,6,Monsoon,16.87,30.0,142.8,183.9,0,1,0.1394,0.0591,0.1903
DEL-DE0106,Delhi,2025-07-18,7,Monsoon,28.55,38.0,101.3,115.1,0,3,0.387,0.0138,0.071
DEL-DE0136,Delhi,2025-04-11,4,Summer,7.11,37.7,102.9,147.4,0,1,0.1566,0.0056,0.0339
CHE-CH0071,Chennai,2025-08-13,8,Monsoon,8.11,28.9,161.7,201.9,0,5,0.1576,0.1049,0.1404
HYD-HY0065,Hyderabad,2025-09-30,9,Monsoon,8.09,21.9,47.9,66.8,0,4,0.2272,0.0647,0.0
KOL-KO0104,Kolkata,2025-01-17,1,Winter,0.0,18.3,169.6,187.5,0,2,0.1426,0.1209,0.2249
DEL-DE0038,Delhi,2024-10-28,10,Winter,0.0,28.4,324.8,357.6,0,3,0.2422,0.0912,0.6367
PUN-PU0193,Pune,2026-01-26,1,Winter,13.26,22.3,103.2,145.5,0,3,0.2001,0.1239,0.0
BEN-BE0020,Bengaluru,2025-07-10,7,Monsoon,24.0,27.1,96.5,130.2,0,4,0.2971,0.0471,0.0
AHM-AH0068,Ahmedabad,2025-11-12,11,Winter,0.0,22.5,79.1,124.6,0,2,0.068,0.146,0.05
HYD-HY0194,Hyderabad,2024-07-21,7,Monsoon,10.89,23.1,36.7,65.1,0,3,0.1804,0.0421,0.0
HYD-HY0001,Hyderabad,2024-08-28,8,Monsoon,26.6,33.2,92.1,106.1,0,1,0.2889,0.0411,0.0894
MUM-MU0186,Mumbai,2025-03-15,3,Summer,16.59,24.5,99.4,121.5,1,2,0.1058,0.1836,0.0407
HYD-HY0045,Hyderabad,2024-06-27,6,Monsoon,18.66,26.5,117.3,140.9,0,1,0.0386,0.0558,0.0169
KOL-KO0112,Kolkata,2024-11-02,11,Winter,0.0,23.9,144.4,165.8,0,4,0.1398,0.1069,0.0963
MUM-MU0113,Mumbai,2025-01-24,1,Winter,0.0,29.6,102.2,118.9,1,1,0.1485,0.1949,0.0
KOL-KO0128,Kolkata,2025-04-26,4,Summer,1.34,47.0,154.5,200.6,0,4,0.4146,0.0,0.1561
DEL-DE0070,Delhi,2025-11-26,11,Winter,8.0,26.0,379.3,394.3,0,3,0.0707,0.0183,0.6467
HYD-HY0051,Hyderabad,2025-09-25,9,Monsoon,28.2,28.1,69.6,90.5,0,5,0.3097,0.0908,0.0
KOL-KO0050,Kolkata,2024-12-18,12,Winter,0.62,26.8,215.7,251.0,0,5,0.0783,0.0007,0.3233
KOL-KO0135,Kolkata,2025-09-08,9,Monsoon,37.4,34.9,40.4,78.4,0,3,0.4751,0.0097,0.1031
HYD-HY0154,Hyderabad,2025-03-20,3,Summer,0.0,24.1,104.9,133.3,0,3,0.2766,0.098,0.0957
MUM-MU0118,Mumbai,2025-04-18,4,Summer,0.0,41.0,212.9,235.0,1,3,0.2561,0.1601,0.2881
HYD-HY0144,Hyderabad,2024-05-15,5,Summer,0.66,38.0,70.7,89.4,0,5,0.0625,0.0743,0.092
PUN-PU0177,Pune,2024-05-09,5,Summer,0.0,32.2,104.6,151.2,1,3,0.0164,0.1021,0.0582
CHE-CH0031,Chennai,2026-02-18,2,Winter,0.0,23.5,122.4,169.1,1,1,0.1144,0.2346,0.1263
AHM-AH0081,Ahmedabad,2024-11-26,11,Winter,1.23,34.2,80.4,115.6,0,4,0.1056,0.036,0.0126
MUM-MU0044,Mumbai,2025-11-05,11,Winter,0.0,22.1,145.9,189.7,0,3,0.1134,0.0,0.1106
KOL-KO0010,Kolkata,2025-03-17,3,Summer,7.32,35.8,221.3,233.3,0,5,0.0,0.0,0.3151
BEN-BE0121,Bengaluru,2026-01-10,1,Winter,9.28,24.0,69.2,116.6,0,2,0.0577,0.0,0.0
MUM-MU0006,Mumbai,2026-02-21,2,Winter,0.0,15.0,189.5,227.3,0,3,0.1877,0.044,0.1937
AHM-AH0127,Ahmedabad,2024-06-15,6,Monsoon,11.79,40.6,125.6,174.6,0,3,0.1129,0.0,0.1497
BEN-BE0046,Bengaluru,2025-05-06,5,Summer,7.77,35.7,74.5,109.2,1,2,0.099,0.1591,0.0183
HYD-HY0184,Hyderabad,2026-01-08,1,Winter,0.0,32.9,119.7,144.9,0,1,0.1993,0.0167,0.0244
MUM-MU0149,Mumbai,2025-06-27,6,Monsoon,0.0,28.7,98.8,112.0,0,5,0.1571,0.1318,0.095
MUM-MU0092,Mumbai,2025-01-08,1,Winter,0.53,18.5,170.5,198.4,0,1,0.0772,0.0863,0.2053
KOL-KO0067,Kolkata,2025-04-14,4,Summer,2.35,32.5,188.4,211.9,2,1,0.0603,0.2723,0.3492
CHE-CH0105,Chennai,2024-11-18,11,Winter,9.65,15.3,69.5,106.6,0,4,0.1845,0.0,0.0427
AHM-AH0034,Ahmedabad,2024-04-06,4,Summer,5.8,41.5,91.9,119.6,0,3,0.1126,0.008,0.0204
MUM-MU0130,Mumbai,2025-06-01,6,Monsoon,41.09,37.7,133.0,179.6,0,1,0.5233,0.0626,0.1431
HYD-HY0108,Hyderabad,2025-04-30,4,Summer,7.18,41.9,107.3,140.1,0,2,0.1937,0.0972,0.0899
MUM-MU0123,Mumbai,2025-05-12,5,Summer,0.0,45.3,149.7,167.7,0,2,0.305,0.0399,0.1325
MUM-MU0141,Mumbai,2026-03-25,3,Summer,1.18,43.5,142.6,154.0,0,5,0.2756,0.0551,0.0864
KOL-KO0166,Kolkata,2024-06-12,6,Monsoon,32.17,33.0,199.3,227.3,0,3,0.409,0.0542,0.266
MUM-MU0064,Mumbai,2024-05-09,5,Summer,0.0,44.4,110.6,130.9,0,4,0.2964,0.0,0.0004
BEN-BE0187,Bengaluru,2024-08-30,8,Monsoon,5.83,37.2,112.5,153.8,0,4,0.1266,0.104,0.0767
KOL-KO0037,Kolkata,2026-02-05,2,Winter,0.0,17.2,206.7,228.3,0,3,0.1326,0.0386,0.2521
DEL-DE0168,Delhi,2024-05-13,5,Summer,6.78,38.9,171.0,193.4,0,1,0.1006,0.0668,0.2111
AHM-AH0174,Ahmedabad,2024-09-09,9,Monsoon,15.36,31.9,150.7,197.7,0,4,0.0,0.0,0.234
DEL-DE0077,Delhi,2025-09-15,9,Monsoon,5.13,30.2,98.8,131.6,0,4,0.0373,0.0622,0.0112
AHM-AH0168,Ahmedabad,2025-05-26,5,Summer,13.72,39.3,77.6,116.9,0,3,0.1503,0.0368,0.0009
PUN-PU0113,Pune,2024-09-13,9,Monsoon,18.07,29.4,77.2,126.5,0,4,0.2388,0.1272,0.0477
AHM-AH0093,Ahmedabad,2025-02-26,2,Winter,0.0,26.4,110.4,157.5,0,5,0.0423,0.0304,0.0
PUN-PU0122,Pune,2024-12-15,12,Winter,14.4,23.8,103.1,125.6,0,2,0.0368,0.0296,0.0476
KOL-KO0060,Kolkata,2025-05-02,5,Summer,1.66,38.0,203.4,226.9,0,2,0.1575,0.0857,0.3424
CHE-CH0166,Chennai,2025-11-19,11,Winter,0.85,17.6,162.9,193.3,0,4,0.1016,0.0606,0.1958
CHE-CH0183,Chennai,2024-06-23,6,Monsoon,23.54,34.1,121.1,144.9,0,1,0.4021,0.0998,0.1402
KOL-KO0118,Kolkata,2024-06-11,6,Monsoon,11.94,38.3,173.5,197.7,0,5,0.0821,0.0654,0.1383
CHE-CH0173,Chennai,2026-02-06,2,Winter,13.78,26.8,112.3,160.8,0,4,0.1411,0.063,0.0917
CHE-CH0169,Chennai,2024-06-02,6,Monsoon,7.68,35.8,170.1,218.6,0,3,0.0434,0.0336,0.1299
MUM-MU0164,Mumbai,2025-12-03,12,Winter,9.66,30.0,150.0,171.4,0,1,0.0576,0.0512,0.1262
PUN-PU0198,Pune,2024-10-30,10,Winter,0.15,24.9,63.0,109.0,0,1,0.2071,0.0845,0.0223
PUN-PU0155,Pune,2025-11-16,11,Winter,1.75,15.2,157.8,186.8,0,2,0.1034,0.0384,0.1387
HYD-HY0104,Hyderabad,2025-01-16,1,Winter,0.0,18.3,113.7,124.2,0,3,0.0517,0.0,0.0462
DEL-DE0072,Delhi,2024-04-20,4,Summer,0.0,32.9,30.0,71.2,0,1,0.1464,0.067,0.0755
PUN-PU0138,Pune,2024-09-11,9,Monsoon,11.25,29.7,130.0,177.1,0,3,0.0077,0.0519,0.1418
CHE-CH0112,Chennai,2026-01-03,1,Winter,2.04,22.0,113.1,144.0,0,2,0.1236,0.0602,0.0539
DEL-DE0042,Delhi,2025-02-04,2,Winter,11.66,28.7,480.2,506.0,1,2,0.1382,0.1622,0.9168
DEL-DE0165,Delhi,2025-09-25,9,Monsoon,41.24,40.6,127.1,168.6,0,3,0.4992,0.0717,0.0127
HYD-HY0100,Hyderabad,2025-04-08,4,Summer,0.0,36.3,95.1,127.4,0,2,0.0,0.1012,0.0487
KOL-KO0004,Kolkata,2025-04-27,4,Summer,0.0,34.1,136.6,175.0,0,5,0.1122,0.0,0.1267
HYD-HY0083,Hyderabad,2024-12-01,12,Winter,0.0,24.7,68.9,96.2,0,1,0.0,0.0163,0.0
DEL-DE0060,Delhi,2024-11-27,11,Winter,2.24,23.1,421.3,452.3,1,5,0.0595,0.1593,0.7931
AHM-AH0090,Ahmedabad,2025-03-02,3,Summer,5.94,37.1,42.2,60.0,1,4,0.2526,0.1637,0.0948
BEN-BE0056,Bengaluru,2024-04-21,4,Summer,0.0,46.0,67.2,98.3,1,4,0.4671,0.1926,0.065
MUM-MU0007,Mumbai,2024-08-03,8,Monsoon,30.07,30.8,144.8,173.3,0,2,0.3225,0.131,0.0437
AHM-AH0148,Ahmedabad,2025-05-24,5,Summer,13.51,47.0,130.6,156.1,1,2,0.5383,0.1484,0.0707
MUM-MU0046,Mumbai,2025-05-22,5,Summer,0.0,41.6,59.5,89.4,1,4,0.1359,0.1546,0.0
CHE-CH0011,Chennai,2024-07-07,7,Monsoon,24.05,37.3,120.8,137.4,0,3,0.2928,0.1576,0.0147
KOL-KO0148,Kolkata,2024-12-09,12,Winter,0.0,16.5,89.8,139.1,0,1,0.1937,0.0658,0.0
PUN-PU0179,Pune,2024-05-29,5,Summer,0.0,39.7,103.9,143.4,0,4,0.08,0.0544,0.0399
AHM-AH0072,Ahmedabad,2025-10-08,10,Winter,3.46,21.7,124.5,144.9,1,3,0.2343,0.2423,0.019
HYD-HY0115,Hyderabad,2026-04-01,4,Summer,12.54,31.3,95.0,140.5,0,5,0.0,0.0,0.0244
KOL-KO0068,Kolkata,2024-06-22,6,Monsoon,27.05,28.6,111.9,141.0,0,1,0.3962,0.1084,0.1024
HYD-HY0089,Hyderabad,2025-04-29,4,Summer,6.08,30.2,143.6,162.9,0,1,0.1089,0.0934,0.1516
CHE-CH0176,Chennai,2024-08-23,8,Monsoon,0.72,20.0,129.9,145.1,0,4,0.0,0.0,0.0767
BEN-BE0070,Bengaluru,2026-03-23,3,Summer,1.71,22.4,71.5,116.8,0,5,0.119,0.0629,0.0184
BEN-BE0106,Bengaluru,2025-10-08,10,Winter,1.55,16.8,105.8,141.7,0,4,0.0377,0.0184,0.0408
KOL-KO0143,Kolkata,2025-04-15,4,Summer,3.54,48.0,204.0,244.0,0,1,0.4624,0.0154,0.299
CHE-CH0108,Chennai,2025-10-05,10,Winter,6.24,26.0,115.2,148.6,0,1,0.1695,0.0982,0.0255
DEL-DE0117,Delhi,2025-02-23,2,Winter,0.0,20.5,359.1,380.2,1,3,0.0603,0.1101,0.6353
BEN-BE0164,Bengaluru,2025-07-23,7,Monsoon,23.12,24.6,153.6,196.5,0,1,0.3549,0.0913,0.1704
DEL-DE0186,Delhi,2025-05-11,5,Summer,5.97,45.4,92.6,131.2,0,2,0.2449,0.0,0.043
AHM-AH0084,Ahmedabad,2026-03-29,3,Summer,6.95,37.1,69.3,89.5,1,3,0.1175,0.1404,0.0308
AHM-AH0167,Ahmedabad,2024-10-08,10,Winter,2.43,19.2,40.0,59.6,0,2,0.0246,0.0,0.0058
DEL-DE0031,Delhi,2025-06-26,6,Monsoon,16.73,33.3,91.9,104.2,0,4,0.0656,0.0516,0.0
MUM-MU0065,Mumbai,2025-04-06,4,Summer,3.15,40.5,30.0,59.9,0,2,0.1563,0.0057,0.0289
PUN-PU0152,Pune,2025-02-17,2,Winter,1.53,28.0,105.4,130.7,1,4,0.0,0.176,0.0216
KOL-KO0058,Kolkata,2026-02-14,2,Winter,6.13,24.2,211.6,258.6,0,3,0.2342,0.0368,0.3518
PUN-PU0059,Pune,2025-10-26,10,Winter,2.72,26.6,132.7,148.3,1,2,0.1346,0.2124,0.1061
AHM-AH0168,Ahmedabad,2024-08-20,8,Monsoon,23.97,27.6,77.1,123.5,0,4,0.4627,0.0656,0.0453
MUM-MU0032,Mumbai,2025-08-28,8,Monsoon,27.27,20.2,30.0,48.4,0,3,0.3463,0.0734,0.0586
BEN-BE0092,Bengaluru,2024-04-29,4,Summer,0.0,38.4,83.3,108.8,0,1,0.1158,0.0978,0.0071
BEN-BE0022,Bengaluru,2024-06-05,6,Monsoon,18.84,39.0,111.7,150.1,0,2,0.1242,0.0833,0.0273
MUM-MU0137,Mumbai,2026-01-10,1,Winter,0.0,24.2,174.2,193.4,0,4,0.0143,0.0586,0.1374
DEL-DE0006,Delhi,2025-09-20,9,Monsoon,9.18,39.0,105.3,141.5,0,2,0.0948,0.0703,0.064
PUN-PU0016,Pune,2025-05-02,5,Summer,9.36,34.1,176.1,192.4,0,4,0.0311,0.1278,0.1717
MUM-MU0068,Mumbai,2025-08-10,8,Monsoon,45.6,32.5,104.7,134.2,0,1,0.6312,0.0,0.0188
KOL-KO0114,Kolkata,2024-12-12,12,Winter,0.0,25.2,134.4,171.9,0,5,0.0299,0.0473,0.1163
PUN-PU0024,Pune,2025-11-10,11,Winter,0.0,22.8,135.1,159.5,0,3,0.2225,0.0268,0.0524
PUN-PU0176,Pune,2024-09-26,9,Monsoon,22.9,40.3,140.9,171.5,0,4,0.385,0.0373,0.1378
AHM-AH0040,Ahmedabad,2025-06-27,6,Monsoon,58.88,29.4,39.1,84.1,0,3,0.7243,0.0742,0.0902
MUM-MU0099,Mumbai,2025-07-07,7,Monsoon,23.7,24.9,63.6,108.2,0,5,0.4143,0.0027,0.0308
BEN-BE0101,Bengaluru,2025-12-13,12,Winter,2.35,19.9,51.0,72.6,0,5,0.0,0.0126,0.0664
AHM-AH0116,Ahmedabad,2024-10-30,10,Winter,0.0,19.4,145.6,156.1,0,4,0.1395,0.0312,0.1413
MUM-MU0090,Mumbai,2026-03-31,3,Summer,5.27,41.3,137.3,162.0,0,5,0.1626,0.1227,0.1138
KOL-KO0023,Kolkata,2024-08-22,8,Monsoon,28.73,29.2,58.3,82.1,0,2,0.4391,0.0605,0.0
KOL-KO0098,Kolkata,2025-02-22,2,Winter,0.0,23.0,154.9,173.3,0,2,0.1541,0.0151,0.1643
BEN-BE0079,Bengaluru,2026-01-12,1,Winter,0.0,18.1,52.3,79.4,1,5,0.2063,0.1347,0.0
HYD-HY0105,Hyderabad,2024-10-26,10,Winter,0.0,32.9,139.2,164.9,0,1,0.155,0.1352,0.1513
BEN-BE0044,Bengaluru,2025-06-16,6,Monsoon,24.64,30.6,108.7,123.1,0,4,0.3812,0.0,0.1815
AHM-AH0144,Ahmedabad,2025-06-07,6,Monsoon,2.44,35.5,140.2,169.1,0,1,0.1361,0.0354,0.1232
AHM-AH0189,Ahmedabad,2024-12-22,12,Winter,2.33,20.8,110.7,135.3,0,5,0.0385,0.0,0.054
MUM-MU0115,Mumbai,2024-06-07,6,Monsoon,14.5,30.5,106.5,152.8,0,4,0.0526,0.0513,0.0491
DEL-DE0086,Delhi,2024-07-30,7,Monsoon,8.14,30.7,151.0,164.3,0,3,0.1094,0.1114,0.189
HYD-HY0031,Hyderabad,2025-04-19,4,Summer,12.01,37.6,51.7,79.6,0,2,0.2196,0.0,0.0106
BEN-BE0192,Bengaluru,2025-10-01,10,Winter,9.37,18.8,76.1,109.4,0,3,0.0214,0.0,0.0409
BEN-BE0079,Bengaluru,2025-02-02,2,Winter,2.17,25.3,98.9,117.7,1,2,0.0597,0.3064,0.1431
AHM-AH0098,Ahmedabad,2025-03-08,3,Summer,3.33,30.8,98.2,124.2,0,4,0.109,0.0871,0.0278
HYD-HY0179,Hyderabad,2024-08-26,8,Monsoon,5.45,26.5,83.7,117.5,0,3,0.1717,0.0325,0.0261
CHE-CH0053,Chennai,2024-09-10,9,Monsoon,48.61,26.7,73.2,89.1,0,4,0.5724,0.088,0.0741
HYD-HY0182,Hyderabad,2025-08-16,8,Monsoon,18.59,25.3,96.8,119.9,0,2,0.134,0.1239,0.0105
PUN-PU0024,Pune,2025-02-01,2,Winter,0.0,15.0,129.6,150.1,0,3,0.0866,0.1386,0.1027
AHM-AH0182,Ahmedabad,2024-08-27,8,Monsoon,11.91,28.5,115.7,148.1,0,4,0.0,0.0566,0.0
PUN-PU0177,Pune,2025-10-05,10,Winter,0.0,25.6,152.6,183.6,0,3,0.1954,0.0213,0.1587
CHE-CH0056,Chennai,2024-12-11,12,Winter,0.0,31.4,140.9,176.7,1,1,0.1179,0.1765,0.1645
BEN-BE0085,Bengaluru,2026-01-02,1,Winter,0.0,21.5,148.5,170.7,1,3,0.1604,0.1431,0.1009
CHE-CH0018,Chennai,2025-11-24,11,Winter,0.12,23.9,74.4,123.6,0,1,0.2159,0.0348,0.0305
DEL-DE0093,Delhi,2024-06-01,6,Monsoon,5.69,33.2,101.9,147.2,0,3,0.1986,0.0435,0.0189
PUN-PU0152,Pune,2024-09-22,9,Monsoon,17.95,35.1,31.2,43.7,0,4,0.1178,0.0,0.0028
HYD-HY0067,Hyderabad,2026-01-12,1,Winter,7.58,29.0,97.1,132.7,0,3,0.0395,0.0213,0.0093
BEN-BE0052,Bengaluru,2025-08-21,8,Monsoon,25.74,26.1,108.4,123.9,0,2,0.3078,0.0323,0.0303
KOL-KO0046,Kolkata,2026-03-31,3,Summer,8.53,34.7,102.3,137.0,1,3,0.2392,0.2033,0.0558
CHE-CH0015,Chennai,2024-08-20,8,Monsoon,1.99,23.8,159.8,198.3,0,5,0.1192,0.093,0.167
BEN-BE0163,Bengaluru,2024-09-01,9,Monsoon,5.77,25.1,105.0,144.1,0,2,0.0313,0.0391,0.1058
MUM-MU0124,Mumbai,2025-04-29,4,Summer,0.0,43.9,229.0,243.6,0,4,0.3042,0.0225,0.3671
HYD-HY0140,Hyderabad,2026-01-20,1,Winter,1.97,17.7,139.3,173.3,0,2,0.0802,0.0573,0.1354
PUN-PU0011,Pune,2024-06-29,6,Monsoon,14.37,32.9,52.6,101.2,0,3,0.095,0.0204,0.0166
AHM-AH0105,Ahmedabad,2025-05-24,5,Summer,9.03,37.9,38.9,64.0,0,3,0.1495,0.0346,0.0
DEL-DE0158,Delhi,2025-06-13,6,Monsoon,24.43,35.6,165.8,196.0,0,2,0.3352,0.0189,0.1547
PUN-PU0082,Pune,2025-02-14,2,Winter,0.0,17.8,138.5,172.9,1,1,0.0644,0.2488,0.1499
PUN-PU0190,Pune,2025-01-07,1,Winter,0.0,20.2,127.1,171.5,0,2,0.171,0.023,0.0746
KOL-KO0074,Kolkata,2025-01-24,1,Winter,6.48,16.6,164.0,205.3,1,3,0.2037,0.2525,0.186
HYD-HY0138,Hyderabad,2025-10-31,10,Winter,0.0,15.0,111.1,134.1,0,2,0.1712,0.0793,0.0
HYD-HY0015,Hyderabad,2025-03-10,3,Summer,32.95,48.0,74.3,103.8,0,3,0.4251,0.0267,0.0657
MUM-MU0096,Mumbai,2025-02-08,2,Winter,3.8,17.3,146.9,191.1,0,3,0.1684,0.0,0.1436
CHE-CH0105,Chennai,2025-04-10,4,Summer,4.07,39.2,85.4,132.1,0,1,0.0,0.0,0.0898
PUN-PU0117,Pune,2025-12-16,12,Winter,0.0,18.4,85.8,128.7,0,1,0.0977,0.0585,0.0054
PUN-PU0174,Pune,2025-04-16,4,Summer,2.89,29.7,93.3,109.2,0,2,0.1035,0.1087,0.0083
CHE-CH0180,Chennai,2025-04-30,4,Summer,2.33,33.7,136.9,160.8,0,1,0.0785,0.0143,0.0878
HYD-HY0074,Hyderabad,2026-02-12,2,Winter,1.46,17.5,62.1,81.5,0,2,0.0556,0.0472,0.1228
CHE-CH0052,Chennai,2024-11-29,11,Winter,0.0,26.5,126.3,169.1,0,3,0.1857,0.0,0.0652
AHM-AH0026,Ahmedabad,2024-11-14,11,Winter,6.15,18.3,119.4,156.2,0,4,0.0977,0.0815,0.0615
KOL-KO0052,Kolkata,2024-06-18,6,Monsoon,24.06,29.8,216.4,235.1,0,1,0.4007,0.0229,0.247
KOL-KO0036,Kolkata,2024-07-04,7,Monsoon,5.57,29.3,37.7,82.2,0,1,0.0321,0.0141,0.0
DEL-DE0105,Delhi,2024-12-06,12,Winter,5.36,20.5,339.1,367.0,0,4,0.0934,0.0375,0.6166
CHE-CH0014,Chennai,2025-06-24,6,Monsoon,9.18,25.7,150.5,181.8,0,4,0.1199,0.0384,0.1893
CHE-CH0170,Chennai,2024-12-30,12,Winter,0.51,28.4,108.6,143.3,0,3,0.1238,0.0,0.122
DEL-DE0176,Delhi,2024-11-20,11,Winter,10.42,26.9,271.7,313.1,0,1,0.1738,0.1278,0.3985
AHM-AH0145,Ahmedabad,2024-06-10,6,Monsoon,74.94,40.5,94.4,139.3,0,4,0.9182,0.0264,0.0
HYD-HY0101,Hyderabad,2025-12-20,12,Winter,4.17,18.1,44.3,93.3,0,4,0.1489,0.0453,0.0353
KOL-KO0169,Kolkata,2026-01-17,1,Winter,2.39,25.2,146.3,184.2,0,2,0.0,0.0458,0.1848
BEN-BE0093,Bengaluru,2025-01-10,1,Winter,0.0,27.7,128.6,166.0,1,2,0.1769,0.175,0.0342
BEN-BE0061,Bengaluru,2024-05-22,5,Summer,3.69,32.5,102.1,143.5,1,4,0.0231,0.2375,0.0705
CHE-CH0015,Chennai,2025-05-04,5,Summer,6.0,41.1,118.3,150.1,0,3,0.1822,0.0122,0.0713
AHM-AH0049,Ahmedabad,2025-09-03,9,Monsoon,9.81,36.2,92.8,128.1,0,2,0.1844,0.056,0.0087
DEL-DE0095,Delhi,2025-02-01,2,Winter,0.0,15.0,346.4,385.2,0,5,0.0783,0.0326,0.6991
KOL-KO0148,Kolkata,2024-05-14,5,Summer,0.0,45.2,109.3,131.9,0,1,0.3775,0.1278,0.1341
MUM-MU0118,Mumbai,2024-10-05,10,Winter,0.0,15.1,73.2,89.9,1,4,0.0,0.2177,0.0
HYD-HY0151,Hyderabad,2026-02-27,2,Winter,5.15,15.8,128.5,143.2,0,5,0.0,0.0,0.0836
KOL-KO0045,Kolkata,2025-08-24,8,Monsoon,8.72,33.7,39.7,60.0,0,5,0.1637,0.0687,0.0
KOL-KO0053,Kolkata,2025-11-24,11,Winter,6.44,19.0,189.0,208.3,0,2,0.168,0.0296,0.2234
HYD-HY0141,Hyderabad,2024-05-26,5,Summer,5.81,37.0,133.0,153.0,0,3,0.2182,0.0944,0.0648
HYD-HY0085,Hyderabad,2024-10-02,10,Winter,2.46,24.0,103.7,147.3,0,2,0.1716,0.105,0.0371
DEL-DE0074,Delhi,2025-12-02,12,Winter,0.83,29.7,269.3,296.6,1,1,0.0072,0.2431,0.4739
CHE-CH0195,Chennai,2026-01-10,1,Winter,5.85,15.0,65.8,94.9,0,1,0.0332,0.0476,0.0745
BEN-BE0097,Bengaluru,2024-05-13,5,Summer,0.0,26.9,86.1,120.0,0,2,0.0541,0.081,0.0
BEN-BE0122,Bengaluru,2025-10-08,10,Winter,3.03,23.8,153.7,174.9,0,5,0.0,0.0688,0.117
BEN-BE0016,Bengaluru,2025-07-11,7,Monsoon,21.68,29.3,142.0,159.2,0,1,0.3042,0.0,0.1064
CHE-CH0076,Chennai,2025-03-07,3,Summer,0.77,39.4,74.3,102.7,0,4,0.2429,0.0104,0.0478
PUN-PU0124,Pune,2025-11-05,11,Winter,9.17,15.9,30.0,65.5,1,5,0.0975,0.228,0.0074
MUM-MU0161,Mumbai,2025-08-17,8,Monsoon,34.75,31.7,138.1,151.4,0,5,0.4645,0.091,0.1224
KOL-KO0121,Kolkata,2025-02-13,2,Winter,8.07,18.2,62.0,108.7,0,3,0.1953,0.0807,0.0927
CHE-CH0159,Chennai,2024-10-02,10,Winter,2.28,27.4,119.7,131.4,0,4,0.1451,0.0541,0.0964
MUM-MU0189,Mumbai,2025-08-09,8,Monsoon,78.87,34.2,110.4,140.5,0,4,0.8874,0.0388,0.151
HYD-HY0096,Hyderabad,2025-10-15,10,Winter,7.32,15.0,63.4,86.4,0,4,0.1681,0.0557,0.0
AHM-AH0083,Ahmedabad,2025-11-08,11,Winter,5.72,36.7,86.3,107.7,0,3,0.257,0.0197,0.0376
DEL-DE0190,Delhi,2025-06-19,6,Monsoon,11.7,30.8,92.3,131.2,0,5,0.0769,0.0,0.0962
MUM-MU0105,Mumbai,2024-09-22,9,Monsoon,41.96,29.9,157.1,184.6,0,1,0.4852,0.083,0.1338
BEN-BE0149,Bengaluru,2025-06-26,6,Monsoon,28.45,29.0,120.4,151.5,0,4,0.3702,0.0,0.1226
CHE-CH0172,Chennai,2026-02-26,2,Winter,0.4,24.9,122.6,164.3,0,2,0.2207,0.0333,0.0
PUN-PU0179,Pune,2024-08-13,8,Monsoon,14.03,26.2,104.7,152.3,0,4,0.1757,0.1092,0.0239
PUN-PU0038,Pune,2025-06-05,6,Monsoon,19.3,25.9,80.1,90.5,0,3,0.1363,0.0835,0.0573
PUN-PU0034,Pune,2025-04-21,4,Summer,3.02,30.9,78.3,110.9,0,1,0.1619,0.1095,0.0874
MUM-MU0080,Mumbai,2024-09-13,9,Monsoon,4.75,33.3,99.3,121.6,1,3,0.1314,0.2585,0.0
MUM-MU0149,Mumbai,2024-09-07,9,Monsoon,21.25,27.7,144.4,181.5,0,1,0.2651,0.0,0.1159
DEL-DE0185,Delhi,2024-11-09,11,Winter,0.0,18.9,361.7,389.0,0,2,0.1287,0.0842,0.6105
AHM-AH0159,Ahmedabad,2026-03-03,3,Summer,4.28,32.2,109.5,135.2,0,1,0.0,0.091,0.0685
PUN-PU0003,Pune,2025-08-23,8,Monsoon,10.35,29.4,140.8,172.4,0,3,0.1644,0.0772,0.1179
AHM-AH0083,Ahmedabad,2024-05-14,5,Summer,4.38,38.7,49.3,68.7,1,3,0.2469,0.1595,0.0246
PUN-PU0175,Pune,2025-01-26,1,Winter,0.0,24.9,121.9,158.3,0,3,0.1359,0.032,0.0641
HYD-HY0144,Hyderabad,2024-10-28,10,Winter,6.21,26.0,88.9,133.1,0,3,0.1567,0.0703,0.0156
BEN-BE0044,Bengaluru,2026-01-17,1,Winter,0.0,28.3,89.3,129.0,0,5,0.0223,0.0317,0.0
KOL-KO0181,Kolkata,2025-08-18,8,Monsoon,72.97,25.0,134.1,151.6,0,4,0.8048,0.0661,0.1941
BEN-BE0027,Bengaluru,2025-04-11,4,Summer,6.01,38.2,69.5,117.4,1,4,0.1004,0.2154,0.0
CHE-CH0081,Chennai,2025-02-06,2,Winter,0.0,24.9,117.0,128.5,0,3,0.0029,0.0297,0.0916
CHE-CH0020,Chennai,2024-09-17,9,Monsoon,43.79,32.3,151.8,194.7,0,5,0.5656,0.0693,0.1449
MUM-MU0031,Mumbai,2026-03-10,3,Summer,3.76,39.3,105.3,115.7,0,3,0.0215,0.0767,0.0836
BEN-BE0033,Bengaluru,2025-03-23,3,Summer,0.0,41.6,113.1,123.6,0,1,0.1434,0.0917,0.0453
DEL-DE0189,Delhi,2025-10-27,10,Winter,5.43,23.7,166.0,180.5,0,2,0.2248,0.0093,0.1504
AHM-AH0118,Ahmedabad,2025-06-21,6,Monsoon,5.83,31.3,99.3,143.6,0,5,0.0574,0.0521,0.0366
DEL-DE0040,Delhi,2024-11-22,11,Winter,6.95,25.7,287.4,302.5,2,5,0.1212,0.3381,0.493
AHM-AH0129,Ahmedabad,2024-07-20,7,Monsoon,11.46,32.7,131.4,166.4,0,1,0.276,0.0,0.1359
AHM-AH0144,Ahmedabad,2024-12-15,12,Winter,12.61,22.8,70.9,115.9,1,3,0.1141,0.2386,0.0
KOL-KO0180,Kolkata,2024-12-24,12,Winter,5.12,16.0,86.4,116.4,0,5,0.0238,0.0182,0.0459
BEN-BE0096,Bengaluru,2025-07-03,7,Monsoon,16.76,26.9,130.0,151.9,0,3,0.0436,0.0903,0.046
AHM-AH0024,Ahmedabad,2024-10-18,10,Winter,0.0,26.7,90.1,130.1,0,1,0.0828,0.0224,0.0291
PUN-PU0037,Pune,2025-05-11,5,Summer,11.99,31.1,120.9,161.4,1,2,0.008,0.1573,0.043
AHM-AH0041,Ahmedabad,2024-04-06,4,Summer,0.0,48.0,70.2,90.5,0,2,0.4731,0.0472,0.0203
BEN-BE0018,Bengaluru,2025-05-08,5,Summer,0.0,43.2,100.7,134.7,0,3,0.3052,0.0058,0.0152
KOL-KO0012,Kolkata,2024-12-19,12,Winter,0.0,23.2,147.5,185.6,1,5,0.0,0.1479,0.1855
BEN-BE0090,Bengaluru,2024-12-08,12,Winter,4.09,29.0,94.6,139.6,0,1,0.0,0.1251,0.0
HYD-HY0130,Hyderabad,2024-11-13,11,Winter,0.17,23.4,127.7,151.4,0,1,0.1291,0.0535,0.1158
CHE-CH0058,Chennai,2024-07-18,7,Monsoon,30.99,36.1,89.1,131.1,0,3,0.346,0.04,0.0168
AHM-AH0188,Ahmedabad,2024-04-29,4,Summer,4.5,29.6,116.3,164.4,0,1,0.0577,0.0,0.0463
BEN-BE0179,Bengaluru,2025-03-21,3,Summer,1.75,47.9,117.6,165.4,0,2,0.5169,0.0792,0.0509
CHE-CH0179,Chennai,2025-01-29,1,Winter,2.78,22.3,100.7,143.1,0,4,0.0177,0.0541,0.0625
KOL-KO0154,Kolkata,2025-05-15,5,Summer,16.12,39.1,130.6,161.6,0,1,0.1209,0.025,0.0742
HYD-HY0092,Hyderabad,2025-03-17,3,Summer,0.0,28.9,70.9,96.8,0,3,0.0389,0.0529,0.0003
PUN-PU0128,Pune,2025-12-16,12,Winter,4.24,17.9,69.8,98.7,0,4,0.079,0.0879,0.0405
CHE-CH0135,Chennai,2025-03-18,3,Summer,0.0,42.0,110.6,156.0,0,3,0.0774,0.0762,0.0316
CHE-CH0031,Chennai,2025-01-28,1,Winter,0.0,22.3,65.7,81.7,0,2,0.125,0.0538,0.0
BEN-BE0135,Bengaluru,2024-06-21,6,Monsoon,13.61,29.6,46.2,96.1,0,3,0.1304,0.0119,0.0206
CHE-CH0136,Chennai,2024-05-07,5,Summer,13.09,35.3,97.7,118.1,0,3,0.0431,0.0879,0.1511
HYD-HY0050,Hyderabad,2024-09-17,9,Monsoon,11.53,32.9,120.0,163.0,0,4,0.0258,0.0,0.1204
HYD-HY0018,Hyderabad,2025-09-28,9,Monsoon,43.3,30.7,196.8,216.5,0,2,0.534,0.0,0.3546
KOL-KO0154,Kolkata,2025-12-03,12,Winter,2.45,16.1,113.6,156.0,0,1,0.0435,0.0,0.0807
DEL-DE0001,Delhi,2025-05-03,5,Summer,52.08,46.6,78.5,109.8,0,1,0.5466,0.0131,0.0343
AHM-AH0079,Ahmedabad,2025-03-19,3,Summer,4.47,48.0,30.0,75.6,0,2,0.4904,0.0,0.0749
KOL-KO0161,Kolkata,2025-06-05,6,Monsoon,54.12,27.7,105.6,131.2,0,3,0.6847,0.0404,0.0046
AHM-AH0159,Ahmedabad,2025-08-12,8,Monsoon,3.66,28.1,127.7,153.7,0,1,0.0347,0.0358,0.0221
CHE-CH0055,Chennai,2025-01-08,1,Winter,8.73,15.0,61.1,82.9,0,1,0.2184,0.0477,0.0539
BEN-BE0016,Bengaluru,2025-07-28,7,Monsoon,30.24,29.2,112.6,150.6,0,3,0.4118,0.0171,0.1091
CHE-CH0159,Chennai,2025-12-06,12,Winter,0.0,31.3,104.5,136.4,0,3,0.0,0.1187,0.0254
CHE-CH0040,Chennai,2025-01-17,1,Winter,0.0,23.8,56.0,67.3,0,3,0.0406,0.0527,0.0396
KOL-KO0047,Kolkata,2024-04-19,4,Summer,0.33,37.5,135.2,182.0,0,3,0.2119,0.0641,0.1128
MUM-MU0093,Mumbai,2025-07-06,7,Monsoon,29.16,36.2,145.4,173.7,0,2,0.3847,0.0949,0.1674
HYD-HY0152,Hyderabad,2025-10-05,10,Winter,0.45,16.6,44.6,66.2,1,2,0.0581,0.2412,0.0506
BEN-BE0053,Bengaluru,2025-07-02,7,Monsoon,18.31,20.5,57.3,73.1,1,3,0.1102,0.1757,0.0
AHM-AH0118,Ahmedabad,2024-12-23,12,Winter,0.0,39.2,113.6,125.2,0,1,0.0392,0.0,0.0021
DEL-DE0098,Delhi,2025-04-17,4,Summer,9.39,43.8,90.5,114.9,0,4,0.243,0.1094,0.0635
MUM-MU0033,Mumbai,2024-12-16,12,Winter,10.83,25.8,30.0,55.5,0,5,0.2272,0.0607,0.0284
BEN-BE0134,Bengaluru,2025-12-07,12,Winter,1.52,30.0,159.5,175.0,0,1,0.1162,0.0,0.1711
HYD-HY0133,Hyderabad,2024-08-18,8,Monsoon,29.96,27.7,126.1,159.7,0,4,0.3995,0.0751,0.1129
HYD-HY0196,Hyderabad,2025-01-02,1,Winter,7.54,25.3,143.3,176.1,0,3,0.1507,0.0976,0.1373
HYD-HY0186,Hyderabad,2025-10-04,10,Winter,14.08,23.9,73.1,104.1,0,5,0.2174,0.01,0.0525
AHM-AH0074,Ahmedabad,2025-04-06,4,Summer,1.22,33.1,131.6,172.4,0,3,0.0898,0.0636,0.1045
KOL-KO0055,Kolkata,2025-04-01,4,Summer,3.7,32.1,219.6,230.8,1,3,0.1273,0.1367,0.2944
CHE-CH0004,Chennai,2026-02-10,2,Winter,0.0,17.4,75.4,105.2,0,3,0.1381,0.1041,0.0
DEL-DE0112,Delhi,2025-06-10,6,Monsoon,31.9,24.9,93.7,119.0,0,3,0.4726,0.06,0.0279
BEN-BE0001,Bengaluru,2025-03-03,3,Summer,0.61,34.9,131.9,160.7,0,1,0.0609,0.0863,0.1351
CHE-CH0075,Chennai,2024-05-16,5,Summer,15.39,39.6,88.0,134.4,0,2,0.0,0.0824,0.069
BEN-BE0071,Bengaluru,2024-06-06,6,Monsoon,38.01,29.3,122.9,171.1,0,1,0.4247,0.0,0.0612
CHE-CH0177,Chennai,2025-01-20,1,Winter,4.37,25.4,108.4,155.3,0,2,0.0695,0.0713,0.0322
HYD-HY0166,Hyderabad,2026-02-19,2,Winter,9.13,24.1,116.3,143.3,1,3,0.0337,0.1173,0.0456
BEN-BE0103,Bengaluru,2025-02-14,2,Winter,0.0,30.0,179.0,194.5,0,2,0.1979,0.0444,0.1972
HYD-HY0022,Hyderabad,2024-11-21,11,Winter,0.0,15.3,68.1,97.6,0,4,0.129,0.0,0.0544
HYD-HY0127,Hyderabad,2025-06-19,6,Monsoon,18.07,29.5,105.3,131.8,0,2,0.0613,0.0271,0.0242
PUN-PU0140,Pune,2026-04-01,4,Summer,6.45,36.8,87.2,124.3,0,1,0.051,0.1489,0.0243
AHM-AH0002,Ahmedabad,2024-11-14,11,Winter,0.0,16.1,108.4,149.3,0,2,0.0,0.0876,0.0354
CHE-CH0091,Chennai,2025-08-14,8,Monsoon,13.13,26.8,68.7,101.5,0,5,0.0317,0.0294,0.0269
BEN-BE0127,Bengaluru,2024-08-11,8,Monsoon,0.0,25.4,162.3,173.2,0,2,0.2143,0.0362,0.2298
AHM-AH0163,Ahmedabad,2025-12-05,12,Winter,6.05,15.0,99.2,112.7,1,1,0.0866,0.223,0.0373
HYD-HY0000,Hyderabad,2025-01-21,1,Winter,0.0,17.7,129.0,149.1,0,1,0.1649,0.0073,0.1297
AHM-AH0081,Ahmedabad,2025-12-21,12,Winter,10.29,17.8,40.6,64.4,0,3,0.0236,0.0266,0.0034
PUN-PU0114,Pune,2024-09-01,9,Monsoon,21.29,28.9,133.6,164.9,0,3,0.2354,0.0421,0.1324
AHM-AH0114,Ahmedabad,2025-08-14,8,Monsoon,8.72,36.6,107.9,135.9,0,2,0.0,0.0865,0.0
HYD-HY0004,Hyderabad,2025-05-11,5,Summer,4.29,33.0,55.2,94.4,0,4,0.0307,0.0428,0.0703
KOL-KO0143,Kolkata,2024-08-19,8,Monsoon,54.56,19.8,132.8,180.5,0,4,0.6117,0.0298,0.1094
DEL-DE0144,Delhi,2025-05-31,5,Summer,5.83,47.7,105.2,116.8,0,3,0.4815,0.0263,0.0
AHM-AH0100,Ahmedabad,2025-11-27,11,Winter,7.8,21.3,151.5,186.3,0,2,0.0381,0.0218,0.1935
CHE-CH0121,Chennai,2026-02-05,2,Winter,0.0,15.0,98.8,110.3,1,4,0.0306,0.2413,0.0
DEL-DE0146,Delhi,2026-01-06,1,Winter,1.16,19.0,449.7,489.9,0,3,0.1272,0.0418,0.8593
DEL-DE0086,Delhi,2025-04-07,4,Summer,3.28,46.5,81.9,94.6,0,2,0.5226,0.011,0.0436
AHM-AH0075,Ahmedabad,2024-09-12,9,Monsoon,35.31,30.2,80.6,115.3,0,5,0.4026,0.0,0.001
HYD-HY0119,Hyderabad,2024-10-01,10,Winter,10.07,20.1,108.5,141.1,1,2,0.1168,0.1923,0.0455
HYD-HY0000,Hyderabad,2025-10-02,10,Winter,7.31,19.5,51.3,75.4,0,3,0.0,0.0539,0.0533
DEL-DE0176,Delhi,2025-11-06,11,Winter,9.43,25.4,376.5,412.2,0,4,0.1456,0.0025,0.6736
HYD-HY0110,Hyderabad,2026-02-27,2,Winter,2.11,37.2,118.0,140.1,0,1,0.0488,0.0,0.0963
PUN-PU0114,Pune,2026-03-06,3,Summer,0.0,37.2,60.3,97.1,0,4,0.1963,0.0741,0.0
MUM-MU0120,Mumbai,2025-04-23,4,Summer,2.54,37.2,89.2,128.3,0,4,0.1659,0.095,0.0115
HYD-HY0073,Hyderabad,2024-06-01,6,Monsoon,7.79,29.6,73.3,122.0,0,1,0.1188,0.0188,0.0
MUM-MU0069,Mumbai,2024-07-08,7,Monsoon,48.28,32.3,187.1,228.1,0,1,0.5452,0.057,0.2149
MUM-MU0152,Mumbai,2025-11-14,11,Winter,0.0,18.3,135.8,154.0,0,1,0.1016,0.0803,0.147
PUN-PU0168,Pune,2025-03-22,3,Summer,0.0,36.2,129.1,171.4,0,2,0.1728,0.0737,0.073
MUM-MU0099,Mumbai,2024-07-07,7,Monsoon,19.68,35.7,129.7,162.4,0,4,0.1268,0.0381,0.0929
AHM-AH0165,Ahmedabad,2024-08-31,8,Monsoon,6.43,29.0,135.9,156.1,1,3,0.1396,0.2321,0.1589
MUM-MU0013,Mumbai,2025-07-07,7,Monsoon,42.89,25.9,96.2,113.8,0,1,0.5139,0.0668,0.0183
KOL-KO0044,Kolkata,2024-10-23,10,Winter,13.52,15.4,157.1,191.4,0,3,0.262,0.0217,0.2753
DEL-DE0081,Delhi,2024-10-05,10,Winter,2.53,21.6,258.0,280.3,1,4,0.0689,0.186,0.3484
PUN-PU0091,Pune,2024-04-12,4,Summer,0.0,29.8,91.8,125.3,0,1,0.0723,0.0739,0.0
BEN-BE0073,Bengaluru,2024-11-09,11,Winter,0.0,23.9,105.1,125.6,0,4,0.0,0.0631,0.0
MUM-MU0139,Mumbai,2024-05-16,5,Summer,1.19,37.6,184.2,196.2,0,1,0.0375,0.0,0.1648
AHM-AH0048,Ahmedabad,2025-07-25,7,Monsoon,3.62,40.5,124.3,151.0,0,1,0.034,0.0178,0.0533
DEL-DE0109,Delhi,2024-12-29,12,Winter,5.37,33.1,500.0,519.9,0,4,0.1785,0.0895,0.8933
MUM-MU0018,Mumbai,2024-05-26,5,Summer,0.14,48.0,139.5,183.2,0,2,0.5827,0.0804,0.0786
BEN-BE0047,Bengaluru,2024-09-03,9,Monsoon,1.77,30.8,127.5,146.1,0,2,0.0818,0.1086,0.0535
HYD-HY0035,Hyderabad,2024-10-02,10,Winter,0.0,20.7,79.2,117.2,1,4,0.088,0.2196,0.0154
KOL-KO0133,Kolkata,2025-03-30,3,Summer,6.9,39.2,170.2,188.2,0,5,0.1631,0.0024,0.1632
CHE-CH0164,Chennai,2024-04-17,4,Summer,2.98,34.5,151.2,161.7,0,5,0.0433,0.0,0.2079
MUM-MU0123,Mumbai,2025-06-04,6,Monsoon,59.42,27.7,153.3,188.3,0,2,0.6735,0.0091,0.1553
PUN-PU0065,Pune,2024-05-15,5,Summer,10.28,37.9,103.1,134.0,0,2,0.0152,0.0,0.0772
PUN-PU0106,Pune,2025-05-10,5,Summer,6.92,28.7,100.2,132.1,1,3,0.1656,0.2022,0.0064
PUN-PU0165,Pune,2025-11-30,11,Winter,1.37,15.0,82.3,126.0,0,3,0.0698,0.0783,0.0
PUN-PU0062,Pune,2024-12-31,12,Winter,8.11,17.0,65.3,98.0,1,3,0.1076,0.1951,0.0
KOL-KO0189,Kolkata,2025-05-19,5,Summer,1.39,35.0,149.7,198.4,0,2,0.0,0.1248,0.1753
PUN-PU0150,Pune,2025-08-24,8,Monsoon,16.32,28.4,116.6,128.3,0,3,0.2599,0.059,0.159
KOL-KO0199,Kolkata,2024-06-10,6,Monsoon,17.96,29.9,150.3,199.1,0,2,0.1568,0.1064,0.1911
MUM-MU0032,Mumbai,2025-12-11,12,Winter,0.0,15.0,143.2,189.6,0,2,0.0553,0.023,0.1062
MUM-MU0013,Mumbai,2024-10-23,10,Winter,4.9,27.9,153.9,176.1,0,4,0.0493,0.0894,0.1853
HYD-HY0089,Hyderabad,2024-08-18,8,Monsoon,34.5,28.7,149.7,187.1,0,2,0.4017,0.024,0.177
HYD-HY0129,Hyderabad,2025-04-14,4,Summer,10.13,38.9,93.1,123.9,0,1,0.1433,0.085,0.0438
KOL-KO0042,Kolkata,2024-11-21,11,Winter,0.0,31.0,190.6,238.4,1,3,0.1334,0.1992,0.1945
MUM-MU0024,Mumbai,2024-10-17,10,Winter,0.0,15.0,143.6,179.4,0,1,0.1052,0.073,0.1469
MUM-MU0034,Mumbai,2024-04-17,4,Summer,22.99,41.1,80.6,106.6,0,1,0.2341,0.0,0.0269
HYD-HY0084,Hyderabad,2025-04-17,4,Summer,8.1,34.4,113.2,141.5,1,3,0.2117,0.2186,0.0313
AHM-AH0079,Ahmedabad,2024-06-15,6,Monsoon,11.0,25.0,35.2,46.0,0,3,0.0,0.054,0.0562
BEN-BE0162,Bengaluru,2024-07-08,7,Monsoon,33.83,24.3,109.5,146.3,0,4,0.4996,0.0778,0.0518
HYD-HY0097,Hyderabad,2024-07-01,7,Monsoon,9.6,24.1,93.8,118.2,0,3,0.2655,0.0831,0.0
BEN-BE0187,Bengaluru,2024-11-01,11,Winter,6.52,19.0,114.3,164.3,0,4,0.1928,0.0483,0.0593
MUM-MU0035,Mumbai,2024-05-26,5,Summer,0.0,37.5,69.5,109.6,0,3,0.0769,0.0725,0.0165
HYD-HY0028,Hyderabad,2024-04-16,4,Summer,0.0,28.3,131.2,167.0,0,5,0.1384,0.0135,0.0884
AHM-AH0029,Ahmedabad,2025-05-16,5,Summer,12.98,40.3,60.0,86.7,0,2,0.0927,0.1085,0.0897
PUN-PU0180,Pune,2025-04-19,4,Summer,1.23,31.5,67.8,81.2,0,2,0.022,0.0699,0.0955
KOL-KO0081,Kolkata,2026-02-27,2,Winter,2.52,18.9,129.5,153.8,0,2,0.0206,0.107,0.1198
DEL-DE0167,Delhi,2025-10-29,10,Winter,1.52,30.5,289.8,326.8,0,2,0.1357,0.0873,0.5249
DEL-DE0019,Delhi,2024-09-29,9,Monsoon,4.6,38.8,60.0,96.6,1,3,0.2548,0.2493,0.0494
MUM-MU0197,Mumbai,2024-09-24,9,Monsoon,167.88,36.9,126.8,140.3,0,1,0.9263,0.1402,0.068
HYD-HY0073,Hyderabad,2025-11-21,11,Winter,0.0,32.7,120.5,170.4,0,3,0.0115,0.1083,0.052
DEL-DE0104,Delhi,2024-07-20,7,Monsoon,20.09,34.1,84.8,129.1,0,2,0.32,0.0919,0.0824
BEN-BE0093,Bengaluru,2025-05-09,5,Summer,13.24,45.8,126.2,155.1,0,1,0.3989,0.0706,0.0584
DEL-DE0193,Delhi,2025-01-12,1,Winter,0.0,22.2,352.8,390.0,0,3,0.0338,0.0325,0.6745
PUN-PU0069,Pune,2025-05-19,5,Summer,3.7,34.9,30.0,75.3,0,2,0.0,0.1075,0.0
HYD-HY0078,Hyderabad,2026-02-10,2,Winter,1.47,22.8,126.3,152.8,0,3,0.1267,0.1071,0.1186
BEN-BE0116,Bengaluru,2025-12-04,12,Winter,0.0,27.3,49.7,99.6,0,3,0.1313,0.0384,0.0519
CHE-CH0125,Chennai,2025-07-28,7,Monsoon,22.22,32.9,84.9,129.8,0,3,0.3389,0.1264,0.1059
BEN-BE0147,Bengaluru,2025-02-21,2,Winter,4.06,15.0,89.8,115.5,1,3,0.1677,0.2247,0.0138
KOL-KO0012,Kolkata,2025-12-08,12,Winter,11.57,18.5,146.9,172.8,0,3,0.1902,0.0303,0.168
MUM-MU0161,Mumbai,2024-05-30,5,Summer,0.0,37.5,149.8,163.2,1,1,0.0782,0.2144,0.1997
CHE-CH0164,Chennai,2025-12-16,12,Winter,0.0,15.9,126.0,139.4,0,2,0.1996,0.0566,0.1613
KOL-KO0031,Kolkata,2024-08-29,8,Monsoon,7.61,24.9,122.9,153.0,0,2,0.1726,0.0233,0.0657
KOL-KO0140,Kolkata,2025-04-03,4,Summer,8.26,34.6,62.1,104.9,0,2,0.0,0.0579,0.0
HYD-HY0157,Hyderabad,2026-02-06,2,Winter,0.95,28.7,140.5,159.3,0,4,0.087,0.1057,0.0918
BEN-BE0098,Bengaluru,2026-02-08,2,Winter,3.61,21.2,30.0,48.6,0,3,0.0413,0.0699,0.052
AHM-AH0027,Ahmedabad,2024-10-16,10,Winter,0.09,36.1,86.3,114.3,1,2,0.1207,0.1797,0.0449
BEN-BE0062,Bengaluru,2025-03-20,3,Summer,0.0,45.7,85.8,125.8,0,4,0.3588,0.0541,0.0
CHE-CH0014,Chennai,2024-08-23,8,Monsoon,15.71,32.4,85.2,124.9,0,3,0.2053,0.1088,0.0
AHM-AH0000,Ahmedabad,2025-09-13,9,Monsoon,27.04,33.5,86.4,130.6,0,1,0.3293,0.0456,0.0
MUM-MU0165,Mumbai,2025-03-17,3,Summer,5.6,34.2,80.1,103.4,1,2,0.0,0.276,0.0196
PUN-PU0138,Pune,2025-03-12,3,Summer,16.69,47.4,162.8,209.7,0,2,0.4761,0.0374,0.1749
PUN-PU0130,Pune,2026-01-18,1,Winter,9.1,15.0,88.1,120.3,0,1,0.0913,0.0328,0.0269
AHM-AH0155,Ahmedabad,2025-07-13,7,Monsoon,40.72,30.1,140.4,161.0,0,2,0.6112,0.0821,0.1354
MUM-MU0064,Mumbai,2025-11-16,11,Winter,0.0,18.9,112.2,159.8,0,1,0.1115,0.1038,0.1142
MUM-MU0191,Mumbai,2025-04-18,4,Summer,8.0,41.7,87.0,133.1,0,4,0.1927,0.0425,0.0148
KOL-KO0030,Kolkata,2025-09-15,9,Monsoon,20.92,31.4,150.7,173.1,0,2,0.3168,0.0235,0.1519
CHE-CH0176,Chennai,2024-12-07,12,Winter,20.04,17.9,144.4,191.3,0,2,0.2846,0.0117,0.1638
CHE-CH0172,Chennai,2024-10-04,10,Winter,0.0,16.2,128.2,144.6,1,5,0.116,0.2453,0.0
HYD-HY0131,Hyderabad,2026-02-28,2,Winter,8.25,19.9,134.6,180.8,0,5,0.0,0.0714,0.1199
KOL-KO0174,Kolkata,2025-12-05,12,Winter,0.0,15.0,182.7,194.1,0,4,0.0655,0.0344,0.2546
MUM-MU0114,Mumbai,2024-05-03,5,Summer,0.37,33.7,185.9,223.0,0,3,0.0,0.0512,0.1973
PUN-PU0104,Pune,2025-04-18,4,Summer,7.47,48.0,164.8,210.6,0,1,0.4895,0.0478,0.1761
MUM-MU0019,Mumbai,2024-07-04,7,Monsoon,14.21,36.6,253.7,275.3,0,4,0.1308,0.0,0.4324
AHM-AH0039,Ahmedabad,2026-02-26,2,Winter,0.0,32.1,93.6,106.4,1,3,0.1651,0.1684,0.0704
DEL-DE0150,Delhi,2025-03-03,3,Summer,0.0,42.4,88.8,111.9,0,3,0.1619,0.0053,0.0178
MUM-MU0169,Mumbai,2025-11-19,11,Winter,1.92,22.5,89.2,105.3,0,2,0.2057,0.0945,0.1127
HYD-HY0023,Hyderabad,2025-06-09,6,Monsoon,20.98,27.0,94.1,106.1,0,4,0.3368,0.0493,0.0
KOL-KO0088,Kolkata,2025-08-27,8,Monsoon,31.12,32.1,132.4,147.1,0,3,0.4024,0.0428,0.1519
PUN-PU0120,Pune,2024-07-20,7,Monsoon,13.77,25.2,131.4,143.0,0,3,0.1095,0.0688,0.1592
CHE-CH0078,Chennai,2024-06-14,6,Monsoon,37.2,25.2,71.0,100.3,0,1,0.468,0.0067,0.0
HYD-HY0158,Hyderabad,2024-12-13,12,Winter,0.0,27.0,88.2,99.8,0,2,0.189,0.0227,0.0021
MUM-MU0195,Mumbai,2025-01-23,1,Winter,0.23,25.3,110.5,152.3,0,5,0.0,0.0,0.0787
HYD-HY0081,Hyderabad,2025-08-22,8,Monsoon,54.9,32.7,103.9,117.6,1,2,0.6633,0.1599,0.0878
MUM-MU0087,Mumbai,2024-12-04,12,Winter,0.0,20.0,135.3,171.4,0,4,0.0211,0.0542,0.0388
BEN-BE0070,Bengaluru,2024-07-10,7,Monsoon,13.94,28.8,135.2,157.9,0,4,0.1265,0.056,0.1561
BEN-BE0032,Bengaluru,2024-12-14,12,Winter,9.34,15.9,102.2,148.7,0,3,0.0864,0.0,0.0763
AHM-AH0017,Ahmedabad,2024-11-06,11,Winter,6.31,34.4,97.8,140.0,1,3,0.2063,0.1087,0.0
HYD-HY0160,Hyderabad,2025-12-10,12,Winter,0.95,15.3,136.5,156.2,0,2,0.0364,0.0264,0.1524
KOL-KO0173,Kolkata,2026-01-28,1,Winter,0.0,26.5,122.5,154.6,0,3,0.1836,0.0,0.1509
BEN-BE0155,Bengaluru,2025-12-11,12,Winter,0.0,16.7,30.0,54.4,1,4,0.0351,0.1952,0.0
MUM-MU0095,Mumbai,2025-04-24,4,Summer,1.15,26.1,121.5,143.7,0,3,0.1433,0.0598,0.0939
MUM-MU0152,Mumbai,2025-03-31,3,Summer,13.85,39.4,106.5,131.2,0,3,0.0719,0.0494,0.0265
AHM-AH0001,Ahmedabad,2025-10-27,10,Winter,0.0,21.8,54.4,80.7,0,1,0.1312,0.0666,0.0
BEN-BE0174,Bengaluru,2025-04-03,4,Summer,13.46,22.4,66.2,115.4,0,5,0.0332,0.0245,0.0
HYD-HY0112,Hyderabad,2026-02-12,2,Winter,7.55,21.0,124.1,157.7,0,2,0.1074,0.0,0.0698
HYD-HY0154,Hyderabad,2024-07-11,7,Monsoon,7.93,31.2,84.4,105.8,0,3,0.0,0.0497,0.0094
PUN-PU0147,Pune,2025-06-20,6,Monsoon,51.35,26.2,83.5,120.7,1,2,0.6111,0.1878,0.0724
MUM-MU0067,Mumbai,2025-05-04,5,Summer,18.42,46.8,105.2,116.4,2,3,0.3824,0.3064,0.0314
DEL-DE0167,Delhi,2024-05-11,5,Summer,0.0,32.9,127.8,166.1,0,2,0.1017,0.0598,0.0129
CHE-CH0044,Chennai,2024-04-26,4,Summer,3.63,45.4,111.4,137.0,0,3,0.3153,0.0658,0.1161
MUM-MU0032,Mumbai,2024-11-29,11,Winter,0.0,20.5,61.6,72.0,0,5,0.193,0.0859,0.0
BEN-BE0024,Bengaluru,2024-10-20,10,Winter,0.0,24.9,123.1,134.6,0,2,0.2137,0.0117,0.1359
PUN-PU0002,Pune,2024-04-19,4,Summer,2.71,26.5,101.4,138.1,0,5,0.0,0.052,0.0187
DEL-DE0095,Delhi,2024-09-08,9,Monsoon,0.0,31.9,126.9,157.8,0,2,0.0461,0.0,0.1382
AHM-AH0140,Ahmedabad,2026-03-04,3,Summer,0.0,33.5,96.0,127.0,0,4,0.0806,0.048,0.1029
AHM-AH0059,Ahmedabad,2024-09-23,9,Monsoon,12.18,30.1,100.9,137.3,1,2,0.0005,0.2052,0.0
KOL-KO0015,Kolkata,2025-10-24,10,Winter,9.8,15.0,139.9,156.8,0,2,0.0,0.0116,0.1145
MUM-MU0157,Mumbai,2024-06-24,6,Monsoon,46.28,20.4,160.2,190.6,0,3,0.4709,0.0505,0.2225
CHE-CH0012,Chennai,2026-02-20,2,Winter,10.47,24.9,125.0,143.9,0,4,0.0791,0.0425,0.0717
DEL-DE0132,Delhi,2026-04-02,4,Summer,9.43,45.7,115.4,146.7,0,3,0.3738,0.0513,0.1116
HYD-HY0154,Hyderabad,2025-02-22,2,Winter,0.0,15.0,110.0,135.4,1,2,0.0041,0.2328,0.0617
BEN-BE0092,Bengaluru,2025-05-16,5,Summer,0.0,46.0,99.1,118.6,1,4,0.4448,0.1639,0.0436
HYD-HY0160,Hyderabad,2024-08-20,8,Monsoon,35.46,28.7,143.1,181.5,0,2,0.4805,0.1339,0.1503
CHE-CH0196,Chennai,2025-05-24,5,Summer,0.0,45.0,83.8,119.9,0,3,0.3193,0.0443,0.1123
PUN-PU0186,Pune,2025-03-08,3,Summer,24.54,38.7,128.3,144.9,0,4,0.3112,0.0429,0.1033
HYD-HY0107,Hyderabad,2024-08-29,8,Monsoon,10.76,31.2,113.6,159.2,0,2,0.0383,0.0688,0.0135
CHE-CH0079,Chennai,2024-09-04,9,Monsoon,35.83,30.6,65.1,97.1,0,1,0.4802,0.0241,0.0
CHE-CH0186,Chennai,2024-07-26,7,Monsoon,0.0,30.2,121.9,158.6,0,1,0.0864,0.0,0.0944
AHM-AH0147,Ahmedabad,2025-03-07,3,Summer,0.0,41.2,80.0,110.9,0,3,0.0663,0.0527,0.0473
AHM-AH0114,Ahmedabad,2025-08-15,8,Monsoon,0.0,34.9,136.3,155.0,0,3,0.1592,0.0346,0.1765
DEL-DE0086,Delhi,2024-05-05,5,Summer,8.89,47.2,77.3,115.9,1,5,0.4419,0.2072,0.0
AHM-AH0011,Ahmedabad,2024-05-04,5,Summer,6.14,48.0,142.0,188.1,0,3,0.4597,0.1716,0.1382
AHM-AH0083,Ahmedabad,2025-07-03,7,Monsoon,44.54,32.4,71.3,89.8,0,4,0.4704,0.0644,0.031
MUM-MU0160,Mumbai,2024-09-07,9,Monsoon,11.23,26.3,80.2,125.1,0,1,0.0286,0.0699,0.0
HYD-HY0025,Hyderabad,2026-03-15,3,Summer,0.0,41.0,110.8,143.9,0,3,0.1763,0.0,0.1044
AHM-AH0126,Ahmedabad,2024-06-13,6,Monsoon,16.58,30.6,114.3,160.2,0,1,0.0106,0.0676,0.1185
CHE-CH0108,Chennai,2024-09-20,9,Monsoon,15.52,37.7,97.2,121.5,0,2,0.0324,0.0375,0.0445
MUM-MU0109,Mumbai,2024-07-20,7,Monsoon,13.99,35.3,117.0,134.6,0,4,0.0438,0.0649,0.065
DEL-DE0000,Delhi,2025-07-24,7,Monsoon,65.45,31.7,60.9,86.7,0,1,0.729,0.0148,0.0
KOL-KO0095,Kolkata,2025-07-03,7,Monsoon,25.97,31.6,251.8,290.2,0,1,0.3735,0.0045,0.3858
BEN-BE0075,Bengaluru,2025-07-21,7,Monsoon,52.78,27.8,159.5,184.7,0,3,0.619,0.0875,0.1833
MUM-MU0155,Mumbai,2024-11-23,11,Winter,0.0,29.0,108.3,142.9,0,3,0.0878,0.112,0.0209
CHE-CH0097,Chennai,2024-04-11,4,Summer,0.0,42.4,76.0,108.9,0,2,0.2067,0.0792,0.0
PUN-PU0039,Pune,2024-08-26,8,Monsoon,31.43,30.5,100.8,143.1,0,2,0.4986,0.0506,0.0988
AHM-AH0174,Ahmedabad,2025-09-29,9,Monsoon,0.0,29.2,138.1,178.6,0,1,0.0371,0.003,0.2149
PUN-PU0057,Pune,2024-09-08,9,Monsoon,20.45,34.5,106.7,117.4,0,3,0.2757,0.0366,0.0336
PUN-PU0019,Pune,2024-07-19,7,Monsoon,43.45,20.9,123.0,139.6,0,3,0.6224,0.0176,0.0249
KOL-KO0012,Kolkata,2024-11-04,11,Winter,0.0,21.0,99.5,141.1,0,1,0.2811,0.0507,0.0
AHM-AH0184,Ahmedabad,2024-09-23,9,Monsoon,36.19,38.1,108.8,148.6,0,5,0.4474,0.0596,0.0289
CHE-CH0068,Chennai,2025-06-09,6,Monsoon,23.85,35.7,108.8,157.5,0,4,0.3936,0.0767,0.0618
MUM-MU0060,Mumbai,2025-07-19,7,Monsoon,45.78,33.3,33.4,81.5,0,1,0.6495,0.017,0.0
PUN-PU0098,Pune,2025-04-02,4,Summer,16.19,30.7,42.8,91.2,0,2,0.0321,0.0073,0.0
BEN-BE0159,Bengaluru,2025-03-25,3,Summer,2.57,26.7,70.3,80.4,1,1,0.0611,0.1628,0.0
HYD-HY0004,Hyderabad,2025-10-12,10,Winter,0.0,21.6,89.0,134.8,0,2,0.0455,0.0338,0.0
BEN-BE0067,Bengaluru,2025-02-14,2,Winter,6.91,15.0,43.5,67.3,0,2,0.1191,0.01,0.0
CHE-CH0128,Chennai,2025-10-25,10,Winter,1.55,15.0,139.5,168.0,0,4,0.0206,0.0,0.0335
HYD-HY0132,Hyderabad,2024-11-19,11,Winter,10.1,15.7,107.3,125.0,0,5,0.0243,0.0939,0.0704
CHE-CH0168,Chennai,2024-07-31,7,Monsoon,50.79,27.7,104.9,148.9,0,2,0.5987,0.0,0.0428
KOL-KO0084,Kolkata,2025-04-19,4,Summer,0.76,28.1,59.3,95.9,0,4,0.1499,0.0909,0.0673
DEL-DE0180,Delhi,2026-01-01,1,Winter,0.0,28.0,311.9,351.2,1,1,0.1912,0.2296,0.5809
PUN-PU0192,Pune,2025-07-01,7,Monsoon,6.62,31.6,82.9,115.1,0,1,0.1213,0.0882,0.1126
HYD-HY0199,Hyderabad,2024-06-16,6,Monsoon,5.56,32.9,64.4,105.3,0,2,0.2053,0.0,0.0229
PUN-PU0153,Pune,2025-02-17,2,Winter,0.0,28.1,90.7,134.2,0,5,0.0,0.1309,0.0
CHE-CH0178,Chennai,2024-05-01,5,Summer,13.15,43.3,114.9,156.2,0,3,0.3068,0.0126,0.1074
MUM-MU0175,Mumbai,2025-02-14,2,Winter,3.72,22.1,158.4,176.0,1,1,0.1007,0.2543,0.1676
AHM-AH0181,Ahmedabad,2024-10-16,10,Winter,0.0,39.5,137.1,184.0,1,1,0.0251,0.2206,0.1481
PUN-PU0066,Pune,2024-04-21,4,Summer,2.32,44.8,153.8,197.8,0,4,0.3862,0.1167,0.1233
CHE-CH0004,Chennai,2026-01-26,1,Winter,7.91,25.9,149.3,194.9,0,3,0.1075,0.0968,0.1338
BEN-BE0104,Bengaluru,2025-10-25,10,Winter,2.44,27.7,119.3,134.3,0,1,0.2318,0.0061,0.039
AHM-AH0060,Ahmedabad,2024-07-07,7,Monsoon,42.79,32.1,66.6,105.0,0,3,0.4982,0.0675,0.0
MUM-MU0150,Mumbai,2024-09-06,9,Monsoon,16.99,21.8,140.0,186.9,1,3,0.2175,0.2304,0.1474
MUM-MU0168,Mumbai,2025-09-13,9,Monsoon,14.75,37.0,136.6,174.4,0,1,0.0171,0.0,0.1252
BEN-BE0148,Bengaluru,2026-03-15,3,Summer,0.0,39.0,124.8,143.2,0,1,0.0363,0.1164,0.0087
DEL-DE0115,Delhi,2024-09-10,9,Monsoon,26.14,30.0,67.3,106.3,0,3,0.3355,0.081,0.0833
CHE-CH0178,Chennai,2025-05-24,5,Summer,0.0,30.8,122.6,155.2,0,3,0.1753,0.0434,0.1801
AHM-AH0057,Ahmedabad,2024-05-23,5,Summer,6.54,48.0,54.9,85.2,1,4,0.5448,0.1413,0.0359
PUN-PU0098,Pune,2024-08-26,8,Monsoon,1.99,21.2,120.8,142.4,0,1,0.1097,0.0064,0.0703
DEL-DE0115,Delhi,2024-05-27,5,Summer,3.23,36.5,87.6,131.9,0,3,0.0,0.0453,0.0396
AHM-AH0114,Ahmedabad,2025-11-17,11,Winter,1.04,18.8,97.5,130.6,0,3,0.0,0.0603,0.0488
CHE-CH0197,Chennai,2024-10-21,10,Winter,3.29,22.0,117.8,142.6,0,1,0.001,0.0755,0.0886
CHE-CH0048,Chennai,2024-09-25,9,Monsoon,15.52,32.6,90.5,113.3,0,1,0.0184,0.001,0.0
CHE-CH0138,Chennai,2025-03-25,3,Summer,0.0,22.2,125.7,152.8,0,4,0.1202,0.0063,0.0321
DEL-DE0018,Delhi,2025-08-17,8,Monsoon,21.54,29.4,89.3,123.8,1,2,0.3346,0.1438,0.0008
MUM-MU0187,Mumbai,2024-12-28,12,Winter,0.0,18.5,148.3,167.2,0,3,0.0,0.014,0.094
MUM-MU0010,Mumbai,2025-12-20,12,Winter,4.73,20.5,96.3,119.6,0,3,0.0894,0.0649,0.0208
CHE-CH0031,Chennai,2026-01-21,1,Winter,1.41,20.1,128.0,145.0,0,1,0.152,0.0958,0.0889
KOL-KO0110,Kolkata,2026-02-15,2,Winter,0.0,18.0,153.6,184.7,0,2,0.0824,0.0368,0.189
CHE-CH0137,Chennai,2025-09-24,9,Monsoon,12.37,37.8,76.8,95.2,1,2,0.2565,0.1904,0.0027
AHM-AH0159,Ahmedabad,2024-08-14,8,Monsoon,68.09,32.9,76.0,108.3,0,2,0.7981,0.0174,0.052
BEN-BE0152,Bengaluru,2024-11-01,11,Winter,0.0,27.8,88.3,109.8,0,2,0.0703,0.0258,0.0971
DEL-DE0009,Delhi,2024-06-06,6,Monsoon,10.8,36.4,138.9,168.7,0,1,0.034,0.0436,0.1198
DEL-DE0071,Delhi,2024-10-01,10,Winter,0.0,24.9,467.6,493.7,1,2,0.1341,0.159,0.9561
MUM-MU0178,Mumbai,2026-01-01,1,Winter,0.0,16.3,141.0,161.1,0,3,0.0636,0.1156,0.0933
DEL-DE0183,Delhi,2025-07-09,7,Monsoon,9.35,37.4,31.2,49.4,0,2,0.0607,0.0243,0.0315
KOL-KO0082,Kolkata,2024-10-23,10,Winter,2.34,23.7,235.3,284.2,0,2,0.0404,0.0,0.4119
KOL-KO0119,Kolkata,2026-03-14,3,Summer,6.68,31.4,141.1,162.3,0,3,0.2078,0.0787,0.148
HYD-HY0140,Hyderabad,2024-09-20,9,Monsoon,10.05,30.3,129.0,159.2,0,3,0.2487,0.0,0.1306
HYD-HY0136,Hyderabad,2024-05-31,5,Summer,8.67,48.0,94.5,134.7,0,4,0.5114,0.0908,0.0
HYD-HY0049,Hyderabad,2024-09-30,9,Monsoon,12.24,30.6,70.0,110.1,0,3,0.1361,0.0592,0.0
KOL-KO0035,Kolkata,2024-12-26,12,Winter,3.44,15.0,155.9,173.3,0,3,0.0023,0.1386,0.1654
DEL-DE0011,Delhi,2024-04-13,4,Summer,19.39,39.8,66.4,80.4,0,2,0.1618,0.0794,0.0699
MUM-MU0053,Mumbai,2024-07-12,7,Monsoon,13.35,24.7,160.6,180.0,0,1,0.0583,0.081,0.0995
MUM-MU0183,Mumbai,2024-11-11,11,Winter,1.26,21.4,154.8,180.9,1,2,0.0,0.1381,0.2238
CHE-CH0124,Chennai,2025-08-21,8,Monsoon,41.16,35.4,97.5,131.3,1,3,0.4643,0.1957,0.0008
HYD-HY0135,Hyderabad,2024-07-29,7,Monsoon,13.41,31.0,73.8,98.6,0,1,0.0307,0.1118,0.0
MUM-MU0190,Mumbai,2024-10-15,10,Winter,0.0,20.0,137.7,159.2,0,3,0.1016,0.0365,0.0235
PUN-PU0022,Pune,2024-04-23,4,Summer,9.72,44.1,84.5,105.0,0,3,0.3163,0.035,0.0016
PUN-PU0024,Pune,2024-05-14,5,Summer,13.34,31.5,123.4,159.3,0,5,0.135,0.0735,0.034
CHE-CH0064,Chennai,2025-09-03,9,Monsoon,37.26,26.5,50.5,65.6,0,3,0.5377,0.0855,0.0342
CHE-CH0188,Chennai,2025-02-10,2,Winter,7.96,24.2,167.4,207.4,0,2,0.2115,0.0,0.2607
MUM-MU0025,Mumbai,2025-05-30,5,Summer,14.99,28.5,166.9,216.6,0,1,0.0071,0.0923,0.1876
BEN-BE0197,Bengaluru,2025-07-14,7,Monsoon,25.22,32.1,81.9,113.1,0,5,0.3205,0.0071,0.0006
KOL-KO0047,Kolkata,2025-06-15,6,Monsoon,6.04,35.6,176.2,190.6,0,2,0.1576,0.0389,0.2406
CHE-CH0194,Chennai,2024-05-21,5,Summer,10.03,41.7,119.0,141.3,1,3,0.073,0.1307,0.0691
AHM-AH0195,Ahmedabad,2025-11-06,11,Winter,0.45,27.0,59.8,100.2,0,1,0.1769,0.0242,0.0347
MUM-MU0173,Mumbai,2025-04-11,4,Summer,2.07,37.5,199.9,237.5,0,4,0.2056,0.0194,0.2732
AHM-AH0084,Ahmedabad,2025-09-08,9,Monsoon,28.08,29.0,117.1,153.5,0,3,0.4185,0.0692,0.1286
HYD-HY0145,Hyderabad,2024-07-03,7,Monsoon,18.38,24.4,101.4,142.8,0,1,0.0,0.0541,0.0
BEN-BE0097,Bengaluru,2025-04-21,4,Summer,7.41,37.7,104.3,149.6,0,1,0.2441,0.0074,0.0
HYD-HY0171,Hyderabad,2025-06-04,6,Monsoon,21.53,31.8,82.5,104.3,0,4,0.3703,0.055,0.0
HYD-HY0067,Hyderabad,2024-04-09,4,Summer,7.06,46.0,103.3,145.7,0,2,0.3553,0.0365,0.0
DEL-DE0147,Delhi,2025-11-02,11,Winter,5.54,28.3,417.6,447.8,0,5,0.0652,0.1098,0.8558
AHM-AH0003,Ahmedabad,2024-09-25,9,Monsoon,16.28,36.4,114.7,137.4,0,2,0.0528,0.1385,0.0
CHE-CH0179,Chennai,2025-04-30,4,Summer,1.85,20.1,120.3,149.5,0,3,0.0793,0.0,0.086
DEL-DE0147,Delhi,2024-08-07,8,Monsoon,6.25,29.8,137.1,160.5,1,3,0.0634,0.233,0.0598
DEL-DE0084,Delhi,2024-04-08,4,Summer,5.57,39.6,96.2,141.3,1,2,0.0962,0.2444,0.0
BEN-BE0150,Bengaluru,2024-12-25,12,Winter,3.15,21.0,108.9,148.6,0,3,0.1031,0.1462,0.046
CHE-CH0016,Chennai,2025-07-15,7,Monsoon,17.02,28.5,124.9,136.5,0,5,0.2027,0.0,0.0737
BEN-BE0149,Bengaluru,2024-06-15,6,Monsoon,14.51,24.4,100.9,125.3,0,2,0.1949,0.0072,0.0185
HYD-HY0009,Hyderabad,2025-06-28,6,Monsoon,13.4,38.4,130.2,172.5,0,2,0.1296,0.088,0.1607
DEL-DE0098,Delhi,2025-01-08,1,Winter,9.22,18.9,225.2,238.7,1,3,0.1945,0.2233,0.378
MUM-MU0129,Mumbai,2025-07-19,7,Monsoon,27.68,28.4,154.6,191.8,0,4,0.4027,0.1144,0.1718
DEL-DE0142,Delhi,2025-08-20,8,Monsoon,17.28,30.9,91.3,131.4,0,5,0.1618,0.0,0.0479
KOL-KO0090,Kolkata,2024-09-29,9,Monsoon,1.56,26.9,128.8,166.0,0,3,0.1681,0.0076,0.1096
BEN-BE0165,Bengaluru,2026-01-19,1,Winter,0.0,25.8,78.0,101.0,0,3,0.0889,0.0,0.0
KOL-KO0062,Kolkata,2025-12-08,12,Winter,2.71,23.3,128.8,154.9,0,2,0.1693,0.0781,0.0571
CHE-CH0013,Chennai,2025-09-23,9,Monsoon,19.93,33.6,122.6,167.4,1,4,0.0,0.2666,0.1425
KOL-KO0191,Kolkata,2024-08-04,8,Monsoon,32.24,38.7,152.9,180.2,0,3,0.4673,0.0206,0.1432
MUM-MU0157,Mumbai,2025-05-04,5,Summer,17.52,33.2,199.6,213.2,0,4,0.0,0.0676,0.2894
CHE-CH0139,Chennai,2025-02-10,2,Winter,1.42,29.2,149.2,192.0,0,4,0.0716,0.0,0.1622
BEN-BE0115,Bengaluru,2024-09-17,9,Monsoon,17.38,29.5,116.3,148.6,0,4,0.2013,0.0943,0.0657
BEN-BE0105,Bengaluru,2025-09-01,9,Monsoon,6.3,39.6,98.0,139.8,0,2,0.1478,0.0579,0.0251
AHM-AH0076,Ahmedabad,2025-02-15,2,Winter,0.0,22.0,101.1,119.4,0,5,0.021,0.0596,0.0601
PUN-PU0080,Pune,2024-10-20,10,Winter,0.0,27.4,125.8,172.4,1,4,0.1029,0.2527,0.1314
HYD-HY0015,Hyderabad,2025-11-13,11,Winter,5.25,18.1,121.8,145.6,0,2,0.01,0.0754,0.09
PUN-PU0016,Pune,2024-04-14,4,Summer,4.11,40.0,159.4,179.2,1,3,0.0432,0.2328,0.2085
PUN-PU0062,Pune,2024-10-02,10,Winter,0.0,18.1,47.8,61.3,0,2,0.086,0.0566,0.0006
BEN-BE0000,Bengaluru,2025-10-27,10,Winter,14.62,18.7,102.8,129.1,0,5,0.0977,0.0696,0.0528
KOL-KO0137,Kolkata,2025-03-07,3,Summer,26.05,34.1,128.5,142.7,0,3,0.3721,0.0,0.1686
DEL-DE0019,Delhi,2025-08-06,8,Monsoon,0.0,31.4,114.8,138.5,0,3,0.1963,0.1013,0.0324
DEL-DE0077,Delhi,2025-04-15,4,Summer,16.05,48.0,99.2,133.1,0,3,0.4299,0.0839,0.0686
CHE-CH0023,Chennai,2024-04-15,4,Summer,0.0,47.0,54.4,101.0,0,1,0.4987,0.0,0.0115
MUM-MU0013,Mumbai,2025-01-14,1,Winter,0.0,18.8,166.1,209.3,0,4,0.0299,0.0036,0.1998
KOL-KO0010,Kolkata,2025-10-05,10,Winter,1.66,24.8,129.7,175.4,0,3,0.1746,0.1036,0.1804
CHE-CH0080,Chennai,2025-05-12,5,Summer,4.88,41.5,127.8,159.3,0,4,0.0164,0.0548,0.0802
PUN-PU0070,Pune,2025-05-03,5,Summer,0.0,26.8,141.7,187.2,0,4,0.0393,0.0,0.0595
CHE-CH0178,Chennai,2025-12-24,12,Winter,2.84,21.2,160.6,175.9,0,3,0.1344,0.1114,0.1884
CHE-CH0074,Chennai,2025-07-29,7,Monsoon,18.63,34.7,54.3,90.5,0,2,0.1262,0.0518,0.0474
KOL-KO0101,Kolkata,2025-07-07,7,Monsoon,15.83,35.0,230.1,270.8,0,2,0.1741,0.0777,0.3455
CHE-CH0085,Chennai,2025-05-14,5,Summer,0.0,28.1,63.4,95.9,0,2,0.0215,0.0345,0.0
KOL-KO0081,Kolkata,2024-04-17,4,Summer,0.95,28.1,197.7,208.2,0,4,0.2694,0.0575,0.2891
PUN-PU0133,Pune,2024-12-30,12,Winter,0.0,16.3,116.2,144.4,2,3,0.1378,0.3286,0.0672
PUN-PU0017,Pune,2024-11-29,11,Winter,3.69,15.0,102.1,128.7,0,2,0.2485,0.0139,0.0361
DEL-DE0078,Delhi,2024-11-03,11,Winter,2.24,29.3,363.8,384.4,0,3,0.0053,0.0787,0.6727
CHE-CH0015,Chennai,2025-06-12,6,Monsoon,3.08,35.1,124.0,142.8,0,2,0.0057,0.0851,0.0432
CHE-CH0056,Chennai,2026-03-13,3,Summer,26.13,37.3,150.4,181.1,0,2,0.3676,0.0525,0.1357
PUN-PU0035,Pune,2024-11-06,11,Winter,2.86,15.0,87.1,122.3,0,3,0.1273,0.0669,0.0
AHM-AH0023,Ahmedabad,2025-12-28,12,Winter,6.52,25.0,79.4,101.7,1,1,0.0371,0.1839,0.0982
BEN-BE0011,Bengaluru,2024-08-29,8,Monsoon,6.99,28.5,136.0,160.8,0,3,0.0434,0.0505,0.1007
KOL-KO0181,Kolkata,2024-11-13,11,Winter,11.3,22.7,99.8,125.3,0,3,0.094,0.016,0.0
CHE-CH0043,Chennai,2025-07-17,7,Monsoon,3.32,32.1,78.9,117.5,0,3,0.1466,0.0584,0.0
DEL-DE0163,Delhi,2025-01-08,1,Winter,8.24,32.8,366.2,386.4,0,4,0.1804,0.0642,0.6828
KOL-KO0015,Kolkata,2025-09-15,9,Monsoon,18.47,35.6,169.3,183.6,0,2,0.1982,0.0062,0.1851
CHE-CH0053,Chennai,2025-10-17,10,Winter,0.0,28.8,112.5,138.6,2,3,0.1913,0.3755,0.0278
BEN-BE0196,Bengaluru,2024-09-20,9,Monsoon,32.82,30.6,47.6,89.1,0,1,0.4028,0.0607,0.0
AHM-AH0105,Ahmedabad,2024-05-31,5,Summer,7.56,36.8,56.9,78.1,0,3,0.2888,0.1284,0.0012
AHM-AH0023,Ahmedabad,2025-01-23,1,Winter,12.88,27.0,79.1,89.7,0,2,0.1291,0.0531,0.0244
PUN-PU0096,Pune,2024-04-18,4,Summer,0.0,26.8,58.9,88.6,0,4,0.1868,0.0637,0.0
HYD-HY0005,Hyderabad,2024-12-01,12,Winter,0.0,19.4,54.0,84.9,0,4,0.0,0.0,0.0395
HYD-HY0179,Hyderabad,2026-01-09,1,Winter,10.52,20.9,90.3,121.1,0,1,0.0712,0.091,0.0152
BEN-BE0096,Bengaluru,2025-02-12,2,Winter,5.6,22.0,100.5,123.1,0,2,0.0947,0.0244,0.0
CHE-CH0067,Chennai,2026-01-21,1,Winter,9.44,20.6,75.8,123.8,0,3,0.0567,0.0,0.0
CHE-CH0170,Chennai,2025-08-24,8,Monsoon,11.91,29.7,114.1,160.0,0,1,0.0099,0.0771,0.0992
BEN-BE0174,Bengaluru,2025-06-17,6,Monsoon,34.25,20.6,83.1,107.0,0,3,0.4549,0.0962,0.0603
KOL-KO0004,Kolkata,2025-05-10,5,Summer,11.11,44.5,38.9,61.7,0,3,0.2913,0.1013,0.0657
CHE-CH0147,Chennai,2024-11-06,11,Winter,0.0,22.6,128.1,170.7,0,2,0.1948,0.0,0.0611
DEL-DE0033,Delhi,2024-08-23,8,Monsoon,10.81,30.6,51.0,80.0,0,1,0.0,0.0593,0.0698
HYD-HY0154,Hyderabad,2024-08-14,8,Monsoon,12.05,28.0,144.2,154.6,0,3,0.147,0.1243,0.1076
BEN-BE0009,Bengaluru,2024-11-19,11,Winter,0.0,24.1,94.0,134.6,0,5,0.0614,0.0817,0.0
PUN-PU0012,Pune,2024-11-17,11,Winter,0.0,22.5,93.4,116.3,0,3,0.2326,0.0235,0.0265
HYD-HY0117,Hyderabad,2026-03-08,3,Summer,19.49,33.3,106.3,147.1,1,3,0.0,0.2305,0.0
DEL-DE0168,Delhi,2025-12-02,12,Winter,0.85,24.8,237.1,270.7,0,3,0.1051,0.1116,0.2966
PUN-PU0196,Pune,2024-04-03,4,Summer,3.47,33.6,40.1,65.1,0,2,0.0,0.0399,0.0531
AHM-AH0172,Ahmedabad,2025-04-06,4,Summer,3.68,40.3,103.7,146.1,0,3,0.1756,0.0631,0.0316
HYD-HY0126,Hyderabad,2026-02-07,2,Winter,14.24,28.4,122.3,157.0,0,5,0.1263,0.0179,0.1446
MUM-MU0055,Mumbai,2024-07-27,7,Monsoon,30.17,36.8,126.4,154.4,0,4,0.4047,0.1659,0.0706
AHM-AH0089,Ahmedabad,2025-04-15,4,Summer,3.64,36.3,144.5,163.7,0,1,0.032,0.073,0.1414
KOL-KO0145,Kolkata,2024-10-02,10,Winter,0.04,21.3,148.8,184.7,0,2,0.1695,0.1077,0.1475
AHM-AH0050,Ahmedabad,2025-08-18,8,Monsoon,23.01,34.3,78.6,101.9,0,4,0.333,0.0,0.0577
BEN-BE0029,Bengaluru,2025-06-05,6,Monsoon,19.36,30.3,110.3,159.3,0,3,0.0846,0.061,0.0662
KOL-KO0097,Kolkata,2025-07-28,7,Monsoon,16.89,36.3,161.1,202.5,0,3,0.0914,0.0711,0.2156
BEN-BE0196,Bengaluru,2024-04-04,4,Summer,6.62,40.0,33.8,54.8,0,2,0.0749,0.0014,0.0
AHM-AH0018,Ahmedabad,2024-04-30,4,Summer,0.34,42.7,90.3,123.0,0,4,0.2304,0.1484,0.0
MUM-MU0141,Mumbai,2025-11-27,11,Winter,0.0,16.5,121.1,136.0,0,1,0.1203,0.0,0.0398
KOL-KO0037,Kolkata,2024-11-15,11,Winter,0.0,22.0,180.0,197.8,0,1,0.067,0.0534,0.2367
PUN-PU0178,Pune,2025-11-25,11,Winter,0.0,27.3,105.0,129.4,0,3,0.1219,0.0137,0.0
HYD-HY0022,Hyderabad,2025-12-19,12,Winter,4.26,24.4,96.0,143.1,0,3,0.0747,0.003,0.0124
DEL-DE0085,Delhi,2025-03-24,3,Summer,5.62,46.9,102.9,117.7,0,3,0.5338,0.0861,0.0736
PUN-PU0097,Pune,2026-02-11,2,Winter,0.0,22.8,75.6,104.0,0,5,0.0938,0.0851,0.0
CHE-CH0020,Chennai,2025-05-27,5,Summer,4.09,36.1,85.4,112.8,1,2,0.1177,0.1617,0.0
BEN-BE0095,Bengaluru,2024-11-08,11,Winter,0.0,28.1,46.8,86.1,0,1,0.0487,0.0754,0.0657
BEN-BE0117,Bengaluru,2025-04-20,4,Summer,7.1,39.3,140.7,169.2,0,1,0.1331,0.0351,0.0623
PUN-PU0148,Pune,2025-08-12,8,Monsoon,0.0,28.1,57.5,98.9,1,1,0.1248,0.1812,0.0736
DEL-DE0115,Delhi,2025-11-13,11,Winter,0.0,16.8,385.5,422.3,0,3,0.1569,0.0,0.7996
AHM-AH0064,Ahmedabad,2025-10-08,10,Winter,0.76,28.4,88.9,118.8,0,5,0.1575,0.0,0.0954
KOL-KO0066,Kolkata,2025-08-25,8,Monsoon,2.91,35.6,145.7,166.2,0,1,0.1045,0.0243,0.142
CHE-CH0172,Chennai,2025-12-18,12,Winter,1.17,17.7,108.2,133.1,0,3,0.1368,0.0191,0.0702
MUM-MU0151,Mumbai,2025-03-25,3,Summer,7.11,29.6,144.4,184.8,0,4,0.0,0.0715,0.2083
KOL-KO0119,Kolkata,2024-11-30,11,Winter,1.17,15.0,184.6,207.1,0,2,0.0,0.1272,0.1918
PUN-PU0024,Pune,2025-07-10,7,Monsoon,21.16,31.1,160.8,173.5,0,1,0.3254,0.1138,0.2132
KOL-KO0181,Kolkata,2025-03-14,3,Summer,9.9,40.8,127.1,174.6,1,1,0.0,0.1844,0.0864
HYD-HY0192,Hyderabad,2024-04-16,4,Summer,1.62,38.0,107.5,142.5,1,3,0.0884,0.2554,0.0016
KOL-KO0020,Kolkata,2025-02-02,2,Winter,12.85,22.5,142.0,159.0,0,2,0.1089,0.0,0.13
HYD-HY0094,Hyderabad,2024-05-15,5,Summer,25.37,39.5,73.1,110.1,0,2,0.2923,0.0031,0.0204
HYD-HY0037,Hyderabad,2025-01-06,1,Winter,0.09,22.4,92.5,104.9,1,3,0.0259,0.1587,0.0
AHM-AH0016,Ahmedabad,2024-11-15,11,Winter,6.85,25.3,79.8,90.7,0,2,0.0246,0.0889,0.0189
KOL-KO0056,Kolkata,2025-04-29,4,Summer,13.33,35.6,162.8,191.1,0,2,0.1201,0.1148,0.2209
HYD-HY0113,Hyderabad,2025-11-03,11,Winter,2.95,28.0,136.5,150.7,0,1,0.0,0.0514,0.1774
MUM-MU0075,Mumbai,2025-09-25,9,Monsoon,3.81,23.4,127.8,173.2,0,2,0.0232,0.1096,0.1295
CHE-CH0136,Chennai,2026-02-26,2,Winter,0.0,15.0,119.6,161.0,0,1,0.0383,0.0346,0.0
AHM-AH0036,Ahmedabad,2025-05-15,5,Summer,11.76,39.6,104.6,115.8,0,2,0.0,0.0,0.0536
HYD-HY0099,Hyderabad,2025-10-18,10,Winter,0.0,30.1,121.0,136.3,0,1,0.0984,0.0512,0.1003
PUN-PU0016,Pune,2024-10-23,10,Winter,0.85,15.0,104.7,122.1,2,3,0.0168,0.2425,0.0079
PUN-PU0106,Pune,2025-02-18,2,Winter,9.41,24.9,60.7,78.5,0,1,0.1005,0.0857,0.0708
MUM-MU0174,Mumbai,2024-08-19,8,Monsoon,24.63,33.0,134.4,178.9,0,3,0.3404,0.0604,0.1826
DEL-DE0023,Delhi,2025-05-02,5,Summer,19.84,39.4,80.5,117.0,0,1,0.069,0.0,0.0252
AHM-AH0174,Ahmedabad,2026-01-28,1,Winter,0.0,23.8,138.5,170.8,0,1,0.0684,0.0512,0.1393
BEN-BE0108,Bengaluru,2024-09-09,9,Monsoon,18.04,20.2,47.4,83.6,0,1,0.0521,0.1205,0.0186
PUN-PU0146,Pune,2025-07-13,7,Monsoon,63.85,24.3,111.3,151.1,0,2,0.7011,0.0009,0.0913
PUN-PU0161,Pune,2025-01-27,1,Winter,0.0,24.3,138.8,177.4,0,4,0.1857,0.0055,0.128
CHE-CH0127,Chennai,2026-02-26,2,Winter,1.7,15.0,63.5,77.7,0,3,0.104,0.1333,0.0352
DEL-DE0140,Delhi,2025-07-03,7,Monsoon,15.02,33.6,81.5,130.0,0,4,0.1863,0.0838,0.026
PUN-PU0125,Pune,2026-03-01,3,Summer,3.76,35.2,142.7,179.4,0,2,0.0749,0.0432,0.168
PUN-PU0054,Pune,2025-06-24,6,Monsoon,15.73,22.4,111.2,125.6,0,2,0.0035,0.0031,0.0
MUM-MU0090,Mumbai,2026-01-22,1,Winter,0.0,15.0,83.8,124.4,0,2,0.0945,0.1031,0.0
HYD-HY0153,Hyderabad,2025-03-06,3,Summer,11.04,43.7,53.6,96.6,0,4,0.2903,0.0183,0.0385
PUN-PU0121,Pune,2025-11-22,11,Winter,0.0,15.7,97.1,109.9,0,2,0.0373,0.0,0.0
PUN-PU0187,Pune,2024-06-09,6,Monsoon,22.42,35.7,44.8,73.1,0,2,0.3279,0.1643,0.0
PUN-PU0124,Pune,2024-12-02,12,Winter,2.73,15.0,94.3,123.6,0,3,0.0243,0.1007,0.0364
KOL-KO0018,Kolkata,2025-12-06,12,Winter,10.87,22.7,51.9,98.2,0,4,0.0,0.0,0.0006
AHM-AH0141,Ahmedabad,2026-02-07,2,Winter,6.41,24.2,107.0,133.4,0,3,0.2406,0.0296,0.0893
CHE-CH0079,Chennai,2025-03-30,3,Summer,3.66,31.5,123.4,155.5,0,3,0.0815,0.0749,0.0
KOL-KO0081,Kolkata,2024-07-05,7,Monsoon,28.92,24.1,45.8,73.7,0,2,0.3954,0.0982,0.0
DEL-DE0016,Delhi,2024-11-10,11,Winter,6.27,26.9,447.1,478.0,0,3,0.1664,0.0938,0.9284
MUM-MU0021,Mumbai,2024-12-13,12,Winter,4.39,32.1,91.3,124.1,0,2,0.1631,0.1125,0.0433
DEL-DE0001,Delhi,2025-11-27,11,Winter,5.01,25.2,394.7,437.5,1,5,0.0464,0.1875,0.7345
BEN-BE0129,Bengaluru,2024-07-07,7,Monsoon,11.11,30.3,89.3,134.1,0,2,0.0018,0.0679,0.0436
BEN-BE0054,Bengaluru,2025-03-01,3,Summer,17.38,44.5,58.7,72.3,0,2,0.3419,0.0646,0.0
HYD-HY0045,Hyderabad,2025-11-28,11,Winter,8.11,22.7,57.2,101.0,0,3,0.0306,0.0671,0.062
AHM-AH0129,Ahmedabad,2024-11-24,11,Winter,3.12,29.9,155.5,202.7,0,5,0.0,0.0375,0.1502
HYD-HY0062,Hyderabad,2026-01-29,1,Winter,0.0,23.2,59.1,80.7,1,3,0.1894,0.1816,0.0503
HYD-HY0142,Hyderabad,2024-11-20,11,Winter,1.34,15.7,65.5,83.3,0,1,0.195,0.0338,0.04
HYD-HY0188,Hyderabad,2026-02-08,2,Winter,2.69,20.1,110.1,121.6,0,5,0.1891,0.0976,0.0885
AHM-AH0008,Ahmedabad,2025-11-11,11,Winter,0.0,25.9,110.4,147.9,1,3,0.1106,0.1976,0.0575
HYD-HY0178,Hyderabad,2024-06-13,6,Monsoon,42.01,26.2,88.3,108.3,0,4,0.4893,0.0,0.0754
BEN-BE0052,Bengaluru,2025-10-29,10,Winter,3.67,15.0,127.0,162.1,0,3,0.2144,0.0214,0.1232
KOL-KO0112,Kolkata,2025-04-07,4,Summer,3.36,37.0,240.4,277.0,0,4,0.1194,0.053,0.3345
CHE-CH0166,Chennai,2024-10-26,10,Winter,6.34,25.5,99.3,139.4,0,5,0.0676,0.0699,0.042
KOL-KO0001,Kolkata,2024-11-25,11,Winter,0.0,31.6,190.3,224.0,0,2,0.0,0.0738,0.2977
KOL-KO0148,Kolkata,2025-11-18,11,Winter,5.52,21.2,220.0,242.4,0,3,0.1414,0.0,0.3051
AHM-AH0181,Ahmedabad,2025-04-12,4,Summer,3.81,39.0,78.3,121.8,0,4,0.0,0.0559,0.1011
PUN-PU0191,Pune,2025-03-04,3,Summer,2.5,44.8,119.0,129.1,0,5,0.3591,0.1201,0.1622
PUN-PU0005,Pune,2024-05-24,5,Summer,1.52,43.3,161.9,201.1,1,2,0.3463,0.1589,0.0954
AHM-AH0014,Ahmedabad,2025-05-25,5,Summer,0.0,37.5,138.3,179.2,0,2,0.1936,0.065,0.1124
HYD-HY0024,Hyderabad,2026-03-15,3,Summer,0.0,36.9,115.9,134.1,1,5,0.0562,0.1379,0.1002
DEL-DE0108,Delhi,2024-11-05,11,Winter,0.0,29.2,349.7,366.4,0,3,0.2101,0.01,0.5922
CHE-CH0106,Chennai,2024-07-07,7,Monsoon,26.8,27.1,123.1,172.4,0,2,0.297,0.0367,0.1182
MUM-MU0050,Mumbai,2024-06-20,6,Monsoon,49.41,36.3,70.2,117.7,0,4,0.5197,0.0617,0.0
KOL-KO0188,Kolkata,2025-06-21,6,Monsoon,4.95,28.3,234.0,245.6,0,1,0.037,0.0037,0.3678
DEL-DE0014,Delhi,2025-12-20,12,Winter,0.0,20.8,304.8,344.5,0,3,0.064,0.0384,0.6115
CHE-CH0005,Chennai,2025-10-08,10,Winter,0.85,15.8,104.4,129.9,0,3,0.1103,0.0,0.0318
KOL-KO0051,Kolkata,2025-11-01,11,Winter,0.0,22.3,88.2,129.3,0,5,0.0407,0.0762,0.0932
MUM-MU0175,Mumbai,2024-12-12,12,Winter,0.72,23.3,50.6,85.7,0,4,0.0964,0.0042,0.0945
DEL-DE0037,Delhi,2025-04-18,4,Summer,0.0,45.6,123.2,165.1,0,2,0.3194,0.0413,0.0224
AHM-AH0095,Ahmedabad,2025-01-08,1,Winter,0.0,26.0,64.9,85.0,0,2,0.0,0.0445,0.0
DEL-DE0090,Delhi,2025-02-09,2,Winter,0.0,20.7,484.9,525.7,0,3,0.0794,0.0143,1.0
CHE-CH0113,Chennai,2024-10-02,10,Winter,9.55,17.3,72.7,87.8,0,2,0.1798,0.0982,0.0439
CHE-CH0038,Chennai,2025-10-03,10,Winter,18.24,20.8,102.3,130.3,0,3,0.1075,0.0405,0.0099
CHE-CH0102,Chennai,2025-09-09,9,Monsoon,18.73,26.9,115.7,148.7,0,2,0.1554,0.0,0.0618
KOL-KO0132,Kolkata,2025-03-17,3,Summer,4.28,39.0,234.8,281.5,0,3,0.1412,0.1084,0.3745
BEN-BE0023,Bengaluru,2025-07-07,7,Monsoon,39.03,25.6,93.2,122.7,0,3,0.4827,0.0,0.007
HYD-HY0067,Hyderabad,2024-04-28,4,Summer,3.3,40.2,110.9,149.6,0,1,0.1167,0.0159,0.0625
KOL-KO0189,Kolkata,2024-06-15,6,Monsoon,49.99,33.0,170.1,215.7,0,3,0.6385,0.0337,0.2195
CHE-CH0113,Chennai,2025-06-06,6,Monsoon,66.16,28.9,113.2,142.9,0,5,0.7868,0.0928,0.0496
KOL-KO0175,Kolkata,2025-12-15,12,Winter,1.62,19.3,116.4,133.9,0,3,0.1436,0.0153,0.0345
MUM-MU0199,Mumbai,2025-10-19,10,Winter,8.28,22.0,83.0,116.3,0,3,0.0,0.0852,0.0
KOL-KO0097,Kolkata,2025-10-20,10,Winter,4.89,24.5,226.5,244.9,0,3,0.1718,0.0,0.3708
AHM-AH0078,Ahmedabad,2025-04-24,4,Summer,0.0,38.9,100.6,145.2,0,2,0.0744,0.0414,0.0108
AHM-AH0026,Ahmedabad,2024-10-16,10,Winter,5.55,20.3,121.2,162.5,0,2,0.2213,0.0076,0.0
KOL-KO0126,Kolkata,2025-09-15,9,Monsoon,0.0,28.6,300.3,349.5,0,1,0.1366,0.1099,0.5086
CHE-CH0053,Chennai,2026-04-02,4,Summer,0.7,22.3,152.1,187.3,0,3,0.1227,0.0658,0.2133
MUM-MU0137,Mumbai,2025-07-25,7,Monsoon,22.45,29.4,56.2,73.7,0,5,0.3637,0.0105,0.0
CHE-CH0014,Chennai,2024-11-29,11,Winter,0.63,15.0,55.6,97.8,0,1,0.0417,0.1239,0.0727
MUM-MU0091,Mumbai,2024-10-11,10,Winter,0.38,25.9,72.3,87.1,1,2,0.082,0.2488,0.0743
AHM-AH0055,Ahmedabad,2024-07-07,7,Monsoon,12.02,34.8,124.6,165.2,0,5,0.1196,0.0707,0.1137
DEL-DE0035,Delhi,2024-11-12,11,Winter,0.0,25.3,309.0,328.0,0,3,0.0,0.0547,0.5468
MUM-MU0046,Mumbai,2025-11-06,11,Winter,15.38,24.7,183.6,214.2,0,2,0.1818,0.0,0.2812
CHE-CH0102,Chennai,2026-01-23,1,Winter,4.96,19.7,94.6,138.5,0,3,0.098,0.0061,0.1266
PUN-PU0127,Pune,2025-01-05,1,Winter,9.54,21.3,106.4,120.5,0,3,0.024,0.0071,0.0
DEL-DE0023,Delhi,2024-10-01,10,Winter,4.1,24.2,260.7,279.2,0,5,0.222,0.1076,0.4624
PUN-PU0186,Pune,2024-09-12,9,Monsoon,20.56,27.2,132.9,165.6,0,2,0.3293,0.0,0.1161
DEL-DE0136,Delhi,2025-09-01,9,Monsoon,17.43,36.7,30.4,65.6,0,1,0.0,0.0291,0.0
AHM-AH0116,Ahmedabad,2026-03-28,3,Summer,0.87,47.6,69.5,100.9,1,2,0.4483,0.2353,0.0
BEN-BE0099,Bengaluru,2025-03-27,3,Summer,6.94,48.0,122.2,154.0,1,3,0.4607,0.2456,0.0149
HYD-HY0056,Hyderabad,2025-10-17,10,Winter,2.85,22.9,103.6,137.3,0,4,0.0549,0.0323,0.0551
DEL-DE0157,Delhi,2025-08-06,8,Monsoon,23.39,41.8,102.4,135.5,0,2,0.299,0.083,0.0242
HYD-HY0130,Hyderabad,2025-02-13,2,Winter,0.0,22.2,110.7,143.3,0,3,0.1114,0.0508,0.0631
DEL-DE0127,Delhi,2025-12-23,12,Winter,8.09,25.9,354.5,379.5,0,3,0.1957,0.0692,0.6754
CHE-CH0077,Chennai,2024-06-10,6,Monsoon,43.04,25.7,99.3,116.9,0,2,0.5015,0.0396,0.0
HYD-HY0146,Hyderabad,2025-04-27,4,Summer,5.5,33.5,110.9,145.7,0,3,0.0788,0.0609,0.0728
KOL-KO0073,Kolkata,2026-01-09,1,Winter,0.14,15.8,133.0,163.4,0,1,0.1623,0.1017,0.1138
KOL-KO0146,Kolkata,2025-06-09,6,Monsoon,7.54,31.3,201.7,212.6,0,2,0.1461,0.1427,0.2097
KOL-KO0029,Kolkata,2025-07-17,7,Monsoon,2.5,30.5,141.4,169.3,0,4,0.0,0.0987,0.1739
PUN-PU0089,Pune,2026-01-15,1,Winter,0.0,15.2,70.7,111.3,0,1,0.0275,0.0228,0.0253
DEL-DE0177,Delhi,2024-08-11,8,Monsoon,31.94,38.4,65.6,90.7,0,1,0.3861,0.0026,0.0
DEL-DE0181,Delhi,2025-04-29,4,Summer,10.01,33.1,149.4,188.6,0,4,0.1719,0.0444,0.0702
PUN-PU0111,Pune,2026-01-14,1,Winter,0.0,26.8,50.4,99.1,1,1,0.0998,0.1765,0.0834
PUN-PU0146,Pune,2025-01-30,1,Winter,2.42,19.3,66.2,92.1,0,1,0.1627,0.0888,0.0
KOL-KO0085,Kolkata,2026-03-28,3,Summer,6.9,28.2,145.3,185.4,0,2,0.1059,0.0622,0.1854
KOL-KO0010,Kolkata,2026-01-20,1,Winter,0.84,23.9,173.6,185.8,0,4,0.0869,0.0904,0.2368
MUM-MU0059,Mumbai,2025-12-03,12,Winter,0.0,29.2,101.3,136.7,0,1,0.1629,0.0148,0.0918
AHM-AH0110,Ahmedabad,2025-02-04,2,Winter,2.53,25.6,48.9,68.7,0,3,0.1614,0.0455,0.0153
PUN-PU0057,Pune,2025-06-01,6,Monsoon,10.76,26.8,114.1,159.8,0,4,0.0,0.0771,0.015
BEN-BE0004,Bengaluru,2025-09-08,9,Monsoon,10.73,31.9,136.6,178.0,0,3,0.111,0.0233,0.0628
KOL-KO0120,Kolkata,2025-04-14,4,Summer,1.08,34.7,228.0,261.7,0,2,0.1912,0.0936,0.3882
PUN-PU0012,Pune,2025-04-13,4,Summer,22.07,44.5,94.4,142.8,0,1,0.264,0.0462,0.0
KOL-KO0079,Kolkata,2024-07-21,7,Monsoon,18.12,27.3,183.9,211.5,0,5,0.0271,0.0959,0.1961
CHE-CH0196,Chennai,2025-05-18,5,Summer,24.06,44.0,110.5,136.7,0,2,0.3372,0.0552,0.1043
MUM-MU0009,Mumbai,2026-01-29,1,Winter,0.0,28.8,125.6,150.2,0,2,0.1109,0.069,0.0429
AHM-AH0043,Ahmedabad,2025-04-18,4,Summer,7.1,48.0,78.0,123.8,0,2,0.5747,0.0585,0.0596
BEN-BE0039,Bengaluru,2025-04-21,4,Summer,0.0,29.1,61.8,82.4,1,1,0.0,0.184,0.0296
BEN-BE0021,Bengaluru,2025-06-22,6,Monsoon,35.94,17.0,70.5,94.0,0,3,0.5643,0.0806,0.0316
BEN-BE0170,Bengaluru,2025-11-09,11,Winter,10.42,15.0,34.4,60.1,0,3,0.0881,0.0,0.0477
AHM-AH0140,Ahmedabad,2025-08-01,8,Monsoon,16.43,26.0,103.5,119.6,0,1,0.2573,0.0334,0.0865
AHM-AH0041,Ahmedabad,2025-01-05,1,Winter,7.84,17.5,95.9,130.4,0,3,0.107,0.0855,0.0
MUM-MU0128,Mumbai,2024-10-27,10,Winter,2.57,24.4,125.7,163.2,0,1,0.2168,0.0,0.1081
HYD-HY0182,Hyderabad,2025-10-02,10,Winter,0.0,21.6,147.1,174.5,0,3,0.1635,0.0951,0.2021
DEL-DE0008,Delhi,2025-09-07,9,Monsoon,2.64,34.4,86.8,109.6,0,2,0.0408,0.1025,0.0168
HYD-HY0099,Hyderabad,2024-05-24,5,Summer,5.26,41.8,129.3,167.7,1,1,0.034,0.1993,0.1329
DEL-DE0182,Delhi,2024-09-15,9,Monsoon,16.03,35.5,119.1,148.5,0,1,0.1885,0.0,0.0816
CHE-CH0149,Chennai,2025-11-24,11,Winter,1.8,19.9,32.8,70.5,1,3,0.1214,0.1449,0.0623
CHE-CH0067,Chennai,2025-09-16,9,Monsoon,18.95,32.1,118.6,157.6,0,1,0.1384,0.0,0.0804
BEN-BE0003,Bengaluru,2025-03-21,3,Summer,6.98,41.1,95.2,128.5,0,4,0.0,0.048,0.0082
KOL-KO0137,Kolkata,2024-11-09,11,Winter,0.0,18.4,124.1,139.4,1,1,0.1656,0.2255,0.0
DEL-DE0033,Delhi,2025-02-23,2,Winter,7.43,34.2,310.5,337.8,1,4,0.0076,0.2027,0.6115
BEN-BE0137,Bengaluru,2025-10-03,10,Winter,3.52,29.7,157.4,176.2,2,2,0.0932,0.3731,0.1943
PUN-PU0173,Pune,2025-11-27,11,Winter,4.74,15.0,112.2,126.0,0,2,0.0255,0.0769,0.0733
HYD-HY0002,Hyderabad,2024-04-27,4,Summer,5.03,27.4,137.9,161.5,0,1,0.082,0.0812,0.1947
HYD-HY0080,Hyderabad,2024-11-13,11,Winter,2.65,23.1,146.3,187.3,0,2,0.0493,0.0757,0.1357
PUN-PU0108,Pune,2025-01-25,1,Winter,7.34,23.1,106.7,121.1,1,4,0.0396,0.2346,0.0922
CHE-CH0041,Chennai,2025-09-12,9,Monsoon,32.65,27.1,121.3,157.2,0,5,0.4332,0.1024,0.1208
PUN-PU0022,Pune,2026-02-01,2,Winter,0.0,16.8,88.5,134.7,0,2,0.1642,0.1165,0.0113
CHE-CH0195,Chennai,2025-07-20,7,Monsoon,25.37,28.0,120.4,133.7,0,2,0.3421,0.0322,0.0866
PUN-PU0051,Pune,2025-12-11,12,Winter,12.1,23.4,94.1,113.6,0,4,0.1865,0.05,0.0
KOL-KO0003,Kolkata,2025-11-27,11,Winter,0.0,18.9,167.0,205.4,0,4,0.301,0.0539,0.2224
PUN-PU0002,Pune,2026-01-03,1,Winter,1.07,26.2,106.8,143.4,0,3,0.0,0.067,0.0721
DEL-DE0033,Delhi,2025-08-15,8,Monsoon,42.25,32.0,100.7,121.6,0,1,0.5703,0.0,0.0277
CHE-CH0112,Chennai,2024-08-10,8,Monsoon,21.06,28.2,44.8,60.3,1,2,0.3324,0.1739,0.0423
CHE-CH0120,Chennai,2026-03-05,3,Summer,0.0,38.0,85.1,100.7,0,4,0.1442,0.0567,0.0346
KOL-KO0137,Kolkata,2025-01-23,1,Winter,6.06,24.3,145.4,164.6,0,4,0.1175,0.0279,0.2008
PUN-PU0064,Pune,2025-07-22,7,Monsoon,21.16,24.8,30.0,49.5,0,1,0.3825,0.1063,0.1011
DEL-DE0153,Delhi,2024-12-23,12,Winter,0.0,19.2,278.4,311.8,0,3,0.1985,0.0615,0.4268
PUN-PU0179,Pune,2024-11-16,11,Winter,9.97,21.9,72.4,85.2,0,3,0.1452,0.1261,0.0533
AHM-AH0045,Ahmedabad,2025-12-16,12,Winter,6.81,31.0,136.3,167.2,0,1,0.209,0.1188,0.0309
CHE-CH0009,Chennai,2024-11-16,11,Winter,12.95,25.9,101.9,135.6,0,1,0.0925,0.0049,0.0
PUN-PU0058,Pune,2026-01-21,1,Winter,9.32,24.8,139.9,189.7,0,2,0.0678,0.0,0.1052
PUN-PU0008,Pune,2025-11-26,11,Winter,6.05,22.4,86.1,101.3,0,4,0.0672,0.0005,0.0399
MUM-MU0173,Mumbai,2025-08-05,8,Monsoon,45.86,29.3,184.1,220.2,0,5,0.5852,0.0921,0.203
PUN-PU0176,Pune,2026-02-19,2,Winter,0.0,31.7,132.5,155.9,0,1,0.1583,0.0177,0.1094
DEL-DE0074,Delhi,2025-08-17,8,Monsoon,25.0,26.7,138.2,182.0,0,1,0.3276,0.0572,0.0455
CHE-CH0041,Chennai,2025-08-08,8,Monsoon,19.73,24.8,133.2,177.7,0,1,0.0764,0.0169,0.0473
DEL-DE0041,Delhi,2024-05-04,5,Summer,0.0,43.4,82.8,121.3,0,3,0.1613,0.0597,0.0524
BEN-BE0088,Bengaluru,2025-11-15,11,Winter,0.99,21.7,91.7,116.1,0,2,0.1184,0.0345,0.0208
CHE-CH0025,Chennai,2025-11-04,11,Winter,0.0,20.9,156.7,169.3,0,1,0.0,0.0468,0.1289
DEL-DE0039,Delhi,2025-05-24,5,Summer,0.0,47.7,122.7,168.1,1,2,0.427,0.2412,0.0799
DEL-DE0174,Delhi,2025-10-15,10,Winter,8.53,25.2,474.9,518.8,0,3,0.0,0.0,0.9354
CHE-CH0164,Chennai,2024-10-25,10,Winter,0.46,22.6,137.2,184.8,0,4,0.1839,0.0449,0.172
AHM-AH0020,Ahmedabad,2024-05-12,5,Summer,6.68,41.4,167.2,193.7,0,3,0.022,0.0797,0.1909
DEL-DE0089,Delhi,2024-05-03,5,Summer,4.71,38.7,92.3,115.8,0,3,0.0445,0.0141,0.0
HYD-HY0046,Hyderabad,2025-02-01,2,Winter,0.0,15.0,97.8,130.7,1,1,0.0364,0.1986,0.0
CHE-CH0195,Chennai,2026-03-06,3,Summer,11.9,48.0,99.9,146.5,1,3,0.588,0.1746,0.0616
KOL-KO0056,Kolkata,2024-10-19,10,Winter,0.0,17.2,139.9,189.6,0,5,0.1022,0.0748,0.1222
PUN-PU0021,Pune,2026-01-31,1,Winter,0.0,20.5,79.4,91.1,0,1,0.2484,0.0,0.008
DEL-DE0082,Delhi,2025-01-29,1,Winter,0.0,21.8,297.0,308.2,0,4,0.0,0.0,0.5353
HYD-HY0177,Hyderabad,2024-05-04,5,Summer,7.68,46.9,155.2,197.1,1,4,0.5418,0.1866,0.1922
CHE-CH0185,Chennai,2024-07-22,7,Monsoon,34.92,28.0,79.5,95.7,0,5,0.3658,0.139,0.0
KOL-KO0066,Kolkata,2025-08-11,8,Monsoon,22.92,26.4,181.0,222.4,0,3,0.3662,0.0821,0.1842
DEL-DE0180,Delhi,2026-01-07,1,Winter,5.39,23.3,404.0,425.7,0,3,0.0293,0.0908,0.7725
KOL-KO0196,Kolkata,2026-02-14,2,Winter,7.12,16.4,61.6,88.5,0,2,0.0619,0.0948,0.0025
PUN-PU0101,Pune,2025-10-17,10,Winter,2.95,30.6,72.6,99.1,0,2,0.083,0.0178,0.0838
HYD-HY0100,Hyderabad,2024-09-10,9,Monsoon,1.5,28.4,111.7,129.3,0,2,0.2326,0.0137,0.0964
AHM-AH0020,Ahmedabad,2025-08-30,8,Monsoon,22.91,32.8,30.0,57.6,0,2,0.2921,0.0556,0.0112
PUN-PU0121,Pune,2024-07-02,7,Monsoon,15.16,31.1,160.7,171.8,0,2,0.0863,0.0809,0.1991
DEL-DE0154,Delhi,2024-11-24,11,Winter,9.13,19.6,450.1,497.5,0,1,0.2915,0.0246,0.9012
HYD-HY0136,Hyderabad,2024-12-14,12,Winter,4.23,27.3,153.5,198.9,0,2,0.2092,0.063,0.1573
DEL-DE0141,Delhi,2024-07-25,7,Monsoon,17.23,33.6,145.4,170.5,0,4,0.0885,0.0157,0.1275
HYD-HY0002,Hyderabad,2025-04-26,4,Summer,10.0,26.0,84.0,121.6,0,1,0.0293,0.019,0.0194
BEN-BE0191,Bengaluru,2025-04-19,4,Summer,9.37,38.2,94.2,130.8,0,3,0.119,0.0844,0.0343
DEL-DE0087,Delhi,2025-03-18,3,Summer,0.0,48.0,104.4,130.4,0,3,0.5765,0.0239,0.0
DEL-DE0183,Delhi,2026-03-05,3,Summer,6.15,40.5,52.2,94.9,0,5,0.1474,0.0131,0.0
CHE-CH0044,Chennai,2024-08-01,8,Monsoon,32.67,36.2,115.4,153.4,0,2,0.4372,0.0222,0.0248
KOL-KO0123,Kolkata,2026-03-14,3,Summer,2.24,36.0,160.2,172.8,0,1,0.1542,0.0248,0.1245
PUN-PU0068,Pune,2025-05-15,5,Summer,19.42,38.7,78.0,93.1,0,3,0.0,0.0952,0.0443
MUM-MU0109,Mumbai,2025-11-10,11,Winter,8.51,28.5,151.1,186.6,1,2,0.1346,0.1377,0.1414
CHE-CH0135,Chennai,2025-02-16,2,Winter,8.83,21.4,31.8,48.3,0,4,0.0808,0.0628,0.0
MUM-MU0019,Mumbai,2025-08-11,8,Monsoon,29.74,34.9,129.3,140.8,0,2,0.453,0.0227,0.1615
KOL-KO0192,Kolkata,2024-05-17,5,Summer,0.0,48.0,160.4,205.1,0,2,0.6182,0.0,0.1196
DEL-DE0079,Delhi,2025-01-07,1,Winter,2.09,29.2,448.0,495.4,0,5,0.1358,0.0,0.7934
DEL-DE0199,Delhi,2024-10-08,10,Winter,3.0,22.6,197.8,246.4,0,5,0.0,0.0634,0.2495
CHE-CH0186,Chennai,2024-08-27,8,Monsoon,39.45,24.7,139.8,157.7,0,1,0.4369,0.0867,0.1567
HYD-HY0150,Hyderabad,2025-07-02,7,Monsoon,7.07,29.6,149.0,174.9,0,1,0.1728,0.0461,0.1543
HYD-HY0035,Hyderabad,2026-03-03,3,Summer,2.77,37.0,106.5,154.6,0,1,0.0528,0.0124,0.0974
PUN-PU0137,Pune,2025-10-27,10,Winter,9.09,21.6,49.1,91.7,2,3,0.0,0.318,0.1159
HYD-HY0013,Hyderabad,2026-02-24,2,Winter,0.0,15.0,65.2,101.6,0,4,0.1786,0.0875,0.0
KOL-KO0037,Kolkata,2025-12-21,12,Winter,8.97,25.1,154.4,167.1,0,2,0.121,0.0123,0.1591
AHM-AH0002,Ahmedabad,2024-06-03,6,Monsoon,7.73,33.9,138.4,154.2,0,2,0.1426,0.069,0.1255
HYD-HY0007,Hyderabad,2024-09-09,9,Monsoon,12.47,29.0,114.4,152.6,0,2,0.1832,0.0,0.0059
KOL-KO0051,Kolkata,2024-05-02,5,Summer,7.62,38.3,83.8,103.7,0,5,0.0,0.038,0.0677
AHM-AH0054,Ahmedabad,2025-08-09,8,Monsoon,5.55,28.3,105.4,127.4,0,2,0.0467,0.0565,0.0775
KOL-KO0109,Kolkata,2024-05-04,5,Summer,16.16,41.8,141.1,173.5,0,1,0.0,0.0,0.0953
HYD-HY0000,Hyderabad,2026-02-01,2,Winter,6.69,23.3,157.4,173.5,0,1,0.0,0.0623,0.1377
DEL-DE0142,Delhi,2026-03-28,3,Summer,0.0,46.9,60.3,88.3,0,3,0.4743,0.0724,0.0
MUM-MU0169,Mumbai,2024-08-02,8,Monsoon,70.99,34.6,95.1,141.9,0,5,0.7526,0.0103,0.0152
HYD-HY0157,Hyderabad,2025-06-09,6,Monsoon,7.93,28.7,78.7,103.2,0,2,0.1199,0.0736,0.0668
MUM-MU0063,Mumbai,2024-07-04,7,Monsoon,54.96,38.4,95.6,139.7,0,3,0.5653,0.0275,0.0638
AHM-AH0158,Ahmedabad,2026-03-11,3,Summer,0.69,31.9,112.2,132.9,2,4,0.1433,0.4124,0.0305
BEN-BE0051,Bengaluru,2024-04-16,4,Summer,7.19,35.5,164.7,188.3,0,4,0.1204,0.0758,0.258
BEN-BE0198,Bengaluru,2024-11-05,11,Winter,0.0,22.2,142.1,189.9,0,4,0.1335,0.0451,0.1816
MUM-MU0066,Mumbai,2025-09-27,9,Monsoon,59.88,22.8,109.3,152.2,0,2,0.6495,0.0,0.0723
BEN-BE0162,Bengaluru,2024-11-06,11,Winter,0.0,25.8,90.7,138.3,0,1,0.0,0.027,0.0416
BEN-BE0060,Bengaluru,2024-04-13,4,Summer,5.46,45.1,30.0,64.3,1,1,0.4001,0.1553,0.0352
HYD-HY0101,Hyderabad,2024-12-23,12,Winter,2.12,25.5,115.2,144.0,0,1,0.0088,0.0669,0.0833
BEN-BE0191,Bengaluru,2024-06-02,6,Monsoon,8.17,39.7,101.3,133.2,0,3,0.0,0.0703,0.0
DEL-DE0144,Delhi,2026-04-01,4,Summer,0.0,34.9,57.7,106.4,0,2,0.116,0.0,0.0182
AHM-AH0198,Ahmedabad,2026-01-21,1,Winter,0.0,21.7,88.7,115.0,1,3,0.2423,0.1622,0.0465
KOL-KO0136,Kolkata,2025-10-03,10,Winter,0.0,21.4,106.5,147.5,0,1,0.0341,0.1353,0.0945
HYD-HY0158,Hyderabad,2024-11-12,11,Winter,2.77,26.2,123.5,140.4,1,5,0.0,0.2406,0.0938
AHM-AH0120,Ahmedabad,2024-09-29,9,Monsoon,21.78,36.1,106.9,117.5,0,3,0.3123,0.0242,0.0
AHM-AH0182,Ahmedabad,2025-02-10,2,Winter,18.3,37.5,102.4,121.3,0,4,0.0567,0.0098,0.0149
AHM-AH0168,Ahmedabad,2025-08-10,8,Monsoon,32.43,39.7,60.1,91.8,0,4,0.391,0.1001,0.0062
HYD-HY0014,Hyderabad,2024-07-29,7,Monsoon,9.97,37.0,85.3,128.7,0,1,0.035,0.0339,0.0478
HYD-HY0125,Hyderabad,2024-05-30,5,Summer,6.29,38.2,59.9,83.0,1,4,0.1856,0.1866,0.0079
HYD-HY0046,Hyderabad,2025-10-26,10,Winter,0.21,26.9,30.0,51.6,0,3,0.1885,0.028,0.0
DEL-DE0031,Delhi,2025-12-19,12,Winter,0.0,29.9,248.0,263.4,0,1,0.2705,0.0627,0.3845
HYD-HY0172,Hyderabad,2024-10-01,10,Winter,7.27,24.0,108.3,118.4,0,4,0.0415,0.0759,0.0568
DEL-DE0033,Delhi,2024-07-10,7,Monsoon,44.85,38.4,135.5,149.2,0,1,0.5741,0.0078,0.0894
BEN-BE0148,Bengaluru,2025-07-16,7,Monsoon,35.86,28.4,130.9,165.2,0,5,0.4808,0.0,0.097
AHM-AH0187,Ahmedabad,2025-07-02,7,Monsoon,69.96,31.7,30.0,47.6,0,3,0.8554,0.0812,0.0
HYD-HY0112,Hyderabad,2025-12-14,12,Winter,9.06,15.4,129.7,176.3,0,2,0.1375,0.0,0.1118
CHE-CH0151,Chennai,2025-04-24,4,Summer,9.25,46.3,80.2,114.3,0,4,0.4412,0.1287,0.0283
HYD-HY0110,Hyderabad,2025-02-26,2,Winter,3.77,15.0,62.5,104.9,0,3,0.0674,0.0579,0.0453
AHM-AH0149,Ahmedabad,2024-07-08,7,Monsoon,2.04,31.0,119.0,151.0,0,4,0.2077,0.0934,0.0408
MUM-MU0085,Mumbai,2025-02-21,2,Winter,0.0,23.6,76.7,105.6,0,4,0.0714,0.0759,0.0004
AHM-AH0156,Ahmedabad,2026-01-16,1,Winter,0.38,28.0,108.5,136.0,0,5,0.099,0.0638,0.0499
AHM-AH0072,Ahmedabad,2025-05-21,5,Summer,3.43,39.5,108.9,140.2,0,3,0.1169,0.011,0.0587
KOL-KO0103,Kolkata,2024-06-26,6,Monsoon,10.59,27.0,167.0,188.9,0,3,0.086,0.042,0.2576
HYD-HY0118,Hyderabad,2025-03-18,3,Summer,0.0,40.9,66.4,94.7,0,2,0.1273,0.0,0.0015
BEN-BE0047,Bengaluru,2025-06-01,6,Monsoon,19.55,29.5,94.4,136.5,0,2,0.0761,0.0528,0.0
KOL-KO0070,Kolkata,2026-03-18,3,Summer,0.0,24.9,258.8,270.1,0,3,0.0936,0.0104,0.3956
DEL-DE0009,Delhi,2024-09-05,9,Monsoon,15.68,31.4,57.2,73.8,0,2,0.1633,0.0505,0.0148
AHM-AH0107,Ahmedabad,2025-11-01,11,Winter,2.36,21.3,109.5,151.4,0,3,0.0645,0.0727,0.0
PUN-PU0138,Pune,2026-03-05,3,Summer,10.31,36.7,87.6,110.6,1,3,0.049,0.2556,0.0
AHM-AH0138,Ahmedabad,2025-04-22,4,Summer,2.09,36.0,132.0,142.9,0,3,0.1294,0.0,0.1355
BEN-BE0106,Bengaluru,2025-04-03,4,Summer,15.77,28.3,92.7,139.4,0,5,0.0454,0.0409,0.0
CHE-CH0009,Chennai,2025-02-26,2,Winter,0.0,15.0,154.7,191.9,0,2,0.0634,0.0051,0.1438
MUM-MU0066,Mumbai,2025-02-08,2,Winter,10.94,15.0,152.8,201.4,0,5,0.164,0.0243,0.2319
KOL-KO0121,Kolkata,2024-12-11,12,Winter,5.13,24.0,165.6,195.5,0,4,0.1035,0.0646,0.1919
BEN-BE0138,Bengaluru,2025-08-27,8,Monsoon,15.32,25.4,48.2,84.0,0,3,0.0776,0.14,0.0
CHE-CH0113,Chennai,2026-01-08,1,Winter,1.09,22.3,113.3,142.1,0,1,0.0848,0.0229,0.0841
MUM-MU0178,Mumbai,2025-08-13,8,Monsoon,15.57,24.3,119.0,155.5,0,3,0.0206,0.1549,0.0667
KOL-KO0099,Kolkata,2024-12-21,12,Winter,1.95,23.6,158.8,189.2,0,1,0.0467,0.0268,0.0819
DEL-DE0040,Delhi,2026-03-21,3,Summer,5.19,44.6,96.8,120.4,0,5,0.2769,0.1132,0.0763
AHM-AH0188,Ahmedabad,2025-03-10,3,Summer,9.33,41.5,116.8,152.1,0,1,0.159,0.0465,0.0911
BEN-BE0085,Bengaluru,2025-06-11,6,Monsoon,4.95,25.0,79.0,124.6,0,1,0.0389,0.0411,0.0
BEN-BE0029,Bengaluru,2025-11-13,11,Winter,1.9,27.8,104.5,135.5,1,3,0.0465,0.1373,0.0928
AHM-AH0110,Ahmedabad,2025-12-13,12,Winter,6.3,18.8,117.9,163.6,0,1,0.0721,0.0416,0.0431
PUN-PU0004,Pune,2024-08-08,8,Monsoon,51.28,29.5,79.7,91.7,0,3,0.5198,0.1173,0.1084
AHM-AH0011,Ahmedabad,2025-11-24,11,Winter,5.8,18.0,105.9,128.5,0,3,0.1533,0.0397,0.0253
CHE-CH0118,Chennai,2025-05-27,5,Summer,8.74,34.4,98.8,118.6,0,2,0.0376,0.0708,0.076
AHM-AH0055,Ahmedabad,2025-06-28,6,Monsoon,9.29,34.0,37.7,59.4,0,2,0.1385,0.1214,0.0314
PUN-PU0049,Pune,2025-04-13,4,Summer,16.18,31.9,110.8,144.7,0,2,0.1399,0.0,0.126
PUN-PU0095,Pune,2024-04-04,4,Summer,0.0,38.2,154.1,171.3,0,4,0.1854,0.1366,0.1619
KOL-KO0076,Kolkata,2024-07-02,7,Monsoon,0.98,29.0,93.7,108.5,0,4,0.0708,0.0545,0.077
DEL-DE0139,Delhi,2024-08-19,8,Monsoon,10.87,32.9,99.6,140.6,0,5,0.1437,0.042,0.0566
PUN-PU0061,Pune,2025-05-09,5,Summer,16.13,47.4,92.9,127.9,0,2,0.5032,0.047,0.0807
DEL-DE0085,Delhi,2025-01-16,1,Winter,8.3,28.5,366.6,380.1,0,2,0.014,0.0539,0.6198
BEN-BE0023,Bengaluru,2024-11-21,11,Winter,3.07,29.5,115.3,132.5,1,1,0.0,0.1738,0.044
BEN-BE0023,Bengaluru,2024-08-24,8,Monsoon,17.22,25.2,100.0,141.2,0,5,0.0898,0.0,0.1085
MUM-MU0121,Mumbai,2025-04-09,4,Summer,3.43,41.1,122.8,143.4,0,5,0.2225,0.0465,0.109
HYD-HY0167,Hyderabad,2026-02-12,2,Winter,5.38,17.9,72.9,114.9,0,3,0.2462,0.0441,0.0521
CHE-CH0118,Chennai,2026-01-10,1,Winter,14.78,32.2,97.4,136.8,0,1,0.1451,0.0,0.0
HYD-HY0090,Hyderabad,2025-05-04,5,Summer,0.0,33.6,121.2,154.4,0,5,0.1093,0.0375,0.1172
BEN-BE0175,Bengaluru,2026-03-30,3,Summer,0.0,38.5,54.7,73.7,1,3,0.0485,0.2733,0.0706
PUN-PU0022,Pune,2025-11-10,11,Winter,0.0,23.0,150.5,166.3,0,1,0.0594,0.0904,0.195
HYD-HY0103,Hyderabad,2024-09-09,9,Monsoon,47.06,36.9,123.5,172.7,0,2,0.5765,0.0046,0.0777
DEL-DE0144,Delhi,2025-05-04,5,Summer,3.75,40.0,129.9,168.4,0,3,0.161,0.0547,0.1049
CHE-CH0062,Chennai,2026-03-29,3,Summer,3.96,43.1,125.7,171.1,0,2,0.3808,0.0373,0.0574
AHM-AH0041,Ahmedabad,2024-06-03,6,Monsoon,14.42,30.1,69.5,105.5,0,1,0.0,0.0025,0.0224
BEN-BE0199,Bengaluru,2026-03-18,3,Summer,13.3,38.9,97.5,113.0,1,3,0.137,0.1655,0.0
BEN-BE0192,Bengaluru,2026-03-09,3,Summer,0.0,25.1,94.9,133.7,0,1,0.0801,0.0432,0.0466
HYD-HY0172,Hyderabad,2026-01-21,1,Winter,2.44,32.2,112.0,145.0,0,3,0.221,0.0,0.0384
BEN-BE0147,Bengaluru,2025-11-28,11,Winter,3.22,15.0,116.0,151.4,0,2,0.1163,0.0747,0.0047
HYD-HY0053,Hyderabad,2025-10-19,10,Winter,0.0,27.4,69.6,100.1,0,2,0.0859,0.1054,0.0218
PUN-PU0191,Pune,2024-05-29,5,Summer,35.18,33.9,140.4,159.0,0,2,0.4376,0.0322,0.0363
MUM-MU0195,Mumbai,2026-02-03,2,Winter,5.77,21.8,80.4,111.2,3,4,0.1788,0.54,0.0301
DEL-DE0077,Delhi,2024-12-13,12,Winter,3.83,30.3,237.0,280.9,2,2,0.1586,0.3638,0.3873
AHM-AH0136,Ahmedabad,2025-05-23,5,Summer,0.0,36.7,77.7,101.5,0,2,0.0,0.0446,0.0339
KOL-KO0042,Kolkata,2024-06-07,6,Monsoon,12.48,32.4,145.3,183.0,0,5,0.1953,0.0756,0.1121
MUM-MU0121,Mumbai,2024-09-11,9,Monsoon,22.07,28.9,98.9,119.7,1,3,0.298,0.1421,0.0515
BEN-BE0167,Bengaluru,2025-01-22,1,Winter,0.0,25.6,94.3,143.3,1,3,0.0,0.1768,0.0311
PUN-PU0143,Pune,2025-08-31,8,Monsoon,52.09,33.6,79.2,123.2,0,3,0.6199,0.0859,0.0152
DEL-DE0059,Delhi,2025-11-10,11,Winter,2.94,26.4,186.8,220.0,0,4,0.093,0.0081,0.2311
AHM-AH0036,Ahmedabad,2025-01-11,1,Winter,1.06,24.0,113.5,162.1,0,1,0.1541,0.0492,0.096
DEL-DE0071,Delhi,2024-08-23,8,Monsoon,6.68,34.2,45.7,83.6,0,3,0.0,0.0965,0.0577
BEN-BE0111,Bengaluru,2025-03-18,3,Summer,3.54,42.9,43.3,68.0,0,3,0.2407,0.0395,0.071
DEL-DE0099,Delhi,2025-03-26,3,Summer,3.21,44.0,120.0,160.1,0,4,0.1978,0.0,0.163
AHM-AH0056,Ahmedabad,2024-04-30,4,Summer,0.0,44.2,158.3,189.1,0,4,0.304,0.0431,0.1912
CHE-CH0059,Chennai,2026-01-13,1,Winter,4.71,21.8,82.3,108.8,1,3,0.199,0.2065,0.0315
BEN-BE0106,Bengaluru,2025-03-23,3,Summer,0.87,39.4,91.9,115.9,0,2,0.1435,0.0992,0.015
AHM-AH0159,Ahmedabad,2024-12-08,12,Winter,16.15,24.8,34.1,77.9,0,3,0.0539,0.1213,0.0
PUN-PU0184,Pune,2024-10-04,10,Winter,0.0,25.1,111.0,126.0,1,3,0.1189,0.2175,0.0754
KOL-KO0004,Kolkata,2026-02-27,2,Winter,9.08,19.6,116.1,148.5,0,3,0.0663,0.053,0.0741
HYD-HY0002,Hyderabad,2024-10-11,10,Winter,1.91,29.0,157.1,204.3,0,3,0.123,0.0935,0.1472
DEL-DE0091,Delhi,2024-08-31,8,Monsoon,10.78,28.6,134.7,162.3,0,4,0.1472,0.0416,0.1267
HYD-HY0182,Hyderabad,2025-12-21,12,Winter,4.88,24.0,143.8,186.8,0,4,0.0,0.0759,0.082
PUN-PU0095,Pune,2025-01-07,1,Winter,1.92,19.5,68.8,101.4,0,3,0.2093,0.0163,0.016
BEN-BE0150,Bengaluru,2024-04-29,4,Summer,7.53,42.9,84.1,112.5,1,3,0.295,0.2392,0.0
PUN-PU0085,Pune,2024-08-05,8,Monsoon,5.77,22.8,113.1,128.8,0,3,0.0462,0.0,0.0714
KOL-KO0048,Kolkata,2025-02-05,2,Winter,0.0,27.2,299.8,321.2,0,5,0.1923,0.0456,0.5499
CHE-CH0168,Chennai,2025-07-04,7,Monsoon,30.32,34.6,129.4,156.8,0,4,0.5169,0.0449,0.1339
KOL-KO0125,Kolkata,2025-04-17,4,Summer,11.64,42.5,196.1,241.7,1,3,0.2465,0.1974,0.2939
MUM-MU0154,Mumbai,2024-10-18,10,Winter,3.29,22.9,37.6,53.5,0,1,0.0643,0.0498,0.0748
PUN-PU0097,Pune,2025-09-23,9,Monsoon,21.87,27.7,70.1,99.0,0,4,0.3441,0.0163,0.0332
AHM-AH0174,Ahmedabad,2025-07-22,7,Monsoon,33.96,36.5,121.3,171.2,0,5,0.4099,0.0,0.0643
MUM-MU0190,Mumbai,2025-08-30,8,Monsoon,28.54,30.1,179.7,207.1,0,1,0.4409,0.0553,0.2736
KOL-KO0025,Kolkata,2025-12-20,12,Winter,2.33,22.5,160.7,189.2,0,1,0.0743,0.0412,0.1922
HYD-HY0055,Hyderabad,2025-12-04,12,Winter,11.25,29.9,126.5,158.7,0,1,0.1206,0.0818,0.045
AHM-AH0135,Ahmedabad,2025-06-30,6,Monsoon,37.16,30.1,51.1,82.7,0,1,0.4186,0.0463,0.0661
BEN-BE0169,Bengaluru,2025-12-14,12,Winter,0.0,20.7,162.3,186.7,0,3,0.0275,0.1042,0.1914
AHM-AH0022,Ahmedabad,2026-03-18,3,Summer,0.0,46.0,91.0,107.7,0,4,0.3448,0.0,0.0384
CHE-CH0155,Chennai,2024-10-25,10,Winter,12.84,29.4,49.2,92.9,0,3,0.2037,0.112,0.0986
KOL-KO0131,Kolkata,2025-07-08,7,Monsoon,8.36,29.0,242.2,273.4,0,2,0.2052,0.0211,0.395
KOL-KO0199,Kolkata,2026-01-15,1,Winter,6.67,19.7,133.3,159.8,0,2,0.0478,0.0367,0.0957
CHE-CH0070,Chennai,2024-04-23,4,Summer,7.96,23.5,170.5,184.1,1,2,0.0352,0.2783,0.2173
HYD-HY0191,Hyderabad,2024-07-20,7,Monsoon,27.68,35.2,148.0,181.8,1,3,0.4112,0.2223,0.1606
MUM-MU0005,Mumbai,2024-11-11,11,Winter,0.64,25.5,108.1,119.3,0,4,0.1183,0.0,0.0234
AHM-AH0185,Ahmedabad,2025-02-16,2,Winter,4.26,31.2,92.4,139.4,1,3,0.0332,0.2443,0.0627
AHM-AH0100,Ahmedabad,2024-06-15,6,Monsoon,19.49,35.3,30.0,69.1,0,3,0.1979,0.0978,0.0
MUM-MU0190,Mumbai,2024-12-07,12,Winter,0.0,19.2,162.2,186.6,0,2,0.0,0.0698,0.1318
AHM-AH0096,Ahmedabad,2024-04-26,4,Summer,17.01,38.9,90.5,119.0,0,2,0.056,0.0,0.0
KOL-KO0138,Kolkata,2024-07-20,7,Monsoon,13.58,37.7,64.3,82.3,0,5,0.0942,0.14,0.0666
PUN-PU0100,Pune,2024-10-18,10,Winter,0.0,15.4,48.8,61.1,0,4,0.1707,0.0416,0.0931
PUN-PU0160,Pune,2024-05-14,5,Summer,5.91,32.7,30.0,54.2,0,4,0.1643,0.053,0.0
AHM-AH0028,Ahmedabad,2025-01-30,1,Winter,6.72,25.3,90.2,109.4,0,3,0.149,0.0798,0.0269
CHE-CH0133,Chennai,2024-10-02,10,Winter,3.63,26.0,103.2,134.9,0,1,0.0361,0.0495,0.0399
MUM-MU0129,Mumbai,2024-11-29,11,Winter,1.62,29.9,134.0,145.5,1,5,0.0201,0.2356,0.0533
HYD-HY0094,Hyderabad,2025-02-09,2,Winter,3.99,21.4,93.7,141.5,1,1,0.0,0.1992,0.0389
KOL-KO0014,Kolkata,2026-01-01,1,Winter,4.66,31.4,113.7,143.2,0,3,0.0781,0.0046,0.0034
BEN-BE0046,Bengaluru,2024-04-04,4,Summer,0.0,45.8,107.8,123.3,1,4,0.3658,0.2243,0.0
KOL-KO0079,Kolkata,2025-04-11,4,Summer,0.0,35.3,115.8,135.1,0,1,0.0,0.045,0.0703
BEN-BE0033,Bengaluru,2024-04-23,4,Summer,3.43,38.6,48.4,85.3,0,5,0.1667,0.0202,0.1217
HYD-HY0013,Hyderabad,2026-02-17,2,Winter,0.0,16.7,134.1,144.9,0,5,0.0257,0.0469,0.0785
BEN-BE0149,Bengaluru,2026-01-29,1,Winter,6.63,15.0,30.0,58.3,0,4,0.0,0.0,0.0211
CHE-CH0061,Chennai,2024-04-25,4,Summer,1.21,40.7,112.4,128.5,0,1,0.0534,0.04,0.0255
BEN-BE0180,Bengaluru,2024-08-03,8,Monsoon,18.13,25.3,125.0,153.2,0,4,0.1779,0.0262,0.0825
CHE-CH0091,Chennai,2025-10-20,10,Winter,0.44,22.6,130.1,151.3,0,1,0.1873,0.0594,0.1014
HYD-HY0120,Hyderabad,2026-03-13,3,Summer,0.29,34.1,98.7,110.9,0,3,0.0368,0.0648,0.0
HYD-HY0183,Hyderabad,2025-09-21,9,Monsoon,29.24,26.1,30.0,60.1,0,4,0.4466,0.1384,0.0501
DEL-DE0067,Delhi,2025-03-06,3,Summer,1.62,39.9,41.7,80.3,0,1,0.0711,0.0606,0.0012
HYD-HY0159,Hyderabad,2025-05-30,5,Summer,2.83,32.1,136.6,179.3,0,2,0.1837,0.0373,0.1236
KOL-KO0193,Kolkata,2026-04-02,4,Summer,5.71,35.8,61.7,79.1,0,2,0.055,0.0894,0.0159
CHE-CH0103,Chennai,2025-05-04,5,Summer,0.0,25.5,35.4,56.8,0,3,0.16,0.0132,0.0107
PUN-PU0197,Pune,2024-09-11,9,Monsoon,14.21,31.9,87.1,100.2,0,3,0.1906,0.0,0.0
AHM-AH0161,Ahmedabad,2025-04-10,4,Summer,0.0,48.0,94.6,125.4,0,2,0.4523,0.0,0.0979
MUM-MU0099,Mumbai,2025-08-15,8,Monsoon,18.27,28.7,145.5,170.5,0,5,0.0881,0.0178,0.0927
MUM-MU0094,Mumbai,2024-05-24,5,Summer,1.57,29.4,96.6,110.1,0,3,0.1823,0.0811,0.0
DEL-DE0003,Delhi,2025-10-25,10,Winter,3.35,21.5,318.1,353.8,0,3,0.0209,0.142,0.5134
PUN-PU0082,Pune,2024-06-16,6,Monsoon,17.42,26.6,67.2,87.2,0,1,0.1374,0.0425,0.0606
KOL-KO0141,Kolkata,2024-05-06,5,Summer,1.75,30.7,164.5,205.8,0,2,0.1591,0.0692,0.2481
MUM-MU0033,Mumbai,2024-09-06,9,Monsoon,26.57,30.7,105.2,116.4,0,2,0.3707,0.0501,0.0915
DEL-DE0054,Delhi,2024-10-03,10,Winter,8.19,24.9,427.1,466.1,0,1,0.1593,0.0243,0.8498
DEL-DE0123,Delhi,2025-06-07,6,Monsoon,65.21,33.9,170.7,211.1,0,3,0.7096,0.0,0.1546
KOL-KO0103,Kolkata,2025-01-28,1,Winter,2.45,24.6,91.7,130.2,0,2,0.0914,0.0675,0.1131
KOL-KO0134,Kolkata,2025-06-19,6,Monsoon,19.3,29.8,130.5,147.9,0,4,0.1152,0.041,0.1019
MUM-MU0001,Mumbai,2025-08-16,8,Monsoon,41.78,26.6,78.9,118.4,0,3,0.541,0.0901,0.0275
KOL-KO0076,Kolkata,2026-01-26,1,Winter,2.8,20.6,148.7,175.3,0,1,0.149,0.0,0.1168
BEN-BE0014,Bengaluru,2025-10-19,10,Winter,0.0,15.0,76.8,111.5,0,2,0.0113,0.0183,0.0114
AHM-AH0010,Ahmedabad,2024-08-15,8,Monsoon,61.07,34.2,114.3,139.9,0,2,0.6701,0.0661,0.0555
DEL-DE0070,Delhi,2026-02-19,2,Winter,2.11,17.6,394.6,419.1,0,1,0.0238,0.0872,0.7727
PUN-PU0131,Pune,2025-07-30,7,Monsoon,55.44,32.0,87.5,98.3,0,1,0.5862,0.0485,0.0
CHE-CH0018,Chennai,2025-01-10,1,Winter,0.0,23.1,142.1,171.2,0,5,0.2169,0.0352,0.158
DEL-DE0125,Delhi,2025-10-22,10,Winter,6.24,24.0,459.6,504.4,1,3,0.1839,0.2066,0.9074
BEN-BE0161,Bengaluru,2026-03-23,3,Summer,4.14,45.7,82.5,95.0,0,2,0.4505,0.1619,0.0506
MUM-MU0191,Mumbai,2025-10-12,10,Winter,29.23,21.2,120.3,154.6,1,4,0.3637,0.214,0.1015
PUN-PU0140,Pune,2025-06-25,6,Monsoon,6.0,20.2,126.0,169.6,0,3,0.0263,0.1033,0.0952
CHE-CH0138,Chennai,2024-08-17,8,Monsoon,34.15,32.2,75.9,121.6,0,3,0.5065,0.0256,0.0882
BEN-BE0112,Bengaluru,2025-06-27,6,Monsoon,20.37,33.6,88.5,138.4,0,4,0.2411,0.089,0.0798
MUM-MU0168,Mumbai,2024-12-12,12,Winter,1.69,17.5,124.2,167.9,0,4,0.1146,0.0433,0.0991
CHE-CH0161,Chennai,2024-09-27,9,Monsoon,9.0,23.7,113.8,154.2,0,5,0.2135,0.0792,0.1092
PUN-PU0160,Pune,2025-04-12,4,Summer,2.12,33.9,56.0,104.0,2,1,0.2055,0.3408,0.0
PUN-PU0128,Pune,2025-01-24,1,Winter,0.0,26.8,134.7,176.5,0,2,0.1438,0.0687,0.0618
DEL-DE0138,Delhi,2024-09-30,9,Monsoon,6.88,30.9,99.0,128.6,0,1,0.2105,0.0079,0.0068
MUM-MU0106,Mumbai,2024-05-16,5,Summer,6.6,26.8,30.0,43.0,1,3,0.0965,0.2354,0.0504
KOL-KO0011,Kolkata,2026-03-05,3,Summer,12.64,39.8,121.2,149.1,0,2,0.0462,0.0348,0.0891
PUN-PU0081,Pune,2025-10-10,10,Winter,4.8,30.2,78.4,109.5,1,3,0.0168,0.1472,0.0
CHE-CH0025,Chennai,2025-07-03,7,Monsoon,20.07,27.5,66.6,82.9,0,1,0.3561,0.1049,0.0432
AHM-AH0086,Ahmedabad,2024-09-23,9,Monsoon,17.5,34.3,92.9,138.6,0,1,0.1913,0.058,0.1069
AHM-AH0032,Ahmedabad,2025-10-23,10,Winter,1.82,30.8,112.0,123.2,0,3,0.0075,0.0455,0.0
AHM-AH0146,Ahmedabad,2025-01-07,1,Winter,0.0,23.1,139.2,157.1,0,4,0.1974,0.0266,0.1831
BEN-BE0079,Bengaluru,2025-03-19,3,Summer,3.45,38.2,85.4,105.5,0,4,0.0574,0.063,0.0434
KOL-KO0079,Kolkata,2025-08-25,8,Monsoon,42.38,27.1,125.0,168.0,0,1,0.5678,0.0889,0.0707
PUN-PU0142,Pune,2025-06-30,6,Monsoon,3.19,36.8,109.9,134.7,0,3,0.1148,0.0285,0.0729
MUM-MU0186,Mumbai,2024-08-18,8,Monsoon,21.33,32.9,50.6,82.0,0,2,0.3458,0.0331,0.0016
AHM-AH0041,Ahmedabad,2025-07-20,7,Monsoon,16.99,25.7,183.3,227.5,0,4,0.0443,0.0672,0.1609
MUM-MU0194,Mumbai,2024-04-25,4,Summer,6.28,42.9,90.5,126.4,0,3,0.2117,0.028,0.0
MUM-MU0002,Mumbai,2025-03-21,3,Summer,37.0,30.2,157.4,206.2,0,3,0.4974,0.0607,0.1307
BEN-BE0037,Bengaluru,2025-04-12,4,Summer,6.5,36.5,92.2,106.9,0,2,0.0142,0.1597,0.0
KOL-KO0176,Kolkata,2025-04-13,4,Summer,3.0,34.8,96.7,133.3,0,3,0.2903,0.0408,0.0504
MUM-MU0159,Mumbai,2025-09-06,9,Monsoon,53.5,30.1,148.0,189.9,0,2,0.6121,0.0975,0.1569
DEL-DE0071,Delhi,2024-04-19,4,Summer,0.0,41.3,76.9,126.0,0,4,0.0371,0.0,0.1309
PUN-PU0015,Pune,2025-03-21,3,Summer,2.77,30.9,84.4,110.4,0,4,0.2137,0.0527,0.0511
BEN-BE0063,Bengaluru,2025-10-27,10,Winter,3.69,27.4,93.9,143.3,0,1,0.1969,0.1108,0.0348
HYD-HY0063,Hyderabad,2024-05-12,5,Summer,12.88,48.0,64.6,102.1,0,3,0.5145,0.0345,0.0
PUN-PU0192,Pune,2024-04-04,4,Summer,9.85,40.2,76.9,97.2,1,1,0.0398,0.2133,0.0753
KOL-KO0111,Kolkata,2025-07-17,7,Monsoon,22.97,23.9,111.4,123.8,0,2,0.3394,0.0,0.0341
MUM-MU0019,Mumbai,2024-09-09,9,Monsoon,25.55,33.2,88.9,110.8,1,2,0.3299,0.2017,0.0
MUM-MU0016,Mumbai,2025-07-04,7,Monsoon,11.28,32.4,111.4,129.5,0,3,0.0226,0.0574,0.0
AHM-AH0024,Ahmedabad,2026-04-01,4,Summer,0.0,35.8,118.8,138.9,0,3,0.032,0.0972,0.0905
CHE-CH0103,Chennai,2026-03-05,3,Summer,0.0,45.6,131.1,178.2,0,4,0.295,0.0972,0.1426
DEL-DE0046,Delhi,2024-06-18,6,Monsoon,10.05,39.4,57.7,87.1,0,2,0.0641,0.0938,0.0431
KOL-KO0064,Kolkata,2024-10-25,10,Winter,10.49,20.7,52.9,94.7,1,1,0.221,0.2239,0.0091
AHM-AH0021,Ahmedabad,2026-02-19,2,Winter,0.0,26.9,68.6,82.0,0,3,0.026,0.0,0.0347
DEL-DE0070,Delhi,2026-01-23,1,Winter,8.49,33.3,266.9,308.4,0,2,0.0459,0.0522,0.4398
KOL-KO0178,Kolkata,2025-05-06,5,Summer,31.84,33.2,206.9,219.2,1,5,0.4309,0.1437,0.2727
MUM-MU0145,Mumbai,2024-07-03,7,Monsoon,2.39,25.4,100.4,120.2,0,4,0.2408,0.0182,0.0281
BEN-BE0068,Bengaluru,2025-07-14,7,Monsoon,33.44,25.1,123.1,143.3,0,4,0.3449,0.0417,0.081
CHE-CH0184,Chennai,2025-04-15,4,Summer,9.79,32.4,83.0,107.4,0,3,0.1015,0.0458,0.1041
MUM-MU0182,Mumbai,2025-09-03,9,Monsoon,14.95,26.8,97.1,115.5,0,2,0.0864,0.0864,0.0
AHM-AH0096,Ahmedabad,2025-03-28,3,Summer,0.83,48.0,96.5,126.8,0,3,0.4947,0.0575,0.0617
DEL-DE0009,Delhi,2025-03-23,3,Summer,0.0,46.6,76.8,99.8,0,3,0.4384,0.0724,0.0316
DEL-DE0011,Delhi,2024-07-23,7,Monsoon,27.38,26.4,139.0,178.9,0,5,0.4018,0.0698,0.1579
CHE-CH0041,Chennai,2024-08-06,8,Monsoon,37.94,28.4,102.0,118.9,0,4,0.4951,0.1016,0.0964
CHE-CH0152,Chennai,2024-10-06,10,Winter,0.08,18.3,113.6,131.0,0,5,0.0399,0.0,0.1593
CHE-CH0012,Chennai,2026-01-28,1,Winter,5.66,17.1,88.6,137.1,0,3,0.1793,0.0091,0.0522
DEL-DE0080,Delhi,2025-12-20,12,Winter,0.0,35.1,326.9,371.1,0,3,0.1597,0.0532,0.5556
CHE-CH0183,Chennai,2024-12-07,12,Winter,0.0,20.5,150.8,170.9,0,1,0.0857,0.0172,0.126
AHM-AH0184,Ahmedabad,2026-02-02,2,Winter,3.68,19.5,124.5,157.1,0,3,0.1249,0.0502,0.0433
AHM-AH0142,Ahmedabad,2025-03-28,3,Summer,2.07,43.4,78.9,102.9,1,1,0.2718,0.1243,0.0199
DEL-DE0072,Delhi,2024-04-13,4,Summer,17.65,29.4,130.2,165.8,1,4,0.0709,0.2119,0.0661
PUN-PU0113,Pune,2025-03-15,3,Summer,8.33,48.0,100.8,145.8,1,5,0.4816,0.1858,0.0171
PUN-PU0186,Pune,2026-03-13,3,Summer,8.5,38.5,49.5,65.0,1,2,0.0472,0.2186,0.0626
DEL-DE0092,Delhi,2026-03-03,3,Summer,12.81,35.3,110.5,140.4,1,1,0.0518,0.1606,0.0695
MUM-MU0140,Mumbai,2024-09-06,9,Monsoon,73.38,23.5,170.4,190.0,0,2,0.8796,0.1047,0.2466
HYD-HY0086,Hyderabad,2025-09-17,9,Monsoon,10.28,32.0,71.8,116.3,0,2,0.1976,0.0,0.0
HYD-HY0153,Hyderabad,2025-12-11,12,Winter,0.0,18.6,135.0,157.0,0,5,0.0769,0.0488,0.1919
MUM-MU0017,Mumbai,2025-12-10,12,Winter,0.0,23.6,158.1,188.5,0,3,0.0824,0.0319,0.1368
PUN-PU0049,Pune,2025-10-17,10,Winter,0.0,24.6,98.1,140.6,0,5,0.1108,0.0187,0.046
PUN-PU0131,Pune,2025-11-13,11,Winter,0.0,15.0,35.9,71.4,0,5,0.0243,0.1446,0.031
DEL-DE0136,Delhi,2024-07-22,7,Monsoon,0.0,29.6,172.2,213.1,1,3,0.0595,0.214,0.1348
KOL-KO0101,Kolkata,2025-11-14,11,Winter,7.58,34.0,157.1,194.1,0,3,0.041,0.0405,0.2942
CHE-CH0119,Chennai,2025-12-04,12,Winter,0.0,26.4,107.3,137.9,0,2,0.12,0.028,0.1111
AHM-AH0079,Ahmedabad,2025-11-01,11,Winter,0.0,15.8,95.5,114.2,0,2,0.2895,0.1027,0.0117
BEN-BE0036,Bengaluru,2025-11-17,11,Winter,7.48,15.8,100.1,115.7,0,2,0.0994,0.0667,0.0343
PUN-PU0086,Pune,2025-10-09,10,Winter,0.0,15.0,71.8,102.9,0,5,0.1357,0.1132,0.0796
AHM-AH0132,Ahmedabad,2025-01-28,1,Winter,14.78,21.3,82.4,94.2,0,1,0.0022,0.08,0.0459
DEL-DE0110,Delhi,2025-09-05,9,Monsoon,25.29,33.8,53.4,72.9,0,3,0.3372,0.086,0.0
KOL-KO0043,Kolkata,2025-08-25,8,Monsoon,17.95,37.2,83.1,99.6,0,2,0.0216,0.0263,0.0077
PUN-PU0061,Pune,2024-11-24,11,Winter,8.64,15.3,64.8,88.2,0,4,0.1211,0.0201,0.0434
AHM-AH0006,Ahmedabad,2026-03-29,3,Summer,18.24,38.3,153.1,193.7,0,3,0.0408,0.0865,0.1491
KOL-KO0106,Kolkata,2024-10-09,10,Winter,4.11,18.6,225.6,243.3,0,3,0.1275,0.0,0.2955
BEN-BE0044,Bengaluru,2025-04-10,4,Summer,3.23,35.9,97.0,120.6,1,3,0.0028,0.2392,0.0
MUM-MU0177,Mumbai,2024-04-17,4,Summer,0.05,45.1,160.5,185.3,0,3,0.4125,0.0836,0.1217
DEL-DE0005,Delhi,2026-03-24,3,Summer,4.56,40.5,131.9,152.7,0,2,0.0715,0.1113,0.086
DEL-DE0086,Delhi,2025-01-08,1,Winter,0.0,28.6,297.8,343.6,0,3,0.0627,0.0,0.496
AHM-AH0141,Ahmedabad,2025-09-30,9,Monsoon,22.98,31.0,111.1,160.5,0,5,0.3718,0.0253,0.0923
DEL-DE0052,Delhi,2025-02-12,2,Winter,2.11,22.2,334.1,362.0,0,3,0.201,0.0445,0.6272
PUN-PU0007,Pune,2025-04-30,4,Summer,0.0,40.0,83.5,101.7,0,3,0.1082,0.0,0.1346
AHM-AH0095,Ahmedabad,2025-11-12,11,Winter,0.0,33.0,61.6,96.1,0,2,0.1222,0.0925,0.0628
CHE-CH0186,Chennai,2026-03-12,3,Summer,4.01,39.4,106.2,126.0,0,2,0.1178,0.0,0.02
CHE-CH0119,Chennai,2025-04-21,4,Summer,0.0,39.5,57.5,68.0,1,3,0.1049,0.2112,0.0007
KOL-KO0079,Kolkata,2024-07-23,7,Monsoon,22.99,32.2,130.3,164.4,0,4,0.2976,0.0645,0.0522
CHE-CH0044,Chennai,2025-05-06,5,Summer,7.58,36.7,108.9,157.9,0,4,0.0,0.0179,0.0795
DEL-DE0086,Delhi,2024-05-04,5,Summer,0.0,40.3,81.3,129.7,0,2,0.1085,0.062,0.0
BEN-BE0107,Bengaluru,2025-05-20,5,Summer,13.84,48.0,156.2,192.8,0,3,0.5343,0.1051,0.2066
BEN-BE0167,Bengaluru,2025-08-13,8,Monsoon,9.0,21.7,113.2,131.9,0,2,0.1389,0.0,0.124
PUN-PU0120,Pune,2024-08-01,8,Monsoon,38.17,32.7,63.4,98.0,1,2,0.4637,0.162,0.0196
MUM-MU0172,Mumbai,2025-06-13,6,Monsoon,40.5,29.2,71.1,100.1,1,2,0.5031,0.203,0.0
BEN-BE0108,Bengaluru,2024-06-09,6,Monsoon,57.04,34.3,30.0,57.5,0,1,0.7221,0.0161,0.0
HYD-HY0133,Hyderabad,2025-01-24,1,Winter,0.0,20.0,144.4,172.9,0,2,0.1238,0.0279,0.1929
PUN-PU0030,Pune,2024-04-16,4,Summer,13.21,40.9,163.6,175.7,0,3,0.1246,0.0205,0.1982
PUN-PU0028,Pune,2025-03-26,3,Summer,5.56,36.4,106.2,133.5,1,4,0.1402,0.2023,0.0
AHM-AH0076,Ahmedabad,2026-03-28,3,Summer,0.0,43.7,30.0,49.6,2,3,0.2871,0.3645,0.0
PUN-PU0044,Pune,2024-11-14,11,Winter,2.58,15.0,52.5,72.9,0,2,0.1936,0.0745,0.0
BEN-BE0183,Bengaluru,2025-11-15,11,Winter,0.0,16.4,89.9,112.7,0,1,0.1182,0.0346,0.0662
AHM-AH0195,Ahmedabad,2025-12-03,12,Winter,0.74,26.9,116.4,146.2,0,3,0.0703,0.0212,0.0069
AHM-AH0014,Ahmedabad,2025-06-08,6,Monsoon,3.14,28.4,64.9,83.5,0,3,0.2781,0.0889,0.0294
MUM-MU0054,Mumbai,2025-04-19,4,Summer,13.71,40.0,106.4,117.9,0,1,0.0,0.0,0.0
PUN-PU0148,Pune,2025-12-01,12,Winter,0.0,21.7,132.4,172.6,0,4,0.1252,0.0735,0.0933
CHE-CH0017,Chennai,2025-05-22,5,Summer,5.04,35.6,67.1,79.3,0,3,0.1313,0.0699,0.0691
BEN-BE0020,Bengaluru,2025-02-04,2,Winter,0.0,19.2,42.6,79.5,1,1,0.1484,0.1517,0.0225
HYD-HY0060,Hyderabad,2025-03-12,3,Summer,6.99,48.0,136.5,182.5,0,5,0.5153,0.0665,0.173
PUN-PU0042,Pune,2024-05-14,5,Summer,6.85,34.1,115.2,132.6,0,3,0.1207,0.044,0.1166
HYD-HY0043,Hyderabad,2025-05-28,5,Summer,0.0,39.1,133.9,175.9,0,5,0.2254,0.1263,0.1073
DEL-DE0186,Delhi,2024-07-10,7,Monsoon,44.58,31.1,127.3,174.6,0,2,0.4164,0.0128,0.0578
AHM-AH0131,Ahmedabad,2024-09-27,9,Monsoon,4.42,25.7,71.9,84.2,0,2,0.1541,0.0,0.0
KOL-KO0002,Kolkata,2024-05-09,5,Summer,19.35,30.1,210.5,228.9,0,4,0.0829,0.0741,0.2928
CHE-CH0005,Chennai,2025-05-25,5,Summer,0.0,26.7,110.8,132.9,0,1,0.0,0.1193,0.0972
PUN-PU0123,Pune,2024-09-22,9,Monsoon,8.38,30.4,133.8,153.3,0,1,0.0194,0.0733,0.0899
MUM-MU0111,Mumbai,2024-07-19,7,Monsoon,19.09,31.9,125.9,157.8,0,1,0.149,0.0456,0.0935
BEN-BE0090,Bengaluru,2024-12-24,12,Winter,5.52,17.7,34.4,57.9,0,4,0.0034,0.1029,0.0
HYD-HY0013,Hyderabad,2025-06-01,6,Monsoon,27.81,32.2,207.5,236.1,0,3,0.3427,0.0635,0.191
CHE-CH0190,Chennai,2025-11-29,11,Winter,14.66,32.4,110.4,150.5,0,1,0.0771,0.0814,0.0748
DEL-DE0030,Delhi,2024-07-29,7,Monsoon,0.0,38.7,30.0,44.6,0,4,0.0,0.0518,0.0
BEN-BE0093,Bengaluru,2024-09-27,9,Monsoon,41.92,30.3,135.3,168.1,0,4,0.5008,0.0731,0.114
HYD-HY0023,Hyderabad,2024-11-09,11,Winter,0.0,21.7,103.4,138.1,0,3,0.0914,0.0529,0.0761
PUN-PU0106,Pune,2026-01-18,1,Winter,3.63,23.1,82.4,116.7,0,4,0.1928,0.102,0.0899
PUN-PU0016,Pune,2026-02-24,2,Winter,0.0,15.0,30.0,68.6,0,5,0.0,0.0,0.0573
MUM-MU0145,Mumbai,2025-11-27,11,Winter,0.0,24.1,88.0,135.8,0,1,0.107,0.0458,0.0
HYD-HY0081,Hyderabad,2025-12-07,12,Winter,0.07,23.2,108.0,119.0,0,1,0.0715,0.148,0.0589
MUM-MU0024,Mumbai,2025-02-19,2,Winter,1.05,23.1,136.2,153.6,0,1,0.1209,0.051,0.0839
CHE-CH0139,Chennai,2024-04-20,4,Summer,0.0,27.8,87.2,98.4,0,2,0.0863,0.0313,0.0142
CHE-CH0048,Chennai,2025-01-22,1,Winter,1.07,22.0,79.3,105.4,1,3,0.1124,0.1166,0.044
DEL-DE0070,Delhi,2025-12-02,12,Winter,4.93,25.5,279.0,293.3,1,1,0.0904,0.1445,0.534
CHE-CH0192,Chennai,2025-08-17,8,Monsoon,20.65,29.0,74.2,109.0,0,2,0.3152,0.0665,0.0
HYD-HY0164,Hyderabad,2025-05-14,5,Summer,6.21,35.5,139.5,151.2,0,5,0.1442,0.1047,0.1431
KOL-KO0061,Kolkata,2026-02-24,2,Winter,6.06,24.1,122.1,167.6,1,1,0.1886,0.2326,0.0442
CHE-CH0148,Chennai,2025-02-17,2,Winter,0.0,18.0,119.2,155.6,0,3,0.1207,0.0783,0.0867
HYD-HY0118,Hyderabad,2024-11-17,11,Winter,3.12,24.8,91.3,114.3,0,5,0.0,0.0417,0.0823
PUN-PU0198,Pune,2024-11-13,11,Winter,11.25,23.8,95.5,110.0,1,2,0.0167,0.2319,0.044
DEL-DE0153,Delhi,2025-10-28,10,Winter,2.93,27.2,375.6,395.9,0,2,0.0648,0.0074,0.6605
AHM-AH0162,Ahmedabad,2024-09-12,9,Monsoon,9.8,30.3,109.0,144.0,0,2,0.0042,0.0476,0.0674
KOL-KO0164,Kolkata,2025-07-13,7,Monsoon,13.68,26.1,181.1,211.1,0,2,0.0027,0.0976,0.198
AHM-AH0177,Ahmedabad,2024-08-09,8,Monsoon,22.37,29.9,110.2,157.6,0,5,0.2227,0.0276,0.08
MUM-MU0149,Mumbai,2024-08-16,8,Monsoon,15.92,34.9,92.6,124.3,0,2,0.2184,0.0,0.0
MUM-MU0034,Mumbai,2025-02-28,2,Winter,4.04,22.8,117.3,139.3,0,2,0.2147,0.0,0.07
PUN-PU0002,Pune,2026-02-01,2,Winter,1.85,26.6,132.4,168.5,0,2,0.0772,0.0534,0.0792
MUM-MU0138,Mumbai,2024-09-19,9,Monsoon,49.7,32.4,94.6,119.8,0,2,0.5897,0.0186,0.1116
MUM-MU0028,Mumbai,2024-06-09,6,Monsoon,17.78,33.3,151.0,192.7,1,2,0.087,0.2635,0.134
BEN-BE0136,Bengaluru,2025-03-18,3,Summer,6.21,32.9,146.4,191.4,0,1,0.2122,0.1111,0.2439
BEN-BE0041,Bengaluru,2024-04-04,4,Summer,5.69,30.8,127.2,145.8,0,1,0.1796,0.0687,0.0476
MUM-MU0081,Mumbai,2024-11-26,11,Winter,7.15,18.4,112.3,137.4,0,5,0.073,0.0198,0.1114
MUM-MU0123,Mumbai,2024-05-09,5,Summer,0.99,40.0,91.7,138.2,1,5,0.1139,0.194,0.0295
KOL-KO0015,Kolkata,2024-05-13,5,Summer,15.94,37.6,115.1,154.8,0,4,0.0,0.0401,0.1351
HYD-HY0037,Hyderabad,2024-11-24,11,Winter,0.0,15.2,77.2,122.1,0,2,0.0145,0.0591,0.0533
BEN-BE0186,Bengaluru,2024-12-09,12,Winter,2.56,20.0,33.5,53.7,0,2,0.0,0.025,0.0452
PUN-PU0087,Pune,2025-03-19,3,Summer,4.05,41.6,128.1,166.3,0,1,0.0839,0.1093,0.2094
AHM-AH0059,Ahmedabad,2025-05-02,5,Summer,20.89,43.2,106.8,134.2,0,3,0.2464,0.0766,0.0956
HYD-HY0026,Hyderabad,2024-10-26,10,Winter,4.24,28.0,104.0,150.4,0,3,0.0,0.0537,0.0392
AHM-AH0171,Ahmedabad,2025-10-11,10,Winter,5.29,17.7,107.0,128.9,0,1,0.1387,0.0255,0.0422
KOL-KO0050,Kolkata,2025-07-03,7,Monsoon,9.51,33.7,55.3,90.9,0,1,0.0481,0.0509,0.0417
KOL-KO0067,Kolkata,2024-09-11,9,Monsoon,28.83,33.9,90.0,111.4,0,4,0.3281,0.1482,0.0
AHM-AH0037,Ahmedabad,2024-12-21,12,Winter,5.72,27.8,194.2,216.1,1,4,0.0222,0.2194,0.3153
KOL-KO0023,Kolkata,2026-01-11,1,Winter,0.0,22.1,137.2,172.9,1,3,0.0164,0.2382,0.1251
MUM-MU0168,Mumbai,2024-09-09,9,Monsoon,7.46,28.7,119.8,147.9,0,1,0.1882,0.062,0.0982
PUN-PU0111,Pune,2026-03-25,3,Summer,3.9,34.4,77.2,92.0,0,2,0.0299,0.0362,0.0418
HYD-HY0098,Hyderabad,2025-03-08,3,Summer,12.72,46.3,165.0,196.3,0,4,0.3562,0.0614,0.1299
HYD-HY0101,Hyderabad,2024-10-31,10,Winter,0.0,18.9,136.5,185.9,1,4,0.1098,0.1145,0.0792
PUN-PU0061,Pune,2025-11-04,11,Winter,5.89,16.1,102.5,123.9,0,3,0.0967,0.0251,0.1003
DEL-DE0112,Delhi,2025-05-23,5,Summer,0.0,46.3,119.2,153.3,1,3,0.373,0.14,0.0793
BEN-BE0168,Bengaluru,2025-04-24,4,Summer,0.0,45.1,152.5,178.6,1,2,0.3306,0.2453,0.1351
MUM-MU0171,Mumbai,2024-04-04,4,Summer,5.5,36.2,167.1,192.7,0,4,0.041,0.03,0.182
CHE-CH0034,Chennai,2026-02-05,2,Winter,0.0,22.5,95.8,119.0,0,3,0.2145,0.0796,0.0
MUM-MU0161,Mumbai,2025-03-16,3,Summer,7.48,44.9,214.9,261.7,0,1,0.3597,0.0682,0.3829
HYD-HY0047,Hyderabad,2025-08-10,8,Monsoon,0.0,24.4,131.3,147.8,0,4,0.1829,0.0913,0.074
BEN-BE0016,Bengaluru,2026-01-30,1,Winter,0.0,18.1,96.9,119.0,2,3,0.2759,0.3881,0.0796
DEL-DE0118,Delhi,2025-02-12,2,Winter,0.0,24.8,500.0,516.0,0,3,0.0295,0.045,0.9501
HYD-HY0098,Hyderabad,2024-08-20,8,Monsoon,23.01,32.5,179.3,193.1,0,2,0.3806,0.0436,0.217
CHE-CH0069,Chennai,2025-06-21,6,Monsoon,62.05,26.1,74.8,95.6,0,3,0.6629,0.0301,0.0521
KOL-KO0000,Kolkata,2025-06-16,6,Monsoon,9.77,32.7,134.2,160.1,0,2,0.0,0.0242,0.1192
PUN-PU0001,Pune,2025-05-24,5,Summer,0.0,48.0,103.3,121.3,0,4,0.3793,0.0743,0.0029
PUN-PU0099,Pune,2025-11-16,11,Winter,3.42,30.3,78.4,115.7,0,5,0.0943,0.0672,0.0
AHM-AH0163,Ahmedabad,2024-06-05,6,Monsoon,8.07,32.5,70.5,115.8,0,3,0.0842,0.016,0.0
PUN-PU0130,Pune,2025-11-14,11,Winter,0.0,24.0,120.3,150.2,0,3,0.1201,0.0928,0.0524
PUN-PU0194,Pune,2024-07-30,7,Monsoon,9.35,16.2,80.0,91.2,0,5,0.1235,0.1231,0.0781
PUN-PU0117,Pune,2025-10-27,10,Winter,3.99,20.3,148.9,162.7,0,3,0.1447,0.0,0.1588
MUM-MU0135,Mumbai,2024-11-23,11,Winter,7.96,19.7,136.4,186.0,0,1,0.1447,0.0338,0.1072
CHE-CH0035,Chennai,2025-10-20,10,Winter,0.12,25.0,85.3,121.2,0,1,0.1323,0.0512,0.0016
AHM-AH0030,Ahmedabad,2025-05-08,5,Summer,7.18,44.8,83.5,118.5,1,3,0.3108,0.1848,0.0168
KOL-KO0095,Kolkata,2025-02-12,2,Winter,0.0,18.4,120.6,163.7,0,2,0.0638,0.0795,0.0711
AHM-AH0094,Ahmedabad,2024-06-16,6,Monsoon,47.83,31.4,65.3,76.8,0,2,0.5902,0.0885,0.0374
BEN-BE0088,Bengaluru,2025-02-10,2,Winter,4.58,27.7,123.5,148.9,0,2,0.07,0.0925,0.1217
MUM-MU0118,Mumbai,2024-07-17,7,Monsoon,21.93,26.1,169.8,187.0,0,1,0.2889,0.0559,0.1386
BEN-BE0100,Bengaluru,2025-03-08,3,Summer,5.74,22.5,87.0,115.6,1,3,0.0292,0.1879,0.0047
MUM-MU0176,Mumbai,2025-07-24,7,Monsoon,25.33,30.9,145.9,182.5,0,4,0.3733,0.002,0.1059
KOL-KO0089,Kolkata,2024-11-10,11,Winter,1.92,31.8,158.0,201.9,0,1,0.036,0.0045,0.2602
DEL-DE0037,Delhi,2025-10-30,10,Winter,0.0,24.4,331.9,342.1,1,4,0.1233,0.2033,0.5854
KOL-KO0128,Kolkata,2025-05-22,5,Summer,10.98,39.0,139.0,150.3,1,5,0.0866,0.1914,0.1791
PUN-PU0053,Pune,2024-08-11,8,Monsoon,17.38,32.7,38.0,60.3,0,5,0.0104,0.0809,0.0332
PUN-PU0046,Pune,2025-12-25,12,Winter,6.78,25.5,132.8,177.2,0,4,0.0931,0.0253,0.0589
MUM-MU0112,Mumbai,2024-06-16,6,Monsoon,43.85,29.1,130.4,146.2,0,5,0.6356,0.0257,0.1872
CHE-CH0033,Chennai,2025-08-18,8,Monsoon,11.96,29.3,136.8,170.5,0,2,0.0863,0.0233,0.144
PUN-PU0164,Pune,2025-05-11,5,Summer,14.26,29.0,61.3,77.3,0,1,0.1174,0.0418,0.0
AHM-AH0118,Ahmedabad,2024-12-01,12,Winter,4.29,26.6,100.4,130.2,0,5,0.18,0.0212,0.0041
PUN-PU0147,Pune,2025-10-15,10,Winter,0.0,21.6,128.8,165.1,0,5,0.2021,0.1032,0.0306
AHM-AH0116,Ahmedabad,2025-11-01,11,Winter,1.55,20.4,137.1,184.4,0,4,0.2015,0.0954,0.1067
DEL-DE0159,Delhi,2024-08-30,8,Monsoon,30.68,45.8,121.9,167.8,0,2,0.4106,0.0,0.1192
DEL-DE0044,Delhi,2025-07-30,7,Monsoon,18.57,35.8,109.6,146.5,0,3,0.0436,0.0241,0.0136
MUM-MU0025,Mumbai,2026-01-21,1,Winter,0.0,17.5,154.3,184.1,0,5,0.1604,0.0699,0.1943
AHM-AH0049,Ahmedabad,2025-03-15,3,Summer,9.87,36.8,137.7,162.0,0,5,0.0692,0.042,0.1009
DEL-DE0081,Delhi,2026-01-14,1,Winter,0.0,23.1,414.0,439.7,0,1,0.0322,0.0277,0.8156
AHM-AH0036,Ahmedabad,2024-04-29,4,Summer,0.21,46.1,123.0,152.1,0,4,0.4509,0.0287,0.0845
MUM-MU0023,Mumbai,2026-01-14,1,Winter,9.5,17.5,172.6,187.8,1,3,0.0607,0.3117,0.2391
DEL-DE0135,Delhi,2025-04-22,4,Summer,0.0,40.9,98.1,108.5,0,5,0.0914,0.0911,0.0038
HYD-HY0016,Hyderabad,2025-05-09,5,Summer,8.86,36.5,87.4,113.2,0,5,0.0115,0.0275,0.0
CHE-CH0110,Chennai,2025-01-14,1,Winter,0.0,23.3,106.1,136.4,0,3,0.2264,0.0,0.0577
HYD-HY0071,Hyderabad,2025-05-16,5,Summer,0.41,36.2,135.5,151.2,0,4,0.0501,0.0352,0.1122
HYD-HY0059,Hyderabad,2024-10-01,10,Winter,2.62,17.9,124.3,159.1,0,1,0.1699,0.0097,0.1215
AHM-AH0076,Ahmedabad,2025-04-17,4,Summer,0.0,37.3,44.4,86.0,0,5,0.0869,0.0265,0.0763
BEN-BE0130,Bengaluru,2024-09-14,9,Monsoon,11.57,18.8,71.5,102.2,0,2,0.0941,0.0368,0.0284
DEL-DE0141,Delhi,2025-02-24,2,Winter,1.26,32.5,394.9,443.9,1,3,0.017,0.2209,0.8043
CHE-CH0161,Chennai,2026-02-18,2,Winter,0.31,25.8,153.4,180.2,1,1,0.1235,0.187,0.1178
DEL-DE0059,Delhi,2024-11-15,11,Winter,2.21,25.9,491.9,517.0,0,3,0.092,0.1306,0.9311
AHM-AH0135,Ahmedabad,2025-04-15,4,Summer,13.0,35.8,30.0,79.7,0,1,0.1047,0.1138,0.0
AHM-AH0199,Ahmedabad,2025-02-27,2,Winter,0.0,26.5,102.0,146.0,0,3,0.0941,0.0,0.036
BEN-BE0150,Bengaluru,2024-08-26,8,Monsoon,13.12,25.9,94.7,109.5,0,3,0.0946,0.0203,0.0426
AHM-AH0101,Ahmedabad,2025-12-19,12,Winter,0.76,28.2,130.9,178.7,2,2,0.0368,0.3619,0.0813
DEL-DE0041,Delhi,2024-11-16,11,Winter,8.97,24.9,344.8,358.8,0,4,0.1468,0.0965,0.578
AHM-AH0179,Ahmedabad,2026-01-23,1,Winter,7.11,20.7,79.7,111.8,0,3,0.009,0.065,0.0
MUM-MU0060,Mumbai,2024-09-13,9,Monsoon,0.0,23.9,92.3,112.9,0,3,0.1763,0.0088,0.0076
CHE-CH0086,Chennai,2024-07-24,7,Monsoon,9.05,19.9,144.0,184.9,0,3,0.1863,0.0603,0.1269
KOL-KO0079,Kolkata,2025-05-20,5,Summer,0.0,44.6,157.9,207.5,1,2,0.3286,0.1621,0.1443
BEN-BE0157,Bengaluru,2024-11-10,11,Winter,0.0,20.5,95.1,109.0,0,5,0.0738,0.0911,0.0033
HYD-HY0072,Hyderabad,2025-04-29,4,Summer,0.0,39.3,123.9,156.8,0,2,0.052,0.0395,0.0696
MUM-MU0130,Mumbai,2025-08-05,8,Monsoon,18.35,29.9,155.9,196.4,0,1,0.0,0.0578,0.1507
BEN-BE0138,Bengaluru,2026-03-23,3,Summer,2.97,23.9,154.0,196.7,0,3,0.2449,0.1173,0.1516
AHM-AH0058,Ahmedabad,2024-04-10,4,Summer,0.0,38.3,119.9,131.8,0,4,0.1726,0.1314,0.0583
HYD-HY0180,Hyderabad,2024-11-22,11,Winter,3.62,31.6,31.3,55.3,0,3,0.0795,0.0414,0.0195
PUN-PU0085,Pune,2026-01-31,1,Winter,0.0,15.0,138.7,159.2,0,5,0.1757,0.1145,0.1499
MUM-MU0157,Mumbai,2024-12-15,12,Winter,0.1,19.0,177.3,209.9,0,2,0.141,0.0411,0.286
HYD-HY0016,Hyderabad,2024-11-19,11,Winter,5.05,29.3,87.8,122.2,1,4,0.1539,0.179,0.0158
KOL-KO0132,Kolkata,2025-10-30,10,Winter,4.12,19.8,164.4,178.6,0,2,0.0551,0.0626,0.2201
HYD-HY0046,Hyderabad,2024-12-22,12,Winter,1.07,20.0,81.0,92.6,0,4,0.1434,0.0257,0.0
CHE-CH0137,Chennai,2024-05-18,5,Summer,0.0,35.9,115.2,147.5,0,2,0.2414,0.1293,0.0159
MUM-MU0113,Mumbai,2025-08-27,8,Monsoon,18.24,20.4,115.0,133.5,0,2,0.21,0.0229,0.1068
HYD-HY0023,Hyderabad,2024-12-06,12,Winter,12.41,15.0,145.1,162.8,0,4,0.0927,0.0359,0.1183
HYD-HY0160,Hyderabad,2026-01-21,1,Winter,0.0,31.3,128.4,149.5,0,2,0.0442,0.0441,0.0901
DEL-DE0141,Delhi,2024-10-13,10,Winter,0.0,27.1,356.6,389.3,1,1,0.2302,0.1978,0.6528
CHE-CH0153,Chennai,2025-04-23,4,Summer,14.24,42.4,93.6,124.9,0,2,0.1287,0.0627,0.0168
DEL-DE0122,Delhi,2025-06-28,6,Monsoon,6.78,32.0,32.2,63.3,0,2,0.0596,0.0258,0.0
BEN-BE0122,Bengaluru,2026-01-14,1,Winter,2.23,23.6,117.9,157.5,0,2,0.1347,0.028,0.1801
AHM-AH0183,Ahmedabad,2024-09-11,9,Monsoon,21.08,29.6,106.1,137.3,1,3,0.2304,0.2316,0.0
DEL-DE0010,Delhi,2025-01-03,1,Winter,8.86,26.3,285.5,300.6,1,3,0.1163,0.1668,0.4673
HYD-HY0175,Hyderabad,2025-10-07,10,Winter,4.95,21.8,113.2,147.2,0,4,0.1376,0.0386,0.1433
PUN-PU0180,Pune,2024-05-19,5,Summer,12.04,25.6,156.5,203.1,0,2,0.1209,0.0382,0.1636
AHM-AH0080,Ahmedabad,2026-02-21,2,Winter,1.25,26.1,115.2,163.6,0,1,0.2854,0.1011,0.0105
DEL-DE0036,Delhi,2024-04-04,4,Summer,10.72,35.5,52.9,68.8,0,3,0.0792,0.1148,0.0103
BEN-BE0067,Bengaluru,2024-05-05,5,Summer,6.17,42.3,119.2,163.9,0,3,0.238,0.0154,0.096
AHM-AH0117,Ahmedabad,2026-02-23,2,Winter,0.06,15.0,171.4,217.6,0,3,0.0,0.1089,0.2339
HYD-HY0042,Hyderabad,2025-07-13,7,Monsoon,12.27,27.3,80.1,102.0,0,2,0.1396,0.0,0.0
MUM-MU0005,Mumbai,2024-09-11,9,Monsoon,35.61,27.8,59.7,80.3,0,1,0.504,0.0089,0.0
MUM-MU0090,Mumbai,2025-06-05,6,Monsoon,10.32,23.9,107.9,140.2,1,5,0.0728,0.1239,0.0729
MUM-MU0025,Mumbai,2026-04-01,4,Summer,8.22,37.3,128.3,165.2,0,2,0.1329,0.0158,0.1734
BEN-BE0100,Bengaluru,2024-04-25,4,Summer,5.14,38.1,87.6,109.0,0,3,0.0402,0.0638,0.0426
MUM-MU0094,Mumbai,2026-02-25,2,Winter,2.94,23.6,153.9,187.9,0,1,0.0,0.0914,0.0807
KOL-KO0166,Kolkata,2025-02-07,2,Winter,3.69,21.3,78.3,104.0,0,3,0.0557,0.0303,0.0383
CHE-CH0145,Chennai,2025-03-28,3,Summer,38.25,45.9,94.8,133.3,0,3,0.507,0.0,0.0
CHE-CH0184,Chennai,2024-07-10,7,Monsoon,20.11,32.0,87.3,129.5,0,4,0.3387,0.0522,0.0694
DEL-DE0107,Delhi,2025-10-10,10,Winter,2.86,16.1,408.8,443.6,0,1,0.1101,0.0288,0.8297
DEL-DE0166,Delhi,2024-08-31,8,Monsoon,5.44,37.2,121.1,169.4,0,3,0.0376,0.0,0.0868
MUM-MU0072,Mumbai,2025-05-09,5,Summer,17.23,38.6,105.0,135.4,0,2,0.1285,0.0379,0.078
HYD-HY0132,Hyderabad,2025-03-26,3,Summer,13.62,31.1,66.1,101.5,0,2,0.0,0.0312,0.0017
AHM-AH0062,Ahmedabad,2024-07-04,7,Monsoon,71.22,33.5,136.4,180.1,0,2,0.7216,0.0492,0.0979
AHM-AH0116,Ahmedabad,2025-04-24,4,Summer,5.38,44.9,73.1,94.9,0,3,0.3207,0.0,0.0237
PUN-PU0142,Pune,2025-06-26,6,Monsoon,47.25,25.2,113.0,127.2,0,4,0.5481,0.1072,0.056
KOL-KO0058,Kolkata,2025-09-25,9,Monsoon,13.67,35.4,105.2,131.1,0,1,0.0653,0.0348,0.0029
CHE-CH0059,Chennai,2025-11-24,11,Winter,0.0,24.9,135.8,148.3,0,2,0.1471,0.0,0.0875
BEN-BE0108,Bengaluru,2026-01-29,1,Winter,0.0,27.2,79.2,94.9,0,3,0.0379,0.1051,0.0172
KOL-KO0052,Kolkata,2025-01-10,1,Winter,3.1,27.2,219.5,239.2,0,1,0.0994,0.0255,0.2783
AHM-AH0075,Ahmedabad,2025-11-20,11,Winter,0.0,29.0,108.9,129.0,0,2,0.0,0.0483,0.0899
CHE-CH0055,Chennai,2024-08-26,8,Monsoon,18.06,34.1,102.4,115.1,0,3,0.1529,0.0,0.0
BEN-BE0155,Bengaluru,2025-03-11,3,Summer,10.7,38.9,59.6,95.0,0,4,0.1543,0.075,0.0703
MUM-MU0159,Mumbai,2024-10-15,10,Winter,8.7,29.3,129.8,177.4,0,1,0.008,0.0454,0.1569
HYD-HY0170,Hyderabad,2026-03-22,3,Summer,0.0,42.4,135.7,185.4,0,2,0.1532,0.0592,0.1302
CHE-CH0163,Chennai,2026-02-02,2,Winter,0.0,25.5,84.8,118.4,0,2,0.2237,0.0706,0.015
DEL-DE0044,Delhi,2025-02-17,2,Winter,0.27,15.0,475.2,504.8,0,1,0.1582,0.1024,0.9321
HYD-HY0028,Hyderabad,2024-10-09,10,Winter,0.0,15.0,104.2,133.9,0,4,0.0436,0.0,0.0421
PUN-PU0178,Pune,2025-02-14,2,Winter,0.0,19.2,131.6,145.5,0,2,0.1001,0.0568,0.1839
MUM-MU0107,Mumbai,2026-01-18,1,Winter,0.0,23.1,124.9,153.4,0,4,0.0,0.0727,0.0502
DEL-DE0167,Delhi,2025-10-14,10,Winter,10.48,25.0,385.0,434.9,0,4,0.1982,0.0,0.7712
BEN-BE0057,Bengaluru,2025-01-13,1,Winter,5.82,19.7,126.6,140.5,0,2,0.1367,0.0,0.0292
HYD-HY0056,Hyderabad,2024-11-01,11,Winter,0.0,20.3,117.7,152.6,2,5,0.1543,0.3649,0.0794
MUM-MU0094,Mumbai,2026-02-01,2,Winter,4.6,28.4,108.2,118.3,0,5,0.1313,0.0931,0.0796
KOL-KO0021,Kolkata,2024-07-07,7,Monsoon,16.28,24.1,145.4,183.3,0,2,0.0278,0.0391,0.1429
MUM-MU0141,Mumbai,2025-01-24,1,Winter,5.04,22.8,180.6,193.2,0,3,0.198,0.0542,0.1657
KOL-KO0152,Kolkata,2024-10-16,10,Winter,8.07,18.1,173.4,222.8,0,3,0.2497,0.0505,0.218
BEN-BE0178,Bengaluru,2024-05-30,5,Summer,1.21,42.4,118.2,146.9,1,3,0.2484,0.2738,0.0772
AHM-AH0184,Ahmedabad,2024-06-07,6,Monsoon,0.77,36.8,162.0,172.2,0,1,0.098,0.0097,0.2078
CHE-CH0036,Chennai,2026-03-23,3,Summer,5.53,37.5,110.6,149.0,0,1,0.2018,0.0423,0.0313
CHE-CH0070,Chennai,2026-03-12,3,Summer,10.37,43.8,95.2,143.9,0,1,0.2754,0.0259,0.0346
MUM-MU0176,Mumbai,2025-07-10,7,Monsoon,22.47,35.4,181.5,222.6,0,5,0.3208,0.1192,0.193
HYD-HY0132,Hyderabad,2025-04-29,4,Summer,0.0,35.3,136.6,165.0,0,3,0.2155,0.0973,0.1426
KOL-KO0135,Kolkata,2025-08-30,8,Monsoon,20.43,36.7,157.4,170.5,0,2,0.3425,0.0334,0.2083
MUM-MU0016,Mumbai,2026-03-11,3,Summer,1.0,29.8,173.1,186.2,0,2,0.0966,0.0208,0.278
CHE-CH0155,Chennai,2024-12-12,12,Winter,1.46,18.4,118.4,137.3,0,4,0.0524,0.0901,0.0923
BEN-BE0010,Bengaluru,2025-09-30,9,Monsoon,19.66,26.7,95.3,125.0,0,2,0.0,0.0683,0.0
BEN-BE0197,Bengaluru,2025-03-15,3,Summer,2.79,35.3,105.3,123.2,0,2,0.0293,0.0865,0.0354
HYD-HY0154,Hyderabad,2025-05-18,5,Summer,0.0,47.4,73.6,117.3,0,1,0.4348,0.0187,0.0031
CHE-CH0022,Chennai,2024-10-18,10,Winter,0.0,31.3,101.7,150.3,1,2,0.0886,0.2185,0.045
AHM-AH0114,Ahmedabad,2024-08-03,8,Monsoon,4.25,38.5,110.3,136.8,0,2,0.1404,0.0,0.052
PUN-PU0075,Pune,2025-08-16,8,Monsoon,19.92,26.3,141.0,166.4,0,3,0.0592,0.1165,0.1596
BEN-BE0096,Bengaluru,2026-03-18,3,Summer,11.02,40.3,63.5,95.1,0,1,0.301,0.129,0.0249
KOL-KO0150,Kolkata,2025-09-08,9,Monsoon,20.73,31.8,200.7,211.0,0,3,0.3701,0.0,0.3031
CHE-CH0154,Chennai,2024-04-10,4,Summer,1.29,48.0,142.1,189.8,0,4,0.571,0.0679,0.1267
PUN-PU0011,Pune,2024-07-10,7,Monsoon,17.1,29.8,160.6,187.2,0,4,0.1137,0.0541,0.137
HYD-HY0010,Hyderabad,2024-07-19,7,Monsoon,18.18,40.5,137.1,174.8,0,2,0.2441,0.1029,0.152
AHM-AH0182,Ahmedabad,2026-01-19,1,Winter,0.0,23.4,85.0,109.1,0,2,0.0411,0.0488,0.0287
AHM-AH0189,Ahmedabad,2025-09-07,9,Monsoon,59.25,32.7,106.0,151.7,0,1,0.6937,0.0432,0.0414
BEN-BE0000,Bengaluru,2024-04-21,4,Summer,8.94,36.4,129.9,176.2,0,2,0.0412,0.0453,0.0922
AHM-AH0100,Ahmedabad,2025-10-23,10,Winter,3.7,44.6,131.1,169.3,2,1,0.3775,0.4327,0.0784
HYD-HY0119,Hyderabad,2025-02-18,2,Winter,6.85,21.7,128.6,166.4,1,4,0.147,0.2521,0.119
AHM-AH0157,Ahmedabad,2024-08-23,8,Monsoon,17.5,33.2,125.7,163.5,0,3,0.066,0.075,0.1585
BEN-BE0102,Bengaluru,2025-01-19,1,Winter,0.55,25.1,81.0,125.1,0,1,0.0397,0.0,0.0
DEL-DE0108,Delhi,2024-06-11,6,Monsoon,12.91,28.1,118.9,144.1,0,3,0.1383,0.0126,0.0938
MUM-MU0013,Mumbai,2025-11-20,11,Winter,0.0,15.7,125.8,137.7,2,2,0.0229,0.3928,0.1095
KOL-KO0039,Kolkata,2024-06-20,6,Monsoon,30.19,33.9,182.7,196.6,0,3,0.3939,0.0779,0.2036
MUM-MU0048,Mumbai,2024-08-15,8,Monsoon,19.83,33.0,140.5,174.9,0,3,0.153,0.0778,0.0677
BEN-BE0077,Bengaluru,2024-12-05,12,Winter,4.63,19.6,70.3,102.7,0,4,0.003,0.0641,0.0326
HYD-HY0109,Hyderabad,2025-04-10,4,Summer,0.0,38.4,92.7,132.1,0,1,0.0,0.0212,0.0062
CHE-CH0109,Chennai,2025-06-28,6,Monsoon,17.19,24.6,90.5,122.0,0,5,0.0,0.0269,0.0
PUN-PU0102,Pune,2024-08-30,8,Monsoon,25.91,31.2,147.5,192.1,0,3,0.3782,0.0,0.1514
AHM-AH0020,Ahmedabad,2025-09-28,9,Monsoon,2.53,39.4,67.9,90.8,0,5,0.0525,0.0832,0.0462
MUM-MU0019,Mumbai,2025-06-10,6,Monsoon,25.53,30.4,79.5,119.4,0,2,0.2812,0.0,0.0
CHE-CH0086,Chennai,2025-11-10,11,Winter,12.32,20.4,110.8,146.2,0,3,0.032,0.0,0.0672
MUM-MU0002,Mumbai,2024-10-05,10,Winter,1.01,29.2,30.0,61.3,0,3,0.0211,0.0394,0.0524
AHM-AH0154,Ahmedabad,2025-12-18,12,Winter,0.0,28.7,91.4,105.0,2,4,0.0843,0.3417,0.0384
PUN-PU0146,Pune,2026-01-05,1,Winter,0.0,15.0,56.7,105.4,0,4,0.0,0.0,0.0
CHE-CH0170,Chennai,2025-06-09,6,Monsoon,18.57,33.4,160.6,177.3,0,1,0.0612,0.0422,0.1825
AHM-AH0111,Ahmedabad,2025-03-28,3,Summer,2.28,37.6,91.4,103.4,0,5,0.1307,0.0295,0.035
AHM-AH0089,Ahmedabad,2025-02-19,2,Winter,2.37,32.9,115.6,127.4,0,3,0.109,0.1318,0.0637
CHE-CH0029,Chennai,2026-03-14,3,Summer,11.22,32.9,122.8,155.8,0,2,0.0125,0.089,0.0598
DEL-DE0012,Delhi,2024-04-27,4,Summer,0.0,43.6,82.8,132.7,0,4,0.4135,0.047,0.0256
BEN-BE0020,Bengaluru,2024-08-04,8,Monsoon,4.79,29.2,141.5,169.3,0,1,0.1435,0.1123,0.1234
HYD-HY0085,Hyderabad,2024-05-12,5,Summer,3.6,38.7,121.2,157.5,0,2,0.066,0.0,0.1242
BEN-BE0087,Bengaluru,2025-10-30,10,Winter,0.0,29.2,138.9,180.0,0,1,0.0047,0.0861,0.0465
KOL-KO0059,Kolkata,2024-04-17,4,Summer,7.11,43.1,147.0,168.7,0,3,0.3639,0.0098,0.1453
HYD-HY0007,Hyderabad,2025-04-08,4,Summer,0.0,35.5,72.6,118.3,1,3,0.0506,0.1868,0.0
MUM-MU0122,Mumbai,2025-01-08,1,Winter,2.25,22.8,162.6,202.1,0,4,0.176,0.0745,0.1401
DEL-DE0091,Delhi,2025-01-03,1,Winter,0.0,27.4,486.1,500.7,0,4,0.0175,0.0856,0.8852
AHM-AH0057,Ahmedabad,2026-03-31,3,Summer,14.25,47.7,41.8,60.4,0,4,0.4937,0.0409,0.0217
BEN-BE0173,Bengaluru,2024-07-05,7,Monsoon,35.35,29.9,136.3,151.4,0,2,0.4139,0.1109,0.1089
MUM-MU0190,Mumbai,2025-09-08,9,Monsoon,40.31,32.7,171.4,217.7,0,4,0.5106,0.0897,0.2394
MUM-MU0089,Mumbai,2024-10-31,10,Winter,0.0,25.3,119.7,156.5,0,4,0.213,0.0597,0.0787
BEN-BE0074,Bengaluru,2024-06-04,6,Monsoon,21.23,26.8,147.6,168.4,0,3,0.2825,0.0,0.1155
HYD-HY0064,Hyderabad,2025-06-27,6,Monsoon,3.61,20.9,94.7,121.1,0,4,0.0548,0.0252,0.0
KOL-KO0045,Kolkata,2026-01-20,1,Winter,0.47,17.5,87.7,109.2,0,3,0.2705,0.017,0.0337
AHM-AH0035,Ahmedabad,2025-05-26,5,Summer,7.73,42.5,145.4,171.1,0,1,0.2129,0.0903,0.0979
CHE-CH0162,Chennai,2024-12-09,12,Winter,7.05,15.9,46.6,94.3,0,5,0.0128,0.0644,0.0
KOL-KO0138,Kolkata,2025-09-17,9,Monsoon,28.57,36.1,101.0,113.8,0,2,0.3662,0.0175,0.0193
AHM-AH0131,Ahmedabad,2026-03-11,3,Summer,26.51,43.4,131.5,159.4,0,3,0.4002,0.0,0.0972
MUM-MU0173,Mumbai,2025-01-06,1,Winter,5.73,20.4,81.1,119.6,0,1,0.0387,0.0198,0.0372
HYD-HY0189,Hyderabad,2024-10-29,10,Winter,5.44,15.0,93.6,126.9,0,2,0.2488,0.107,0.0204
MUM-MU0195,Mumbai,2025-09-26,9,Monsoon,9.42,23.5,172.4,187.0,0,4,0.0612,0.0,0.1973
HYD-HY0035,Hyderabad,2024-12-14,12,Winter,3.51,15.0,108.1,132.0,0,4,0.2325,0.084,0.0
DEL-DE0073,Delhi,2024-07-07,7,Monsoon,20.6,31.4,119.7,152.6,0,5,0.3911,0.0703,0.1764
PUN-PU0105,Pune,2025-04-04,4,Summer,5.66,41.1,106.1,131.4,0,4,0.1242,0.0745,0.0072
KOL-KO0007,Kolkata,2026-02-24,2,Winter,0.0,19.4,210.9,248.1,0,3,0.2095,0.143,0.2889
MUM-MU0153,Mumbai,2025-05-11,5,Summer,3.12,40.0,67.4,110.0,0,3,0.1008,0.0872,0.0683
PUN-PU0012,Pune,2025-08-27,8,Monsoon,10.52,31.0,113.0,138.7,0,4,0.0453,0.0934,0.0061
HYD-HY0162,Hyderabad,2025-06-30,6,Monsoon,19.74,23.1,70.5,95.2,0,3,0.1075,0.0039,0.0
MUM-MU0127,Mumbai,2026-03-13,3,Summer,0.0,33.1,115.2,131.2,1,2,0.1853,0.238,0.0364
KOL-KO0090,Kolkata,2025-11-03,11,Winter,0.0,20.8,161.5,193.6,0,3,0.0006,0.0,0.1618
PUN-PU0156,Pune,2025-10-12,10,Winter,0.0,18.9,73.8,123.5,0,1,0.0671,0.1265,0.0388
DEL-DE0067,Delhi,2024-08-12,8,Monsoon,15.36,29.6,126.3,164.8,0,1,0.0,0.0884,0.0811
BEN-BE0084,Bengaluru,2025-08-01,8,Monsoon,32.27,16.3,86.5,99.3,0,3,0.4438,0.0,0.0372
BEN-BE0197,Bengaluru,2024-07-07,7,Monsoon,9.26,26.1,69.3,93.3,0,1,0.1698,0.0653,0.038
BEN-BE0134,Bengaluru,2025-01-08,1,Winter,0.0,28.8,72.8,111.9,0,5,0.1763,0.053,0.0
CHE-CH0045,Chennai,2024-08-24,8,Monsoon,6.5,38.6,88.1,135.7,0,5,0.124,0.0139,0.0
KOL-KO0004,Kolkata,2024-09-24,9,Monsoon,25.11,28.2,149.7,188.0,0,2,0.3218,0.0189,0.1183
AHM-AH0035,Ahmedabad,2024-09-28,9,Monsoon,12.13,34.3,71.0,115.0,0,1,0.1646,0.0,0.1151
AHM-AH0106,Ahmedabad,2024-05-26,5,Summer,5.29,41.4,70.8,101.7,1,5,0.0926,0.2082,0.0524
CHE-CH0068,Chennai,2025-08-13,8,Monsoon,15.66,34.5,63.2,79.6,0,2,0.0995,0.0389,0.0
CHE-CH0051,Chennai,2024-07-19,7,Monsoon,38.94,22.9,151.6,180.5,0,3,0.4717,0.1265,0.1457
KOL-KO0127,Kolkata,2025-11-04,11,Winter,0.0,30.5,194.7,222.7,0,2,0.0135,0.0129,0.2876
BEN-BE0156,Bengaluru,2024-05-08,5,Summer,8.37,43.9,128.3,143.2,0,2,0.2379,0.0715,0.1514
BEN-BE0078,Bengaluru,2024-09-11,9,Monsoon,49.88,33.6,134.0,151.0,0,1,0.5395,0.04,0.125
MUM-MU0152,Mumbai,2025-09-18,9,Monsoon,26.53,36.3,153.8,181.4,0,1,0.4696,0.0127,0.1888
BEN-BE0015,Bengaluru,2024-05-11,5,Summer,5.11,36.8,113.3,156.9,0,3,0.1928,0.0546,0.0951
DEL-DE0078,Delhi,2024-10-29,10,Winter,6.08,30.3,370.0,398.6,0,5,0.0079,0.0,0.7189
AHM-AH0197,Ahmedabad,2025-10-14,10,Winter,3.48,23.7,121.9,168.4,1,4,0.1941,0.2256,0.105
AHM-AH0177,Ahmedabad,2024-04-15,4,Summer,15.62,45.1,105.6,152.8,0,5,0.3807,0.0305,0.0202
HYD-HY0197,Hyderabad,2024-04-23,4,Summer,19.61,34.5,61.3,85.1,0,4,0.0783,0.0856,0.032
DEL-DE0023,Delhi,2024-09-10,9,Monsoon,51.06,30.1,97.8,142.3,0,4,0.6048,0.0913,0.073
DEL-DE0118,Delhi,2025-10-31,10,Winter,0.0,21.9,251.9,290.2,0,2,0.1014,0.0046,0.4053
DEL-DE0016,Delhi,2026-03-21,3,Summer,11.1,33.5,46.0,79.7,2,1,0.1181,0.3534,0.0
DEL-DE0136,Delhi,2025-06-17,6,Monsoon,13.13,36.8,68.4,115.0,0,1,0.1145,0.0511,0.0413
KOL-KO0120,Kolkata,2025-03-01,3,Summer,8.25,30.2,101.6,139.9,0,1,0.1083,0.075,0.0145
KOL-KO0154,Kolkata,2025-04-27,4,Summer,21.27,31.0,214.3,258.0,0,2,0.2931,0.0915,0.313
CHE-CH0043,Chennai,2024-10-08,10,Winter,2.92,15.2,105.8,135.4,1,1,0.0726,0.2216,0.0274
KOL-KO0032,Kolkata,2025-09-19,9,Monsoon,33.82,26.5,158.2,181.5,1,3,0.3902,0.2281,0.2003
DEL-DE0047,Delhi,2024-09-03,9,Monsoon,12.08,37.8,154.0,173.7,0,2,0.101,0.0,0.1541
HYD-HY0097,Hyderabad,2025-03-26,3,Summer,1.5,28.7,69.1,101.7,0,5,0.0753,0.071,0.0509
CHE-CH0133,Chennai,2025-05-08,5,Summer,10.25,32.9,118.2,147.3,0,3,0.0796,0.0091,0.1548
AHM-AH0177,Ahmedabad,2026-02-27,2,Winter,0.0,31.7,64.9,91.2,0,5,0.1672,0.0362,0.0785
BEN-BE0025,Bengaluru,2024-08-16,8,Monsoon,11.63,36.6,99.1,147.9,0,3,0.1884,0.0642,0.0322
KOL-KO0125,Kolkata,2024-12-15,12,Winter,3.03,24.2,87.7,120.9,0,1,0.1518,0.0365,0.0923
CHE-CH0031,Chennai,2025-03-05,3,Summer,0.0,30.9,59.1,86.2,0,4,0.1,0.0572,0.0
KOL-KO0148,Kolkata,2024-04-15,4,Summer,0.0,43.9,43.8,75.1,0,2,0.2926,0.0,0.0359
BEN-BE0142,Bengaluru,2026-01-08,1,Winter,0.0,34.9,66.4,103.9,0,1,0.1681,0.1025,0.0
DEL-DE0045,Delhi,2025-07-21,7,Monsoon,15.38,27.8,102.2,146.9,0,1,0.1263,0.0351,0.0298
MUM-MU0185,Mumbai,2025-02-12,2,Winter,0.0,24.6,184.0,194.6,0,3,0.1333,0.0104,0.2562
DEL-DE0122,Delhi,2025-05-02,5,Summer,0.0,34.9,126.9,171.8,0,5,0.0,0.1042,0.0233
AHM-AH0005,Ahmedabad,2025-09-18,9,Monsoon,38.2,35.8,134.5,164.1,0,3,0.5739,0.0678,0.1312
CHE-CH0023,Chennai,2024-07-30,7,Monsoon,18.6,35.2,137.0,168.3,0,3,0.1545,0.0399,0.0961
AHM-AH0043,Ahmedabad,2025-04-14,4,Summer,0.0,34.1,110.7,160.2,0,2,0.0366,0.0,0.0192
AHM-AH0027,Ahmedabad,2024-05-18,5,Summer,6.22,48.0,57.9,79.6,0,2,0.6046,0.0553,0.0838
PUN-PU0035,Pune,2025-07-05,7,Monsoon,17.75,27.5,56.0,76.6,0,2,0.1972,0.0281,0.0655
MUM-MU0082,Mumbai,2024-05-02,5,Summer,10.25,45.6,61.6,73.7,0,3,0.4251,0.0098,0.0243
BEN-BE0040,Bengaluru,2025-11-26,11,Winter,4.55,18.9,86.5,120.3,0,3,0.1382,0.0419,0.0307
CHE-CH0071,Chennai,2025-06-05,6,Monsoon,79.65,35.1,88.7,126.7,0,2,0.9149,0.0808,0.0095
DEL-DE0103,Delhi,2025-12-10,12,Winter,3.13,23.0,285.3,311.8,0,1,0.0948,0.0406,0.5021
MUM-MU0186,Mumbai,2024-07-29,7,Monsoon,13.99,22.8,91.4,123.0,0,3,0.1312,0.0605,0.0
AHM-AH0056,Ahmedabad,2024-05-14,5,Summer,2.03,45.7,96.5,119.5,0,2,0.4191,0.0409,0.0078
BEN-BE0108,Bengaluru,2025-06-14,6,Monsoon,7.91,28.8,70.4,89.1,0,1,0.1668,0.0,0.0
CHE-CH0128,Chennai,2025-07-01,7,Monsoon,17.39,27.8,107.1,134.6,0,4,0.0271,0.0749,0.0
KOL-KO0011,Kolkata,2025-12-02,12,Winter,2.88,20.3,201.5,241.6,0,3,0.0,0.0813,0.3101
HYD-HY0051,Hyderabad,2026-02-13,2,Winter,0.0,25.9,159.0,170.4,1,1,0.0,0.2152,0.1422
MUM-MU0100,Mumbai,2026-02-20,2,Winter,0.66,15.0,101.9,117.2,1,2,0.0,0.2697,0.0333
PUN-PU0186,Pune,2024-06-24,6,Monsoon,59.18,24.2,102.6,150.2,0,2,0.7381,0.0336,0.0172
CHE-CH0012,Chennai,2024-07-11,7,Monsoon,0.0,36.2,121.7,167.6,0,3,0.1759,0.0225,0.0757
BEN-BE0132,Bengaluru,2024-08-23,8,Monsoon,9.27,26.7,57.8,80.1,0,1,0.205,0.0337,0.0
DEL-DE0156,Delhi,2026-03-13,3,Summer,4.63,36.7,115.8,131.2,0,2,0.0753,0.0024,0.0932
MUM-MU0063,Mumbai,2025-12-19,12,Winter,0.26,26.4,174.2,197.4,0,1,0.0983,0.0726,0.163
KOL-KO0028,Kolkata,2025-05-09,5,Summer,6.78,39.5,117.6,146.7,0,3,0.1097,0.0148,0.0279
KOL-KO0126,Kolkata,2026-03-26,3,Summer,5.79,32.8,65.3,103.8,0,1,0.0,0.0416,0.0136
HYD-HY0138,Hyderabad,2024-04-06,4,Summer,0.16,41.9,119.1,167.2,0,3,0.1374,0.0907,0.0882
AHM-AH0132,Ahmedabad,2025-06-21,6,Monsoon,13.1,35.1,133.2,168.5,0,2,0.1778,0.0419,0.0785
HYD-HY0126,Hyderabad,2026-03-31,3,Summer,0.0,41.8,127.0,156.5,2,3,0.0065,0.3789,0.0404
MUM-MU0193,Mumbai,2025-05-26,5,Summer,31.07,46.7,101.5,131.9,0,2,0.4397,0.0394,0.0244
KOL-KO0146,Kolkata,2024-08-17,8,Monsoon,17.07,29.3,134.7,166.6,0,3,0.0,0.0592,0.0954
DEL-DE0008,Delhi,2024-05-31,5,Summer,8.8,42.5,110.9,134.2,0,2,0.1865,0.0463,0.0805
DEL-DE0086,Delhi,2024-09-24,9,Monsoon,4.7,34.6,96.8,110.1,0,3,0.199,0.0953,0.0
DEL-DE0048,Delhi,2024-05-16,5,Summer,0.0,41.2,30.0,51.5,0,3,0.1802,0.0462,0.0582
MUM-MU0024,Mumbai,2024-10-24,10,Winter,0.0,15.0,133.5,165.3,0,4,0.0543,0.0232,0.1174
MUM-MU0126,Mumbai,2024-09-13,9,Monsoon,68.16,33.4,117.3,153.1,0,3,0.7349,0.0972,0.0945
AHM-AH0199,Ahmedabad,2026-02-05,2,Winter,7.28,26.1,123.1,136.9,0,5,0.1204,0.0514,0.0907
BEN-BE0055,Bengaluru,2024-04-07,4,Summer,1.85,37.3,118.3,149.9,0,2,0.0593,0.0566,0.0748
DEL-DE0067,Delhi,2025-10-15,10,Winter,0.0,21.1,435.3,471.6,0,4,0.1132,0.1193,0.877
BEN-BE0005,Bengaluru,2025-08-04,8,Monsoon,0.0,29.4,118.2,156.6,0,3,0.1843,0.1043,0.1251
KOL-KO0020,Kolkata,2024-12-03,12,Winter,1.93,29.8,151.4,195.6,0,1,0.1761,0.0632,0.151
CHE-CH0162,Chennai,2026-03-06,3,Summer,9.39,31.9,122.3,139.6,0,2,0.1279,0.0553,0.1042
AHM-AH0005,Ahmedabad,2024-05-03,5,Summer,8.5,46.3,30.0,69.2,0,1,0.3482,0.1077,0.0155
PUN-PU0090,Pune,2024-07-01,7,Monsoon,8.16,30.3,139.2,165.0,0,5,0.0653,0.0775,0.0934
PUN-PU0120,Pune,2024-08-24,8,Monsoon,55.6,26.2,127.1,153.9,0,2,0.679,0.0564,0.1057
MUM-MU0172,Mumbai,2026-01-20,1,Winter,0.0,18.8,101.0,135.7,0,1,0.121,0.1239,0.033
HYD-HY0192,Hyderabad,2024-09-27,9,Monsoon,0.0,35.1,125.2,159.6,0,5,0.1107,0.1347,0.0535
PUN-PU0000,Pune,2024-10-13,10,Winter,1.92,17.0,86.2,117.8,0,3,0.0798,0.0062,0.0349
BEN-BE0130,Bengaluru,2025-03-01,3,Summer,1.57,18.5,89.6,132.2,0,2,0.1276,0.0366,0.0
MUM-MU0153,Mumbai,2025-05-05,5,Summer,10.48,41.2,146.8,173.5,1,1,0.0,0.1015,0.1261
MUM-MU0044,Mumbai,2025-06-07,6,Monsoon,21.66,33.4,125.3,167.9,0,1,0.4448,0.0203,0.1257
MUM-MU0132,Mumbai,2025-07-05,7,Monsoon,8.49,35.1,105.9,135.2,0,3,0.0745,0.0783,0.0
BEN-BE0004,Bengaluru,2024-09-27,9,Monsoon,14.25,41.2,135.7,152.1,0,3,0.1005,0.1017,0.0406
PUN-PU0122,Pune,2025-04-01,4,Summer,4.79,44.0,64.4,76.5,0,2,0.2651,0.0,0.0349
KOL-KO0108,Kolkata,2024-11-13,11,Winter,15.01,37.9,148.7,183.1,0,1,0.0744,0.0136,0.2177
DEL-DE0063,Delhi,2025-12-04,12,Winter,5.34,29.4,494.5,524.5,0,1,0.192,0.0,0.9218
MUM-MU0188,Mumbai,2025-06-07,6,Monsoon,10.3,36.8,91.0,125.4,0,3,0.0,0.0177,0.0
CHE-CH0079,Chennai,2026-02-18,2,Winter,5.73,24.1,107.7,153.4,0,3,0.0,0.1121,0.0303
DEL-DE0050,Delhi,2025-12-17,12,Winter,0.0,21.4,418.3,457.5,0,3,0.0897,0.0987,0.8236
MUM-MU0087,Mumbai,2025-09-19,9,Monsoon,8.42,30.1,212.4,232.3,0,5,0.1038,0.119,0.3697
KOL-KO0144,Kolkata,2024-11-11,11,Winter,0.67,20.3,120.4,146.6,0,2,0.1633,0.0666,0.0212
MUM-MU0103,Mumbai,2025-06-23,6,Monsoon,91.36,27.4,152.2,167.4,0,3,0.8509,0.0127,0.1104
DEL-DE0144,Delhi,2025-02-18,2,Winter,2.02,24.9,406.9,456.8,1,2,0.0,0.2406,0.8598
HYD-HY0175,Hyderabad,2024-09-09,9,Monsoon,23.78,25.2,157.5,188.7,0,2,0.386,0.082,0.1804
KOL-KO0087,Kolkata,2024-06-15,6,Monsoon,17.63,34.3,176.0,224.2,0,5,0.0698,0.0241,0.1863
AHM-AH0083,Ahmedabad,2024-07-01,7,Monsoon,11.57,31.8,96.5,115.7,0,4,0.1181,0.0475,0.0464
KOL-KO0008,Kolkata,2025-05-15,5,Summer,2.37,40.0,62.2,75.7,0,1,0.1745,0.0754,0.0608
HYD-HY0016,Hyderabad,2026-02-01,2,Winter,9.33,15.3,129.5,146.2,0,3,0.0319,0.034,0.136
MUM-MU0060,Mumbai,2026-02-18,2,Winter,3.67,23.7,118.4,161.1,0,3,0.2539,0.0348,0.0866
CHE-CH0183,Chennai,2025-05-09,5,Summer,7.29,46.3,61.2,108.1,0,4,0.4346,0.0296,0.0
PUN-PU0199,Pune,2025-03-03,3,Summer,0.0,38.4,30.0,50.5,0,1,0.1992,0.099,0.0232
KOL-KO0073,Kolkata,2025-05-20,5,Summer,9.64,32.7,147.5,173.2,1,3,0.173,0.1688,0.2158
DEL-DE0153,Delhi,2025-09-08,9,Monsoon,29.54,25.6,108.1,143.7,0,2,0.4493,0.0596,0.0563
CHE-CH0124,Chennai,2026-02-15,2,Winter,0.0,33.6,69.8,107.0,0,2,0.2421,0.0828,0.0073
BEN-BE0039,Bengaluru,2025-11-12,11,Winter,0.0,18.1,132.9,162.3,0,2,0.1748,0.0279,0.0654
DEL-DE0183,Delhi,2025-01-31,1,Winter,0.0,21.6,366.4,409.0,0,2,0.1142,0.0,0.6448
BEN-BE0163,Bengaluru,2024-11-17,11,Winter,4.94,31.8,102.5,117.6,0,5,0.1112,0.0882,0.0334
BEN-BE0173,Bengaluru,2024-07-11,7,Monsoon,18.21,25.0,140.0,180.5,0,2,0.1707,0.052,0.1599
KOL-KO0113,Kolkata,2025-06-01,6,Monsoon,14.63,35.0,185.0,226.1,0,3,0.0625,0.0445,0.1992
DEL-DE0104,Delhi,2024-04-08,4,Summer,2.44,41.7,159.4,172.3,0,3,0.1107,0.0367,0.1982
MUM-MU0070,Mumbai,2025-05-12,5,Summer,4.66,39.6,116.3,161.4,1,3,0.0,0.2556,0.1266
PUN-PU0057,Pune,2025-10-27,10,Winter,7.18,17.0,98.4,118.7,0,3,0.0139,0.0348,0.0
PUN-PU0068,Pune,2026-02-10,2,Winter,0.0,24.6,114.1,155.6,0,3,0.1504,0.1,0.0923
PUN-PU0063,Pune,2024-10-18,10,Winter,6.22,22.6,132.2,149.4,0,2,0.208,0.0313,0.0503
BEN-BE0103,Bengaluru,2025-03-10,3,Summer,0.62,48.0,116.3,129.0,0,2,0.5219,0.1544,0.0592
PUN-PU0125,Pune,2024-04-17,4,Summer,10.03,34.1,107.9,134.7,0,5,0.1036,0.0301,0.0092
CHE-CH0004,Chennai,2024-12-13,12,Winter,7.54,22.2,97.3,109.8,1,2,0.1418,0.246,0.0
HYD-HY0021,Hyderabad,2024-08-07,8,Monsoon,0.0,27.2,108.5,145.3,0,1,0.2024,0.1327,0.0298
KOL-KO0043,Kolkata,2024-08-12,8,Monsoon,37.19,25.3,215.4,240.8,0,1,0.4687,0.0817,0.2839
HYD-HY0127,Hyderabad,2025-09-29,9,Monsoon,0.0,21.2,52.7,76.0,0,5,0.0479,0.1384,0.0355
KOL-KO0181,Kolkata,2024-10-24,10,Winter,13.62,22.4,202.2,230.4,0,2,0.1986,0.0273,0.2816
MUM-MU0124,Mumbai,2026-01-22,1,Winter,0.0,31.5,85.4,123.4,0,1,0.0068,0.0348,0.0
MUM-MU0179,Mumbai,2025-06-14,6,Monsoon,25.92,19.6,55.0,65.3,0,1,0.3816,0.0527,0.0332
BEN-BE0172,Bengaluru,2026-01-24,1,Winter,4.0,19.6,52.5,84.0,0,1,0.1203,0.0289,0.0
CHE-CH0184,Chennai,2024-07-07,7,Monsoon,12.24,31.4,108.8,133.1,0,2,0.0451,0.1252,0.0013
DEL-DE0081,Delhi,2024-10-18,10,Winter,0.34,32.7,440.0,463.2,0,1,0.1614,0.0709,0.841
KOL-KO0058,Kolkata,2024-08-09,8,Monsoon,8.23,29.5,142.1,169.9,0,3,0.0823,0.0387,0.1572
BEN-BE0008,Bengaluru,2025-07-03,7,Monsoon,50.28,21.9,46.6,66.9,0,4,0.6287,0.0575,0.0665
PUN-PU0116,Pune,2025-11-12,11,Winter,1.37,18.3,124.6,161.7,0,4,0.1498,0.0757,0.132
HYD-HY0076,Hyderabad,2024-11-14,11,Winter,1.3,22.2,49.9,98.5,0,3,0.0979,0.0661,0.1211
BEN-BE0110,Bengaluru,2025-08-16,8,Monsoon,15.26,31.5,71.6,89.0,0,2,0.2122,0.0555,0.016
PUN-PU0091,Pune,2025-08-08,8,Monsoon,14.24,25.5,155.2,181.2,0,3,0.0848,0.0401,0.1658
HYD-HY0113,Hyderabad,2024-11-19,11,Winter,0.0,20.5,138.4,184.3,0,2,0.0,0.0,0.0948
MUM-MU0039,Mumbai,2025-06-30,6,Monsoon,1.79,30.0,141.0,151.0,0,2,0.0744,0.0918,0.047
CHE-CH0183,Chennai,2024-08-21,8,Monsoon,31.41,34.5,43.5,53.5,0,2,0.5549,0.0871,0.0325
AHM-AH0060,Ahmedabad,2024-06-04,6,Monsoon,32.1,27.2,96.7,118.0,0,2,0.464,0.0347,0.043
CHE-CH0135,Chennai,2025-05-28,5,Summer,0.0,27.2,103.8,125.9,0,3,0.2832,0.0868,0.0
KOL-KO0182,Kolkata,2025-12-06,12,Winter,4.38,19.0,111.7,138.1,0,3,0.1819,0.0,0.0639
HYD-HY0115,Hyderabad,2024-04-24,4,Summer,2.55,42.4,52.2,67.6,0,3,0.2688,0.0844,0.0
KOL-KO0192,Kolkata,2024-06-14,6,Monsoon,44.29,18.3,200.0,214.8,1,3,0.5742,0.1397,0.2364
CHE-CH0104,Chennai,2024-07-17,7,Monsoon,21.89,24.7,110.7,131.2,0,1,0.3176,0.0102,0.066
HYD-HY0158,Hyderabad,2026-02-23,2,Winter,0.98,15.3,63.3,91.1,0,3,0.0448,0.0399,0.0
HYD-HY0028,Hyderabad,2024-10-16,10,Winter,0.0,23.8,130.8,161.0,0,2,0.0569,0.1152,0.0761
CHE-CH0058,Chennai,2025-07-24,7,Monsoon,8.18,33.7,126.8,149.6,0,3,0.137,0.0,0.0643
CHE-CH0195,Chennai,2025-02-04,2,Winter,7.58,23.2,123.3,138.4,0,3,0.0231,0.1094,0.1631
BEN-BE0153,Bengaluru,2026-02-13,2,Winter,2.37,20.5,135.7,171.1,2,1,0.003,0.297,0.1311
DEL-DE0168,Delhi,2024-10-31,10,Winter,2.2,35.2,387.1,424.3,0,1,0.1214,0.0,0.708
MUM-MU0053,Mumbai,2025-10-05,10,Winter,0.0,15.0,150.8,177.0,0,2,0.0043,0.0871,0.1388
CHE-CH0053,Chennai,2025-10-20,10,Winter,0.0,28.6,66.6,86.4,0,2,0.0006,0.0081,0.0257
PUN-PU0022,Pune,2024-11-14,11,Winter,0.0,16.1,126.0,167.4,0,3,0.1652,0.0946,0.05
BEN-BE0048,Bengaluru,2025-07-29,7,Monsoon,5.11,29.0,187.7,219.4,0,5,0.1949,0.0255,0.2617
MUM-MU0060,Mumbai,2025-10-28,10,Winter,10.31,15.0,143.4,167.8,0,5,0.1205,0.018,0.1137
AHM-AH0194,Ahmedabad,2026-02-13,2,Winter,0.0,37.2,101.6,148.9,0,4,0.1262,0.0676,0.0324
BEN-BE0175,Bengaluru,2025-06-08,6,Monsoon,31.59,20.0,128.3,169.5,0,5,0.4046,0.016,0.1269
MUM-MU0119,Mumbai,2024-12-01,12,Winter,0.0,15.0,144.0,183.7,0,2,0.152,0.0385,0.2036
KOL-KO0166,Kolkata,2024-08-28,8,Monsoon,0.0,36.8,58.0,81.5,0,4,0.0772,0.0916,0.1034
HYD-HY0084,Hyderabad,2024-12-14,12,Winter,7.91,20.9,149.2,181.0,0,3,0.0344,0.0408,0.1602
CHE-CH0132,Chennai,2024-07-01,7,Monsoon,31.39,33.8,137.9,173.9,0,2,0.4106,0.0065,0.0796
AHM-AH0170,Ahmedabad,2024-04-25,4,Summer,11.07,42.2,81.5,123.7,0,1,0.1189,0.0,0.0
HYD-HY0196,Hyderabad,2026-03-06,3,Summer,6.86,46.6,88.8,136.4,0,3,0.4774,0.0427,0.094
BEN-BE0076,Bengaluru,2025-07-19,7,Monsoon,16.42,24.6,55.0,99.3,0,2,0.1198,0.0261,0.0223
DEL-DE0126,Delhi,2024-07-20,7,Monsoon,15.24,34.2,134.2,149.8,0,4,0.0,0.1203,0.1434
DEL-DE0005,Delhi,2025-05-15,5,Summer,1.5,43.3,76.0,89.8,0,2,0.2385,0.0612,0.0
BEN-BE0107,Bengaluru,2025-09-16,9,Monsoon,32.25,24.9,39.8,68.4,0,4,0.4142,0.0397,0.0411
PUN-PU0145,Pune,2025-08-16,8,Monsoon,31.05,24.4,80.2,116.7,0,2,0.4874,0.0035,0.0013
BEN-BE0093,Bengaluru,2026-01-03,1,Winter,0.0,15.0,113.5,146.9,0,2,0.0444,0.0613,0.0977
BEN-BE0145,Bengaluru,2025-07-04,7,Monsoon,21.31,29.3,91.7,131.7,0,3,0.2927,0.03,0.0655
HYD-HY0092,Hyderabad,2025-01-10,1,Winter,2.94,22.3,121.7,152.0,0,3,0.0369,0.0829,0.0367
AHM-AH0109,Ahmedabad,2025-09-04,9,Monsoon,33.25,32.7,137.1,153.3,1,2,0.388,0.1521,0.1243
MUM-MU0114,Mumbai,2025-05-18,5,Summer,10.47,40.5,163.1,197.5,0,3,0.0905,0.0383,0.2373
AHM-AH0164,Ahmedabad,2024-10-13,10,Winter,4.04,33.3,56.1,101.4,0,3,0.1559,0.009,0.0
BEN-BE0049,Bengaluru,2025-06-23,6,Monsoon,17.26,31.2,100.6,112.4,0,3,0.0966,0.0726,0.0139
HYD-HY0179,Hyderabad,2024-11-09,11,Winter,6.24,15.0,170.5,200.2,0,3,0.2855,0.0997,0.2153
CHE-CH0195,Chennai,2025-01-27,1,Winter,3.76,19.5,122.1,170.3,0,1,0.1057,0.0755,0.1057
CHE-CH0126,Chennai,2025-05-12,5,Summer,14.81,38.1,122.8,156.1,0,2,0.11,0.0743,0.0745
DEL-DE0155,Delhi,2024-07-29,7,Monsoon,31.13,31.1,70.0,101.9,0,1,0.4021,0.041,0.0524
DEL-DE0160,Delhi,2024-07-05,7,Monsoon,27.7,31.6,59.1,95.6,0,4,0.3332,0.0328,0.0161
BEN-BE0084,Bengaluru,2025-06-06,6,Monsoon,14.52,30.2,53.3,67.6,0,3,0.1257,0.0778,0.0433
PUN-PU0013,Pune,2026-02-21,2,Winter,0.0,19.0,75.6,96.2,0,2,0.0945,0.0,0.0562
CHE-CH0051,Chennai,2024-06-22,6,Monsoon,28.45,29.7,122.8,155.2,0,2,0.3115,0.0377,0.0753
AHM-AH0111,Ahmedabad,2024-10-30,10,Winter,0.0,24.5,65.1,83.1,0,4,0.1391,0.1074,0.0152
AHM-AH0028,Ahmedabad,2024-09-28,9,Monsoon,55.58,23.6,115.6,142.7,0,5,0.6502,0.1045,0.0651
CHE-CH0134,Chennai,2025-12-29,12,Winter,0.47,18.0,74.6,121.7,0,1,0.0139,0.0157,0.0
PUN-PU0011,Pune,2024-12-13,12,Winter,2.15,25.8,138.4,148.8,0,2,0.0525,0.1143,0.1143
MUM-MU0057,Mumbai,2026-02-01,2,Winter,6.28,21.9,113.8,163.5,1,4,0.1371,0.2346,0.0097
AHM-AH0040,Ahmedabad,2025-10-11,10,Winter,2.74,26.2,85.6,116.7,0,5,0.1176,0.0959,0.0613
AHM-AH0034,Ahmedabad,2025-03-19,3,Summer,0.0,48.0,74.2,112.5,0,2,0.5351,0.0791,0.0
CHE-CH0120,Chennai,2024-10-04,10,Winter,7.39,22.7,72.1,106.7,0,1,0.1045,0.0581,0.0191
HYD-HY0162,Hyderabad,2024-10-15,10,Winter,2.02,16.7,88.7,110.8,0,3,0.1045,0.0482,0.0228
HYD-HY0154,Hyderabad,2024-11-11,11,Winter,0.0,34.7,75.4,94.0,0,5,0.0697,0.0889,0.0
DEL-DE0091,Delhi,2025-05-01,5,Summer,2.26,46.4,151.1,196.7,0,2,0.3977,0.0185,0.1671
HYD-HY0153,Hyderabad,2026-03-27,3,Summer,5.12,43.6,146.0,169.9,0,1,0.3423,0.0705,0.1813
DEL-DE0185,Delhi,2025-03-22,3,Summer,0.0,45.6,81.7,126.6,0,5,0.3658,0.0981,0.016
HYD-HY0008,Hyderabad,2025-04-03,4,Summer,0.0,39.3,88.3,127.3,0,3,0.093,0.0417,0.0724
CHE-CH0032,Chennai,2024-09-26,9,Monsoon,11.31,31.9,147.2,193.7,0,1,0.0458,0.0034,0.1764
DEL-DE0159,Delhi,2024-09-28,9,Monsoon,39.81,28.7,135.8,153.7,0,2,0.4682,0.0092,0.1221
HYD-HY0004,Hyderabad,2024-07-12,7,Monsoon,12.95,37.5,84.2,126.8,0,3,0.2133,0.1139,0.0415
MUM-MU0077,Mumbai,2025-10-23,10,Winter,1.07,21.0,30.0,73.0,0,5,0.2412,0.0138,0.0069
MUM-MU0184,Mumbai,2025-05-08,5,Summer,17.72,34.5,111.7,160.2,0,3,0.0705,0.091,0.1255
MUM-MU0115,Mumbai,2025-02-17,2,Winter,2.37,23.3,130.4,162.8,0,1,0.1204,0.0908,0.1162
BEN-BE0076,Bengaluru,2025-01-28,1,Winter,1.9,15.0,74.2,107.8,0,4,0.0202,0.0125,0.0275
PUN-PU0032,Pune,2025-11-24,11,Winter,12.45,22.4,130.2,152.9,0,5,0.0447,0.0332,0.0449
BEN-BE0048,Bengaluru,2024-08-26,8,Monsoon,9.13,28.5,77.5,93.2,0,2,0.2605,0.0448,0.0
MUM-MU0040,Mumbai,2025-12-07,12,Winter,0.0,15.1,106.3,124.4,0,5,0.2234,0.0646,0.0245
HYD-HY0078,Hyderabad,2024-05-09,5,Summer,5.85,28.0,109.9,122.1,1,1,0.0542,0.1629,0.0
KOL-KO0178,Kolkata,2025-10-27,10,Winter,0.68,24.7,199.6,236.6,0,3,0.0461,0.0456,0.2994
MUM-MU0001,Mumbai,2025-07-23,7,Monsoon,24.35,30.0,137.2,180.2,0,2,0.426,0.0025,0.1586
CHE-CH0079,Chennai,2025-06-26,6,Monsoon,27.3,27.2,125.1,169.8,0,4,0.42,0.1104,0.0884
PUN-PU0057,Pune,2025-03-08,3,Summer,0.0,34.9,78.3,123.0,0,3,0.0,0.1186,0.0607
BEN-BE0012,Bengaluru,2024-10-28,10,Winter,0.09,21.8,54.9,78.0,0,2,0.1453,0.0485,0.0412
DEL-DE0067,Delhi,2025-12-24,12,Winter,0.0,21.3,484.2,513.5,1,2,0.1576,0.1552,0.9818
CHE-CH0097,Chennai,2024-06-14,6,Monsoon,6.84,32.3,64.0,107.5,0,2,0.1329,0.0,0.0
AHM-AH0068,Ahmedabad,2025-07-13,7,Monsoon,2.14,41.7,122.3,166.1,0,4,0.15,0.0325,0.0489
DEL-DE0163,Delhi,2025-09-25,9,Monsoon,16.33,24.3,88.1,127.2,0,3,0.0527,0.1278,0.1071
CHE-CH0062,Chennai,2026-03-10,3,Summer,9.39,37.4,106.9,118.7,0,4,0.0121,0.0,0.0044
MUM-MU0121,Mumbai,2025-10-21,10,Winter,6.28,23.7,169.9,217.4,0,2,0.1253,0.0446,0.2292
MUM-MU0044,Mumbai,2024-07-01,7,Monsoon,25.75,28.6,199.1,241.4,0,2,0.36,0.0791,0.1766
DEL-DE0102,Delhi,2026-02-27,2,Winter,3.25,20.9,396.6,425.3,1,4,0.1089,0.181,0.7614
PUN-PU0001,Pune,2024-04-16,4,Summer,6.07,30.6,113.4,131.8,0,3,0.1116,0.0124,0.0037
AHM-AH0043,Ahmedabad,2026-03-02,3,Summer,0.0,48.0,93.6,130.7,1,1,0.4339,0.1712,0.0
DEL-DE0090,Delhi,2026-04-02,4,Summer,4.44,48.0,180.4,214.7,1,3,0.5671,0.2526,0.1558
AHM-AH0185,Ahmedabad,2026-01-24,1,Winter,4.35,17.0,94.3,113.9,0,4,0.0763,0.0713,0.0584
DEL-DE0027,Delhi,2024-07-22,7,Monsoon,10.35,31.9,95.7,110.8,0,1,0.0487,0.1095,0.0705
HYD-HY0077,Hyderabad,2026-02-18,2,Winter,5.71,27.5,74.9,88.7,0,1,0.0096,0.0692,0.0348
CHE-CH0147,Chennai,2024-05-19,5,Summer,0.78,34.8,160.8,174.9,0,5,0.1448,0.0,0.2076
MUM-MU0148,Mumbai,2025-01-16,1,Winter,0.0,23.8,145.2,180.7,0,2,0.11,0.0,0.1642
CHE-CH0165,Chennai,2025-09-06,9,Monsoon,18.48,36.4,84.7,130.7,0,3,0.1875,0.0098,0.0221
AHM-AH0042,Ahmedabad,2025-01-19,1,Winter,0.07,29.0,165.0,182.3,0,5,0.0177,0.0465,0.208
PUN-PU0156,Pune,2024-09-27,9,Monsoon,5.37,19.8,143.1,177.0,0,2,0.0626,0.0755,0.1297
KOL-KO0010,Kolkata,2025-07-01,7,Monsoon,16.22,29.0,75.8,88.9,0,2,0.1663,0.1152,0.0729
PUN-PU0000,Pune,2025-01-16,1,Winter,4.89,22.5,151.0,179.0,0,2,0.2279,0.0518,0.118
DEL-DE0006,Delhi,2025-07-03,7,Monsoon,14.1,31.1,90.6,133.5,0,1,0.1718,0.0106,0.0252
CHE-CH0089,Chennai,2025-08-05,8,Monsoon,5.84,35.2,155.9,198.4,0,1,0.0684,0.0526,0.1373
CHE-CH0018,Chennai,2024-10-20,10,Winter,4.67,26.8,138.3,165.5,0,3,0.2346,0.0468,0.104
CHE-CH0060,Chennai,2025-05-20,5,Summer,11.68,28.5,79.4,91.1,0,3,0.2019,0.0178,0.0
DEL-DE0079,Delhi,2025-08-08,8,Monsoon,5.73,32.9,74.3,100.0,1,1,0.1527,0.2606,0.0575
DEL-DE0122,Delhi,2024-07-28,7,Monsoon,8.94,42.6,100.2,131.8,0,2,0.2932,0.0741,0.0986
AHM-AH0099,Ahmedabad,2025-11-07,11,Winter,11.85,24.9,179.3,190.2,1,2,0.1034,0.192,0.2522
KOL-KO0094,Kolkata,2025-05-08,5,Summer,8.08,35.7,178.9,214.0,0,2,0.1513,0.0623,0.2383
PUN-PU0109,Pune,2024-12-23,12,Winter,6.17,22.0,113.2,143.6,0,4,0.0383,0.0437,0.0424
KOL-KO0197,Kolkata,2024-06-15,6,Monsoon,18.58,33.0,85.4,104.5,0,3,0.1086,0.0,0.0
PUN-PU0129,Pune,2025-08-30,8,Monsoon,6.17,36.9,103.6,141.7,0,5,0.0222,0.0321,0.0361
CHE-CH0049,Chennai,2025-02-13,2,Winter,5.29,18.0,118.5,149.0,0,2,0.2003,0.0442,0.0712
DEL-DE0156,Delhi,2024-11-17,11,Winter,2.23,24.2,334.2,353.9,0,1,0.1146,0.0661,0.6143
AHM-AH0048,Ahmedabad,2024-07-09,7,Monsoon,10.47,35.8,60.9,75.5,0,3,0.0887,0.0952,0.0315
HYD-HY0150,Hyderabad,2024-07-14,7,Monsoon,12.33,24.6,76.1,122.9,0,2,0.1467,0.0,0.0158
AHM-AH0020,Ahmedabad,2024-07-18,7,Monsoon,28.67,34.8,135.3,146.1,0,1,0.4259,0.102,0.022
PUN-PU0056,Pune,2025-08-16,8,Monsoon,26.67,25.8,89.4,138.3,0,3,0.5185,0.0786,0.0
CHE-CH0130,Chennai,2025-01-13,1,Winter,4.31,15.0,110.8,152.2,1,4,0.0902,0.215,0.1075
BEN-BE0057,Bengaluru,2025-07-23,7,Monsoon,6.82,25.8,114.7,154.7,1,3,0.0532,0.2451,0.0324
PUN-PU0163,Pune,2026-03-07,3,Summer,2.3,40.5,88.6,123.6,0,1,0.2547,0.1062,0.0307
PUN-PU0006,Pune,2025-11-01,11,Winter,0.0,24.4,63.3,76.9,0,3,0.0921,0.115,0.0238
DEL-DE0159,Delhi,2025-04-29,4,Summer,19.2,42.7,107.6,139.9,0,2,0.2224,0.0738,0.0637
CHE-CH0174,Chennai,2025-09-13,9,Monsoon,57.46,37.8,104.8,142.4,0,5,0.6673,0.0605,0.0503
CHE-CH0028,Chennai,2025-06-11,6,Monsoon,7.93,35.5,95.4,111.7,0,1,0.1658,0.0393,0.0123
AHM-AH0103,Ahmedabad,2025-03-02,3,Summer,21.22,40.4,154.6,169.6,0,2,0.3479,0.1268,0.1961
AHM-AH0010,Ahmedabad,2024-06-17,6,Monsoon,0.0,29.5,138.1,180.7,0,5,0.0,0.0804,0.1432
CHE-CH0003,Chennai,2025-04-21,4,Summer,3.23,41.2,84.4,101.5,0,2,0.1842,0.078,0.0816
DEL-DE0060,Delhi,2024-09-07,9,Monsoon,32.44,32.7,112.5,136.6,0,3,0.3967,0.0784,0.073
DEL-DE0163,Delhi,2025-10-23,10,Winter,5.79,27.7,283.8,315.2,0,5,0.2219,0.0,0.5168
AHM-AH0092,Ahmedabad,2024-12-21,12,Winter,9.11,26.5,104.3,152.8,0,4,0.151,0.0632,0.0149
MUM-MU0003,Mumbai,2025-10-17,10,Winter,10.71,21.3,30.0,72.2,0,4,0.102,0.0096,0.0438
AHM-AH0037,Ahmedabad,2026-01-30,1,Winter,0.0,18.7,87.8,115.1,1,3,0.1048,0.1994,0.0115
HYD-HY0173,Hyderabad,2025-08-08,8,Monsoon,43.17,25.8,57.3,88.1,0,2,0.4345,0.1043,0.0441
KOL-KO0001,Kolkata,2025-03-26,3,Summer,0.0,43.5,205.2,225.9,0,5,0.2852,0.1082,0.3052
AHM-AH0178,Ahmedabad,2025-06-02,6,Monsoon,6.84,28.1,100.5,113.1,0,3,0.1572,0.0483,0.0161
HYD-HY0162,Hyderabad,2025-09-15,9,Monsoon,10.19,24.9,132.1,147.6,0,3,0.2128,0.1015,0.095
MUM-MU0066,Mumbai,2025-09-04,9,Monsoon,39.9,32.9,123.8,141.0,0,2,0.4116,0.1275,0.1782
DEL-DE0172,Delhi,2024-08-19,8,Monsoon,9.9,36.2,85.9,100.3,0,2,0.216,0.0683,0.0141
PUN-PU0033,Pune,2026-02-02,2,Winter,11.97,20.2,101.5,137.9,0,2,0.0732,0.0158,0.1563
CHE-CH0051,Chennai,2025-11-20,11,Winter,6.78,31.6,157.0,176.9,0,3,0.0392,0.0161,0.1675
PUN-PU0052,Pune,2026-01-24,1,Winter,0.0,15.4,108.2,157.3,1,1,0.0,0.2206,0.0625
BEN-BE0052,Bengaluru,2025-03-30,3,Summer,2.06,38.1,152.8,190.9,1,3,0.2385,0.1999,0.0996
PUN-PU0109,Pune,2026-02-04,2,Winter,5.81,15.0,182.2,197.3,0,2,0.0923,0.0586,0.1259
HYD-HY0158,Hyderabad,2024-04-26,4,Summer,4.23,34.9,161.0,186.8,0,1,0.0442,0.0,0.1554
DEL-DE0013,Delhi,2025-09-04,9,Monsoon,0.56,27.1,71.1,99.8,0,1,0.2668,0.086,0.1039
HYD-HY0016,Hyderabad,2025-09-02,9,Monsoon,42.97,36.5,65.2,110.7,0,1,0.4857,0.0139,0.0313
DEL-DE0088,Delhi,2025-11-20,11,Winter,0.0,28.4,345.8,390.1,0,3,0.1102,0.0616,0.6215
CHE-CH0078,Chennai,2024-10-18,10,Winter,10.89,27.4,64.6,108.1,0,1,0.1597,0.1292,0.0
AHM-AH0126,Ahmedabad,2025-07-04,7,Monsoon,10.24,38.2,62.9,105.2,0,2,0.1214,0.0,0.051
MUM-MU0159,Mumbai,2024-06-15,6,Monsoon,16.4,27.7,181.8,209.4,0,1,0.03,0.0911,0.2852
BEN-BE0087,Bengaluru,2024-05-02,5,Summer,8.77,40.6,91.5,133.0,1,3,0.0398,0.2484,0.0461
CHE-CH0110,Chennai,2025-05-19,5,Summer,0.0,40.6,58.5,86.6,0,3,0.1426,0.0032,0.0317
DEL-DE0143,Delhi,2024-09-20,9,Monsoon,0.75,33.4,93.0,106.1,0,4,0.0,0.0135,0.0262
PUN-PU0102,Pune,2024-11-02,11,Winter,3.41,17.7,93.5,112.5,0,1,0.2272,0.1166,0.0517
MUM-MU0181,Mumbai,2025-04-29,4,Summer,1.79,41.7,148.5,180.0,0,3,0.0,0.1115,0.174
AHM-AH0051,Ahmedabad,2024-12-21,12,Winter,5.04,30.5,105.0,128.9,0,2,0.0279,0.0913,0.0106
PUN-PU0172,Pune,2025-09-24,9,Monsoon,40.13,23.4,137.6,156.3,0,3,0.4159,0.0618,0.1042
PUN-PU0108,Pune,2025-11-27,11,Winter,0.44,15.0,135.0,165.3,0,1,0.1594,0.0323,0.0579
AHM-AH0093,Ahmedabad,2024-08-14,8,Monsoon,7.52,40.0,142.7,181.0,0,5,0.0942,0.0286,0.1775
CHE-CH0087,Chennai,2025-06-17,6,Monsoon,23.52,35.3,99.0,119.1,0,3,0.2865,0.0658,0.0275
KOL-KO0114,Kolkata,2025-11-02,11,Winter,5.07,22.0,90.1,117.0,0,2,0.1984,0.0,0.0702
MUM-MU0023,Mumbai,2024-12-24,12,Winter,0.0,21.3,131.5,160.6,0,1,0.0,0.0173,0.1572
BEN-BE0143,Bengaluru,2025-03-16,3,Summer,4.71,31.5,106.5,144.0,0,3,0.1142,0.0855,0.0931
BEN-BE0029,Bengaluru,2025-04-15,4,Summer,0.47,42.7,93.7,116.9,0,2,0.2156,0.0999,0.0
BEN-BE0111,Bengaluru,2025-11-09,11,Winter,7.31,15.0,92.0,103.3,0,5,0.0988,0.0568,0.0
AHM-AH0019,Ahmedabad,2025-02-08,2,Winter,4.4,19.5,140.7,153.8,0,2,0.1405,0.0491,0.1043
MUM-MU0138,Mumbai,2025-06-22,6,Monsoon,19.52,31.8,161.9,180.0,0,4,0.021,0.0722,0.1781
CHE-CH0117,Chennai,2024-05-15,5,Summer,5.72,40.8,103.7,148.5,0,2,0.2292,0.0556,0.0
BEN-BE0125,Bengaluru,2025-04-13,4,Summer,5.02,41.2,70.7,119.1,0,3,0.1591,0.0043,0.0243
DEL-DE0021,Delhi,2025-06-08,6,Monsoon,24.66,31.6,97.9,120.8,0,4,0.2499,0.0874,0.0852
AHM-AH0075,Ahmedabad,2024-08-29,8,Monsoon,5.07,38.3,170.4,198.6,0,2,0.2145,0.0,0.1779
MUM-MU0002,Mumbai,2025-06-25,6,Monsoon,14.68,32.2,67.6,104.2,0,3,0.1835,0.0305,0.0372
MUM-MU0098,Mumbai,2026-03-13,3,Summer,10.45,34.0,73.6,84.6,0,5,0.0404,0.0,0.0158
CHE-CH0190,Chennai,2024-11-11,11,Winter,4.82,16.5,150.1,190.2,1,3,0.0805,0.2169,0.1186
KOL-KO0097,Kolkata,2025-01-27,1,Winter,2.88,15.0,171.9,196.7,0,2,0.1205,0.0338,0.2482
AHM-AH0100,Ahmedabad,2025-11-19,11,Winter,7.02,23.8,133.2,179.4,0,1,0.0,0.0376,0.0936
KOL-KO0059,Kolkata,2024-12-19,12,Winter,0.0,30.3,89.8,101.8,1,5,0.2254,0.1655,0.0612
DEL-DE0140,Delhi,2025-11-29,11,Winter,13.22,19.4,316.6,338.7,0,5,0.1853,0.1188,0.5091
KOL-KO0047,Kolkata,2025-05-08,5,Summer,13.94,48.0,122.9,171.5,0,4,0.4671,0.0304,0.0863
HYD-HY0009,Hyderabad,2026-04-01,4,Summer,0.0,40.3,50.2,96.0,0,3,0.0879,0.1172,0.0
CHE-CH0175,Chennai,2026-03-22,3,Summer,7.18,26.9,97.6,131.7,0,2,0.0,0.0349,0.0182
CHE-CH0119,Chennai,2024-06-15,6,Monsoon,37.22,27.7,142.1,171.2,0,1,0.4744,0.082,0.1707
HYD-HY0118,Hyderabad,2024-10-11,10,Winter,0.9,16.0,68.4,81.0,0,5,0.0668,0.0786,0.0484
CHE-CH0168,Chennai,2025-05-31,5,Summer,15.09,36.5,120.3,137.1,0,2,0.0306,0.1465,0.1572
DEL-DE0007,Delhi,2025-07-29,7,Monsoon,16.94,28.0,114.0,128.6,0,3,0.1834,0.0834,0.014
KOL-KO0181,Kolkata,2025-06-24,6,Monsoon,19.8,33.7,216.1,250.1,0,3,0.0,0.0392,0.3306
HYD-HY0183,Hyderabad,2024-05-12,5,Summer,3.8,46.3,180.2,215.4,0,5,0.4454,0.0263,0.1081
PUN-PU0133,Pune,2024-06-17,6,Monsoon,8.45,26.6,55.1,77.0,0,3,0.1739,0.022,0.0
AHM-AH0152,Ahmedabad,2024-12-22,12,Winter,1.78,18.7,89.2,119.3,0,4,0.1828,0.0882,0.0106
AHM-AH0007,Ahmedabad,2025-02-26,2,Winter,2.01,15.5,136.6,177.7,0,4,0.0579,0.0606,0.1205
BEN-BE0061,Bengaluru,2025-06-03,6,Monsoon,10.7,25.3,76.0,89.1,0,3,0.0565,0.0767,0.0
DEL-DE0133,Delhi,2026-03-23,3,Summer,4.42,42.4,42.6,89.2,0,2,0.2185,0.0,0.028
KOL-KO0124,Kolkata,2025-03-25,3,Summer,0.0,42.4,161.7,191.6,1,4,0.1491,0.2233,0.2685
MUM-MU0150,Mumbai,2025-01-09,1,Winter,3.28,24.8,127.4,170.4,0,5,0.1461,0.0887,0.0
MUM-MU0068,Mumbai,2025-08-01,8,Monsoon,9.17,26.2,175.7,217.1,0,2,0.0506,0.1037,0.2325
CHE-CH0003,Chennai,2025-07-09,7,Monsoon,24.38,33.6,59.0,85.6,0,3,0.2808,0.0525,0.0
MUM-MU0041,Mumbai,2025-06-22,6,Monsoon,0.0,27.5,177.2,217.9,0,2,0.021,0.1075,0.2021
CHE-CH0052,Chennai,2024-05-23,5,Summer,0.0,43.5,120.5,157.0,0,5,0.3016,0.0,0.0991
BEN-BE0134,Bengaluru,2025-05-16,5,Summer,5.26,31.0,107.6,117.7,0,2,0.0,0.0494,0.0583
DEL-DE0014,Delhi,2024-09-12,9,Monsoon,53.81,35.6,89.8,129.0,0,3,0.6333,0.032,0.0236
MUM-MU0151,Mumbai,2025-11-30,11,Winter,8.16,24.9,121.6,152.6,0,1,0.0422,0.0902,0.1255
CHE-CH0100,Chennai,2024-07-03,7,Monsoon,16.36,28.0,52.1,91.5,0,2,0.0688,0.0,0.0
DEL-DE0148,Delhi,2025-02-12,2,Winter,0.36,24.4,316.2,343.4,1,2,0.1671,0.1674,0.5931
CHE-CH0168,Chennai,2025-05-12,5,Summer,6.34,41.5,107.4,122.9,0,1,0.1255,0.0236,0.0238
DEL-DE0129,Delhi,2025-03-03,3,Summer,6.41,44.1,100.1,119.8,0,3,0.3162,0.1041,0.014
AHM-AH0099,Ahmedabad,2024-04-17,4,Summer,3.25,34.5,149.7,192.4,1,2,0.148,0.188,0.1429
MUM-MU0153,Mumbai,2025-04-27,4,Summer,0.0,36.9,171.9,198.6,0,3,0.0,0.0,0.1718
HYD-HY0120,Hyderabad,2025-09-02,9,Monsoon,7.66,34.0,116.5,137.3,0,3,0.0057,0.0673,0.0195
MUM-MU0190,Mumbai,2024-11-21,11,Winter,1.22,27.8,53.8,96.2,0,2,0.1494,0.0058,0.0131
CHE-CH0092,Chennai,2024-12-22,12,Winter,4.81,23.8,85.6,131.3,0,1,0.0931,0.0077,0.0498
PUN-PU0016,Pune,2024-05-07,5,Summer,6.48,39.6,105.5,124.7,1,4,0.191,0.1787,0.0248
PUN-PU0056,Pune,2025-11-21,11,Winter,8.36,21.0,73.1,83.6,0,1,0.1553,0.1096,0.0085
KOL-KO0188,Kolkata,2024-09-28,9,Monsoon,55.28,30.5,203.0,235.6,0,1,0.7289,0.0,0.2951
AHM-AH0042,Ahmedabad,2025-10-17,10,Winter,12.05,24.1,80.0,120.1,0,3,0.0439,0.0087,0.0696
MUM-MU0063,Mumbai,2025-11-05,11,Winter,1.28,19.0,117.0,129.7,0,2,0.0,0.0485,0.1194
KOL-KO0083,Kolkata,2024-11-10,11,Winter,13.32,22.4,127.9,157.9,0,3,0.0088,0.0,0.1546
PUN-PU0138,Pune,2024-08-20,8,Monsoon,10.42,28.2,78.2,89.5,0,3,0.1341,0.0696,0.0304
DEL-DE0137,Delhi,2024-05-04,5,Summer,10.39,29.1,97.7,140.8,0,2,0.0915,0.0141,0.0
PUN-PU0043,Pune,2025-12-14,12,Winter,5.55,21.8,129.8,155.9,0,2,0.24,0.0295,0.1007
KOL-KO0089,Kolkata,2025-08-22,8,Monsoon,0.0,29.2,177.2,211.3,0,4,0.0568,0.0325,0.1887
DEL-DE0121,Delhi,2025-08-22,8,Monsoon,22.09,38.6,95.9,141.5,0,1,0.3904,0.034,0.0685
MUM-MU0109,Mumbai,2024-07-23,7,Monsoon,113.13,27.7,106.0,122.6,0,3,0.8675,0.0466,0.0612
DEL-DE0007,Delhi,2025-12-01,12,Winter,9.05,22.8,252.7,269.4,0,5,0.0,0.0,0.3898
CHE-CH0078,Chennai,2024-05-20,5,Summer,0.0,35.1,69.7,83.2,0,3,0.1721,0.122,0.0042
BEN-BE0020,Bengaluru,2026-01-31,1,Winter,10.54,15.0,118.4,148.4,0,1,0.0,0.0596,0.0191
DEL-DE0189,Delhi,2024-11-22,11,Winter,0.0,31.8,344.8,391.7,0,4,0.0917,0.0421,0.7102
KOL-KO0038,Kolkata,2024-09-26,9,Monsoon,21.41,34.1,152.9,179.8,0,2,0.3155,0.0489,0.1609
AHM-AH0027,Ahmedabad,2025-02-07,2,Winter,2.46,24.6,109.1,141.7,0,3,0.1598,0.0894,0.1274
HYD-HY0134,Hyderabad,2026-01-23,1,Winter,9.35,20.3,52.2,98.0,0,3,0.0585,0.0924,0.0076
AHM-AH0078,Ahmedabad,2025-03-06,3,Summer,0.93,48.0,151.7,184.6,1,3,0.4944,0.1831,0.2056
AHM-AH0094,Ahmedabad,2024-05-27,5,Summer,0.0,35.1,67.7,84.5,0,2,0.0718,0.0162,0.0
HYD-HY0106,Hyderabad,2026-01-28,1,Winter,3.05,24.8,73.1,98.2,1,1,0.2483,0.2594,0.0
BEN-BE0143,Bengaluru,2025-06-20,6,Monsoon,20.71,27.3,82.9,128.8,0,4,0.35,0.0857,0.0696
PUN-PU0152,Pune,2025-06-18,6,Monsoon,11.58,28.8,39.1,73.3,0,1,0.0482,0.0,0.0417
BEN-BE0176,Bengaluru,2026-02-02,2,Winter,4.58,19.2,30.0,41.4,0,5,0.0482,0.1024,0.0
CHE-CH0009,Chennai,2025-09-01,9,Monsoon,13.23,30.1,84.9,120.4,0,1,0.1522,0.0006,0.113
BEN-BE0086,Bengaluru,2025-05-24,5,Summer,4.71,34.1,123.9,144.6,0,3,0.1774,0.0926,0.1289
MUM-MU0196,Mumbai,2024-09-15,9,Monsoon,19.59,28.7,123.9,136.8,0,2,0.069,0.0967,0.0983
MUM-MU0101,Mumbai,2024-06-01,6,Monsoon,19.11,26.3,95.4,130.8,0,2,0.1312,0.0567,0.0107
KOL-KO0004,Kolkata,2024-12-18,12,Winter,0.0,15.7,197.3,222.6,0,4,0.1286,0.0678,0.2424
HYD-HY0170,Hyderabad,2024-04-02,4,Summer,0.0,40.7,171.0,190.7,1,3,0.1474,0.2518,0.2103
HYD-HY0125,Hyderabad,2024-07-03,7,Monsoon,24.02,24.4,82.1,115.3,1,2,0.3719,0.2347,0.0458
HYD-HY0005,Hyderabad,2025-09-24,9,Monsoon,28.67,37.0,110.6,148.5,0,3,0.4102,0.0441,0.0575
DEL-DE0114,Delhi,2025-02-23,2,Winter,0.2,30.0,322.1,345.5,0,1,0.052,0.0275,0.6139
MUM-MU0111,Mumbai,2024-07-12,7,Monsoon,65.41,35.1,117.2,144.9,0,1,0.7624,0.0,0.056
CHE-CH0138,Chennai,2024-10-09,10,Winter,3.44,15.8,54.3,103.9,1,1,0.0196,0.2365,0.0584
MUM-MU0007,Mumbai,2026-03-31,3,Summer,0.0,48.0,104.3,136.3,1,3,0.4452,0.2329,0.0531
KOL-KO0075,Kolkata,2026-01-08,1,Winter,5.32,20.9,166.3,199.6,1,2,0.1019,0.1466,0.2163
MUM-MU0179,Mumbai,2024-09-03,9,Monsoon,68.02,37.3,162.9,211.1,0,5,0.7811,0.0248,0.2412
CHE-CH0003,Chennai,2025-02-03,2,Winter,3.61,17.9,93.0,126.9,1,4,0.1299,0.2113,0.005
PUN-PU0155,Pune,2025-03-08,3,Summer,1.3,35.1,158.6,181.6,0,1,0.1258,0.0709,0.2613
PUN-PU0080,Pune,2024-11-23,11,Winter,0.56,22.3,131.3,144.3,0,4,0.1406,0.103,0.0876
PUN-PU0029,Pune,2025-10-09,10,Winter,1.73,17.1,97.5,123.3,0,3,0.1192,0.0,0.046
KOL-KO0183,Kolkata,2024-09-30,9,Monsoon,33.12,16.2,58.0,70.6,0,3,0.4413,0.0585,0.0
BEN-BE0008,Bengaluru,2025-08-29,8,Monsoon,4.37,31.2,157.4,197.6,0,1,0.1858,0.0579,0.2216
MUM-MU0198,Mumbai,2025-03-23,3,Summer,3.48,25.3,83.0,122.8,1,2,0.2396,0.2043,0.0138
MUM-MU0052,Mumbai,2025-01-10,1,Winter,0.0,30.7,144.4,176.9,0,5,0.1118,0.0,0.1701
BEN-BE0023,Bengaluru,2025-07-19,7,Monsoon,9.26,26.2,102.8,149.6,0,3,0.1144,0.0,0.0049
DEL-DE0149,Delhi,2024-08-14,8,Monsoon,34.86,37.5,180.4,221.4,0,2,0.4547,0.0726,0.2215
PUN-PU0107,Pune,2025-07-04,7,Monsoon,14.81,33.7,159.7,197.8,0,1,0.0962,0.0515,0.1954
BEN-BE0197,Bengaluru,2025-07-11,7,Monsoon,43.64,20.3,130.2,145.6,0,2,0.4858,0.0759,0.0935
MUM-MU0167,Mumbai,2024-07-21,7,Monsoon,35.33,28.4,112.9,127.9,0,3,0.4165,0.0,0.0583
KOL-KO0169,Kolkata,2026-01-07,1,Winter,0.69,28.7,124.8,159.1,0,1,0.2205,0.126,0.0301
DEL-DE0036,Delhi,2025-06-01,6,Monsoon,23.44,30.6,138.2,163.4,0,3,0.3551,0.0038,0.1051
CHE-CH0031,Chennai,2024-10-04,10,Winter,2.41,19.0,145.0,162.9,1,2,0.0227,0.3142,0.1182
KOL-KO0014,Kolkata,2026-02-08,2,Winter,5.63,15.0,152.3,199.1,0,2,0.0777,0.138,0.0665
KOL-KO0164,Kolkata,2025-10-13,10,Winter,2.64,25.4,142.3,185.3,0,1,0.1417,0.0,0.1438
HYD-HY0001,Hyderabad,2025-08-01,8,Monsoon,11.88,32.9,141.8,165.2,0,5,0.0908,0.0,0.0806
PUN-PU0153,Pune,2024-08-24,8,Monsoon,39.61,27.3,145.1,188.5,0,3,0.5057,0.0436,0.1831
BEN-BE0142,Bengaluru,2026-01-16,1,Winter,4.72,21.3,88.5,107.3,0,3,0.1997,0.0671,0.0883
MUM-MU0186,Mumbai,2024-09-23,9,Monsoon,41.89,32.4,30.0,52.7,0,5,0.4843,0.0858,0.0383
PUN-PU0114,Pune,2024-04-02,4,Summer,0.0,43.3,46.8,80.4,1,1,0.2487,0.1426,0.0582
HYD-HY0114,Hyderabad,2025-09-03,9,Monsoon,31.04,31.9,126.0,157.8,0,1,0.3776,0.0423,0.0689
CHE-CH0193,Chennai,2025-12-26,12,Winter,1.53,18.0,101.1,116.3,0,3,0.1295,0.0461,0.0559
DEL-DE0178,Delhi,2025-04-25,4,Summer,7.5,48.0,122.6,166.4,0,2,0.5394,0.0693,0.0466
CHE-CH0159,Chennai,2025-05-20,5,Summer,0.0,20.5,53.7,101.2,0,2,0.1187,0.0706,0.0002
CHE-CH0181,Chennai,2025-07-13,7,Monsoon,27.6,28.9,157.5,189.6,0,2,0.4567,0.0676,0.1343
CHE-CH0156,Chennai,2024-05-07,5,Summer,2.93,40.5,68.6,108.7,0,2,0.2073,0.0765,0.0
DEL-DE0182,Delhi,2025-11-13,11,Winter,1.71,25.6,279.1,319.3,1,2,0.2124,0.2541,0.5123
KOL-KO0112,Kolkata,2024-09-23,9,Monsoon,38.31,27.4,223.1,266.8,0,3,0.4816,0.0117,0.3803
MUM-MU0091,Mumbai,2024-07-27,7,Monsoon,22.25,26.4,169.0,186.8,0,1,0.3781,0.0389,0.2735
BEN-BE0139,Bengaluru,2025-04-16,4,Summer,6.94,30.8,90.7,125.2,2,2,0.0915,0.2802,0.0
KOL-KO0100,Kolkata,2026-02-27,2,Winter,4.79,18.5,156.6,167.7,0,5,0.1853,0.059,0.1226
KOL-KO0152,Kolkata,2025-01-02,1,Winter,8.4,25.6,215.8,235.5,0,1,0.1497,0.0559,0.3304
BEN-BE0139,Bengaluru,2026-02-08,2,Winter,0.0,18.4,54.1,85.9,0,2,0.1356,0.0451,0.0172
BEN-BE0063,Bengaluru,2025-04-20,4,Summer,20.7,34.4,55.3,76.0,0,1,0.339,0.0458,0.0457
BEN-BE0150,Bengaluru,2026-03-02,3,Summer,3.74,31.7,115.2,142.3,0,2,0.0281,0.0,0.0712
HYD-HY0155,Hyderabad,2024-09-03,9,Monsoon,0.0,28.0,30.0,43.5,0,2,0.2299,0.0858,0.0309
MUM-MU0126,Mumbai,2024-08-19,8,Monsoon,27.37,29.2,142.7,177.5,0,4,0.3778,0.0,0.161
DEL-DE0109,Delhi,2025-09-22,9,Monsoon,18.72,26.9,61.6,99.6,0,3,0.1875,0.1573,0.0802
AHM-AH0140,Ahmedabad,2025-08-17,8,Monsoon,46.06,34.4,94.3,141.5,0,3,0.6441,0.0494,0.0
AHM-AH0026,Ahmedabad,2025-07-16,7,Monsoon,22.12,29.7,59.0,91.0,0,2,0.2576,0.0344,0.0908
PUN-PU0166,Pune,2025-11-24,11,Winter,7.48,25.2,64.5,89.7,0,3,0.2105,0.0502,0.0204
MUM-MU0198,Mumbai,2024-07-06,7,Monsoon,19.89,24.4,124.2,142.3,0,1,0.1115,0.0,0.0837
MUM-MU0175,Mumbai,2025-05-09,5,Summer,0.0,30.7,167.0,188.1,0,2,0.1119,0.0336,0.0783
PUN-PU0168,Pune,2026-03-09,3,Summer,1.2,29.5,54.4,103.7,0,1,0.0993,0.1221,0.0222
CHE-CH0104,Chennai,2024-11-11,11,Winter,7.5,24.3,106.3,142.1,1,2,0.1169,0.2607,0.0387
HYD-HY0108,Hyderabad,2024-08-26,8,Monsoon,29.5,34.5,103.8,127.5,0,4,0.3617,0.0797,0.0147
KOL-KO0047,Kolkata,2025-11-01,11,Winter,0.0,27.7,174.1,213.6,0,3,0.1696,0.0741,0.2071
AHM-AH0149,Ahmedabad,2025-01-19,1,Winter,6.35,28.4,91.4,120.9,0,3,0.1107,0.0607,0.0102
PUN-PU0007,Pune,2025-11-15,11,Winter,0.04,15.0,147.9,166.8,0,2,0.0,0.0828,0.2056
BEN-BE0065,Bengaluru,2024-05-28,5,Summer,16.59,39.0,102.4,128.6,0,5,0.1527,0.03,0.1056
HYD-HY0133,Hyderabad,2026-01-16,1,Winter,0.2,25.8,125.2,160.1,0,3,0.1551,0.144,0.039
MUM-MU0124,Mumbai,2024-09-13,9,Monsoon,11.73,22.7,166.2,188.8,0,4,0.0858,0.0524,0.2189
CHE-CH0192,Chennai,2025-02-16,2,Winter,11.76,22.3,114.5,130.9,0,3,0.1081,0.0338,0.1022
HYD-HY0070,Hyderabad,2025-12-07,12,Winter,3.26,29.3,104.4,130.1,0,4,0.0305,0.0,0.0729
KOL-KO0057,Kolkata,2025-07-19,7,Monsoon,4.58,24.8,101.4,128.8,0,1,0.1037,0.0676,0.0831
HYD-HY0096,Hyderabad,2026-03-29,3,Summer,11.09,39.0,101.5,132.9,0,3,0.231,0.0138,0.0649
AHM-AH0007,Ahmedabad,2025-04-10,4,Summer,0.0,46.4,85.9,135.1,0,3,0.3856,0.0006,0.0
KOL-KO0172,Kolkata,2025-06-19,6,Monsoon,21.27,29.2,98.7,111.2,0,3,0.3941,0.0,0.0428
HYD-HY0172,Hyderabad,2024-10-08,10,Winter,8.42,15.0,118.7,134.3,0,3,0.1145,0.0305,0.0805
BEN-BE0082,Bengaluru,2025-05-07,5,Summer,9.85,30.1,103.6,135.4,0,2,0.0,0.096,0.0713
KOL-KO0175,Kolkata,2025-10-18,10,Winter,0.0,24.0,187.3,220.2,0,3,0.0336,0.0174,0.2392
CHE-CH0012,Chennai,2025-03-14,3,Summer,0.0,45.1,86.9,103.0,0,4,0.3353,0.0,0.0093
MUM-MU0161,Mumbai,2025-11-24,11,Winter,4.68,30.6,86.9,99.7,0,2,0.1013,0.1045,0.0
KOL-KO0008,Kolkata,2024-05-04,5,Summer,0.0,38.5,212.0,260.6,0,5,0.1025,0.1289,0.3027
AHM-AH0062,Ahmedabad,2024-08-21,8,Monsoon,38.84,30.3,111.7,156.8,0,3,0.467,0.0593,0.0543
MUM-MU0071,Mumbai,2024-12-06,12,Winter,4.45,29.9,60.4,107.2,0,1,0.0539,0.0017,0.0227
HYD-HY0028,Hyderabad,2025-04-19,4,Summer,5.61,42.3,149.8,184.5,0,5,0.1408,0.0798,0.15
HYD-HY0169,Hyderabad,2024-05-08,5,Summer,20.32,48.0,127.3,140.8,1,5,0.3011,0.1988,0.155
HYD-HY0058,Hyderabad,2024-08-11,8,Monsoon,24.16,19.0,64.7,94.5,0,2,0.3783,0.0684,0.0337
HYD-HY0170,Hyderabad,2025-07-31,7,Monsoon,38.3,25.7,115.7,131.3,0,1,0.4925,0.0753,0.0312
PUN-PU0187,Pune,2024-12-16,12,Winter,0.0,21.3,77.3,120.9,0,3,0.1506,0.0038,0.0
PUN-PU0070,Pune,2025-05-25,5,Summer,3.81,44.1,77.5,127.2,0,2,0.1815,0.0115,0.0256
DEL-DE0101,Delhi,2025-01-08,1,Winter,1.74,25.5,221.3,266.6,0,2,0.0863,0.1092,0.3076
DEL-DE0046,Delhi,2024-06-20,6,Monsoon,7.82,35.4,60.9,97.9,0,1,0.0324,0.095,0.0
AHM-AH0150,Ahmedabad,2025-01-23,1,Winter,0.0,27.2,106.3,155.4,0,2,0.167,0.0998,0.0275
KOL-KO0119,Kolkata,2025-07-19,7,Monsoon,47.82,32.7,164.4,211.2,0,3,0.5855,0.0365,0.2335
DEL-DE0154,Delhi,2025-05-12,5,Summer,0.71,37.9,65.4,87.1,1,3,0.0,0.1856,0.0676
DEL-DE0142,Delhi,2024-06-28,6,Monsoon,2.99,26.0,30.0,62.9,0,1,0.181,0.0777,0.0
BEN-BE0033,Bengaluru,2024-10-05,10,Winter,0.74,19.6,63.0,78.3,0,1,0.1886,0.0676,0.0742
DEL-DE0194,Delhi,2025-09-04,9,Monsoon,14.44,38.0,75.8,90.6,0,2,0.1183,0.0527,0.0602
DEL-DE0058,Delhi,2025-04-22,4,Summer,30.06,48.0,166.5,182.6,0,1,0.3929,0.0721,0.2235
MUM-MU0087,Mumbai,2024-12-13,12,Winter,0.0,17.4,175.3,218.0,0,2,0.171,0.0304,0.1741
KOL-KO0067,Kolkata,2024-06-13,6,Monsoon,29.75,32.1,162.7,182.1,0,2,0.4389,0.0302,0.1365
MUM-MU0160,Mumbai,2024-05-10,5,Summer,10.29,40.9,88.1,108.5,0,2,0.0281,0.1044,0.0
PUN-PU0199,Pune,2025-09-09,9,Monsoon,2.12,16.6,138.7,157.5,0,2,0.0,0.0,0.0962
KOL-KO0091,Kolkata,2025-09-22,9,Monsoon,6.87,30.9,176.6,193.7,0,1,0.0644,0.0362,0.2021
BEN-BE0013,Bengaluru,2025-02-24,2,Winter,0.0,21.3,94.2,130.5,0,4,0.0944,0.0639,0.0585
PUN-PU0084,Pune,2024-07-06,7,Monsoon,46.67,27.6,84.2,100.5,0,2,0.5625,0.0636,0.0013
DEL-DE0102,Delhi,2024-10-01,10,Winter,0.0,28.2,317.8,345.0,0,2,0.0,0.0276,0.4963
PUN-PU0018,Pune,2024-04-07,4,Summer,6.03,39.6,66.5,94.1,0,3,0.0958,0.0,0.0508
BEN-BE0128,Bengaluru,2025-08-30,8,Monsoon,12.25,29.9,122.4,136.6,0,4,0.1472,0.0754,0.0645
CHE-CH0054,Chennai,2024-10-27,10,Winter,0.0,20.0,52.7,85.8,0,4,0.0962,0.0326,0.0228
AHM-AH0089,Ahmedabad,2024-09-16,9,Monsoon,13.51,30.0,115.6,159.3,0,1,0.1947,0.0596,0.0734
MUM-MU0137,Mumbai,2024-07-08,7,Monsoon,32.51,34.9,107.5,124.6,0,5,0.4254,0.0743,0.0496
MUM-MU0178,Mumbai,2025-02-18,2,Winter,1.35,22.2,132.0,177.1,0,2,0.1598,0.0399,0.0388
CHE-CH0194,Chennai,2025-11-01,11,Winter,5.95,24.2,91.7,128.8,0,3,0.0,0.0414,0.0
HYD-HY0139,Hyderabad,2025-11-24,11,Winter,4.16,19.5,82.0,122.1,1,1,0.1095,0.2411,0.0764
KOL-KO0013,Kolkata,2025-11-03,11,Winter,4.06,24.0,89.8,107.2,1,5,0.0312,0.2106,0.0
HYD-HY0130,Hyderabad,2025-09-07,9,Monsoon,26.85,30.6,80.5,98.4,0,3,0.3176,0.0555,0.0268
CHE-CH0067,Chennai,2026-03-16,3,Summer,5.08,48.0,100.2,121.4,0,2,0.5069,0.0,0.0501
BEN-BE0165,Bengaluru,2025-12-27,12,Winter,3.24,22.8,66.5,81.1,0,3,0.0568,0.0845,0.0325
HYD-HY0064,Hyderabad,2024-04-03,4,Summer,12.84,34.0,98.9,122.4,0,3,0.0,0.0,0.0
KOL-KO0138,Kolkata,2025-06-23,6,Monsoon,7.34,31.5,127.9,164.3,0,5,0.0413,0.1024,0.1029
MUM-MU0025,Mumbai,2024-05-03,5,Summer,0.0,32.5,134.1,162.0,0,3,0.0333,0.0588,0.1444
AHM-AH0034,Ahmedabad,2025-06-04,6,Monsoon,19.67,33.2,55.7,94.4,0,2,0.0432,0.0808,0.0172
PUN-PU0076,Pune,2025-01-29,1,Winter,0.0,15.0,114.1,137.5,0,5,0.1484,0.0191,0.1124
PUN-PU0003,Pune,2024-05-01,5,Summer,0.0,39.6,148.5,165.1,1,2,0.1121,0.1594,0.1377
HYD-HY0070,Hyderabad,2024-07-22,7,Monsoon,27.98,26.6,58.3,72.5,0,3,0.3728,0.1056,0.0608
KOL-KO0059,Kolkata,2025-03-09,3,Summer,0.44,34.4,147.2,194.4,0,3,0.0878,0.063,0.1259
DEL-DE0030,Delhi,2025-12-14,12,Winter,0.0,28.4,287.4,299.7,0,1,0.1439,0.0772,0.4814
KOL-KO0048,Kolkata,2026-01-28,1,Winter,0.58,25.6,139.0,164.8,1,5,0.2465,0.1847,0.1852
DEL-DE0106,Delhi,2025-10-06,10,Winter,0.0,26.0,452.5,489.1,1,3,0.2423,0.1996,0.8916
DEL-DE0103,Delhi,2024-04-21,4,Summer,4.98,37.0,84.8,134.4,0,3,0.0336,0.0531,0.0339
HYD-HY0160,Hyderabad,2026-01-15,1,Winter,0.0,19.7,96.9,113.9,1,1,0.0797,0.1839,0.0
PUN-PU0004,Pune,2025-12-25,12,Winter,0.66,25.7,108.6,148.3,0,2,0.1639,0.0354,0.0948
HYD-HY0193,Hyderabad,2025-05-19,5,Summer,0.0,40.1,91.5,113.2,0,4,0.1699,0.0474,0.0227
AHM-AH0153,Ahmedabad,2025-02-03,2,Winter,1.57,21.1,72.3,117.7,0,1,0.1318,0.0827,0.0524
DEL-DE0005,Delhi,2024-05-30,5,Summer,0.93,37.4,109.1,122.5,0,5,0.2071,0.0892,0.0513
DEL-DE0016,Delhi,2025-05-23,5,Summer,5.09,43.8,113.8,161.5,0,3,0.354,0.0429,0.0
HYD-HY0152,Hyderabad,2026-02-07,2,Winter,4.7,27.6,96.6,131.4,1,2,0.0172,0.2015,0.0768
AHM-AH0196,Ahmedabad,2026-01-08,1,Winter,3.6,22.2,72.0,103.2,0,4,0.2439,0.0768,0.0601
DEL-DE0006,Delhi,2025-11-06,11,Winter,9.67,24.5,358.9,402.8,1,3,0.0592,0.0936,0.7456
BEN-BE0185,Bengaluru,2024-12-03,12,Winter,0.0,27.7,88.7,131.4,0,1,0.0953,0.1133,0.0
HYD-HY0096,Hyderabad,2025-11-06,11,Winter,5.93,22.4,97.9,132.8,0,2,0.0684,0.1424,0.029
CHE-CH0104,Chennai,2025-05-19,5,Summer,0.0,48.0,95.8,126.8,0,5,0.4651,0.0919,0.109
KOL-KO0041,Kolkata,2025-11-24,11,Winter,0.0,23.3,99.9,116.7,0,3,0.1269,0.0,0.0435
BEN-BE0140,Bengaluru,2026-01-02,1,Winter,1.48,18.6,98.1,130.4,0,3,0.2243,0.0419,0.0
CHE-CH0184,Chennai,2025-09-29,9,Monsoon,0.0,29.5,85.3,109.1,0,2,0.0529,0.0237,0.0073
PUN-PU0141,Pune,2025-09-02,9,Monsoon,22.28,31.3,101.9,130.8,0,3,0.3323,0.0,0.0276
KOL-KO0194,Kolkata,2025-12-30,12,Winter,8.2,26.8,214.5,238.1,0,2,0.0386,0.0718,0.3267
HYD-HY0171,Hyderabad,2024-11-22,11,Winter,7.77,31.6,140.9,187.9,1,4,0.0124,0.1697,0.143
PUN-PU0047,Pune,2025-11-21,11,Winter,5.11,19.9,44.9,87.3,1,2,0.0367,0.217,0.0
KOL-KO0168,Kolkata,2025-06-30,6,Monsoon,18.08,24.7,190.5,240.3,0,5,0.1405,0.0,0.1963
MUM-MU0076,Mumbai,2025-04-26,4,Summer,6.63,38.0,115.3,129.5,0,3,0.1018,0.0096,0.0953
DEL-DE0152,Delhi,2024-08-21,8,Monsoon,13.98,36.3,30.7,59.6,0,5,0.1306,0.0471,0.115
BEN-BE0164,Bengaluru,2025-01-28,1,Winter,5.82,19.8,68.6,81.1,0,1,0.0379,0.0614,0.1066
KOL-KO0025,Kolkata,2024-06-26,6,Monsoon,10.09,32.1,30.0,70.6,0,2,0.0152,0.0132,0.0
DEL-DE0094,Delhi,2025-11-28,11,Winter,0.0,29.4,285.2,329.2,0,4,0.1693,0.0506,0.4455
PUN-PU0066,Pune,2026-02-27,2,Winter,0.0,18.6,144.4,168.8,0,5,0.1546,0.0355,0.0744
PUN-PU0046,Pune,2025-08-15,8,Monsoon,42.83,33.4,64.0,108.1,0,2,0.4808,0.0883,0.0091
PUN-PU0194,Pune,2025-01-12,1,Winter,0.66,15.3,88.2,108.9,0,3,0.1253,0.0879,0.0716
AHM-AH0020,Ahmedabad,2024-06-12,6,Monsoon,31.66,28.3,80.1,123.3,0,3,0.4539,0.0275,0.0015
KOL-KO0022,Kolkata,2024-08-14,8,Monsoon,22.94,23.5,158.2,179.3,0,1,0.3315,0.1247,0.1706
MUM-MU0079,Mumbai,2024-11-24,11,Winter,1.39,27.3,143.7,155.7,0,5,0.2246,0.0713,0.1457
KOL-KO0010,Kolkata,2025-12-05,12,Winter,6.93,19.8,195.6,208.5,0,4,0.1184,0.0563,0.2803
CHE-CH0078,Chennai,2025-02-04,2,Winter,0.0,18.7,82.3,101.0,0,3,0.1355,0.0671,0.0
AHM-AH0014,Ahmedabad,2025-08-16,8,Monsoon,18.78,28.0,74.9,103.1,0,4,0.1055,0.1061,0.0795
BEN-BE0086,Bengaluru,2024-11-05,11,Winter,0.78,17.4,142.2,154.7,1,1,0.1856,0.1558,0.087
MUM-MU0100,Mumbai,2024-11-23,11,Winter,4.04,21.3,170.3,216.3,0,4,0.0455,0.0623,0.1809
AHM-AH0127,Ahmedabad,2024-07-14,7,Monsoon,14.64,30.8,149.5,195.1,0,2,0.1468,0.115,0.1482
KOL-KO0173,Kolkata,2025-06-23,6,Monsoon,22.79,25.8,125.3,151.2,0,2,0.3018,0.0132,0.1176
BEN-BE0150,Bengaluru,2024-04-03,4,Summer,4.02,45.9,96.8,127.2,0,5,0.3715,0.0983,0.0146
CHE-CH0162,Chennai,2026-01-29,1,Winter,3.1,19.9,81.1,96.4,0,3,0.0961,0.0067,0.0651
MUM-MU0041,Mumbai,2024-10-10,10,Winter,3.75,30.8,119.8,134.6,0,4,0.0616,0.0843,0.0697
CHE-CH0091,Chennai,2025-11-19,11,Winter,2.82,25.1,118.9,152.1,0,1,0.171,0.0516,0.0
CHE-CH0020,Chennai,2025-05-30,5,Summer,0.9,48.0,143.2,170.9,0,2,0.4635,0.0375,0.1932
CHE-CH0036,Chennai,2024-10-12,10,Winter,3.36,27.5,126.5,144.8,0,4,0.1473,0.0218,0.2321
BEN-BE0174,Bengaluru,2025-01-07,1,Winter,4.33,22.4,95.9,115.0,0,1,0.2049,0.1059,0.0327
HYD-HY0006,Hyderabad,2026-03-27,3,Summer,0.0,38.5,104.0,149.3,0,3,0.1973,0.0319,0.0
AHM-AH0025,Ahmedabad,2024-07-27,7,Monsoon,5.5,36.4,39.3,71.1,0,3,0.037,0.0865,0.0192
AHM-AH0002,Ahmedabad,2025-03-12,3,Summer,0.0,32.5,143.1,170.8,0,5,0.0,0.0586,0.1548
DEL-DE0001,Delhi,2024-12-07,12,Winter,3.51,32.9,390.1,408.5,0,1,0.1692,0.0089,0.7781
BEN-BE0066,Bengaluru,2025-09-22,9,Monsoon,6.01,34.3,133.2,181.2,0,3,0.0772,0.1057,0.1524
DEL-DE0075,Delhi,2025-06-19,6,Monsoon,28.48,31.1,108.5,149.8,0,1,0.3405,0.0071,0.0889
CHE-CH0015,Chennai,2024-09-26,9,Monsoon,13.97,25.6,72.1,108.5,0,2,0.0,0.0242,0.0853
AHM-AH0123,Ahmedabad,2024-08-26,8,Monsoon,31.38,28.2,76.8,90.0,0,1,0.4473,0.0481,0.0341
KOL-KO0107,Kolkata,2025-10-18,10,Winter,1.21,19.0,208.5,253.9,0,3,0.0,0.0,0.4172
AHM-AH0185,Ahmedabad,2024-10-07,10,Winter,3.56,15.0,119.3,134.5,0,3,0.0252,0.0164,0.0252
CHE-CH0057,Chennai,2024-04-27,4,Summer,4.57,29.4,124.0,169.8,0,5,0.0683,0.0598,0.1176
BEN-BE0151,Bengaluru,2025-12-15,12,Winter,0.39,18.3,122.1,159.9,0,2,0.1418,0.07,0.0489
AHM-AH0092,Ahmedabad,2024-12-02,12,Winter,0.0,27.3,82.6,132.3,1,5,0.12,0.2556,0.0204
KOL-KO0053,Kolkata,2024-06-17,6,Monsoon,0.59,29.4,173.6,205.0,0,3,0.0153,0.0,0.2839
PUN-PU0038,Pune,2025-12-16,12,Winter,8.74,15.0,144.9,187.9,0,2,0.0853,0.0,0.2307
PUN-PU0122,Pune,2025-06-13,6,Monsoon,25.21,26.4,92.3,131.7,0,1,0.3586,0.0237,0.0931
MUM-MU0182,Mumbai,2026-03-18,3,Summer,6.06,34.4,87.2,128.1,0,3,0.2054,0.083,0.0086
DEL-DE0184,Delhi,2025-11-08,11,Winter,0.0,20.1,430.0,441.5,0,3,0.0,0.0663,0.7873
KOL-KO0104,Kolkata,2026-03-10,3,Summer,2.31,26.3,152.6,177.2,0,4,0.0,0.0836,0.1612
BEN-BE0032,Bengaluru,2024-06-02,6,Monsoon,29.57,26.1,161.5,196.0,0,1,0.3219,0.0,0.1795
KOL-KO0033,Kolkata,2024-12-17,12,Winter,0.0,27.9,128.5,140.8,0,2,0.1097,0.0736,0.0616
AHM-AH0117,Ahmedabad,2025-01-03,1,Winter,0.0,23.4,70.3,109.5,0,5,0.2706,0.0516,0.0337
KOL-KO0192,Kolkata,2025-12-06,12,Winter,0.0,18.9,165.9,189.5,0,2,0.176,0.0929,0.2087
AHM-AH0155,Ahmedabad,2025-05-07,5,Summer,0.0,45.6,113.5,142.1,0,1,0.4349,0.0894,0.0395
HYD-HY0057,Hyderabad,2025-10-16,10,Winter,4.94,38.5,59.3,81.2,1,2,0.1658,0.1858,0.0
CHE-CH0165,Chennai,2024-07-01,7,Monsoon,8.46,31.6,146.1,185.7,0,2,0.0835,0.0156,0.1251
MUM-MU0115,Mumbai,2024-05-17,5,Summer,7.67,38.9,164.2,205.5,1,3,0.1386,0.138,0.2214
HYD-HY0055,Hyderabad,2025-08-06,8,Monsoon,31.53,20.1,128.4,161.9,0,5,0.4409,0.0107,0.0499
DEL-DE0125,Delhi,2026-03-23,3,Summer,2.52,31.7,156.7,169.2,0,2,0.1334,0.0647,0.1706
MUM-MU0134,Mumbai,2025-06-20,6,Monsoon,29.55,29.8,113.1,124.8,0,3,0.389,0.0613,0.0352
CHE-CH0037,Chennai,2026-01-04,1,Winter,12.02,22.7,83.4,103.7,1,3,0.0331,0.2408,0.0114
AHM-AH0053,Ahmedabad,2025-11-15,11,Winter,0.98,27.9,107.5,139.7,0,1,0.062,0.0891,0.0968
HYD-HY0037,Hyderabad,2025-11-20,11,Winter,0.0,25.9,114.4,140.7,0,2,0.0723,0.0498,0.0638
KOL-KO0026,Kolkata,2024-09-04,9,Monsoon,29.95,29.4,181.6,193.7,0,4,0.4099,0.0373,0.2114
DEL-DE0077,Delhi,2024-11-29,11,Winter,4.13,25.5,227.5,272.2,0,3,0.0612,0.0007,0.2898
AHM-AH0198,Ahmedabad,2024-07-02,7,Monsoon,1.32,37.2,118.0,167.6,0,3,0.0271,0.0495,0.0183
HYD-HY0073,Hyderabad,2024-10-17,10,Winter,0.0,28.0,117.0,129.1,1,4,0.1347,0.2365,0.1279
HYD-HY0164,Hyderabad,2026-03-27,3,Summer,6.44,44.3,61.7,90.2,0,5,0.2875,0.1112,0.0
MUM-MU0059,Mumbai,2024-08-12,8,Monsoon,40.54,20.8,123.3,146.7,0,3,0.4802,0.041,0.1018
DEL-DE0155,Delhi,2025-02-09,2,Winter,6.41,22.3,371.5,387.9,0,1,0.2658,0.1081,0.7207
DEL-DE0194,Delhi,2026-03-17,3,Summer,0.0,38.0,67.9,102.3,0,3,0.1152,0.0169,0.0
BEN-BE0011,Bengaluru,2025-02-24,2,Winter,9.42,15.0,136.4,148.5,0,1,0.0187,0.084,0.107
MUM-MU0118,Mumbai,2025-09-24,9,Monsoon,19.97,26.9,74.6,117.5,0,2,0.0628,0.0213,0.0
BEN-BE0110,Bengaluru,2024-05-20,5,Summer,4.51,39.7,75.3,104.8,1,1,0.0,0.2926,0.0137
MUM-MU0067,Mumbai,2024-09-28,9,Monsoon,18.73,30.8,166.0,181.9,0,4,0.1439,0.0445,0.1701
KOL-KO0134,Kolkata,2025-02-10,2,Winter,15.21,17.6,205.1,215.9,0,1,0.0261,0.044,0.2216
MUM-MU0103,Mumbai,2025-05-10,5,Summer,6.35,43.8,150.4,197.7,0,2,0.2341,0.0798,0.0965
CHE-CH0138,Chennai,2025-04-09,4,Summer,0.0,44.6,123.3,140.0,0,1,0.275,0.0,0.0925
AHM-AH0043,Ahmedabad,2024-12-21,12,Winter,8.2,24.7,119.9,159.5,1,2,0.1025,0.1928,0.0428
BEN-BE0007,Bengaluru,2026-01-29,1,Winter,0.0,25.7,182.4,230.6,0,3,0.0358,0.0281,0.1625
BEN-BE0161,Bengaluru,2025-12-09,12,Winter,0.0,16.7,81.9,99.8,0,4,0.1147,0.1205,0.0
CHE-CH0154,Chennai,2024-06-24,6,Monsoon,20.46,27.9,98.3,117.6,1,4,0.2697,0.2773,0.0
KOL-KO0150,Kolkata,2025-01-24,1,Winter,13.78,21.9,171.0,182.0,0,3,0.0463,0.0552,0.1964
HYD-HY0034,Hyderabad,2024-05-13,5,Summer,0.0,21.9,144.3,173.8,0,2,0.1006,0.0229,0.1105
KOL-KO0012,Kolkata,2025-08-21,8,Monsoon,15.66,35.7,176.4,203.6,0,1,0.0796,0.0202,0.2351
PUN-PU0101,Pune,2025-08-16,8,Monsoon,19.06,29.9,101.1,121.1,0,3,0.1569,0.0221,0.0727
DEL-DE0053,Delhi,2024-12-04,12,Winter,0.0,29.4,463.5,501.3,1,1,0.1066,0.2468,0.9736
PUN-PU0195,Pune,2025-03-14,3,Summer,1.72,35.0,99.5,135.9,0,4,0.0678,0.1266,0.0959
MUM-MU0062,Mumbai,2026-03-08,3,Summer,10.14,32.1,194.5,219.2,0,1,0.1234,0.0,0.2356
BEN-BE0095,Bengaluru,2025-10-31,10,Winter,0.34,27.7,79.1,104.6,1,3,0.0817,0.2124,0.0392
CHE-CH0162,Chennai,2025-04-20,4,Summer,0.0,45.3,100.5,128.3,0,4,0.4222,0.0,0.0433
HYD-HY0001,Hyderabad,2024-05-16,5,Summer,5.65,39.9,78.5,111.1,0,4,0.0031,0.0113,0.0411
PUN-PU0016,Pune,2024-11-30,11,Winter,8.64,16.7,124.0,140.0,0,1,0.207,0.0236,0.1244
KOL-KO0113,Kolkata,2024-12-18,12,Winter,8.67,24.8,174.2,188.3,0,3,0.0869,0.061,0.2558
DEL-DE0163,Delhi,2025-09-27,9,Monsoon,15.92,30.8,91.3,118.5,0,5,0.1534,0.0027,0.0
KOL-KO0171,Kolkata,2025-05-04,5,Summer,8.82,34.0,184.3,233.9,0,2,0.0,0.0651,0.2392
PUN-PU0001,Pune,2025-12-10,12,Winter,0.0,22.8,107.9,149.5,0,2,0.1091,0.0,0.0
HYD-HY0129,Hyderabad,2024-09-11,9,Monsoon,59.15,35.0,74.6,110.2,0,2,0.6603,0.0735,0.0173
CHE-CH0116,Chennai,2026-03-03,3,Summer,18.25,39.9,51.0,69.2,0,1,0.0306,0.0487,0.0871
CHE-CH0105,Chennai,2024-05-13,5,Summer,0.0,27.3,90.9,135.2,0,2,0.0168,0.0478,0.102
DEL-DE0134,Delhi,2024-07-06,7,Monsoon,37.32,39.0,158.0,192.0,0,5,0.4575,0.0,0.2083
BEN-BE0129,Bengaluru,2025-11-01,11,Winter,8.26,25.5,88.6,98.8,1,4,0.1781,0.1966,0.0
AHM-AH0133,Ahmedabad,2024-05-19,5,Summer,0.0,48.0,148.7,190.3,0,5,0.4985,0.105,0.1719
AHM-AH0010,Ahmedabad,2024-12-28,12,Winter,3.58,18.4,146.8,175.1,0,1,0.0544,0.0,0.1568
MUM-MU0185,Mumbai,2025-11-07,11,Winter,11.21,17.2,158.5,204.6,1,4,0.0993,0.2134,0.1387
BEN-BE0183,Bengaluru,2026-02-04,2,Winter,0.0,15.0,164.0,198.4,0,4,0.1354,0.0,0.2191
MUM-MU0056,Mumbai,2025-10-02,10,Winter,0.0,17.2,193.2,229.7,0,3,0.0171,0.0638,0.2336
CHE-CH0191,Chennai,2025-06-11,6,Monsoon,46.72,31.5,167.9,214.0,0,1,0.514,0.1069,0.1656
MUM-MU0101,Mumbai,2025-08-03,8,Monsoon,104.13,34.0,91.4,126.1,0,4,0.935,0.0853,0.0
DEL-DE0133,Delhi,2025-09-11,9,Monsoon,43.18,46.0,91.4,110.8,0,3,0.6411,0.0,0.0
HYD-HY0171,Hyderabad,2024-07-18,7,Monsoon,22.03,22.5,128.0,176.5,0,2,0.1806,0.0,0.1078
AHM-AH0197,Ahmedabad,2025-03-05,3,Summer,6.59,44.9,30.0,79.9,0,1,0.2837,0.0657,0.0058
BEN-BE0038,Bengaluru,2024-11-25,11,Winter,0.0,15.0,89.2,129.5,0,1,0.1909,0.0576,0.0
BEN-BE0053,Bengaluru,2025-10-03,10,Winter,6.57,16.4,98.8,143.6,0,2,0.0865,0.0111,0.072
PUN-PU0125,Pune,2024-07-29,7,Monsoon,12.66,25.9,89.4,113.4,0,3,0.106,0.0779,0.0147
BEN-BE0061,Bengaluru,2025-04-24,4,Summer,13.91,36.9,80.2,98.2,0,1,0.0807,0.0366,0.0288
PUN-PU0187,Pune,2025-06-25,6,Monsoon,16.82,33.2,118.5,160.3,0,3,0.0538,0.1142,0.0077
BEN-BE0023,Bengaluru,2024-12-23,12,Winter,5.45,30.3,83.7,100.8,0,4,0.1339,0.0769,0.0
BEN-BE0151,Bengaluru,2025-06-16,6,Monsoon,42.17,29.6,172.2,186.0,0,4,0.4506,0.0,0.21
PUN-PU0134,Pune,2025-11-11,11,Winter,8.43,23.2,114.8,162.2,0,3,0.0305,0.0822,0.0224
KOL-KO0038,Kolkata,2025-01-04,1,Winter,7.51,25.6,129.5,144.1,1,5,0.0331,0.2355,0.0694
HYD-HY0051,Hyderabad,2025-06-16,6,Monsoon,5.61,31.8,83.9,97.7,0,3,0.1698,0.0501,0.023
MUM-MU0041,Mumbai,2025-01-10,1,Winter,0.0,21.1,104.4,144.7,0,1,0.1177,0.094,0.0
AHM-AH0198,Ahmedabad,2025-11-18,11,Winter,0.0,16.1,112.3,128.6,0,2,0.0339,0.1496,0.0
PUN-PU0197,Pune,2025-02-08,2,Winter,6.32,20.9,110.8,147.4,0,3,0.0,0.0487,0.0102
MUM-MU0018,Mumbai,2024-11-01,11,Winter,1.37,25.6,160.2,172.5,1,1,0.2249,0.2177,0.1945
KOL-KO0170,Kolkata,2025-08-13,8,Monsoon,23.34,34.8,89.9,139.8,0,5,0.343,0.0697,0.0507
DEL-DE0070,Delhi,2024-06-06,6,Monsoon,27.01,32.0,127.8,143.4,0,1,0.4138,0.0,0.0498
PUN-PU0125,Pune,2025-07-31,7,Monsoon,10.72,30.3,139.2,186.2,0,1,0.1044,0.0473,0.1531
DEL-DE0154,Delhi,2024-11-14,11,Winter,2.51,22.0,238.6,277.6,0,3,0.0599,0.0511,0.3713
PUN-PU0031,Pune,2024-11-09,11,Winter,5.93,15.0,106.0,136.9,1,2,0.0,0.2223,0.0126
MUM-MU0017,Mumbai,2025-04-24,4,Summer,7.65,48.0,98.3,147.6,0,4,0.6033,0.0601,0.0204
BEN-BE0058,Bengaluru,2025-11-13,11,Winter,3.46,23.8,137.2,169.7,0,5,0.0353,0.0708,0.1179
BEN-BE0116,Bengaluru,2025-07-28,7,Monsoon,16.12,27.2,135.0,182.3,0,1,0.2622,0.0044,0.1635
PUN-PU0045,Pune,2026-02-17,2,Winter,0.0,20.9,138.2,150.3,0,4,0.1867,0.0774,0.1058
CHE-CH0025,Chennai,2025-04-14,4,Summer,2.79,27.3,113.3,146.8,0,3,0.0791,0.0,0.0602
AHM-AH0059,Ahmedabad,2025-12-22,12,Winter,1.16,26.7,70.8,82.7,0,2,0.0193,0.1155,0.0397
AHM-AH0052,Ahmedabad,2026-02-09,2,Winter,6.83,26.7,103.3,152.2,0,3,0.0199,0.082,0.0229
PUN-PU0116,Pune,2024-12-29,12,Winter,0.0,15.0,69.8,102.7,0,1,0.1591,0.0909,0.0716
BEN-BE0163,Bengaluru,2024-11-14,11,Winter,2.62,23.8,44.8,82.8,0,1,0.1696,0.0643,0.023
KOL-KO0067,Kolkata,2025-02-14,2,Winter,0.0,32.5,126.5,169.6,0,3,0.1102,0.0437,0.0605
CHE-CH0171,Chennai,2024-12-20,12,Winter,12.67,25.1,87.2,115.7,1,3,0.1,0.1293,0.0076
CHE-CH0114,Chennai,2025-04-12,4,Summer,0.0,35.9,60.8,81.3,0,1,0.0378,0.0459,0.0
KOL-KO0140,Kolkata,2024-08-19,8,Monsoon,22.3,31.1,249.6,281.8,0,4,0.294,0.0405,0.4248
BEN-BE0116,Bengaluru,2025-06-22,6,Monsoon,32.81,20.8,102.7,118.1,0,3,0.4677,0.0049,0.0
BEN-BE0046,Bengaluru,2025-11-05,11,Winter,0.0,17.6,77.7,93.3,0,2,0.0067,0.2072,0.0
KOL-KO0155,Kolkata,2025-07-15,7,Monsoon,19.81,28.0,205.5,252.9,0,5,0.0211,0.0979,0.2346
CHE-CH0018,Chennai,2024-07-31,7,Monsoon,0.0,29.9,117.4,151.0,0,2,0.0066,0.0331,0.0119
PUN-PU0186,Pune,2024-08-17,8,Monsoon,4.37,22.3,162.5,191.9,0,5,0.1087,0.0587,0.1961
HYD-HY0066,Hyderabad,2024-08-16,8,Monsoon,54.83,33.6,62.5,109.2,0,3,0.7439,0.0744,0.063
PUN-PU0077,Pune,2024-06-29,6,Monsoon,4.17,31.1,145.1,176.8,0,4,0.1975,0.0224,0.1354
KOL-KO0013,Kolkata,2024-10-29,10,Winter,12.95,20.6,85.5,132.4,0,3,0.0308,0.0472,0.0
HYD-HY0197,Hyderabad,2025-01-01,1,Winter,0.0,35.9,66.9,79.1,0,4,0.0009,0.0423,0.0265
DEL-DE0009,Delhi,2024-11-28,11,Winter,0.0,26.7,374.3,392.5,0,1,0.0029,0.0,0.5817
MUM-MU0015,Mumbai,2024-08-24,8,Monsoon,45.93,32.9,146.9,162.5,0,3,0.5672,0.0314,0.1584
HYD-HY0047,Hyderabad,2024-09-19,9,Monsoon,8.92,30.6,62.5,108.5,0,1,0.1023,0.0,0.0388
PUN-PU0156,Pune,2024-05-26,5,Summer,5.65,47.6,112.7,160.7,0,2,0.4452,0.0145,0.0113
CHE-CH0166,Chennai,2024-09-20,9,Monsoon,17.8,30.4,63.4,90.6,0,1,0.001,0.0848,0.0
HYD-HY0149,Hyderabad,2024-05-27,5,Summer,5.29,48.0,76.0,107.1,0,3,0.5199,0.0593,0.0
PUN-PU0125,Pune,2025-03-13,3,Summer,17.34,24.7,91.9,136.8,1,1,0.1646,0.1533,0.0185
PUN-PU0016,Pune,2024-04-09,4,Summer,7.62,38.6,99.6,133.1,0,1,0.0069,0.0901,0.0
PUN-PU0047,Pune,2025-08-28,8,Monsoon,25.63,33.1,171.9,198.4,0,5,0.3087,0.0767,0.1676
BEN-BE0178,Bengaluru,2025-12-19,12,Winter,0.0,15.0,68.6,94.8,0,3,0.1616,0.0473,0.0
CHE-CH0011,Chennai,2025-08-27,8,Monsoon,15.55,30.3,160.7,176.2,0,2,0.2155,0.0166,0.2029
AHM-AH0001,Ahmedabad,2025-02-14,2,Winter,1.77,23.6,123.1,170.4,1,3,0.0121,0.1693,0.0698
DEL-DE0021,Delhi,2024-11-05,11,Winter,4.71,15.0,295.0,308.4,0,1,0.2602,0.0124,0.584
KOL-KO0186,Kolkata,2024-09-14,9,Monsoon,10.87,28.3,205.3,222.2,0,3,0.1095,0.0,0.3017
MUM-MU0130,Mumbai,2025-05-04,5,Summer,2.43,38.1,162.5,182.1,2,1,0.1172,0.3652,0.1558
CHE-CH0088,Chennai,2024-06-28,6,Monsoon,14.1,31.4,171.4,188.2,0,5,0.0306,0.0178,0.1169
BEN-BE0166,Bengaluru,2025-01-25,1,Winter,13.34,21.2,120.8,152.9,1,3,0.1214,0.2,0.0917
PUN-PU0111,Pune,2025-09-23,9,Monsoon,32.58,23.8,61.8,89.5,0,2,0.4607,0.0,0.054
CHE-CH0065,Chennai,2026-01-11,1,Winter,1.06,27.0,90.7,127.9,1,3,0.1019,0.2017,0.1109
BEN-BE0167,Bengaluru,2025-02-11,2,Winter,7.04,22.7,98.8,111.1,0,1,0.101,0.0384,0.0
BEN-BE0134,Bengaluru,2025-04-07,4,Summer,0.54,28.6,119.3,168.7,0,1,0.175,0.0588,0.0336
PUN-PU0143,Pune,2026-02-20,2,Winter,0.0,23.9,94.9,121.2,0,1,0.0258,0.0,0.0153
AHM-AH0056,Ahmedabad,2026-03-30,3,Summer,4.23,41.3,75.2,116.7,0,1,0.0872,0.0163,0.0278
PUN-PU0134,Pune,2025-03-08,3,Summer,6.5,35.1,98.6,128.5,0,1,0.193,0.0516,0.0
CHE-CH0011,Chennai,2025-10-10,10,Winter,3.95,22.8,147.8,185.2,0,2,0.1702,0.0979,0.2193
DEL-DE0185,Delhi,2026-03-05,3,Summer,0.51,37.8,92.4,139.1,0,4,0.1032,0.0249,0.0444
DEL-DE0107,Delhi,2026-03-13,3,Summer,0.77,39.2,62.2,111.1,0,4,0.093,0.0154,0.0
HYD-HY0059,Hyderabad,2025-07-14,7,Monsoon,47.27,27.4,89.0,103.6,0,2,0.548,0.0784,0.0
AHM-AH0167,Ahmedabad,2025-02-02,2,Winter,1.21,32.2,68.8,110.9,0,3,0.1998,0.1179,0.0
BEN-BE0092,Bengaluru,2024-07-29,7,Monsoon,25.7,27.7,112.8,149.6,0,1,0.385,0.0616,0.1349
MUM-MU0116,Mumbai,2025-08-29,8,Monsoon,20.54,30.2,158.2,184.9,0,4,0.2363,0.0267,0.2248
PUN-PU0028,Pune,2025-05-31,5,Summer,1.51,46.7,117.4,131.2,1,3,0.319,0.1566,0.1028
KOL-KO0027,Kolkata,2024-11-09,11,Winter,0.0,17.3,116.5,129.9,0,5,0.1651,0.0171,0.0803
PUN-PU0152,Pune,2025-01-16,1,Winter,17.3,25.3,148.0,189.2,0,3,0.0342,0.0405,0.1107
CHE-CH0054,Chennai,2025-12-30,12,Winter,2.68,24.5,130.9,172.3,1,1,0.1843,0.1397,0.0627
PUN-PU0194,Pune,2026-03-26,3,Summer,10.19,32.4,62.7,99.0,0,2,0.1633,0.0676,0.0642
DEL-DE0086,Delhi,2025-12-24,12,Winter,0.0,18.0,328.5,376.4,0,2,0.0638,0.0372,0.5659
AHM-AH0077,Ahmedabad,2024-09-17,9,Monsoon,20.28,33.1,126.9,144.1,0,1,0.2933,0.0222,0.1163
MUM-MU0052,Mumbai,2024-05-20,5,Summer,1.94,35.8,92.1,120.2,0,2,0.0485,0.0405,0.071
PUN-PU0142,Pune,2024-09-04,9,Monsoon,11.74,23.3,47.4,69.6,0,3,0.1781,0.0765,0.0493
HYD-HY0018,Hyderabad,2025-06-05,6,Monsoon,25.84,30.6,47.9,76.0,0,4,0.4091,0.048,0.0301
CHE-CH0005,Chennai,2025-04-02,4,Summer,0.22,31.2,104.8,119.4,0,3,0.0419,0.0411,0.0291
BEN-BE0131,Bengaluru,2024-07-14,7,Monsoon,41.21,21.7,90.2,139.9,0,2,0.4631,0.0221,0.0647
KOL-KO0057,Kolkata,2025-02-03,2,Winter,0.0,18.4,120.6,150.2,2,5,0.0,0.3539,0.0353
KOL-KO0028,Kolkata,2025-11-28,11,Winter,8.5,21.4,176.6,218.5,0,3,0.2418,0.0786,0.2319
CHE-CH0195,Chennai,2024-05-25,5,Summer,0.0,44.2,77.1,110.9,0,4,0.2207,0.066,0.0355
AHM-AH0108,Ahmedabad,2024-12-02,12,Winter,2.48,18.1,128.9,154.7,0,5,0.0772,0.0118,0.1147
MUM-MU0072,Mumbai,2024-07-04,7,Monsoon,68.39,29.4,146.5,187.5,0,2,0.7416,0.0617,0.1168
HYD-HY0194,Hyderabad,2025-01-13,1,Winter,0.0,28.4,99.1,138.3,0,1,0.1609,0.1353,0.0831
AHM-AH0050,Ahmedabad,2025-08-31,8,Monsoon,11.83,38.9,68.8,99.6,0,3,0.1744,0.063,0.0018
HYD-HY0171,Hyderabad,2024-10-26,10,Winter,2.31,19.9,100.3,147.2,0,4,0.112,0.089,0.0
DEL-DE0188,Delhi,2025-08-21,8,Monsoon,53.61,31.8,127.9,161.4,0,4,0.6738,0.0252,0.1916
CHE-CH0102,Chennai,2025-01-31,1,Winter,2.42,33.4,75.8,91.9,0,1,0.1222,0.0041,0.0115
AHM-AH0087,Ahmedabad,2025-08-11,8,Monsoon,0.0,26.6,134.2,145.4,0,2,0.0974,0.0106,0.1054
AHM-AH0060,Ahmedabad,2025-09-02,9,Monsoon,22.53,32.6,121.1,159.5,0,3,0.3203,0.0,0.0986
BEN-BE0055,Bengaluru,2024-09-03,9,Monsoon,9.09,33.8,187.0,209.0,0,4,0.0857,0.0303,0.2403
AHM-AH0005,Ahmedabad,2025-05-05,5,Summer,6.24,41.7,165.7,185.3,0,3,0.1251,0.0275,0.1406
HYD-HY0094,Hyderabad,2025-05-17,5,Summer,4.46,41.5,116.1,160.6,0,3,0.065,0.0,0.0
PUN-PU0107,Pune,2024-11-08,11,Winter,3.56,22.3,48.7,73.6,0,2,0.0146,0.1206,0.0237
KOL-KO0174,Kolkata,2024-06-22,6,Monsoon,11.04,25.2,219.3,244.5,0,2,0.0461,0.0942,0.2672
PUN-PU0175,Pune,2025-06-26,6,Monsoon,31.92,21.0,70.9,119.1,0,3,0.4007,0.0011,0.0414
CHE-CH0134,Chennai,2026-03-20,3,Summer,1.84,38.0,117.4,163.8,1,5,0.1011,0.2148,0.086
HYD-HY0038,Hyderabad,2026-03-16,3,Summer,0.0,37.9,96.7,122.5,0,4,0.1012,0.1087,0.0
CHE-CH0014,Chennai,2025-05-09,5,Summer,0.0,37.1,104.2,123.6,1,4,0.0888,0.1355,0.0683
DEL-DE0148,Delhi,2024-07-27,7,Monsoon,19.05,34.9,113.1,147.6,0,3,0.1823,0.0371,0.0111
PUN-PU0146,Pune,2026-03-27,3,Summer,6.2,31.5,159.9,193.7,0,3,0.1259,0.1453,0.1305
HYD-HY0143,Hyderabad,2025-12-08,12,Winter,4.01,32.2,112.5,155.5,0,1,0.1328,0.0998,0.0
DEL-DE0170,Delhi,2025-09-29,9,Monsoon,13.83,36.0,104.5,149.6,0,2,0.0569,0.018,0.0374
CHE-CH0001,Chennai,2025-07-25,7,Monsoon,0.0,25.0,67.5,87.0,0,2,0.1493,0.0095,0.0043
MUM-MU0199,Mumbai,2025-04-17,4,Summer,8.67,31.1,53.1,81.5,0,2,0.0259,0.0,0.0
KOL-KO0164,Kolkata,2025-04-04,4,Summer,9.57,22.3,163.7,188.5,0,3,0.1327,0.0821,0.2089
DEL-DE0062,Delhi,2024-09-21,9,Monsoon,11.03,27.0,101.1,141.3,0,2,0.234,0.077,0.0
AHM-AH0117,Ahmedabad,2025-03-27,3,Summer,2.1,44.1,111.7,145.3,0,2,0.3107,0.1131,0.0783
BEN-BE0129,Bengaluru,2025-01-05,1,Winter,3.17,15.7,132.8,149.4,0,3,0.0512,0.0695,0.0853
AHM-AH0085,Ahmedabad,2024-12-10,12,Winter,4.29,23.6,92.2,108.7,0,1,0.1474,0.0601,0.0
HYD-HY0144,Hyderabad,2024-06-21,6,Monsoon,33.82,33.5,96.4,113.1,0,3,0.4268,0.0552,0.0106
AHM-AH0162,Ahmedabad,2026-01-09,1,Winter,0.0,22.4,30.1,68.8,0,2,0.1175,0.1429,0.0483
DEL-DE0174,Delhi,2024-10-16,10,Winter,9.95,20.6,323.3,351.6,1,1,0.1502,0.1798,0.586
PUN-PU0192,Pune,2024-07-16,7,Monsoon,11.4,29.6,40.4,81.9,0,1,0.122,0.1129,0.0509
CHE-CH0087,Chennai,2025-10-15,10,Winter,0.56,31.1,134.8,164.8,0,3,0.0842,0.0112,0.162
PUN-PU0140,Pune,2025-11-07,11,Winter,0.0,15.0,51.8,92.4,0,1,0.1031,0.073,0.0204
MUM-MU0182,Mumbai,2024-05-14,5,Summer,9.7,27.2,107.3,126.3,0,2,0.0143,0.0,0.0754
BEN-BE0055,Bengaluru,2024-04-10,4,Summer,7.55,27.9,121.2,132.4,0,5,0.0278,0.0079,0.0947
CHE-CH0127,Chennai,2025-05-29,5,Summer,0.0,35.6,90.5,138.5,0,5,0.1303,0.043,0.0267
BEN-BE0057,Bengaluru,2025-05-10,5,Summer,0.0,36.2,92.2,111.6,0,1,0.1184,0.1178,0.0128
AHM-AH0124,Ahmedabad,2024-08-08,8,Monsoon,16.26,22.6,124.6,153.9,0,5,0.1854,0.086,0.0891
CHE-CH0028,Chennai,2026-02-02,2,Winter,8.31,23.4,126.5,175.0,0,3,0.1244,0.0424,0.087
KOL-KO0061,Kolkata,2024-08-07,8,Monsoon,20.95,22.7,98.7,121.6,0,1,0.3401,0.0763,0.0711
CHE-CH0078,Chennai,2025-08-28,8,Monsoon,23.99,24.9,169.1,209.1,0,2,0.315,0.1164,0.2526
CHE-CH0161,Chennai,2025-08-04,8,Monsoon,17.77,30.1,50.7,86.3,0,3,0.1208,0.0445,0.0763
BEN-BE0133,Bengaluru,2025-09-08,9,Monsoon,13.64,27.5,54.0,93.3,0,3,0.12,0.0,0.0
HYD-HY0199,Hyderabad,2026-03-27,3,Summer,0.44,36.1,164.4,208.9,0,3,0.1411,0.0576,0.2355
CHE-CH0002,Chennai,2026-01-22,1,Winter,0.0,31.3,117.6,165.5,0,2,0.0751,0.0,0.0959
KOL-KO0149,Kolkata,2024-11-30,11,Winter,1.14,24.1,173.9,209.6,0,1,0.0139,0.0326,0.2573
DEL-DE0041,Delhi,2025-11-10,11,Winter,0.0,18.6,325.8,349.8,0,2,0.217,0.014,0.5868
KOL-KO0163,Kolkata,2024-12-17,12,Winter,9.54,20.7,187.2,212.5,0,3,0.172,0.0,0.3096
MUM-MU0109,Mumbai,2025-08-20,8,Monsoon,16.89,27.5,103.7,128.6,0,2,0.2357,0.0545,0.0394
PUN-PU0099,Pune,2025-09-19,9,Monsoon,45.44,28.5,198.3,218.6,0,1,0.5089,0.0763,0.1959
HYD-HY0195,Hyderabad,2025-08-28,8,Monsoon,10.57,29.2,84.7,133.9,0,4,0.135,0.0225,0.0038
HYD-HY0188,Hyderabad,2024-07-16,7,Monsoon,16.5,30.7,116.5,142.3,1,3,0.1777,0.2239,0.0
PUN-PU0071,Pune,2025-09-18,9,Monsoon,22.02,27.2,158.5,208.4,0,3,0.3366,0.0755,0.1844
MUM-MU0145,Mumbai,2026-02-08,2,Winter,5.73,25.8,143.4,158.7,1,3,0.1771,0.2134,0.1127
KOL-KO0167,Kolkata,2026-03-21,3,Summer,2.04,38.2,225.7,237.6,0,3,0.05,0.0513,0.3809
DEL-DE0198,Delhi,2025-03-09,3,Summer,8.19,42.5,106.7,134.6,1,2,0.1711,0.1428,0.0124
HYD-HY0024,Hyderabad,2024-09-10,9,Monsoon,8.23,35.7,107.1,146.7,0,5,0.0289,0.0532,0.0449
DEL-DE0045,Delhi,2026-03-12,3,Summer,0.04,47.6,40.3,68.5,1,5,0.4714,0.214,0.0331
PUN-PU0194,Pune,2025-09-09,9,Monsoon,8.77,20.9,168.8,183.0,0,3,0.0567,0.0671,0.1611
CHE-CH0181,Chennai,2025-08-17,8,Monsoon,32.25,23.7,141.2,181.3,0,1,0.4967,0.1049,0.1232
HYD-HY0085,Hyderabad,2024-09-15,9,Monsoon,6.68,27.1,117.0,131.1,0,4,0.2274,0.0,0.059
CHE-CH0011,Chennai,2024-12-20,12,Winter,0.32,15.0,71.9,116.7,1,5,0.1486,0.1997,0.0405
KOL-KO0046,Kolkata,2024-11-14,11,Winter,2.93,22.5,177.4,220.4,0,1,0.1636,0.0281,0.227
MUM-MU0110,Mumbai,2024-07-14,7,Monsoon,16.0,36.9,148.8,181.8,0,2,0.0365,0.0311,0.1404
DEL-DE0108,Delhi,2024-09-27,9,Monsoon,45.49,26.0,129.6,147.0,0,4,0.5681,0.1091,0.1688
DEL-DE0081,Delhi,2024-09-02,9,Monsoon,12.77,21.9,112.1,139.1,0,3,0.0793,0.0306,0.0566
BEN-BE0010,Bengaluru,2024-10-22,10,Winter,0.43,17.8,63.1,110.5,0,1,0.0555,0.0,0.0476
CHE-CH0101,Chennai,2024-12-20,12,Winter,2.87,21.5,92.6,127.8,0,3,0.1792,0.1169,0.0075
KOL-KO0038,Kolkata,2026-02-14,2,Winter,0.0,29.3,109.8,130.9,0,2,0.0145,0.0,0.0364
HYD-HY0166,Hyderabad,2024-11-04,11,Winter,3.57,16.1,129.0,146.1,1,4,0.0005,0.146,0.1147
KOL-KO0137,Kolkata,2026-03-23,3,Summer,12.42,38.7,154.1,172.3,1,3,0.1894,0.1619,0.1513
DEL-DE0093,Delhi,2024-04-03,4,Summer,0.0,47.1,116.9,148.0,0,2,0.4731,0.0,0.1076
CHE-CH0047,Chennai,2024-09-17,9,Monsoon,75.87,33.7,113.6,141.9,0,3,0.7724,0.0623,0.095
AHM-AH0065,Ahmedabad,2025-04-15,4,Summer,5.09,34.3,115.2,141.8,0,4,0.0,0.1241,0.0444
DEL-DE0169,Delhi,2025-08-16,8,Monsoon,1.84,28.5,96.8,136.3,0,3,0.0838,0.0,0.0
AHM-AH0195,Ahmedabad,2025-10-27,10,Winter,0.0,20.4,109.0,133.9,0,4,0.0888,0.0128,0.0548
MUM-MU0165,Mumbai,2025-09-03,9,Monsoon,38.79,36.8,155.9,176.3,0,3,0.4539,0.0577,0.1534
KOL-KO0198,Kolkata,2024-09-20,9,Monsoon,5.05,35.5,112.4,125.2,0,3,0.0348,0.0608,0.0438
CHE-CH0081,Chennai,2024-10-05,10,Winter,0.0,21.6,94.8,119.7,1,1,0.1716,0.1725,0.0145
PUN-PU0092,Pune,2024-07-24,7,Monsoon,1.85,21.7,126.3,136.7,0,1,0.2157,0.0354,0.1437
DEL-DE0162,Delhi,2024-05-05,5,Summer,1.97,35.5,198.0,217.3,0,2,0.0553,0.0595,0.3087
CHE-CH0041,Chennai,2024-10-19,10,Winter,6.14,24.9,69.0,81.1,0,3,0.1295,0.026,0.0392
PUN-PU0099,Pune,2025-07-24,7,Monsoon,14.47,25.1,88.4,129.7,0,4,0.0716,0.0639,0.0251
MUM-MU0118,Mumbai,2026-01-06,1,Winter,0.0,20.4,114.2,132.4,0,3,0.0345,0.0489,0.0373
MUM-MU0009,Mumbai,2025-01-23,1,Winter,0.0,19.0,170.5,219.7,1,1,0.1359,0.1734,0.1472
KOL-KO0125,Kolkata,2024-08-19,8,Monsoon,12.83,30.1,208.5,237.6,0,1,0.2166,0.0,0.2895
BEN-BE0160,Bengaluru,2026-03-30,3,Summer,14.93,35.6,77.0,114.9,1,3,0.1214,0.1634,0.0
BEN-BE0028,Bengaluru,2024-12-31,12,Winter,0.24,18.7,135.8,177.2,0,2,0.0776,0.0,0.1202
AHM-AH0158,Ahmedabad,2025-04-28,4,Summer,8.83,37.5,156.5,198.7,0,3,0.0,0.0542,0.1488
AHM-AH0184,Ahmedabad,2024-08-25,8,Monsoon,23.07,29.6,121.2,149.0,0,3,0.3277,0.095,0.1032
DEL-DE0145,Delhi,2025-04-08,4,Summer,1.15,41.3,114.7,140.6,0,5,0.0943,0.0641,0.0757
HYD-HY0180,Hyderabad,2024-12-14,12,Winter,0.0,29.7,117.2,157.3,0,4,0.1555,0.0914,0.0197
AHM-AH0165,Ahmedabad,2025-01-13,1,Winter,0.0,32.9,79.1,114.8,0,3,0.2104,0.1066,0.06
DEL-DE0124,Delhi,2025-06-02,6,Monsoon,21.23,35.2,81.9,100.6,0,5,0.3726,0.0808,0.0236
HYD-HY0002,Hyderabad,2024-04-22,4,Summer,0.0,37.9,71.6,107.5,1,1,0.0907,0.1631,0.0
AHM-AH0163,Ahmedabad,2024-12-02,12,Winter,6.11,24.0,163.2,173.3,0,4,0.0,0.0744,0.1605
AHM-AH0196,Ahmedabad,2026-03-07,3,Summer,10.19,43.0,84.3,131.3,0,5,0.2549,0.0833,0.0394
MUM-MU0180,Mumbai,2024-09-17,9,Monsoon,0.59,36.5,94.5,141.4,0,4,0.0,0.0052,0.0356
DEL-DE0065,Delhi,2024-05-02,5,Summer,0.39,46.3,113.7,124.5,0,2,0.3995,0.0115,0.1109
PUN-PU0058,Pune,2024-11-05,11,Winter,2.84,18.1,81.8,106.9,1,4,0.0756,0.1818,0.0
KOL-KO0088,Kolkata,2024-12-10,12,Winter,11.56,15.0,155.1,174.7,0,2,0.0425,0.065,0.161
PUN-PU0097,Pune,2026-01-10,1,Winter,0.0,15.3,71.6,93.7,0,2,0.0796,0.0329,0.0
KOL-KO0079,Kolkata,2024-11-12,11,Winter,3.27,18.0,197.2,244.4,1,3,0.0,0.1156,0.247
KOL-KO0026,Kolkata,2024-09-15,9,Monsoon,0.0,26.2,122.1,154.0,0,3,0.1211,0.0344,0.0011
KOL-KO0078,Kolkata,2025-06-08,6,Monsoon,22.54,31.2,188.0,237.0,0,3,0.3328,0.0298,0.3486
KOL-KO0177,Kolkata,2024-10-14,10,Winter,7.62,22.9,176.3,212.2,0,3,0.248,0.049,0.2107
CHE-CH0185,Chennai,2024-12-19,12,Winter,1.77,21.6,166.8,202.6,1,3,0.1869,0.1938,0.1384
MUM-MU0009,Mumbai,2025-04-29,4,Summer,7.46,41.5,201.8,232.9,0,2,0.12,0.0475,0.2516
MUM-MU0077,Mumbai,2025-04-07,4,Summer,16.52,39.7,159.3,200.7,1,4,0.2256,0.2475,0.2102
HYD-HY0093,Hyderabad,2024-05-21,5,Summer,3.06,32.4,150.7,175.1,0,3,0.0752,0.1095,0.1782
BEN-BE0008,Bengaluru,2024-06-04,6,Monsoon,0.66,22.5,88.2,128.5,0,1,0.2317,0.0287,0.0784
AHM-AH0096,Ahmedabad,2025-12-23,12,Winter,3.5,23.9,98.4,139.4,1,3,0.2153,0.211,0.0686
CHE-CH0164,Chennai,2025-09-07,9,Monsoon,28.09,29.9,98.7,111.3,0,4,0.3878,0.0303,0.0851
MUM-MU0028,Mumbai,2026-02-17,2,Winter,0.0,18.2,165.2,199.9,0,3,0.0,0.0585,0.2147
CHE-CH0059,Chennai,2025-06-21,6,Monsoon,17.57,27.3,139.8,156.4,0,2,0.2185,0.1312,0.1905
AHM-AH0150,Ahmedabad,2026-03-12,3,Summer,0.48,48.0,95.7,110.3,0,5,0.4719,0.0705,0.0101
HYD-HY0087,Hyderabad,2024-12-12,12,Winter,1.55,29.1,77.8,91.2,0,3,0.083,0.0695,0.0257
DEL-DE0190,Delhi,2024-11-26,11,Winter,7.05,26.7,260.2,283.7,0,3,0.1698,0.0661,0.3994
MUM-MU0036,Mumbai,2024-04-30,4,Summer,4.44,44.1,90.8,109.7,1,2,0.3003,0.1549,0.0
PUN-PU0185,Pune,2025-02-22,2,Winter,2.89,18.7,91.2,115.2,0,1,0.0565,0.0409,0.0004
MUM-MU0008,Mumbai,2024-10-11,10,Winter,2.66,20.9,96.3,145.3,0,2,0.1124,0.0947,0.0636
PUN-PU0083,Pune,2026-02-09,2,Winter,0.0,26.2,59.7,72.0,0,3,0.1725,0.0,0.0989
AHM-AH0102,Ahmedabad,2025-08-21,8,Monsoon,5.45,35.3,84.6,98.6,0,3,0.0642,0.0119,0.0279
BEN-BE0109,Bengaluru,2025-04-09,4,Summer,10.42,42.0,90.6,129.5,0,2,0.0823,0.0377,0.0656
BEN-BE0063,Bengaluru,2024-09-22,9,Monsoon,11.0,35.2,84.1,122.2,0,3,0.0982,0.0932,0.05
AHM-AH0020,Ahmedabad,2026-03-29,3,Summer,0.0,39.7,70.8,97.0,1,2,0.1169,0.1727,0.024
CHE-CH0105,Chennai,2025-09-17,9,Monsoon,0.0,28.2,52.4,69.9,0,1,0.0686,0.048,0.082
CHE-CH0039,Chennai,2026-03-16,3,Summer,2.86,32.6,102.9,137.1,0,4,0.0912,0.0569,0.0196
DEL-DE0064,Delhi,2025-09-07,9,Monsoon,19.92,27.8,82.9,113.4,0,3,0.1073,0.0597,0.0
DEL-DE0010,Delhi,2026-02-27,2,Winter,1.24,21.0,360.9,386.2,0,4,0.1036,0.0194,0.7166
CHE-CH0185,Chennai,2025-07-15,7,Monsoon,25.98,21.8,46.1,91.3,0,1,0.315,0.0474,0.0074
HYD-HY0030,Hyderabad,2024-07-04,7,Monsoon,23.96,26.8,76.8,123.2,0,4,0.3836,0.0383,0.0
PUN-PU0005,Pune,2025-03-21,3,Summer,5.95,36.9,118.0,137.5,0,1,0.0,0.1088,0.0446
CHE-CH0026,Chennai,2025-12-29,12,Winter,5.62,15.0,82.3,109.7,0,5,0.2171,0.0319,0.0414
DEL-DE0142,Delhi,2026-03-10,3,Summer,8.88,42.5,105.5,137.1,1,3,0.1957,0.1664,0.1183
MUM-MU0133,Mumbai,2024-08-16,8,Monsoon,60.08,30.7,152.5,171.7,0,2,0.6325,0.0777,0.0991
MUM-MU0093,Mumbai,2026-03-22,3,Summer,0.68,30.8,102.9,122.7,1,3,0.0,0.2204,0.059
CHE-CH0010,Chennai,2024-12-23,12,Winter,0.44,19.6,111.4,131.0,0,3,0.0028,0.0584,0.0798
BEN-BE0195,Bengaluru,2024-06-17,6,Monsoon,19.01,30.0,127.8,141.9,0,2,0.0056,0.1015,0.0859
KOL-KO0133,Kolkata,2026-01-28,1,Winter,1.71,30.7,159.9,181.7,0,3,0.0548,0.1201,0.2272
AHM-AH0090,Ahmedabad,2025-03-12,3,Summer,1.6,43.0,111.0,125.1,1,3,0.2518,0.2433,0.0191
HYD-HY0065,Hyderabad,2024-05-29,5,Summer,0.0,44.0,56.1,98.1,1,1,0.2285,0.2201,0.0336
PUN-PU0021,Pune,2025-07-14,7,Monsoon,2.59,26.9,120.6,144.9,0,2,0.0481,0.0927,0.0739
HYD-HY0073,Hyderabad,2026-02-09,2,Winter,12.05,19.6,133.7,152.7,0,3,0.1119,0.097,0.0902
CHE-CH0091,Chennai,2026-03-19,3,Summer,7.8,30.9,70.7,91.6,0,4,0.1278,0.0171,0.0
KOL-KO0088,Kolkata,2024-08-23,8,Monsoon,34.1,30.7,224.7,257.7,0,2,0.3366,0.0959,0.2891
AHM-AH0006,Ahmedabad,2025-01-03,1,Winter,0.0,23.8,73.7,91.3,1,2,0.1019,0.2147,0.0114
DEL-DE0074,Delhi,2025-12-31,12,Winter,5.59,31.3,436.7,477.1,0,2,0.2553,0.0574,0.8768
CHE-CH0101,Chennai,2025-05-16,5,Summer,3.01,43.4,71.1,94.3,0,3,0.1994,0.0589,0.1163
HYD-HY0003,Hyderabad,2024-10-14,10,Winter,6.55,24.0,120.7,149.4,0,2,0.0,0.0391,0.0944
CHE-CH0135,Chennai,2024-08-14,8,Monsoon,10.69,24.6,114.6,147.5,0,3,0.0303,0.0952,0.1108
AHM-AH0136,Ahmedabad,2025-02-10,2,Winter,7.67,22.2,58.8,81.5,0,1,0.0607,0.0922,0.0648
DEL-DE0185,Delhi,2024-07-18,7,Monsoon,7.06,26.0,30.0,77.9,0,4,0.1306,0.0682,0.0655
DEL-DE0137,Delhi,2024-11-20,11,Winter,3.83,47.4,347.9,384.3,0,2,0.356,0.0115,0.6528
KOL-KO0026,Kolkata,2026-03-23,3,Summer,8.78,31.5,153.3,201.4,0,2,0.0596,0.0,0.2138
MUM-MU0039,Mumbai,2024-12-16,12,Winter,6.28,18.6,160.7,195.2,0,4,0.0,0.0584,0.1164
BEN-BE0067,Bengaluru,2024-04-22,4,Summer,0.0,31.2,115.1,145.7,0,4,0.0902,0.0318,0.1031
BEN-BE0059,Bengaluru,2026-03-12,3,Summer,0.0,30.9,108.0,120.3,0,5,0.1539,0.0825,0.0
AHM-AH0089,Ahmedabad,2025-10-17,10,Winter,5.93,21.4,49.9,73.4,0,1,0.1756,0.0824,0.0394
DEL-DE0068,Delhi,2024-09-01,9,Monsoon,23.29,30.7,81.8,115.2,0,3,0.2692,0.081,0.0
BEN-BE0032,Bengaluru,2024-12-29,12,Winter,2.13,23.0,73.9,106.6,1,4,0.2134,0.1889,0.0
AHM-AH0103,Ahmedabad,2025-09-17,9,Monsoon,28.74,34.9,165.0,178.9,0,2,0.4125,0.0144,0.2066
MUM-MU0044,Mumbai,2024-06-03,6,Monsoon,57.98,32.9,190.0,231.4,0,4,0.6696,0.0828,0.1875
PUN-PU0007,Pune,2024-08-06,8,Monsoon,2.3,26.7,101.6,119.7,0,2,0.1273,0.0326,0.0001
HYD-HY0033,Hyderabad,2024-07-13,7,Monsoon,45.08,31.9,145.5,193.6,0,2,0.5599,0.0027,0.0875
DEL-DE0146,Delhi,2024-11-08,11,Winter,8.1,25.5,302.1,333.1,1,3,0.1316,0.2656,0.5164
DEL-DE0052,Delhi,2026-01-22,1,Winter,8.12,19.3,452.0,462.5,0,1,0.1403,0.0,0.8487
CHE-CH0150,Chennai,2026-03-06,3,Summer,4.92,45.5,128.9,160.0,0,3,0.3903,0.1124,0.1326
AHM-AH0056,Ahmedabad,2024-11-07,11,Winter,11.62,19.8,46.7,87.5,0,1,0.0292,0.0057,0.0178
PUN-PU0132,Pune,2025-03-22,3,Summer,0.0,42.8,69.4,79.5,0,1,0.2686,0.1165,0.0
MUM-MU0076,Mumbai,2025-11-24,11,Winter,9.31,18.5,124.4,156.3,0,1,0.1059,0.0946,0.1562
CHE-CH0168,Chennai,2024-07-30,7,Monsoon,10.45,22.1,183.5,196.1,0,3,0.2609,0.0325,0.2393
PUN-PU0111,Pune,2024-10-29,10,Winter,1.97,17.6,135.7,158.8,0,4,0.2563,0.0368,0.0913
BEN-BE0123,Bengaluru,2025-10-02,10,Winter,10.47,29.2,90.7,109.1,0,4,0.1601,0.0346,0.1073
AHM-AH0179,Ahmedabad,2025-11-02,11,Winter,0.0,37.0,125.8,151.0,0,2,0.1108,0.0,0.1169
HYD-HY0095,Hyderabad,2024-10-05,10,Winter,0.0,23.5,56.2,77.2,0,3,0.0571,0.0901,0.04
PUN-PU0076,Pune,2025-02-13,2,Winter,1.61,15.0,134.5,163.0,1,4,0.1492,0.2575,0.0896
MUM-MU0099,Mumbai,2024-07-14,7,Monsoon,47.22,36.1,116.6,140.8,0,3,0.5576,0.0452,0.0628
PUN-PU0016,Pune,2026-03-29,3,Summer,2.12,44.2,94.1,116.2,1,1,0.2468,0.2327,0.0335
MUM-MU0098,Mumbai,2024-08-19,8,Monsoon,7.2,27.3,77.0,95.8,0,3,0.0,0.0179,0.0186
PUN-PU0155,Pune,2024-08-18,8,Monsoon,8.82,26.0,76.3,117.5,0,3,0.1194,0.0,0.0131
DEL-DE0021,Delhi,2025-03-29,3,Summer,0.0,48.0,119.7,161.0,0,3,0.5493,0.0845,0.0947
PUN-PU0138,Pune,2025-05-31,5,Summer,0.0,25.8,120.8,133.7,1,4,0.1346,0.2708,0.0927
MUM-MU0040,Mumbai,2025-02-11,2,Winter,13.19,19.4,159.3,193.6,0,1,0.177,0.0313,0.1511
MUM-MU0098,Mumbai,2025-11-12,11,Winter,5.96,29.0,159.6,188.4,0,3,0.1022,0.0112,0.2214
AHM-AH0012,Ahmedabad,2024-10-26,10,Winter,6.73,31.9,66.3,93.8,0,3,0.1731,0.0774,0.0
DEL-DE0037,Delhi,2024-11-03,11,Winter,8.6,31.8,299.3,335.5,0,4,0.184,0.0946,0.5137
KOL-KO0053,Kolkata,2024-12-25,12,Winter,6.96,17.1,102.3,151.7,0,3,0.2297,0.0821,0.031
KOL-KO0109,Kolkata,2025-03-01,3,Summer,5.11,31.1,229.4,278.7,0,2,0.0061,0.1298,0.3567
CHE-CH0178,Chennai,2025-08-07,8,Monsoon,0.17,31.2,106.0,120.8,0,5,0.1577,0.112,0.0
DEL-DE0053,Delhi,2025-09-10,9,Monsoon,38.66,32.2,60.9,71.5,0,3,0.5632,0.1141,0.0465
HYD-HY0120,Hyderabad,2026-02-27,2,Winter,0.0,15.0,208.7,245.4,0,1,0.1307,0.04,0.3494
BEN-BE0117,Bengaluru,2025-11-28,11,Winter,0.0,22.5,110.9,132.6,0,2,0.1538,0.0335,0.0
KOL-KO0171,Kolkata,2025-07-06,7,Monsoon,39.99,30.1,172.4,187.9,0,3,0.5567,0.0978,0.2249
AHM-AH0037,Ahmedabad,2024-10-17,10,Winter,0.0,24.5,113.3,147.3,0,1,0.1517,0.0951,0.1039
DEL-DE0113,Delhi,2024-07-22,7,Monsoon,23.83,34.3,59.6,86.7,0,5,0.3141,0.0247,0.0
BEN-BE0020,Bengaluru,2025-10-09,10,Winter,0.0,25.0,115.0,127.6,0,2,0.0,0.0969,0.0039
AHM-AH0023,Ahmedabad,2025-01-15,1,Winter,0.0,37.6,122.7,153.3,1,1,0.0581,0.2148,0.0904
AHM-AH0004,Ahmedabad,2025-10-19,10,Winter,0.11,31.2,152.7,199.8,1,1,0.0,0.196,0.1703
PUN-PU0090,Pune,2025-09-30,9,Monsoon,11.83,26.5,108.8,127.8,0,2,0.0361,0.0279,0.0825
MUM-MU0019,Mumbai,2025-03-11,3,Summer,3.24,34.9,126.5,153.4,0,4,0.0585,0.0404,0.1445
CHE-CH0016,Chennai,2026-01-16,1,Winter,0.0,24.8,103.7,124.8,1,3,0.1649,0.2465,0.0339
KOL-KO0061,Kolkata,2024-05-06,5,Summer,1.72,41.1,214.2,232.1,1,5,0.0955,0.1963,0.345
PUN-PU0155,Pune,2025-06-25,6,Monsoon,9.57,31.7,84.1,108.3,0,2,0.1456,0.1125,0.0702
DEL-DE0006,Delhi,2026-03-28,3,Summer,19.26,42.8,115.2,144.0,0,3,0.0952,0.0628,0.057
PUN-PU0156,Pune,2025-03-03,3,Summer,16.71,32.4,92.9,135.2,0,3,0.2039,0.027,0.0118
HYD-HY0065,Hyderabad,2025-06-07,6,Monsoon,9.9,41.0,88.3,133.6,0,4,0.077,0.1015,0.0223
BEN-BE0152,Bengaluru,2025-08-21,8,Monsoon,36.5,24.7,94.4,112.6,0,2,0.4385,0.0547,0.0472
PUN-PU0075,Pune,2025-08-25,8,Monsoon,3.59,32.9,85.3,100.7,0,1,0.057,0.0,0.0447
PUN-PU0040,Pune,2025-09-28,9,Monsoon,7.3,32.7,84.1,107.3,0,1,0.1825,0.1047,0.0809
AHM-AH0035,Ahmedabad,2025-10-23,10,Winter,3.44,20.9,133.4,156.9,0,2,0.0404,0.0382,0.2096
DEL-DE0080,Delhi,2024-11-08,11,Winter,3.64,20.2,311.5,325.2,0,1,0.0553,0.0,0.6349
KOL-KO0057,Kolkata,2025-11-10,11,Winter,2.96,24.1,151.9,173.6,0,4,0.1565,0.0604,0.1935
DEL-DE0014,Delhi,2025-08-05,8,Monsoon,5.78,35.1,98.4,131.3,0,3,0.1485,0.0733,0.0349
HYD-HY0047,Hyderabad,2024-11-22,11,Winter,5.71,29.7,148.8,173.0,0,2,0.0,0.1018,0.2276
AHM-AH0072,Ahmedabad,2025-08-21,8,Monsoon,10.34,40.1,88.0,121.8,0,2,0.1175,0.0649,0.0057
PUN-PU0065,Pune,2024-12-16,12,Winter,0.0,30.9,55.5,75.4,0,2,0.2508,0.0552,0.0345
DEL-DE0041,Delhi,2024-07-09,7,Monsoon,33.32,31.1,128.4,157.2,0,1,0.5182,0.0287,0.1565
BEN-BE0178,Bengaluru,2026-03-17,3,Summer,15.79,29.6,82.3,102.4,0,2,0.1251,0.009,0.0449
DEL-DE0033,Delhi,2024-04-13,4,Summer,0.0,23.1,69.2,87.0,0,1,0.0597,0.0,0.0
DEL-DE0017,Delhi,2024-10-15,10,Winter,5.59,22.7,471.0,505.6,0,4,0.0313,0.0,0.9601
HYD-HY0019,Hyderabad,2024-09-17,9,Monsoon,4.93,27.1,120.2,154.5,0,2,0.0831,0.083,0.0791
BEN-BE0006,Bengaluru,2024-11-25,11,Winter,8.94,19.3,77.4,93.4,0,1,0.08,0.041,0.0566
PUN-PU0047,Pune,2025-06-20,6,Monsoon,6.32,31.2,81.1,118.7,0,5,0.1408,0.0624,0.0701
BEN-BE0009,Bengaluru,2026-03-08,3,Summer,8.31,36.5,94.4,111.5,0,3,0.1778,0.0,0.0027
AHM-AH0193,Ahmedabad,2026-02-25,2,Winter,0.12,24.7,109.3,141.6,0,4,0.1783,0.0601,0.091
BEN-BE0138,Bengaluru,2024-12-30,12,Winter,13.73,15.3,30.0,78.9,0,2,0.1072,0.0798,0.0635
HYD-HY0071,Hyderabad,2024-07-22,7,Monsoon,20.48,29.7,144.4,160.8,0,3,0.2632,0.0287,0.1235
CHE-CH0133,Chennai,2025-05-25,5,Summer,5.35,36.7,48.2,92.8,0,4,0.1279,0.1043,0.0
AHM-AH0040,Ahmedabad,2024-08-07,8,Monsoon,15.88,37.8,71.4,121.2,0,1,0.0,0.1016,0.003
KOL-KO0039,Kolkata,2025-01-24,1,Winter,0.0,15.0,206.9,244.9,0,4,0.134,0.0,0.2971
CHE-CH0004,Chennai,2025-12-26,12,Winter,6.71,18.8,120.5,145.0,0,3,0.0408,0.0,0.1304
DEL-DE0128,Delhi,2025-03-26,3,Summer,10.51,41.9,123.2,142.7,0,4,0.0,0.0153,0.0405
MUM-MU0080,Mumbai,2026-02-15,2,Winter,0.85,16.3,57.8,103.6,0,1,0.0076,0.0107,0.0
HYD-HY0122,Hyderabad,2025-05-24,5,Summer,27.69,48.0,89.8,103.4,0,3,0.3413,0.0436,0.0664
HYD-HY0016,Hyderabad,2024-07-22,7,Monsoon,8.76,27.4,82.3,122.0,0,5,0.0,0.0189,0.0
BEN-BE0025,Bengaluru,2025-03-21,3,Summer,8.19,42.0,134.5,157.0,0,2,0.2009,0.0292,0.0837
AHM-AH0009,Ahmedabad,2026-01-04,1,Winter,3.84,15.5,130.8,143.4,0,2,0.072,0.0471,0.0494
KOL-KO0184,Kolkata,2025-09-04,9,Monsoon,4.11,29.9,143.4,179.2,0,1,0.1784,0.0249,0.172
CHE-CH0077,Chennai,2024-08-01,8,Monsoon,8.16,27.6,78.9,127.2,0,1,0.2249,0.0457,0.0333
BEN-BE0080,Bengaluru,2025-11-27,11,Winter,7.22,24.5,71.6,87.8,0,2,0.0937,0.0001,0.0102
MUM-MU0005,Mumbai,2024-12-19,12,Winter,5.88,20.3,121.0,161.7,1,3,0.1508,0.1852,0.0817
MUM-MU0026,Mumbai,2026-03-01,3,Summer,4.87,33.0,100.3,134.2,1,3,0.0528,0.231,0.0
PUN-PU0175,Pune,2025-04-18,4,Summer,2.02,48.0,115.2,151.3,0,3,0.4566,0.0,0.0524
MUM-MU0182,Mumbai,2024-09-21,9,Monsoon,44.17,28.4,106.1,124.0,0,3,0.5712,0.0732,0.0451
DEL-DE0026,Delhi,2025-01-23,1,Winter,3.62,25.8,249.5,285.5,0,2,0.2,0.0121,0.4277
HYD-HY0175,Hyderabad,2025-08-06,8,Monsoon,32.12,27.6,145.2,189.6,0,2,0.3883,0.0129,0.1032
PUN-PU0170,Pune,2024-06-27,6,Monsoon,37.08,28.1,150.9,191.7,0,3,0.501,0.0,0.1435
HYD-HY0011,Hyderabad,2024-06-09,6,Monsoon,0.0,32.5,119.9,148.3,0,5,0.2012,0.0485,0.0619
DEL-DE0105,Delhi,2024-04-24,4,Summer,7.04,47.1,125.6,154.5,0,4,0.4917,0.0765,0.0596
MUM-MU0184,Mumbai,2024-10-10,10,Winter,9.15,16.0,30.0,59.4,0,2,0.0712,0.1208,0.0457
AHM-AH0196,Ahmedabad,2025-12-16,12,Winter,3.19,27.5,122.1,141.3,0,4,0.1323,0.0305,0.141
HYD-HY0047,Hyderabad,2025-03-24,3,Summer,0.0,40.6,76.8,98.5,0,2,0.048,0.0474,0.0362
MUM-MU0153,Mumbai,2025-01-19,1,Winter,0.0,15.0,101.7,132.0,0,3,0.0669,0.0438,0.0354
AHM-AH0081,Ahmedabad,2026-03-01,3,Summer,1.6,33.4,90.4,114.7,0,2,0.0891,0.0085,0.0
AHM-AH0081,Ahmedabad,2024-12-16,12,Winter,10.88,36.4,65.2,82.0,0,1,0.1017,0.0538,0.0291
DEL-DE0007,Delhi,2025-08-13,8,Monsoon,36.5,33.0,50.5,88.1,0,3,0.5359,0.0756,0.0641
BEN-BE0124,Bengaluru,2025-09-26,9,Monsoon,6.24,31.0,124.2,138.7,0,4,0.0326,0.0177,0.0678
PUN-PU0119,Pune,2025-10-28,10,Winter,8.07,21.4,117.9,167.0,0,5,0.0724,0.0531,0.0951
BEN-BE0073,Bengaluru,2025-05-25,5,Summer,13.7,40.0,100.7,130.1,0,4,0.1421,0.0,0.0
KOL-KO0135,Kolkata,2024-12-13,12,Winter,2.95,29.5,109.3,137.9,0,3,0.0143,0.0592,0.1429
CHE-CH0006,Chennai,2025-11-25,11,Winter,9.67,22.9,61.5,104.2,0,4,0.0,0.0639,0.0379
BEN-BE0140,Bengaluru,2025-06-05,6,Monsoon,19.92,30.5,42.3,71.7,0,2,0.0397,0.0495,0.0435
KOL-KO0150,Kolkata,2025-10-11,10,Winter,1.71,25.0,118.4,167.0,0,1,0.1063,0.066,0.0553
MUM-MU0102,Mumbai,2024-04-23,4,Summer,0.0,36.5,81.2,129.9,0,4,0.1261,0.082,0.0014
DEL-DE0004,Delhi,2025-02-22,2,Winter,9.64,34.3,451.1,493.5,0,1,0.0399,0.0463,0.9619
DEL-DE0157,Delhi,2026-02-01,2,Winter,1.85,28.1,476.5,486.6,0,4,0.2397,0.0,0.941
MUM-MU0080,Mumbai,2025-08-20,8,Monsoon,29.48,31.8,30.0,61.3,1,5,0.3809,0.2373,0.0
BEN-BE0195,Bengaluru,2025-01-21,1,Winter,0.0,19.0,150.5,164.3,0,5,0.1154,0.0187,0.1594
CHE-CH0137,Chennai,2025-02-23,2,Winter,4.56,15.0,76.3,92.6,1,3,0.1515,0.1444,0.0522
PUN-PU0186,Pune,2025-07-25,7,Monsoon,39.89,26.4,171.2,190.5,0,3,0.5135,0.056,0.2357
CHE-CH0040,Chennai,2024-12-20,12,Winter,0.0,15.0,56.9,81.6,0,3,0.1223,0.0337,0.0013
KOL-KO0072,Kolkata,2024-10-02,10,Winter,0.0,22.6,195.6,233.9,0,2,0.0615,0.0077,0.3078
AHM-AH0112,Ahmedabad,2025-06-24,6,Monsoon,26.07,31.8,92.0,127.3,0,2,0.4264,0.0,0.1235
DEL-DE0037,Delhi,2025-10-26,10,Winter,13.77,21.5,500.0,513.8,0,5,0.0,0.0548,0.9597
MUM-MU0194,Mumbai,2026-04-01,4,Summer,3.61,36.0,166.1,187.3,0,1,0.1698,0.0372,0.1782
AHM-AH0152,Ahmedabad,2025-08-06,8,Monsoon,13.19,39.1,72.6,110.6,0,4,0.2256,0.0114,0.0943
MUM-MU0093,Mumbai,2026-03-25,3,Summer,3.66,33.8,124.2,167.4,0,3,0.2136,0.1016,0.0598
MUM-MU0019,Mumbai,2024-12-25,12,Winter,7.83,21.9,148.9,185.3,0,3,0.0957,0.1059,0.2023
DEL-DE0083,Delhi,2025-02-20,2,Winter,0.0,38.6,290.0,330.5,1,1,0.1246,0.1608,0.5192
PUN-PU0158,Pune,2026-01-07,1,Winter,6.41,26.2,124.4,137.0,0,5,0.0487,0.0834,0.0709
PUN-PU0125,Pune,2026-01-06,1,Winter,3.86,15.2,64.5,94.5,0,4,0.2257,0.0486,0.0211
DEL-DE0149,Delhi,2025-11-10,11,Winter,2.23,23.9,247.3,276.8,1,4,0.0907,0.2141,0.3925
CHE-CH0073,Chennai,2025-08-07,8,Monsoon,16.51,29.6,110.1,123.5,0,1,0.0,0.0487,0.0
CHE-CH0132,Chennai,2024-05-07,5,Summer,3.89,34.8,108.2,135.9,0,4,0.1602,0.0136,0.0511
KOL-KO0096,Kolkata,2024-08-13,8,Monsoon,5.17,38.0,78.8,102.6,0,1,0.0462,0.023,0.0305
PUN-PU0073,Pune,2025-12-05,12,Winter,2.36,16.4,111.1,144.4,0,5,0.135,0.0203,0.0
BEN-BE0149,Bengaluru,2025-12-13,12,Winter,1.37,25.4,68.3,87.4,0,4,0.0757,0.0108,0.0289
AHM-AH0101,Ahmedabad,2026-02-16,2,Winter,4.46,19.7,67.5,109.5,0,1,0.2323,0.0866,0.0
MUM-MU0190,Mumbai,2025-03-29,3,Summer,0.0,38.0,219.3,243.1,0,2,0.207,0.0916,0.3358
CHE-CH0163,Chennai,2025-07-26,7,Monsoon,7.83,33.9,86.9,112.8,0,1,0.1187,0.0559,0.0
CHE-CH0101,Chennai,2024-04-19,4,Summer,0.0,45.6,96.4,135.2,0,2,0.4482,0.0566,0.0278
DEL-DE0174,Delhi,2024-12-23,12,Winter,2.16,16.3,441.2,462.3,0,1,0.0061,0.0693,0.9065
DEL-DE0033,Delhi,2024-12-27,12,Winter,0.0,15.0,405.2,417.0,0,3,0.0032,0.0173,0.8243
KOL-KO0020,Kolkata,2025-05-13,5,Summer,1.4,35.8,72.2,91.3,0,2,0.2176,0.0,0.0
KOL-KO0019,Kolkata,2024-04-27,4,Summer,0.08,39.8,181.5,204.8,0,4,0.0,0.0,0.2513
KOL-KO0134,Kolkata,2025-10-26,10,Winter,1.74,24.9,103.9,144.1,0,1,0.0658,0.0,0.0461
BEN-BE0156,Bengaluru,2024-08-12,8,Monsoon,9.04,27.0,128.3,147.2,0,3,0.1398,0.009,0.0909
CHE-CH0189,Chennai,2025-02-20,2,Winter,1.25,22.0,30.0,52.8,0,4,0.1522,0.0,0.0503
AHM-AH0012,Ahmedabad,2026-01-07,1,Winter,0.0,15.0,77.5,120.4,0,2,0.0692,0.0,0.0489
KOL-KO0179,Kolkata,2024-08-17,8,Monsoon,0.02,22.7,278.0,301.4,0,3,0.0723,0.0566,0.5323
KOL-KO0063,Kolkata,2025-06-15,6,Monsoon,24.08,33.0,172.8,201.7,0,2,0.3573,0.0041,0.2451
PUN-PU0128,Pune,2025-06-24,6,Monsoon,17.85,29.0,142.5,190.7,0,4,0.04,0.0717,0.1303
DEL-DE0141,Delhi,2025-11-10,11,Winter,0.0,35.3,337.5,384.6,1,4,0.0842,0.2373,0.655
DEL-DE0031,Delhi,2025-01-14,1,Winter,7.9,23.1,423.1,449.7,0,3,0.1418,0.0986,0.8361
DEL-DE0071,Delhi,2026-03-06,3,Summer,9.61,34.7,130.8,150.2,0,5,0.1529,0.0226,0.0488
AHM-AH0025,Ahmedabad,2024-08-27,8,Monsoon,18.84,30.5,76.9,115.3,0,3,0.1823,0.0194,0.0
AHM-AH0087,Ahmedabad,2024-06-08,6,Monsoon,2.49,37.6,31.3,69.2,0,1,0.2241,0.0388,0.0
MUM-MU0120,Mumbai,2026-03-05,3,Summer,1.95,36.4,176.9,209.6,0,4,0.0966,0.0658,0.2476
DEL-DE0126,Delhi,2025-10-27,10,Winter,4.97,22.2,500.0,529.5,1,4,0.0,0.1847,0.852
DEL-DE0012,Delhi,2024-10-16,10,Winter,1.76,24.1,251.0,286.1,0,2,0.0,0.0126,0.43
KOL-KO0052,Kolkata,2026-01-12,1,Winter,0.0,24.3,133.1,161.5,0,1,0.0,0.1068,0.0958
PUN-PU0009,Pune,2025-12-09,12,Winter,3.51,15.0,81.1,124.7,0,1,0.076,0.1119,0.0405
KOL-KO0188,Kolkata,2025-07-20,7,Monsoon,22.08,38.3,75.6,88.1,0,3,0.3944,0.0522,0.0077
HYD-HY0165,Hyderabad,2025-05-20,5,Summer,2.23,46.5,94.3,120.4,0,4,0.465,0.0035,0.0
PUN-PU0189,Pune,2025-11-15,11,Winter,0.0,15.0,80.1,118.0,0,3,0.0798,0.1257,0.0618
KOL-KO0097,Kolkata,2024-10-25,10,Winter,7.45,27.6,139.9,169.9,0,5,0.2356,0.1192,0.1273
DEL-DE0171,Delhi,2025-02-10,2,Winter,0.0,25.1,263.6,310.2,1,3,0.0409,0.2199,0.4314
PUN-PU0051,Pune,2024-04-29,4,Summer,0.0,31.6,73.9,88.8,0,4,0.0851,0.0439,0.0
CHE-CH0177,Chennai,2024-08-01,8,Monsoon,11.27,23.1,122.9,171.0,0,3,0.0251,0.0371,0.0935
AHM-AH0195,Ahmedabad,2024-06-29,6,Monsoon,20.74,36.1,127.9,162.5,0,2,0.2588,0.0227,0.1247
CHE-CH0134,Chennai,2026-03-06,3,Summer,10.96,35.1,63.6,104.7,0,2,0.2161,0.0231,0.0
PUN-PU0052,Pune,2026-02-09,2,Winter,0.0,15.0,30.0,53.6,0,5,0.0557,0.0484,0.0077
MUM-MU0059,Mumbai,2025-12-12,12,Winter,0.42,15.0,85.5,128.9,0,3,0.2066,0.069,0.0
AHM-AH0001,Ahmedabad,2025-12-13,12,Winter,0.0,22.0,125.4,145.1,0,3,0.016,0.0412,0.0182
AHM-AH0089,Ahmedabad,2024-06-04,6,Monsoon,13.51,28.1,86.6,134.7,0,1,0.0955,0.0191,0.044
DEL-DE0067,Delhi,2024-09-27,9,Monsoon,3.28,33.8,94.2,117.7,0,3,0.0142,0.0295,0.0116
KOL-KO0189,Kolkata,2025-10-12,10,Winter,0.0,22.9,139.8,182.5,0,2,0.074,0.097,0.0781
KOL-KO0199,Kolkata,2026-01-07,1,Winter,0.0,23.7,139.9,157.1,0,3,0.0652,0.0,0.0827
DEL-DE0031,Delhi,2025-09-18,9,Monsoon,13.59,32.1,114.4,129.6,0,2,0.2734,0.0603,0.0544
KOL-KO0042,Kolkata,2024-05-03,5,Summer,7.34,42.3,129.7,170.3,0,3,0.2192,0.1005,0.0656
KOL-KO0102,Kolkata,2024-10-24,10,Winter,16.46,25.9,156.5,188.0,0,2,0.225,0.0,0.153
MUM-MU0094,Mumbai,2025-05-15,5,Summer,1.38,38.2,154.5,172.2,0,3,0.1873,0.0223,0.0971
MUM-MU0129,Mumbai,2026-02-20,2,Winter,20.28,25.5,85.9,122.2,1,3,0.2379,0.1783,0.0425
BEN-BE0135,Bengaluru,2024-10-23,10,Winter,4.29,15.0,97.0,138.7,0,2,0.0326,0.0348,0.0127
PUN-PU0141,Pune,2025-07-17,7,Monsoon,25.5,35.8,97.3,111.1,0,3,0.3411,0.0623,0.0277
CHE-CH0043,Chennai,2025-01-09,1,Winter,4.23,16.7,79.4,117.9,0,1,0.0,0.0498,0.0
MUM-MU0025,Mumbai,2024-04-23,4,Summer,2.96,42.9,109.6,149.6,0,1,0.2732,0.0099,0.0589
AHM-AH0042,Ahmedabad,2025-12-16,12,Winter,0.0,15.0,59.3,108.4,0,2,0.0753,0.0,0.0243
PUN-PU0188,Pune,2025-06-23,6,Monsoon,43.94,28.2,149.4,177.4,0,1,0.6173,0.0775,0.1561
HYD-HY0074,Hyderabad,2024-12-01,12,Winter,6.99,28.9,96.2,143.7,1,3,0.0496,0.1864,0.0077
AHM-AH0171,Ahmedabad,2024-05-30,5,Summer,22.69,45.1,112.0,124.2,0,1,0.1959,0.0178,0.083
AHM-AH0122,Ahmedabad,2026-03-24,3,Summer,2.21,34.5,107.8,134.9,0,2,0.0562,0.0637,0.0837
HYD-HY0180,Hyderabad,2024-10-07,10,Winter,1.47,22.3,95.7,109.8,2,2,0.0,0.371,0.0
AHM-AH0082,Ahmedabad,2025-02-03,2,Winter,1.79,25.7,137.6,182.7,0,1,0.0193,0.0866,0.089
HYD-HY0157,Hyderabad,2025-12-20,12,Winter,3.67,15.0,105.3,119.1,0,3,0.1462,0.0613,0.0
BEN-BE0058,Bengaluru,2024-10-23,10,Winter,5.52,22.8,113.9,136.7,0,3,0.0022,0.0131,0.0844
PUN-PU0171,Pune,2025-01-30,1,Winter,5.62,15.0,98.3,108.7,1,5,0.0,0.2301,0.0739
CHE-CH0092,Chennai,2025-03-12,3,Summer,8.95,33.3,43.1,78.2,0,2,0.1444,0.0377,0.0678
HYD-HY0063,Hyderabad,2025-11-08,11,Winter,0.88,23.3,123.5,146.4,0,4,0.135,0.1098,0.0713
HYD-HY0071,Hyderabad,2025-09-04,9,Monsoon,28.89,31.9,145.4,169.5,1,5,0.4644,0.1833,0.1191
AHM-AH0009,Ahmedabad,2025-01-08,1,Winter,7.7,28.0,125.2,151.6,0,2,0.134,0.006,0.07
AHM-AH0034,Ahmedabad,2025-04-22,4,Summer,6.77,42.3,84.7,109.8,0,1,0.243,0.1099,0.0524
PUN-PU0066,Pune,2024-05-19,5,Summer,1.43,46.0,60.5,73.9,0,2,0.416,0.0695,0.0
MUM-MU0195,Mumbai,2025-09-10,9,Monsoon,26.72,26.6,72.7,119.5,0,1,0.396,0.0106,0.0
KOL-KO0086,Kolkata,2025-03-07,3,Summer,0.0,32.1,30.0,58.0,0,1,0.1337,0.1049,0.0227
PUN-PU0155,Pune,2024-12-29,12,Winter,7.28,23.8,73.0,85.8,0,2,0.1817,0.062,0.0465
AHM-AH0088,Ahmedabad,2024-06-09,6,Monsoon,74.48,36.2,54.0,75.6,0,2,0.8776,0.1079,0.0479
BEN-BE0109,Bengaluru,2025-08-17,8,Monsoon,27.14,34.8,81.5,108.2,0,4,0.4477,0.0,0.1017
KOL-KO0186,Kolkata,2024-11-01,11,Winter,0.0,25.2,106.1,142.9,0,3,0.0365,0.0215,0.0138
CHE-CH0108,Chennai,2025-02-10,2,Winter,3.16,23.0,162.6,190.9,0,2,0.1501,0.0466,0.222
PUN-PU0159,Pune,2024-08-28,8,Monsoon,12.79,36.1,89.6,122.2,0,1,0.1554,0.0368,0.018
PUN-PU0185,Pune,2024-10-31,10,Winter,0.0,27.7,75.1,105.1,0,1,0.0697,0.0535,0.0
PUN-PU0113,Pune,2026-02-23,2,Winter,3.55,18.9,109.7,137.5,0,5,0.0886,0.0917,0.0471
CHE-CH0188,Chennai,2025-10-29,10,Winter,4.49,22.8,72.9,99.8,0,4,0.1016,0.0782,0.0
DEL-DE0104,Delhi,2025-05-18,5,Summer,0.0,33.2,45.4,57.5,0,2,0.1507,0.0218,0.0462
HYD-HY0143,Hyderabad,2024-08-08,8,Monsoon,31.04,27.6,51.0,86.7,0,3,0.5213,0.0,0.0018
PUN-PU0055,Pune,2024-06-22,6,Monsoon,27.44,34.6,89.8,105.7,0,3,0.3375,0.0225,0.0
MUM-MU0111,Mumbai,2026-01-06,1,Winter,8.43,23.1,178.5,227.4,0,4,0.0624,0.0691,0.3225
MUM-MU0023,Mumbai,2024-11-05,11,Winter,12.28,26.0,124.6,165.3,0,3,0.1024,0.0,0.1113
PUN-PU0117,Pune,2025-07-23,7,Monsoon,24.57,28.2,110.0,141.5,0,3,0.3843,0.0812,0.0183
DEL-DE0121,Delhi,2025-06-04,6,Monsoon,14.61,28.4,99.9,115.9,0,4,0.0199,0.0433,0.0226
HYD-HY0035,Hyderabad,2025-02-08,2,Winter,0.0,26.5,155.6,192.6,0,2,0.1284,0.0562,0.1975
KOL-KO0161,Kolkata,2025-05-31,5,Summer,7.98,42.3,196.1,221.9,0,1,0.249,0.0191,0.2725
HYD-HY0015,Hyderabad,2025-01-13,1,Winter,6.79,22.3,149.3,161.7,0,1,0.169,0.1176,0.1376
DEL-DE0138,Delhi,2025-09-23,9,Monsoon,5.04,42.2,119.1,130.3,0,3,0.2086,0.0,0.1321
MUM-MU0153,Mumbai,2024-09-20,9,Monsoon,14.56,33.7,71.6,116.6,0,1,0.128,0.0607,0.013
AHM-AH0138,Ahmedabad,2025-12-21,12,Winter,0.91,20.3,131.1,144.7,0,3,0.0326,0.0836,0.0279
HYD-HY0006,Hyderabad,2024-11-30,11,Winter,1.61,15.0,154.1,195.7,0,2,0.0,0.0376,0.1136
CHE-CH0056,Chennai,2024-04-23,4,Summer,10.31,33.6,114.0,160.1,0,4,0.0,0.006,0.0822
BEN-BE0093,Bengaluru,2025-03-30,3,Summer,16.43,44.0,142.3,153.1,1,4,0.344,0.1889,0.089
CHE-CH0077,Chennai,2026-01-19,1,Winter,0.0,24.4,95.9,107.8,1,5,0.1156,0.1956,0.0045
BEN-BE0169,Bengaluru,2025-10-22,10,Winter,3.69,20.7,158.9,182.8,0,3,0.0744,0.1218,0.1496
MUM-MU0103,Mumbai,2025-12-22,12,Winter,7.83,24.8,172.4,188.6,0,3,0.2004,0.0387,0.2688
HYD-HY0038,Hyderabad,2024-06-07,6,Monsoon,30.98,28.5,109.4,147.4,0,2,0.4511,0.0555,0.0577
BEN-BE0056,Bengaluru,2025-10-09,10,Winter,4.82,24.2,136.4,182.2,0,3,0.1126,0.0,0.1081
HYD-HY0127,Hyderabad,2025-10-03,10,Winter,0.0,20.0,116.9,133.2,0,1,0.0443,0.014,0.1103
PUN-PU0117,Pune,2025-09-13,9,Monsoon,4.6,22.3,47.3,77.2,0,2,0.0862,0.0503,0.0254
CHE-CH0175,Chennai,2025-10-20,10,Winter,5.84,24.5,149.4,172.1,1,5,0.1194,0.1648,0.1689
KOL-KO0025,Kolkata,2024-12-05,12,Winter,0.0,31.4,153.6,179.2,0,2,0.1941,0.1105,0.1776
BEN-BE0081,Bengaluru,2024-11-26,11,Winter,0.0,21.5,114.1,136.4,0,3,0.0,0.0326,0.019
MUM-MU0161,Mumbai,2025-05-15,5,Summer,10.46,48.0,139.6,178.4,0,3,0.5087,0.004,0.0978
KOL-KO0140,Kolkata,2024-10-03,10,Winter,6.89,15.0,206.0,221.1,0,5,0.0972,0.0544,0.3781
KOL-KO0109,Kolkata,2024-11-20,11,Winter,4.81,24.8,74.8,97.8,1,3,0.0295,0.1597,0.0362
HYD-HY0173,Hyderabad,2024-11-26,11,Winter,3.14,26.2,80.0,127.4,0,3,0.2704,0.0859,0.0111
KOL-KO0117,Kolkata,2024-11-20,11,Winter,2.94,26.1,53.2,70.2,0,2,0.1888,0.0703,0.0
MUM-MU0180,Mumbai,2025-07-19,7,Monsoon,18.73,37.0,98.4,146.7,0,2,0.0,0.0,0.0925
HYD-HY0020,Hyderabad,2026-02-07,2,Winter,6.49,33.7,123.4,164.9,0,3,0.1225,0.0553,0.0597
KOL-KO0115,Kolkata,2024-09-24,9,Monsoon,6.84,32.1,85.5,108.1,0,3,0.0725,0.0444,0.046
CHE-CH0047,Chennai,2025-07-02,7,Monsoon,10.46,29.3,57.4,106.5,0,1,0.0,0.0143,0.058
DEL-DE0043,Delhi,2024-05-19,5,Summer,28.39,34.8,147.8,175.4,0,3,0.3642,0.1106,0.1397
HYD-HY0018,Hyderabad,2026-01-16,1,Winter,4.25,16.4,120.3,162.7,0,3,0.0835,0.0499,0.1257
AHM-AH0126,Ahmedabad,2024-10-18,10,Winter,1.1,27.6,116.9,147.6,1,5,0.1938,0.1568,0.0225
PUN-PU0138,Pune,2025-02-18,2,Winter,3.6,16.7,78.1,117.7,0,3,0.087,0.004,0.0286
MUM-MU0036,Mumbai,2024-04-15,4,Summer,5.69,39.9,95.1,143.5,1,3,0.0885,0.2546,0.0622
DEL-DE0010,Delhi,2025-01-21,1,Winter,6.45,34.6,224.7,245.4,0,3,0.2041,0.0601,0.3108
KOL-KO0026,Kolkata,2024-10-12,10,Winter,1.55,23.4,168.3,186.8,0,1,0.1675,0.0,0.146
KOL-KO0044,Kolkata,2024-07-23,7,Monsoon,20.28,31.0,140.3,156.3,0,3,0.2949,0.0204,0.1292
MUM-MU0073,Mumbai,2024-06-18,6,Monsoon,65.85,37.6,127.6,174.3,0,2,0.7923,0.0327,0.0479
HYD-HY0141,Hyderabad,2024-10-08,10,Winter,4.75,27.6,80.4,104.3,0,3,0.145,0.0631,0.0
HYD-HY0124,Hyderabad,2025-03-10,3,Summer,0.0,41.8,50.5,95.3,0,4,0.0,0.0455,0.0
MUM-MU0000,Mumbai,2025-01-06,1,Winter,0.0,24.1,116.7,129.0,1,5,0.0666,0.1494,0.0685
MUM-MU0186,Mumbai,2025-03-21,3,Summer,0.0,48.0,67.5,105.2,0,3,0.4759,0.0607,0.0138
PUN-PU0037,Pune,2025-12-05,12,Winter,3.13,24.6,90.3,105.1,1,3,0.1158,0.1711,0.1482
PUN-PU0067,Pune,2025-11-07,11,Winter,5.12,24.5,109.7,128.6,1,4,0.1032,0.2198,0.1717
PUN-PU0105,Pune,2024-11-07,11,Winter,7.42,24.6,179.4,227.7,1,3,0.2075,0.2577,0.1729
CHE-CH0023,Chennai,2025-06-05,6,Monsoon,24.75,29.7,84.2,97.7,0,3,0.2761,0.0384,0.0
HYD-HY0041,Hyderabad,2025-12-31,12,Winter,4.12,21.9,68.9,99.9,1,3,0.0,0.2373,0.0124
HYD-HY0151,Hyderabad,2024-07-15,7,Monsoon,19.56,31.1,196.1,225.5,0,2,0.032,0.0845,0.1988
BEN-BE0023,Bengaluru,2024-07-27,7,Monsoon,6.32,36.5,47.5,85.2,0,2,0.1064,0.0775,0.0497
PUN-PU0140,Pune,2024-08-04,8,Monsoon,11.36,28.2,174.0,208.1,0,2,0.0019,0.1061,0.2004
PUN-PU0175,Pune,2025-01-29,1,Winter,0.4,15.0,143.9,176.0,0,3,0.0499,0.0661,0.1182
KOL-KO0134,Kolkata,2025-11-17,11,Winter,5.01,20.1,174.2,200.1,0,2,0.0205,0.0434,0.1995
CHE-CH0098,Chennai,2024-05-29,5,Summer,24.11,37.8,79.1,107.5,0,4,0.4667,0.0,0.0451
CHE-CH0144,Chennai,2026-01-03,1,Winter,0.0,15.0,125.3,169.9,0,3,0.074,0.0,0.1013
MUM-MU0111,Mumbai,2024-09-22,9,Monsoon,17.34,29.0,91.8,123.3,0,5,0.0,0.0087,0.0073
BEN-BE0056,Bengaluru,2025-08-05,8,Monsoon,8.35,32.1,89.4,115.1,1,3,0.0696,0.2282,0.0879
KOL-KO0130,Kolkata,2025-08-19,8,Monsoon,12.01,21.7,231.6,263.6,0,2,0.096,0.1012,0.3858
CHE-CH0079,Chennai,2025-03-18,3,Summer,8.77,36.6,70.7,106.0,0,1,0.2977,0.0443,0.0052
HYD-HY0147,Hyderabad,2025-01-21,1,Winter,2.75,15.0,99.8,116.7,0,2,0.0741,0.0386,0.0178
AHM-AH0171,Ahmedabad,2024-11-17,11,Winter,0.0,24.1,30.0,69.4,0,3,0.1447,0.0232,0.0234
PUN-PU0069,Pune,2025-08-15,8,Monsoon,15.24,29.7,114.0,149.1,0,1,0.194,0.0487,0.0356
PUN-PU0028,Pune,2024-08-05,8,Monsoon,15.17,30.1,98.5,113.1,0,3,0.0015,0.0657,0.0
KOL-KO0168,Kolkata,2025-11-15,11,Winter,5.14,26.7,155.1,173.6,0,2,0.1123,0.0884,0.232
AHM-AH0067,Ahmedabad,2025-11-22,11,Winter,1.34,27.2,101.3,134.8,0,3,0.1881,0.0658,0.0216
PUN-PU0145,Pune,2025-06-03,6,Monsoon,4.13,33.0,32.4,58.4,0,1,0.0559,0.1244,0.091
CHE-CH0144,Chennai,2025-11-05,11,Winter,3.71,15.2,114.7,147.2,0,3,0.0152,0.0229,0.0484
AHM-AH0066,Ahmedabad,2025-12-17,12,Winter,5.48,28.2,79.5,90.4,0,2,0.1243,0.0712,0.0756
KOL-KO0126,Kolkata,2025-12-21,12,Winter,11.78,15.0,120.0,148.2,0,2,0.1007,0.113,0.1145
DEL-DE0033,Delhi,2024-11-06,11,Winter,1.98,29.9,322.8,344.3,0,2,0.2074,0.0611,0.5674
MUM-MU0199,Mumbai,2025-10-29,10,Winter,0.5,18.9,130.3,158.4,0,4,0.0416,0.0586,0.097
AHM-AH0155,Ahmedabad,2024-06-10,6,Monsoon,26.01,31.6,121.6,169.6,0,3,0.3666,0.0453,0.089
PUN-PU0149,Pune,2024-10-25,10,Winter,1.4,16.4,62.6,108.1,0,2,0.0,0.0814,0.0
BEN-BE0054,Bengaluru,2025-09-07,9,Monsoon,7.08,29.5,76.4,102.7,1,1,0.0851,0.2074,0.1282
MUM-MU0004,Mumbai,2024-05-31,5,Summer,0.0,34.1,189.1,224.7,0,3,0.2114,0.0886,0.2544
CHE-CH0099,Chennai,2025-06-26,6,Monsoon,10.49,32.2,99.5,109.5,0,1,0.0995,0.0372,0.0878
CHE-CH0127,Chennai,2025-05-21,5,Summer,2.73,37.5,122.7,164.0,1,3,0.0533,0.1313,0.103
PUN-PU0097,Pune,2025-02-02,2,Winter,6.49,20.5,97.7,130.7,1,2,0.0968,0.2528,0.0098
BEN-BE0197,Bengaluru,2024-04-18,4,Summer,3.33,34.4,64.2,74.7,0,1,0.0258,0.0,0.0165
HYD-HY0121,Hyderabad,2025-07-25,7,Monsoon,43.34,27.7,46.7,63.5,0,2,0.5784,0.0634,0.0
HYD-HY0069,Hyderabad,2026-01-07,1,Winter,0.0,25.3,97.0,119.2,0,3,0.2554,0.0143,0.0873
CHE-CH0165,Chennai,2025-07-16,7,Monsoon,44.98,31.7,95.7,110.7,0,3,0.5891,0.07,0.0059
AHM-AH0037,Ahmedabad,2025-06-17,6,Monsoon,41.84,32.1,81.2,91.4,0,3,0.5641,0.0877,0.0956
DEL-DE0017,Delhi,2025-04-18,4,Summer,12.03,46.5,111.1,157.2,1,1,0.3906,0.1847,0.0933
MUM-MU0093,Mumbai,2024-12-21,12,Winter,4.75,29.0,70.9,110.8,0,1,0.0502,0.0674,0.0129
DEL-DE0136,Delhi,2026-02-28,2,Winter,2.52,25.2,387.6,400.8,0,2,0.0614,0.0379,0.7151
HYD-HY0008,Hyderabad,2025-11-30,11,Winter,0.0,23.8,42.8,53.0,0,4,0.1203,0.0,0.0165
DEL-DE0087,Delhi,2025-12-16,12,Winter,4.31,30.6,408.2,426.3,0,3,0.0548,0.066,0.7996
AHM-AH0068,Ahmedabad,2024-04-21,4,Summer,4.11,42.4,99.4,148.4,0,1,0.2309,0.0173,0.0
AHM-AH0120,Ahmedabad,2024-04-14,4,Summer,7.94,48.0,86.2,113.1,0,2,0.4199,0.0035,0.0526
AHM-AH0077,Ahmedabad,2024-10-11,10,Winter,5.99,26.9,104.3,132.4,0,3,0.0355,0.0881,0.0185
KOL-KO0038,Kolkata,2025-02-23,2,Winter,0.0,18.7,177.4,206.4,0,2,0.048,0.058,0.2511
DEL-DE0019,Delhi,2025-04-29,4,Summer,10.82,41.6,39.9,67.6,0,2,0.0293,0.0,0.0564
BEN-BE0120,Bengaluru,2025-04-23,4,Summer,0.0,27.3,95.2,111.7,0,4,0.0478,0.0006,0.0562
PUN-PU0051,Pune,2026-02-21,2,Winter,2.75,15.0,83.6,114.8,1,1,0.0995,0.2453,0.012
BEN-BE0001,Bengaluru,2024-07-21,7,Monsoon,0.0,29.0,134.1,163.6,0,2,0.0238,0.0423,0.0897
DEL-DE0184,Delhi,2026-03-19,3,Summer,15.68,34.9,71.8,118.5,1,2,0.1867,0.2304,0.0344
DEL-DE0047,Delhi,2024-06-13,6,Monsoon,44.08,30.0,164.0,203.6,0,2,0.5861,0.0496,0.2108
KOL-KO0004,Kolkata,2024-09-11,9,Monsoon,13.5,26.6,143.8,178.6,0,1,0.0706,0.009,0.138
BEN-BE0041,Bengaluru,2025-01-04,1,Winter,0.0,15.0,101.8,121.7,0,3,0.0,0.0611,0.0
KOL-KO0136,Kolkata,2024-10-15,10,Winter,5.69,23.7,30.0,56.2,0,4,0.2519,0.0848,0.0589
DEL-DE0190,Delhi,2024-09-07,9,Monsoon,8.92,29.6,134.4,153.9,0,3,0.0526,0.0304,0.0916
AHM-AH0067,Ahmedabad,2024-05-31,5,Summer,6.8,33.9,116.6,138.9,0,2,0.0949,0.0,0.0374
CHE-CH0092,Chennai,2025-10-17,10,Winter,0.0,22.0,75.6,102.0,1,4,0.0195,0.2707,0.0611
DEL-DE0020,Delhi,2025-11-23,11,Winter,1.86,24.0,333.8,358.5,0,3,0.1657,0.1396,0.6305
AHM-AH0150,Ahmedabad,2026-03-25,3,Summer,11.12,36.4,30.8,42.2,0,1,0.2053,0.0984,0.0251
KOL-KO0048,Kolkata,2024-05-24,5,Summer,7.91,33.8,37.7,67.3,0,4,0.0427,0.0128,0.0
MUM-MU0095,Mumbai,2026-01-11,1,Winter,2.84,24.5,123.6,172.9,0,3,0.2422,0.0328,0.1619
PUN-PU0096,Pune,2024-07-31,7,Monsoon,1.74,32.2,64.7,102.2,0,2,0.2378,0.0,0.0
PUN-PU0176,Pune,2024-08-13,8,Monsoon,34.33,25.4,155.3,168.7,0,5,0.4338,0.1378,0.1439
PUN-PU0005,Pune,2024-08-07,8,Monsoon,41.05,28.5,112.1,159.1,0,3,0.5007,0.0566,0.0411
DEL-DE0052,Delhi,2025-03-06,3,Summer,1.52,36.7,99.4,109.9,0,5,0.0275,0.0,0.0
AHM-AH0181,Ahmedabad,2025-04-30,4,Summer,18.68,44.1,66.9,115.9,0,4,0.2758,0.0046,0.0
KOL-KO0122,Kolkata,2025-07-06,7,Monsoon,2.81,31.4,143.5,185.3,0,2,0.0188,0.0,0.1068
KOL-KO0136,Kolkata,2025-08-20,8,Monsoon,9.38,24.8,67.4,109.9,0,3,0.1501,0.0416,0.0238
PUN-PU0148,Pune,2025-07-22,7,Monsoon,12.0,21.4,114.7,142.7,0,3,0.0823,0.0547,0.0008
PUN-PU0006,Pune,2024-04-21,4,Summer,0.0,33.9,34.1,74.6,0,2,0.0,0.0522,0.0286
HYD-HY0032,Hyderabad,2026-03-16,3,Summer,0.0,39.1,131.1,174.4,0,4,0.0578,0.1263,0.0593
DEL-DE0075,Delhi,2026-01-12,1,Winter,0.0,20.7,230.9,261.5,0,2,0.116,0.0231,0.3919
HYD-HY0021,Hyderabad,2025-10-11,10,Winter,0.0,23.9,107.0,120.8,0,3,0.021,0.0076,0.066
MUM-MU0008,Mumbai,2025-06-02,6,Monsoon,3.43,24.9,139.0,150.6,0,2,0.1438,0.0279,0.1723
HYD-HY0086,Hyderabad,2025-04-25,4,Summer,0.0,35.3,77.8,122.3,0,4,0.0576,0.0688,0.0209
AHM-AH0107,Ahmedabad,2025-05-05,5,Summer,4.58,45.0,77.6,112.3,1,1,0.388,0.2057,0.0
MUM-MU0099,Mumbai,2025-08-26,8,Monsoon,33.38,26.1,130.3,165.8,0,5,0.3596,0.0,0.0281
HYD-HY0133,Hyderabad,2024-08-31,8,Monsoon,0.0,35.9,151.2,198.2,0,3,0.14,0.0712,0.2083
KOL-KO0086,Kolkata,2025-08-05,8,Monsoon,22.96,28.8,222.7,262.1,0,3,0.3462,0.1611,0.341
HYD-HY0198,Hyderabad,2025-01-20,1,Winter,3.59,21.4,67.9,86.4,0,2,0.2345,0.0447,0.0255
KOL-KO0189,Kolkata,2025-09-08,9,Monsoon,26.44,30.6,172.9,204.2,0,2,0.345,0.004,0.1996
HYD-HY0041,Hyderabad,2024-07-04,7,Monsoon,28.97,26.6,85.9,96.9,0,3,0.365,0.0819,0.0384
AHM-AH0199,Ahmedabad,2025-07-17,7,Monsoon,28.56,33.4,68.0,109.5,0,1,0.4237,0.0725,0.0017
DEL-DE0162,Delhi,2024-09-13,9,Monsoon,5.0,28.9,66.2,82.5,0,2,0.0,0.0989,0.1171
AHM-AH0016,Ahmedabad,2024-09-10,9,Monsoon,25.47,31.7,101.4,147.6,1,3,0.2786,0.2462,0.0177
HYD-HY0184,Hyderabad,2026-03-11,3,Summer,3.25,32.7,88.7,105.1,0,2,0.0187,0.0169,0.03
DEL-DE0155,Delhi,2026-01-28,1,Winter,5.33,22.6,324.3,369.0,0,2,0.1654,0.1205,0.5404
AHM-AH0096,Ahmedabad,2024-04-19,4,Summer,18.69,34.7,137.9,160.8,0,5,0.0136,0.0,0.1665
DEL-DE0062,Delhi,2024-04-20,4,Summer,0.5,39.8,122.6,146.2,1,1,0.1359,0.2502,0.0752
DEL-DE0012,Delhi,2024-05-23,5,Summer,0.0,28.9,70.8,85.2,0,3,0.2352,0.0,0.0362
CHE-CH0193,Chennai,2026-03-30,3,Summer,11.54,45.2,102.4,147.4,0,1,0.3999,0.0,0.0846
PUN-PU0146,Pune,2024-04-14,4,Summer,17.26,29.1,153.2,197.0,0,2,0.0,0.1028,0.1479
PUN-PU0029,Pune,2024-04-08,4,Summer,16.05,38.8,110.4,124.2,0,3,0.195,0.0517,0.0
PUN-PU0041,Pune,2026-03-26,3,Summer,0.0,33.3,72.0,98.4,0,1,0.1835,0.0,0.0947
CHE-CH0059,Chennai,2024-09-13,9,Monsoon,51.73,28.3,103.5,126.6,1,1,0.6832,0.1923,0.0
HYD-HY0032,Hyderabad,2025-08-21,8,Monsoon,13.53,28.5,96.7,123.0,0,3,0.2078,0.1534,0.0216
CHE-CH0187,Chennai,2024-06-06,6,Monsoon,22.75,27.7,89.0,122.6,0,2,0.2682,0.0771,0.0292
KOL-KO0057,Kolkata,2024-08-18,8,Monsoon,30.35,41.6,235.3,266.5,0,3,0.5107,0.0075,0.3934
PUN-PU0047,Pune,2026-03-18,3,Summer,2.84,35.3,149.2,169.2,0,3,0.0529,0.1167,0.1891
AHM-AH0018,Ahmedabad,2025-01-21,1,Winter,3.17,24.9,107.4,130.8,1,2,0.2404,0.0964,0.0277
AHM-AH0161,Ahmedabad,2025-08-17,8,Monsoon,0.0,23.9,64.6,82.5,0,2,0.0,0.0216,0.0792
BEN-BE0108,Bengaluru,2024-11-03,11,Winter,5.16,15.0,70.5,87.4,0,4,0.1243,0.0,0.0741
BEN-BE0160,Bengaluru,2025-01-27,1,Winter,0.0,20.1,97.8,129.2,0,3,0.0851,0.0,0.0417
KOL-KO0014,Kolkata,2024-05-28,5,Summer,0.0,37.4,180.0,223.3,0,1,0.1623,0.0689,0.2483
CHE-CH0102,Chennai,2026-01-19,1,Winter,1.37,22.2,85.2,117.4,0,2,0.0336,0.0561,0.0
CHE-CH0002,Chennai,2025-08-05,8,Monsoon,28.4,30.1,144.9,169.8,0,1,0.4289,0.0718,0.1882
KOL-KO0127,Kolkata,2026-01-17,1,Winter,0.0,19.4,147.2,160.1,0,2,0.0,0.0,0.0534
DEL-DE0073,Delhi,2025-11-01,11,Winter,4.81,19.4,228.5,244.5,0,5,0.1615,0.0,0.3322
DEL-DE0082,Delhi,2024-11-11,11,Winter,8.85,21.8,322.2,363.9,0,3,0.1246,0.1303,0.5989
KOL-KO0045,Kolkata,2025-11-24,11,Winter,0.0,23.9,88.7,106.4,0,5,0.0754,0.0,0.0
PUN-PU0033,Pune,2025-08-27,8,Monsoon,16.95,36.8,132.1,164.7,0,5,0.1196,0.0,0.0664
AHM-AH0033,Ahmedabad,2025-01-23,1,Winter,4.8,23.8,84.6,110.4,0,5,0.2025,0.0787,0.0196
AHM-AH0132,Ahmedabad,2025-05-15,5,Summer,15.63,48.0,102.0,143.2,0,1,0.42,0.0,0.0234
HYD-HY0049,Hyderabad,2025-12-11,12,Winter,0.0,21.2,85.1,102.4,0,2,0.1167,0.1069,0.025
CHE-CH0012,Chennai,2025-08-31,8,Monsoon,28.49,26.6,83.3,118.9,0,5,0.3993,0.1332,0.0074
AHM-AH0036,Ahmedabad,2025-10-15,10,Winter,0.0,31.2,142.9,168.9,1,1,0.0328,0.2342,0.1318
HYD-HY0121,Hyderabad,2026-03-19,3,Summer,0.0,34.1,103.4,133.5,0,5,0.1449,0.015,0.0592
CHE-CH0042,Chennai,2026-01-16,1,Winter,3.77,25.6,67.7,117.3,0,3,0.2808,0.0962,0.0407
AHM-AH0057,Ahmedabad,2025-02-06,2,Winter,5.19,24.2,77.6,118.0,0,1,0.1733,0.0596,0.0174
AHM-AH0109,Ahmedabad,2024-09-06,9,Monsoon,24.51,34.7,154.6,167.5,0,2,0.277,0.1064,0.1651
HYD-HY0133,Hyderabad,2025-04-21,4,Summer,0.0,46.5,30.0,64.1,0,3,0.4142,0.0437,0.0382
PUN-PU0095,Pune,2024-08-01,8,Monsoon,32.03,32.7,117.2,140.4,0,2,0.387,0.0497,0.07
BEN-BE0045,Bengaluru,2025-11-03,11,Winter,0.0,21.2,50.5,84.3,0,3,0.0,0.0194,0.0117
BEN-BE0011,Bengaluru,2025-05-30,5,Summer,8.94,38.9,106.3,148.5,0,4,0.1031,0.1373,0.0665
BEN-BE0029,Bengaluru,2024-08-01,8,Monsoon,38.18,31.3,87.9,103.3,0,3,0.5553,0.1116,0.0401
PUN-PU0078,Pune,2025-10-08,10,Winter,8.62,15.0,125.7,158.7,0,3,0.0159,0.0981,0.0953
AHM-AH0063,Ahmedabad,2025-03-03,3,Summer,16.69,48.0,86.3,105.7,1,5,0.5452,0.2164,0.0665
BEN-BE0195,Bengaluru,2026-03-21,3,Summer,0.0,36.7,84.9,95.3,1,2,0.0552,0.2101,0.1214
AHM-AH0006,Ahmedabad,2026-01-08,1,Winter,14.04,18.7,127.6,171.7,2,4,0.1912,0.3519,0.0821
CHE-CH0107,Chennai,2025-02-08,2,Winter,1.27,24.0,138.0,162.4,0,2,0.0832,0.0143,0.2048
PUN-PU0177,Pune,2025-01-21,1,Winter,3.39,16.6,45.5,65.3,1,2,0.0,0.1951,0.044
DEL-DE0071,Delhi,2025-05-13,5,Summer,20.3,31.1,112.3,134.2,0,5,0.3266,0.0379,0.0624
AHM-AH0054,Ahmedabad,2024-07-28,7,Monsoon,33.03,29.3,108.9,149.1,0,1,0.3706,0.0677,0.1001
PUN-PU0131,Pune,2025-09-08,9,Monsoon,1.46,28.2,125.3,140.5,0,4,0.0584,0.0831,0.0951
DEL-DE0164,Delhi,2024-08-07,8,Monsoon,0.29,28.3,66.6,100.8,0,3,0.0992,0.0,0.0
HYD-HY0031,Hyderabad,2024-05-14,5,Summer,0.0,30.4,30.0,77.2,0,4,0.1399,0.0571,0.0543
HYD-HY0111,Hyderabad,2025-12-21,12,Winter,0.0,23.3,106.1,141.9,0,2,0.0,0.1006,0.0696
AHM-AH0021,Ahmedabad,2024-09-13,9,Monsoon,16.48,42.7,150.5,195.0,0,1,0.3042,0.1386,0.1716
PUN-PU0104,Pune,2025-12-05,12,Winter,1.23,20.9,81.6,91.9,0,1,0.0693,0.1036,0.0766
CHE-CH0060,Chennai,2025-05-18,5,Summer,4.89,42.8,100.3,116.3,0,3,0.2323,0.0464,0.0221
AHM-AH0054,Ahmedabad,2025-05-30,5,Summer,0.0,38.1,48.7,61.5,0,3,0.1068,0.0549,0.0
DEL-DE0036,Delhi,2026-02-05,2,Winter,7.09,27.1,318.3,355.5,0,5,0.1014,0.0314,0.579
AHM-AH0158,Ahmedabad,2026-02-07,2,Winter,6.74,23.4,129.7,160.5,0,2,0.0126,0.0624,0.1362
CHE-CH0121,Chennai,2024-06-23,6,Monsoon,33.82,36.3,102.8,151.5,0,3,0.3998,0.0,0.0871
HYD-HY0151,Hyderabad,2025-02-07,2,Winter,7.45,24.2,138.0,158.2,0,1,0.0,0.0614,0.1081
KOL-KO0183,Kolkata,2024-07-15,7,Monsoon,23.64,31.0,108.6,133.1,0,3,0.3319,0.0564,0.1386
HYD-HY0193,Hyderabad,2025-06-06,6,Monsoon,10.91,32.5,88.2,119.9,0,3,0.058,0.0506,0.033
HYD-HY0168,Hyderabad,2025-09-09,9,Monsoon,41.08,20.9,93.9,136.9,0,3,0.4881,0.0178,0.0097
PUN-PU0166,Pune,2024-07-08,7,Monsoon,1.91,27.8,126.9,151.2,0,2,0.022,0.1148,0.0922
AHM-AH0054,Ahmedabad,2024-05-07,5,Summer,7.59,38.0,98.3,129.2,1,3,0.1594,0.2205,0.0235
KOL-KO0054,Kolkata,2026-01-11,1,Winter,0.0,19.3,160.1,209.1,0,1,0.0797,0.0406,0.1686
PUN-PU0180,Pune,2024-08-21,8,Monsoon,15.32,24.9,137.6,171.6,0,2,0.1233,0.0546,0.0856
AHM-AH0131,Ahmedabad,2025-02-21,2,Winter,0.81,29.8,59.9,98.2,0,1,0.0264,0.0198,0.0309
HYD-HY0093,Hyderabad,2025-05-15,5,Summer,5.75,28.4,74.0,86.0,0,5,0.1072,0.0282,0.0388
BEN-BE0185,Bengaluru,2024-06-12,6,Monsoon,26.06,29.8,127.5,167.4,0,1,0.3246,0.019,0.0205
KOL-KO0065,Kolkata,2025-05-19,5,Summer,4.01,27.7,134.4,178.4,0,2,0.1607,0.0019,0.1024
MUM-MU0026,Mumbai,2025-11-13,11,Winter,2.78,21.7,106.9,129.7,0,2,0.0422,0.0803,0.0133
HYD-HY0070,Hyderabad,2025-09-08,9,Monsoon,2.73,23.6,50.2,80.6,0,3,0.1543,0.0779,0.0352
DEL-DE0018,Delhi,2024-10-15,10,Winter,0.0,21.9,330.1,365.9,0,2,0.0957,0.042,0.5714
MUM-MU0051,Mumbai,2025-10-11,10,Winter,10.15,23.8,63.9,108.3,0,3,0.2874,0.0,0.0775
CHE-CH0180,Chennai,2025-09-29,9,Monsoon,49.51,30.9,102.1,146.8,0,3,0.6717,0.0,0.0767
DEL-DE0097,Delhi,2024-06-25,6,Monsoon,20.64,29.0,72.6,117.3,0,2,0.3281,0.0531,0.0452
MUM-MU0108,Mumbai,2024-06-19,6,Monsoon,12.01,27.9,134.0,167.8,0,3,0.104,0.0502,0.1202
PUN-PU0172,Pune,2025-03-25,3,Summer,0.0,39.6,94.8,106.0,0,1,0.1286,0.0058,0.0
MUM-MU0115,Mumbai,2025-04-25,4,Summer,5.15,33.8,73.1,103.6,0,3,0.1652,0.0,0.0666
BEN-BE0009,Bengaluru,2025-07-25,7,Monsoon,12.49,26.5,166.3,198.8,0,2,0.0589,0.1362,0.2292
BEN-BE0146,Bengaluru,2025-06-27,6,Monsoon,17.52,31.1,32.6,45.5,0,2,0.1836,0.0271,0.011
AHM-AH0136,Ahmedabad,2024-04-06,4,Summer,6.14,38.9,92.7,122.3,1,2,0.196,0.1529,0.0502
DEL-DE0129,Delhi,2025-12-04,12,Winter,3.93,15.5,388.1,432.3,0,2,0.19,0.0376,0.7723
BEN-BE0186,Bengaluru,2024-08-25,8,Monsoon,8.44,31.6,124.9,154.9,0,3,0.1602,0.0,0.0905
PUN-PU0199,Pune,2025-02-05,2,Winter,0.45,25.1,94.6,122.3,0,3,0.136,0.0,0.0442
BEN-BE0113,Bengaluru,2024-08-11,8,Monsoon,20.41,26.7,55.0,92.1,0,4,0.2504,0.0,0.0101
DEL-DE0099,Delhi,2026-04-01,4,Summer,5.9,39.7,138.8,173.5,0,1,0.0,0.0572,0.1373
MUM-MU0127,Mumbai,2025-07-24,7,Monsoon,14.01,31.6,192.9,242.5,0,1,0.1978,0.1221,0.3192
AHM-AH0014,Ahmedabad,2025-02-10,2,Winter,0.0,28.9,143.3,166.1,0,5,0.0417,0.0905,0.1349
CHE-CH0004,Chennai,2025-10-30,10,Winter,0.0,15.0,132.8,145.4,0,4,0.0202,0.0763,0.1805
BEN-BE0017,Bengaluru,2024-08-09,8,Monsoon,46.87,32.4,68.5,111.0,0,2,0.5131,0.0746,0.1022
AHM-AH0143,Ahmedabad,2025-02-25,2,Winter,4.32,35.6,97.4,116.0,0,1,0.0,0.1565,0.0741
HYD-HY0108,Hyderabad,2024-06-03,6,Monsoon,33.36,33.8,70.7,82.7,0,4,0.3664,0.0237,0.0458
MUM-MU0066,Mumbai,2024-12-28,12,Winter,0.0,15.0,95.7,143.1,0,2,0.14,0.1232,0.1004
CHE-CH0134,Chennai,2026-01-17,1,Winter,4.67,35.1,101.6,150.5,1,5,0.0015,0.1544,0.0
KOL-KO0126,Kolkata,2025-01-21,1,Winter,0.0,21.6,152.8,172.8,0,4,0.2486,0.0,0.2197
DEL-DE0009,Delhi,2026-03-13,3,Summer,0.0,41.2,105.3,123.6,0,1,0.1114,0.1041,0.1107
PUN-PU0061,Pune,2026-03-18,3,Summer,0.0,37.2,77.8,88.8,0,3,0.2103,0.0405,0.0469
PUN-PU0183,Pune,2025-09-14,9,Monsoon,40.41,26.3,30.0,47.4,0,3,0.4583,0.0,0.0
AHM-AH0114,Ahmedabad,2025-07-27,7,Monsoon,13.72,31.9,30.0,65.2,0,1,0.1301,0.0669,0.0103
HYD-HY0150,Hyderabad,2024-06-01,6,Monsoon,2.71,26.2,177.2,199.7,0,3,0.144,0.0727,0.2822
BEN-BE0059,Bengaluru,2025-01-29,1,Winter,6.28,24.9,108.7,138.5,0,5,0.0764,0.0674,0.0424
AHM-AH0120,Ahmedabad,2024-05-25,5,Summer,10.37,35.0,41.6,67.7,0,2,0.0562,0.0749,0.0318
PUN-PU0125,Pune,2024-09-11,9,Monsoon,20.15,32.1,101.5,127.8,0,1,0.2379,0.0853,0.0
HYD-HY0149,Hyderabad,2026-01-01,1,Winter,2.19,30.6,148.1,167.4,0,1,0.0044,0.1006,0.1158
CHE-CH0196,Chennai,2024-05-02,5,Summer,5.52,34.9,53.7,83.7,0,3,0.1093,0.0602,0.0
BEN-BE0086,Bengaluru,2025-10-23,10,Winter,8.06,22.1,139.2,155.0,0,1,0.1798,0.0748,0.1156
HYD-HY0046,Hyderabad,2025-04-25,4,Summer,2.95,31.1,64.0,84.1,0,3,0.1236,0.1223,0.014
AHM-AH0025,Ahmedabad,2024-11-28,11,Winter,10.0,19.7,127.1,160.5,0,3,0.0449,0.002,0.1062
BEN-BE0189,Bengaluru,2024-05-25,5,Summer,13.41,43.4,93.5,105.6,0,4,0.2959,0.0796,0.0
AHM-AH0019,Ahmedabad,2025-07-22,7,Monsoon,14.82,44.5,87.4,133.2,0,2,0.3243,0.0649,0.056
PUN-PU0160,Pune,2024-05-02,5,Summer,2.49,38.9,104.7,140.3,0,5,0.0079,0.1305,0.0272
MUM-MU0096,Mumbai,2025-12-23,12,Winter,13.37,15.0,47.2,62.1,0,3,0.033,0.0007,0.0038
CHE-CH0181,Chennai,2025-10-23,10,Winter,6.25,25.5,120.1,150.5,0,1,0.08,0.0226,0.0095
CHE-CH0193,Chennai,2024-06-05,6,Monsoon,37.87,29.6,121.6,161.1,0,5,0.4893,0.0326,0.0986
KOL-KO0053,Kolkata,2024-05-21,5,Summer,11.68,32.2,174.1,207.0,0,1,0.2743,0.0382,0.2415
AHM-AH0003,Ahmedabad,2024-05-03,5,Summer,0.0,43.3,108.8,140.0,0,3,0.2007,0.0594,0.0711
CHE-CH0040,Chennai,2025-11-27,11,Winter,0.0,17.3,191.7,234.9,0,2,0.0958,0.0209,0.2576
HYD-HY0130,Hyderabad,2025-05-10,5,Summer,0.0,39.9,116.5,141.1,0,2,0.0824,0.0443,0.0353
MUM-MU0110,Mumbai,2026-03-21,3,Summer,1.61,34.3,150.3,171.3,1,2,0.3153,0.2163,0.206
MUM-MU0026,Mumbai,2024-10-10,10,Winter,0.11,23.9,150.4,178.5,0,3,0.1361,0.0425,0.1342
AHM-AH0123,Ahmedabad,2024-11-05,11,Winter,14.05,20.8,62.1,75.8,0,2,0.0177,0.1283,0.0
BEN-BE0114,Bengaluru,2025-12-04,12,Winter,7.69,18.5,109.0,152.6,0,4,0.097,0.0357,0.0169
BEN-BE0015,Bengaluru,2024-08-30,8,Monsoon,16.43,26.3,64.9,91.4,0,2,0.1012,0.021,0.0092
PUN-PU0070,Pune,2025-06-06,6,Monsoon,21.55,31.2,75.1,85.6,0,1,0.3305,0.0906,0.0163
AHM-AH0199,Ahmedabad,2025-11-12,11,Winter,0.0,31.9,103.9,120.4,1,2,0.1185,0.2082,0.0275
KOL-KO0107,Kolkata,2024-12-22,12,Winter,6.94,17.5,101.6,112.0,0,4,0.1329,0.0167,0.0301
BEN-BE0061,Bengaluru,2025-12-18,12,Winter,8.67,15.3,42.7,90.6,0,4,0.0,0.0311,0.1096
PUN-PU0097,Pune,2024-07-05,7,Monsoon,60.27,25.2,121.0,150.2,0,3,0.7523,0.0322,0.0873
AHM-AH0043,Ahmedabad,2025-03-11,3,Summer,3.66,33.4,117.8,129.6,0,1,0.0621,0.1582,0.0727
AHM-AH0053,Ahmedabad,2024-06-10,6,Monsoon,13.61,35.9,155.9,166.3,0,4,0.0846,0.1259,0.2346
PUN-PU0126,Pune,2025-08-22,8,Monsoon,25.46,32.0,95.2,114.4,0,1,0.3725,0.1286,0.0273
CHE-CH0153,Chennai,2025-12-07,12,Winter,3.17,21.7,124.8,140.4,0,3,0.0641,0.051,0.0559
AHM-AH0146,Ahmedabad,2024-09-12,9,Monsoon,10.28,25.5,86.7,135.1,0,1,0.1136,0.0528,0.0
PUN-PU0005,Pune,2024-09-29,9,Monsoon,12.38,27.7,107.1,142.4,0,3,0.129,0.0461,0.0701
HYD-HY0119,Hyderabad,2025-07-27,7,Monsoon,0.0,21.4,169.5,198.5,0,2,0.0,0.0,0.1763
AHM-AH0112,Ahmedabad,2026-03-02,3,Summer,5.21,45.3,101.6,125.5,0,3,0.3246,0.0,0.0067
PUN-PU0035,Pune,2025-01-30,1,Winter,7.19,20.5,96.2,117.6,0,2,0.2372,0.0123,0.0
BEN-BE0002,Bengaluru,2024-12-15,12,Winter,0.0,15.0,108.1,138.1,1,2,0.0,0.1708,0.0557
AHM-AH0189,Ahmedabad,2025-08-11,8,Monsoon,14.0,34.8,66.8,80.0,0,3,0.0,0.1016,0.012
AHM-AH0084,Ahmedabad,2024-07-17,7,Monsoon,12.06,36.7,88.4,114.4,0,3,0.203,0.126,0.0592
DEL-DE0196,Delhi,2024-12-02,12,Winter,2.86,28.8,323.9,356.4,0,1,0.079,0.0419,0.5721
CHE-CH0002,Chennai,2024-11-27,11,Winter,0.0,22.5,96.6,124.4,0,1,0.1064,0.0109,0.0
KOL-KO0119,Kolkata,2025-11-15,11,Winter,0.56,20.6,147.7,169.2,0,1,0.1751,0.0811,0.1924
DEL-DE0163,Delhi,2024-10-22,10,Winter,4.74,25.3,368.8,397.8,0,3,0.142,0.0398,0.6566
PUN-PU0198,Pune,2025-09-24,9,Monsoon,21.29,27.9,211.5,244.5,0,3,0.2418,0.0,0.2834
MUM-MU0152,Mumbai,2026-01-09,1,Winter,0.0,17.9,89.4,100.2,0,1,0.1609,0.0512,0.0118
DEL-DE0182,Delhi,2026-03-03,3,Summer,10.34,42.0,156.7,194.6,0,3,0.0839,0.0868,0.1011
DEL-DE0155,Delhi,2025-12-22,12,Winter,7.91,19.3,316.4,358.1,0,2,0.086,0.0257,0.5982
AHM-AH0105,Ahmedabad,2024-06-15,6,Monsoon,8.1,37.0,97.8,129.1,0,2,0.1516,0.0721,0.0835
HYD-HY0052,Hyderabad,2026-03-16,3,Summer,3.17,36.0,96.4,134.2,0,4,0.1075,0.0,0.0476
DEL-DE0044,Delhi,2024-10-26,10,Winter,10.96,20.4,417.6,443.2,0,1,0.14,0.0783,0.8317
CHE-CH0172,Chennai,2024-10-11,10,Winter,9.38,19.4,75.6,116.6,1,3,0.1438,0.2897,0.1427
MUM-MU0083,Mumbai,2026-01-27,1,Winter,5.48,15.0,79.7,97.6,0,3,0.1444,0.0223,0.0
KOL-KO0077,Kolkata,2024-07-21,7,Monsoon,6.1,24.4,152.1,194.1,0,3,0.1418,0.0244,0.1524
BEN-BE0171,Bengaluru,2025-11-29,11,Winter,7.06,15.0,146.9,172.9,0,3,0.073,0.0354,0.1061
HYD-HY0139,Hyderabad,2024-08-26,8,Monsoon,33.7,25.3,106.1,139.3,0,2,0.4052,0.0872,0.024
BEN-BE0141,Bengaluru,2024-07-02,7,Monsoon,13.21,26.6,109.1,156.8,0,3,0.0709,0.1058,0.1015
DEL-DE0066,Delhi,2024-10-03,10,Winter,0.0,23.3,335.2,351.9,0,2,0.1032,0.0565,0.6031
DEL-DE0129,Delhi,2024-09-02,9,Monsoon,14.46,34.6,58.2,76.1,0,2,0.1794,0.0,0.0082
HYD-HY0196,Hyderabad,2024-04-11,4,Summer,0.7,44.3,77.0,105.3,0,2,0.3141,0.0469,0.0219
BEN-BE0122,Bengaluru,2025-11-19,11,Winter,7.89,23.7,114.9,160.8,0,3,0.1269,0.0794,0.0475
MUM-MU0011,Mumbai,2024-12-18,12,Winter,5.81,15.0,93.3,117.8,0,2,0.1434,0.0406,0.0354
CHE-CH0076,Chennai,2024-09-21,9,Monsoon,21.56,33.8,103.6,120.6,0,2,0.3901,0.0584,0.0595
KOL-KO0155,Kolkata,2025-02-15,2,Winter,3.11,15.0,119.1,164.4,0,3,0.1634,0.0771,0.0747
AHM-AH0053,Ahmedabad,2025-02-13,2,Winter,0.0,30.0,40.5,82.3,0,1,0.0374,0.0996,0.0
DEL-DE0117,Delhi,2025-10-28,10,Winter,1.3,18.8,256.9,299.9,0,5,0.1025,0.1201,0.3763
MUM-MU0081,Mumbai,2025-08-02,8,Monsoon,82.69,34.4,158.8,172.0,0,2,0.9271,0.0638,0.2204
DEL-DE0114,Delhi,2025-06-21,6,Monsoon,26.93,27.3,108.1,147.1,0,2,0.4263,0.0637,0.0771
CHE-CH0060,Chennai,2026-02-20,2,Winter,0.0,21.7,131.4,175.0,0,4,0.0589,0.0582,0.1237
PUN-PU0022,Pune,2025-05-01,5,Summer,16.13,29.8,127.0,176.0,2,2,0.0877,0.3772,0.1359
MUM-MU0104,Mumbai,2025-08-27,8,Monsoon,0.1,28.0,154.9,177.8,0,5,0.1215,0.0763,0.1825
AHM-AH0184,Ahmedabad,2025-09-04,9,Monsoon,14.35,23.6,118.8,136.6,0,3,0.1438,0.0711,0.0495
PUN-PU0080,Pune,2024-07-26,7,Monsoon,24.82,32.6,88.9,122.5,0,1,0.4126,0.0392,0.106
PUN-PU0060,Pune,2025-05-23,5,Summer,11.4,33.5,75.2,103.4,0,2,0.1391,0.0612,0.0141
PUN-PU0155,Pune,2025-08-07,8,Monsoon,41.1,30.8,76.1,108.4,0,3,0.5046,0.0626,0.015
CHE-CH0016,Chennai,2024-06-28,6,Monsoon,38.32,21.3,91.3,124.4,0,1,0.4198,0.0,0.0495
HYD-HY0004,Hyderabad,2024-05-10,5,Summer,10.86,29.5,90.6,136.7,1,3,0.0426,0.1796,0.0003
HYD-HY0172,Hyderabad,2025-10-13,10,Winter,0.0,22.0,112.5,132.2,0,3,0.0825,0.0194,0.0077
HYD-HY0126,Hyderabad,2026-02-04,2,Winter,4.27,22.2,137.2,164.4,0,2,0.0956,0.0008,0.0551
CHE-CH0133,Chennai,2024-11-25,11,Winter,0.21,28.2,155.4,201.9,0,1,0.1165,0.0503,0.0545
MUM-MU0149,Mumbai,2025-03-04,3,Summer,21.08,32.9,95.3,129.8,0,5,0.3078,0.0605,0.0392
AHM-AH0049,Ahmedabad,2025-05-03,5,Summer,4.61,41.6,65.5,110.5,0,3,0.1345,0.0101,0.0192
CHE-CH0050,Chennai,2024-10-22,10,Winter,8.45,20.2,107.3,130.1,0,1,0.0668,0.0452,0.0216
HYD-HY0076,Hyderabad,2026-01-06,1,Winter,1.73,21.6,61.3,90.8,0,2,0.0,0.0837,0.0472
BEN-BE0050,Bengaluru,2025-02-18,2,Winter,4.06,15.0,133.3,153.7,0,5,0.0,0.0736,0.0943
DEL-DE0176,Delhi,2025-12-19,12,Winter,8.34,29.8,137.4,155.8,0,5,0.0159,0.1488,0.0676
HYD-HY0066,Hyderabad,2025-06-28,6,Monsoon,3.83,25.1,135.3,151.2,0,2,0.0303,0.0555,0.1358
MUM-MU0139,Mumbai,2024-11-25,11,Winter,0.0,15.9,117.4,164.1,0,4,0.1092,0.054,0.0836
HYD-HY0034,Hyderabad,2026-01-30,1,Winter,0.0,15.0,52.6,88.4,0,4,0.1433,0.0,0.1016
DEL-DE0126,Delhi,2024-12-14,12,Winter,4.33,31.2,381.0,419.3,0,3,0.0921,0.0577,0.7416
KOL-KO0051,Kolkata,2025-05-06,5,Summer,0.0,45.8,185.0,230.3,0,1,0.331,0.0529,0.2424
HYD-HY0112,Hyderabad,2025-03-01,3,Summer,16.37,39.3,92.0,118.1,0,3,0.0725,0.0,0.0
HYD-HY0099,Hyderabad,2025-08-09,8,Monsoon,27.91,31.3,94.2,131.0,0,3,0.4265,0.0542,0.0381
KOL-KO0026,Kolkata,2025-01-08,1,Winter,6.56,28.0,109.1,130.0,0,2,0.0,0.0132,0.0545
MUM-MU0188,Mumbai,2025-12-31,12,Winter,0.0,25.5,123.1,146.5,1,3,0.1387,0.1744,0.1175
CHE-CH0115,Chennai,2025-06-12,6,Monsoon,23.58,32.3,92.2,141.9,0,2,0.3059,0.024,0.0013
BEN-BE0053,Bengaluru,2024-11-25,11,Winter,1.69,18.6,104.7,132.2,0,2,0.1482,0.1059,0.0
BEN-BE0036,Bengaluru,2024-11-06,11,Winter,0.33,23.2,39.1,66.3,0,5,0.0129,0.0483,0.055
PUN-PU0158,Pune,2025-08-06,8,Monsoon,40.02,20.6,68.9,80.3,0,3,0.4613,0.0131,0.0411
CHE-CH0079,Chennai,2025-09-03,9,Monsoon,26.81,39.5,86.6,104.9,0,2,0.3889,0.0,0.0418
CHE-CH0078,Chennai,2024-05-14,5,Summer,21.58,26.9,75.7,100.4,1,1,0.3336,0.1307,0.0548
CHE-CH0138,Chennai,2025-12-25,12,Winter,1.27,15.0,89.7,117.7,0,3,0.125,0.0673,0.0
CHE-CH0001,Chennai,2024-09-05,9,Monsoon,23.2,32.0,117.0,129.1,0,5,0.3048,0.0,0.0934
BEN-BE0047,Bengaluru,2025-12-13,12,Winter,0.0,24.9,125.7,140.6,0,2,0.0343,0.1007,0.0336
AHM-AH0141,Ahmedabad,2026-01-25,1,Winter,0.0,32.1,96.1,108.6,0,3,0.0155,0.0502,0.0523
PUN-PU0066,Pune,2024-05-08,5,Summer,4.01,48.0,110.1,144.9,0,1,0.4185,0.0326,0.0938
HYD-HY0086,Hyderabad,2024-08-30,8,Monsoon,0.98,37.6,128.2,143.2,0,4,0.0562,0.1348,0.0615
KOL-KO0172,Kolkata,2026-03-20,3,Summer,10.7,32.3,91.7,138.0,0,3,0.1852,0.0005,0.0
HYD-HY0149,Hyderabad,2026-02-07,2,Winter,0.0,32.7,105.5,130.0,0,4,0.0452,0.0668,0.0316
AHM-AH0140,Ahmedabad,2026-02-01,2,Winter,0.0,21.3,50.2,66.4,0,4,0.0904,0.0895,0.0049
PUN-PU0129,Pune,2024-12-18,12,Winter,0.0,15.2,86.0,130.9,0,1,0.0723,0.0475,0.0
MUM-MU0018,Mumbai,2026-04-01,4,Summer,8.15,36.0,82.8,109.8,0,2,0.0,0.0,0.01
DEL-DE0034,Delhi,2025-02-13,2,Winter,1.47,27.5,315.8,341.5,0,1,0.1332,0.0562,0.545
PUN-PU0169,Pune,2025-04-04,4,Summer,7.01,21.9,160.3,192.7,0,5,0.1428,0.0772,0.2048
CHE-CH0108,Chennai,2025-10-13,10,Winter,0.0,18.0,139.2,184.7,0,3,0.1206,0.0248,0.1238
KOL-KO0112,Kolkata,2025-08-08,8,Monsoon,39.39,31.9,141.8,172.4,1,1,0.5562,0.1787,0.0315
BEN-BE0092,Bengaluru,2024-09-07,9,Monsoon,22.28,19.8,87.4,134.6,0,2,0.3273,0.0,0.0172
PUN-PU0115,Pune,2024-10-23,10,Winter,5.93,21.0,131.4,180.7,0,2,0.0359,0.0292,0.0951
PUN-PU0056,Pune,2025-10-21,10,Winter,0.0,17.7,48.4,79.0,0,2,0.0,0.0833,0.0582
PUN-PU0072,Pune,2025-02-22,2,Winter,1.31,21.4,116.0,161.6,0,3,0.0756,0.1299,0.0821
BEN-BE0099,Bengaluru,2025-08-24,8,Monsoon,32.26,26.6,60.5,100.0,0,3,0.3823,0.0688,0.0464
MUM-MU0081,Mumbai,2024-08-28,8,Monsoon,23.83,27.3,76.3,102.1,0,2,0.2981,0.0037,0.0399
PUN-PU0197,Pune,2024-10-22,10,Winter,6.65,18.5,37.4,85.5,0,1,0.2427,0.1245,0.0398
CHE-CH0057,Chennai,2024-07-02,7,Monsoon,79.53,30.2,144.9,158.4,0,5,0.8666,0.0892,0.1368
CHE-CH0181,Chennai,2025-09-14,9,Monsoon,34.83,25.7,135.0,173.7,0,1,0.4614,0.089,0.1995
DEL-DE0032,Delhi,2025-03-17,3,Summer,1.72,48.0,101.6,114.9,1,3,0.4955,0.1563,0.0271
CHE-CH0190,Chennai,2025-10-07,10,Winter,0.0,28.1,37.9,71.9,0,3,0.1643,0.1079,0.0
BEN-BE0125,Bengaluru,2024-11-01,11,Winter,4.42,20.0,68.4,84.4,0,4,0.0679,0.0143,0.0684
HYD-HY0106,Hyderabad,2024-11-18,11,Winter,1.51,23.6,30.0,74.5,0,4,0.0802,0.0211,0.0
AHM-AH0082,Ahmedabad,2024-12-24,12,Winter,0.0,35.2,94.3,142.0,0,5,0.2822,0.0684,0.0568
BEN-BE0179,Bengaluru,2026-01-19,1,Winter,0.0,20.5,68.4,82.4,1,2,0.2362,0.242,0.0
MUM-MU0050,Mumbai,2026-03-10,3,Summer,33.38,34.0,170.5,187.5,0,5,0.552,0.0966,0.2064
HYD-HY0058,Hyderabad,2025-02-19,2,Winter,9.56,15.0,159.4,181.2,0,4,0.2039,0.1208,0.1045
AHM-AH0177,Ahmedabad,2025-10-18,10,Winter,0.0,23.8,93.1,133.8,0,1,0.0,0.0715,0.0
CHE-CH0167,Chennai,2025-11-14,11,Winter,3.48,27.4,97.0,108.3,0,3,0.1642,0.0829,0.0167
HYD-HY0053,Hyderabad,2025-04-30,4,Summer,6.47,44.2,69.9,89.6,0,3,0.2385,0.057,0.0218
HYD-HY0041,Hyderabad,2025-05-21,5,Summer,7.43,48.0,133.6,151.3,0,4,0.5336,0.0,0.1469
KOL-KO0112,Kolkata,2025-07-30,7,Monsoon,15.31,26.1,202.1,232.9,0,1,0.0858,0.0589,0.2569
KOL-KO0196,Kolkata,2024-06-16,6,Monsoon,35.17,26.6,182.1,218.6,0,3,0.4814,0.0261,0.189
MUM-MU0089,Mumbai,2025-10-13,10,Winter,11.45,20.0,123.6,172.9,0,1,0.2202,0.1653,0.0
CHE-CH0007,Chennai,2025-08-06,8,Monsoon,17.03,22.6,162.5,191.2,0,4,0.109,0.0763,0.1526
PUN-PU0134,Pune,2025-11-29,11,Winter,0.0,15.0,95.4,125.5,0,2,0.0303,0.0954,0.0393
DEL-DE0194,Delhi,2025-05-13,5,Summer,0.0,35.1,113.3,130.4,0,2,0.009,0.0431,0.0543
CHE-CH0056,Chennai,2025-09-16,9,Monsoon,5.44,31.9,107.9,145.9,0,2,0.2235,0.0544,0.0313
HYD-HY0052,Hyderabad,2024-12-22,12,Winter,0.0,15.0,113.1,157.0,0,3,0.0842,0.0311,0.0169
MUM-MU0168,Mumbai,2026-01-18,1,Winter,0.64,22.8,79.3,124.0,0,2,0.0972,0.1365,0.0782
MUM-MU0196,Mumbai,2024-08-25,8,Monsoon,60.84,21.6,128.5,171.3,0,3,0.7466,0.0399,0.0931
DEL-DE0142,Delhi,2025-07-02,7,Monsoon,36.86,30.4,74.6,105.1,0,2,0.3899,0.0964,0.0506
AHM-AH0183,Ahmedabad,2025-05-29,5,Summer,13.01,43.5,76.7,125.7,0,3,0.2295,0.0116,0.0115
HYD-HY0101,Hyderabad,2025-01-26,1,Winter,2.64,22.6,77.2,113.6,1,1,0.05,0.1824,0.086
HYD-HY0092,Hyderabad,2024-06-04,6,Monsoon,29.17,32.1,108.5,157.6,0,2,0.4897,0.0854,0.0
MUM-MU0015,Mumbai,2024-09-04,9,Monsoon,57.93,27.0,103.3,119.8,0,4,0.7612,0.0474,0.0261
PUN-PU0083,Pune,2025-06-09,6,Monsoon,15.6,32.3,60.3,106.5,0,5,0.0993,0.0201,0.0751
MUM-MU0134,Mumbai,2025-12-27,12,Winter,2.05,34.8,128.5,172.8,0,2,0.137,0.0411,0.1487
BEN-BE0031,Bengaluru,2026-02-05,2,Winter,0.0,18.9,135.1,167.1,0,3,0.0049,0.0754,0.0407
PUN-PU0172,Pune,2024-07-30,7,Monsoon,32.05,21.4,128.8,165.6,0,3,0.4181,0.0,0.0872
PUN-PU0089,Pune,2024-04-13,4,Summer,7.93,39.1,132.0,162.3,0,5,0.042,0.0351,0.1398
AHM-AH0184,Ahmedabad,2025-02-06,2,Winter,0.0,24.8,132.2,168.4,0,4,0.1221,0.0179,0.1609
BEN-BE0036,Bengaluru,2024-12-14,12,Winter,0.0,19.0,30.0,45.3,0,4,0.0101,0.0,0.0827
AHM-AH0003,Ahmedabad,2025-01-21,1,Winter,4.93,27.9,93.7,128.6,0,3,0.0548,0.0453,0.0
KOL-KO0068,Kolkata,2024-09-24,9,Monsoon,26.7,35.2,156.8,179.6,0,3,0.375,0.0942,0.1035
DEL-DE0012,Delhi,2026-03-18,3,Summer,0.0,41.5,139.0,181.1,0,3,0.2629,0.0968,0.1937
BEN-BE0021,Bengaluru,2025-04-14,4,Summer,0.36,39.9,98.3,130.8,0,4,0.1026,0.0553,0.0749
HYD-HY0101,Hyderabad,2025-07-08,7,Monsoon,23.77,28.0,32.4,55.4,0,1,0.2655,0.0536,0.0492
AHM-AH0039,Ahmedabad,2024-06-06,6,Monsoon,20.13,35.3,85.0,100.8,0,3,0.2577,0.0551,0.0443
AHM-AH0118,Ahmedabad,2025-07-27,7,Monsoon,31.04,35.2,89.6,132.5,0,4,0.419,0.0485,0.0204
AHM-AH0187,Ahmedabad,2024-07-17,7,Monsoon,45.05,32.2,88.0,107.6,0,4,0.544,0.0408,0.0623
KOL-KO0091,Kolkata,2025-04-17,4,Summer,0.0,40.0,232.6,244.6,0,3,0.0176,0.0745,0.3625
PUN-PU0124,Pune,2025-12-10,12,Winter,4.01,17.3,77.6,99.7,0,1,0.0719,0.0203,0.0293
MUM-MU0147,Mumbai,2025-05-10,5,Summer,8.82,38.5,130.0,177.1,1,3,0.1949,0.2117,0.1883
AHM-AH0129,Ahmedabad,2026-03-14,3,Summer,9.99,41.3,92.5,125.9,1,2,0.1215,0.1491,0.0171
AHM-AH0005,Ahmedabad,2025-06-05,6,Monsoon,22.99,27.8,73.7,111.5,0,3,0.3535,0.1124,0.0276
DEL-DE0114,Delhi,2024-12-01,12,Winter,2.21,18.2,342.6,361.4,0,2,0.115,0.045,0.6543
MUM-MU0048,Mumbai,2025-11-08,11,Winter,6.51,23.5,170.7,208.5,1,1,0.2333,0.1299,0.1936
KOL-KO0140,Kolkata,2025-02-17,2,Winter,0.0,22.7,199.2,247.3,0,3,0.1217,0.0065,0.302
AHM-AH0068,Ahmedabad,2025-12-19,12,Winter,2.51,37.9,98.4,124.1,0,3,0.184,0.0823,0.0103
CHE-CH0079,Chennai,2024-06-05,6,Monsoon,30.89,31.0,107.8,144.7,0,3,0.5123,0.0486,0.0
MUM-MU0077,Mumbai,2025-03-31,3,Summer,0.0,48.0,76.5,112.0,0,5,0.4992,0.1077,0.0
MUM-MU0179,Mumbai,2026-03-14,3,Summer,8.84,31.5,55.9,101.6,0,1,0.0237,0.14,0.0683
MUM-MU0150,Mumbai,2026-01-29,1,Winter,0.0,16.5,102.0,150.6,0,4,0.2151,0.0383,0.0534
MUM-MU0111,Mumbai,2024-12-04,12,Winter,0.0,21.9,192.8,237.1,0,3,0.0024,0.0465,0.224
DEL-DE0164,Delhi,2024-12-25,12,Winter,10.13,31.5,432.3,463.6,0,5,0.0999,0.0,0.8402
BEN-BE0115,Bengaluru,2025-08-29,8,Monsoon,11.92,36.7,65.4,102.4,0,1,0.0338,0.0127,0.0511
HYD-HY0142,Hyderabad,2024-07-28,7,Monsoon,50.91,33.2,63.1,113.0,0,2,0.655,0.0062,0.0076
MUM-MU0144,Mumbai,2025-11-19,11,Winter,8.0,21.3,83.7,116.0,1,5,0.0905,0.1801,0.0209
HYD-HY0177,Hyderabad,2025-11-22,11,Winter,1.53,22.8,61.4,103.0,0,5,0.0595,0.0959,0.0
BEN-BE0066,Bengaluru,2025-02-05,2,Winter,6.54,28.3,83.9,118.5,0,4,0.1438,0.0248,0.0806
BEN-BE0129,Bengaluru,2025-07-14,7,Monsoon,18.77,27.3,47.4,60.9,0,3,0.05,0.0113,0.1022
KOL-KO0034,Kolkata,2026-01-21,1,Winter,0.0,15.0,163.1,209.6,0,4,0.1214,0.0996,0.1315
CHE-CH0194,Chennai,2026-02-14,2,Winter,0.0,19.0,53.3,66.7,0,1,0.0321,0.1026,0.0374
KOL-KO0123,Kolkata,2024-08-02,8,Monsoon,26.07,21.7,153.3,177.4,0,2,0.4665,0.0054,0.1089
PUN-PU0090,Pune,2024-06-14,6,Monsoon,6.27,31.2,99.5,144.3,0,4,0.1791,0.1017,0.0417
KOL-KO0028,Kolkata,2024-04-23,4,Summer,0.54,45.6,152.4,189.0,0,2,0.3837,0.0,0.1345
KOL-KO0086,Kolkata,2024-10-13,10,Winter,2.48,15.0,211.6,228.9,0,5,0.1332,0.0906,0.3082
CHE-CH0047,Chennai,2024-06-29,6,Monsoon,26.61,28.6,97.5,125.6,0,2,0.3955,0.0705,0.0177
MUM-MU0034,Mumbai,2025-12-28,12,Winter,2.33,23.5,88.0,112.7,1,5,0.0296,0.2018,0.0246
CHE-CH0197,Chennai,2025-07-30,7,Monsoon,22.22,21.5,58.3,102.4,0,3,0.2869,0.0638,0.0315
PUN-PU0178,Pune,2025-04-12,4,Summer,10.12,43.6,81.5,92.3,0,4,0.3337,0.1169,0.0
DEL-DE0042,Delhi,2025-05-01,5,Summer,0.0,30.0,115.8,134.1,0,2,0.1217,0.0225,0.0797
HYD-HY0095,Hyderabad,2024-06-12,6,Monsoon,11.78,33.3,57.9,74.6,0,3,0.0782,0.011,0.0333
MUM-MU0012,Mumbai,2026-01-09,1,Winter,0.0,18.9,43.6,67.1,1,3,0.0821,0.1803,0.0327
PUN-PU0113,Pune,2025-06-01,6,Monsoon,30.61,31.5,101.5,129.8,0,1,0.3247,0.1198,0.0201
AHM-AH0075,Ahmedabad,2024-07-05,7,Monsoon,43.9,38.3,100.8,141.8,0,3,0.5177,0.0993,0.0351
PUN-PU0066,Pune,2026-02-23,2,Winter,7.45,18.1,123.5,160.4,0,2,0.1436,0.0114,0.1051
MUM-MU0129,Mumbai,2025-01-04,1,Winter,0.0,23.6,137.7,157.4,0,1,0.3163,0.0594,0.0919
AHM-AH0148,Ahmedabad,2026-02-26,2,Winter,4.75,34.9,87.8,123.8,0,3,0.0895,0.0678,0.0741
AHM-AH0127,Ahmedabad,2024-09-20,9,Monsoon,19.35,33.5,143.2,182.8,0,5,0.2061,0.0147,0.0856
HYD-HY0199,Hyderabad,2025-10-15,10,Winter,0.0,29.3,117.7,149.9,0,4,0.1231,0.0586,0.0827
MUM-MU0093,Mumbai,2025-03-31,3,Summer,0.0,35.4,136.4,179.3,0,2,0.0,0.0949,0.1533
AHM-AH0035,Ahmedabad,2024-10-12,10,Winter,0.0,34.4,70.2,97.5,1,2,0.1056,0.2282,0.0
MUM-MU0148,Mumbai,2025-03-01,3,Summer,8.97,30.0,71.0,102.3,0,2,0.1382,0.0593,0.0099
CHE-CH0132,Chennai,2025-12-29,12,Winter,1.33,24.2,149.7,169.4,0,2,0.1689,0.0469,0.1169
HYD-HY0029,Hyderabad,2024-12-06,12,Winter,0.0,25.8,122.0,163.4,0,5,0.1184,0.0405,0.0682
BEN-BE0193,Bengaluru,2026-01-11,1,Winter,2.7,20.4,104.0,119.5,0,2,0.0,0.0961,0.0855
AHM-AH0004,Ahmedabad,2024-08-01,8,Monsoon,11.19,30.1,137.9,153.9,0,3,0.0,0.0024,0.083
CHE-CH0017,Chennai,2025-03-31,3,Summer,4.79,33.4,110.8,136.2,0,3,0.2295,0.0486,0.0328
PUN-PU0042,Pune,2025-06-07,6,Monsoon,9.63,27.4,119.5,135.5,0,3,0.222,0.0471,0.1226
MUM-MU0177,Mumbai,2025-01-31,1,Winter,3.97,20.2,130.7,145.2,0,3,0.1177,0.0151,0.0895
BEN-BE0176,Bengaluru,2025-11-09,11,Winter,0.54,26.0,75.8,94.4,0,3,0.1197,0.0,0.0669
AHM-AH0167,Ahmedabad,2024-08-02,8,Monsoon,42.34,33.1,60.4,98.7,0,4,0.498,0.0594,0.0
KOL-KO0096,Kolkata,2024-10-03,10,Winter,0.0,20.3,161.7,180.4,0,2,0.0675,0.0067,0.191
CHE-CH0181,Chennai,2024-12-25,12,Winter,0.0,22.1,102.6,144.2,0,3,0.1304,0.1073,0.0909
KOL-KO0009,Kolkata,2025-12-31,12,Winter,0.0,27.0,149.7,176.5,0,3,0.1318,0.1352,0.1321
PUN-PU0153,Pune,2025-04-09,4,Summer,15.11,48.0,86.9,110.6,1,3,0.4507,0.1352,0.0008
MUM-MU0063,Mumbai,2024-12-10,12,Winter,12.48,15.0,189.3,232.8,0,1,0.0677,0.0653,0.3443
KOL-KO0170,Kolkata,2024-09-02,9,Monsoon,8.98,33.4,77.6,99.2,0,4,0.0818,0.0736,0.042
DEL-DE0120,Delhi,2024-09-21,9,Monsoon,15.28,32.3,93.5,117.2,0,3,0.1705,0.082,0.0
HYD-HY0092,Hyderabad,2025-07-31,7,Monsoon,9.49,30.9,115.9,135.0,0,1,0.1112,0.0917,0.0624
BEN-BE0050,Bengaluru,2024-04-06,4,Summer,7.66,31.8,86.3,110.1,1,2,0.0442,0.1989,0.0305
DEL-DE0079,Delhi,2025-05-25,5,Summer,16.14,48.0,111.5,144.4,0,3,0.4473,0.0326,0.0473
AHM-AH0129,Ahmedabad,2025-05-14,5,Summer,18.51,36.5,88.1,137.8,0,2,0.1209,0.1355,0.0528
KOL-KO0000,Kolkata,2025-01-10,1,Winter,1.73,25.1,135.6,174.0,0,1,0.0,0.0588,0.0931
HYD-HY0117,Hyderabad,2025-05-21,5,Summer,5.54,37.2,69.2,100.1,1,4,0.0718,0.1848,0.0521
CHE-CH0004,Chennai,2024-08-24,8,Monsoon,31.13,33.2,76.9,125.7,0,2,0.4054,0.0479,0.0682
PUN-PU0098,Pune,2025-02-01,2,Winter,0.0,21.1,102.3,151.9,1,2,0.1654,0.1834,0.0769
DEL-DE0095,Delhi,2025-10-07,10,Winter,0.0,29.2,315.3,335.6,0,1,0.1682,0.0944,0.6578
CHE-CH0010,Chennai,2025-10-27,10,Winter,4.83,30.5,71.2,105.0,0,3,0.0793,0.0476,0.0
PUN-PU0187,Pune,2026-04-01,4,Summer,0.0,26.4,99.7,133.6,0,5,0.0852,0.0676,0.0528
AHM-AH0093,Ahmedabad,2025-06-12,6,Monsoon,26.06,25.3,132.4,154.7,0,3,0.4152,0.0575,0.146
PUN-PU0126,Pune,2025-03-08,3,Summer,10.52,41.4,82.2,123.2,0,3,0.0,0.0,0.0726
CHE-CH0164,Chennai,2026-02-11,2,Winter,0.0,18.3,83.2,130.6,0,3,0.1145,0.0,0.0212
MUM-MU0022,Mumbai,2026-04-02,4,Summer,0.2,39.6,139.6,153.6,0,3,0.1729,0.0853,0.1184
HYD-HY0133,Hyderabad,2024-07-29,7,Monsoon,28.67,30.2,50.9,77.9,0,3,0.4602,0.0903,0.0163
HYD-HY0136,Hyderabad,2026-03-25,3,Summer,7.82,38.5,153.7,185.9,0,4,0.0645,0.0518,0.2511
DEL-DE0089,Delhi,2026-02-11,2,Winter,0.44,19.9,439.8,463.2,0,1,0.2058,0.0,0.8566
DEL-DE0052,Delhi,2026-03-27,3,Summer,6.01,40.7,30.0,60.1,0,1,0.2378,0.0531,0.0455
MUM-MU0085,Mumbai,2024-08-30,8,Monsoon,40.03,35.1,31.6,48.6,0,2,0.3749,0.0763,0.0104
MUM-MU0010,Mumbai,2024-10-30,10,Winter,0.0,21.1,108.0,135.2,0,2,0.0,0.1125,0.0117
HYD-HY0172,Hyderabad,2025-08-04,8,Monsoon,13.28,29.3,74.7,110.6,0,3,0.1394,0.0568,0.0
PUN-PU0021,Pune,2024-09-14,9,Monsoon,13.82,26.4,79.5,99.3,0,3,0.1031,0.1021,0.077
KOL-KO0007,Kolkata,2025-01-28,1,Winter,2.64,15.1,158.8,175.2,0,2,0.0847,0.0796,0.1747
HYD-HY0100,Hyderabad,2025-03-03,3,Summer,1.15,31.4,36.0,58.8,0,4,0.0042,0.0829,0.0416
HYD-HY0121,Hyderabad,2025-01-07,1,Winter,1.67,18.7,73.3,96.7,0,3,0.1218,0.1066,0.0
MUM-MU0174,Mumbai,2025-04-16,4,Summer,7.64,44.3,135.0,176.7,0,1,0.2883,0.0,0.0083
CHE-CH0024,Chennai,2024-11-11,11,Winter,6.62,20.2,139.5,187.3,0,2,0.0528,0.0219,0.1679
BEN-BE0030,Bengaluru,2024-08-12,8,Monsoon,14.28,27.5,103.8,117.4,0,3,0.0552,0.0,0.034
AHM-AH0132,Ahmedabad,2024-05-12,5,Summer,0.0,42.3,97.7,140.1,0,4,0.2687,0.0596,0.0
AHM-AH0118,Ahmedabad,2025-11-23,11,Winter,5.27,15.0,75.2,124.9,1,3,0.1454,0.1923,0.0105
AHM-AH0086,Ahmedabad,2024-12-31,12,Winter,0.0,33.2,119.8,133.6,1,4,0.2121,0.2196,0.1435
CHE-CH0104,Chennai,2025-04-23,4,Summer,3.29,38.4,60.8,109.9,1,3,0.1361,0.3065,0.1063
BEN-BE0033,Bengaluru,2024-07-17,7,Monsoon,12.83,26.7,93.6,129.1,0,2,0.0567,0.0094,0.0013
KOL-KO0045,Kolkata,2024-12-21,12,Winter,6.45,23.6,63.8,90.6,0,4,0.1088,0.092,0.008
PUN-PU0122,Pune,2025-03-16,3,Summer,5.2,41.1,123.3,140.4,0,4,0.2247,0.0945,0.0821
HYD-HY0049,Hyderabad,2024-04-09,4,Summer,2.32,37.4,94.9,107.0,0,4,0.0833,0.0826,0.0063
DEL-DE0091,Delhi,2025-01-08,1,Winter,4.15,24.5,354.4,397.1,0,3,0.1878,0.0,0.5937
DEL-DE0129,Delhi,2024-12-19,12,Winter,0.0,29.5,244.1,288.6,0,2,0.0407,0.0,0.4106
DEL-DE0176,Delhi,2024-08-12,8,Monsoon,33.19,33.8,109.7,122.2,0,1,0.4869,0.0322,0.0
BEN-BE0052,Bengaluru,2024-04-25,4,Summer,11.0,38.2,116.8,148.7,0,4,0.0,0.0526,0.1253
PUN-PU0063,Pune,2025-04-22,4,Summer,0.0,33.7,88.8,125.1,2,2,0.0917,0.2897,0.0
BEN-BE0117,Bengaluru,2025-01-23,1,Winter,3.62,22.5,149.1,187.8,1,1,0.0,0.2535,0.0948
DEL-DE0197,Delhi,2025-09-19,9,Monsoon,4.74,34.3,137.3,171.2,0,3,0.2099,0.1033,0.1172
DEL-DE0034,Delhi,2026-02-22,2,Winter,0.0,27.6,296.5,340.7,0,2,0.2167,0.0662,0.6083
DEL-DE0171,Delhi,2024-09-09,9,Monsoon,34.38,44.5,128.5,140.0,0,5,0.4999,0.0026,0.0963
PUN-PU0174,Pune,2025-07-03,7,Monsoon,18.17,20.4,122.9,136.5,0,3,0.1025,0.0097,0.0
HYD-HY0161,Hyderabad,2024-11-24,11,Winter,0.0,19.6,119.3,157.2,0,1,0.0405,0.0317,0.1005
MUM-MU0111,Mumbai,2024-12-16,12,Winter,4.92,27.3,134.9,176.3,0,3,0.0448,0.0556,0.0805
AHM-AH0138,Ahmedabad,2026-01-12,1,Winter,0.36,19.1,86.3,129.3,1,1,0.0476,0.2098,0.0272
HYD-HY0124,Hyderabad,2025-05-04,5,Summer,6.83,37.7,63.8,81.3,0,3,0.0,0.0,0.0432
KOL-KO0144,Kolkata,2025-06-19,6,Monsoon,14.17,39.3,103.1,131.3,0,5,0.0816,0.0981,0.0166
PUN-PU0120,Pune,2024-12-02,12,Winter,0.0,18.6,107.6,144.6,1,3,0.19,0.11,0.0697
HYD-HY0125,Hyderabad,2024-12-17,12,Winter,0.0,24.4,109.4,144.4,0,3,0.0628,0.0598,0.0579
MUM-MU0149,Mumbai,2025-07-19,7,Monsoon,28.63,27.5,161.4,207.0,0,2,0.4235,0.1218,0.1636
BEN-BE0195,Bengaluru,2025-10-23,10,Winter,5.79,18.8,85.7,107.1,0,2,0.0011,0.1298,0.0575
PUN-PU0175,Pune,2025-08-28,8,Monsoon,25.46,32.3,80.4,124.1,0,2,0.3673,0.076,0.0
MUM-MU0137,Mumbai,2024-12-30,12,Winter,4.72,25.1,142.7,154.7,0,3,0.0575,0.0953,0.1302
BEN-BE0113,Bengaluru,2024-09-22,9,Monsoon,4.58,25.9,77.8,112.4,0,3,0.0383,0.0042,0.0484
DEL-DE0001,Delhi,2024-09-30,9,Monsoon,21.85,33.3,102.4,147.5,0,3,0.23,0.0268,0.03
BEN-BE0004,Bengaluru,2024-11-18,11,Winter,0.0,24.8,120.9,135.6,0,3,0.2222,0.0304,0.0948
AHM-AH0086,Ahmedabad,2024-10-23,10,Winter,7.64,29.6,145.1,192.3,0,4,0.161,0.0443,0.1358
HYD-HY0189,Hyderabad,2025-04-06,4,Summer,0.0,25.7,111.2,125.4,0,4,0.0305,0.0842,0.0163
KOL-KO0197,Kolkata,2025-03-15,3,Summer,10.34,35.0,181.3,196.5,0,4,0.1091,0.0289,0.2036
CHE-CH0077,Chennai,2024-10-17,10,Winter,7.94,23.3,104.5,150.0,0,3,0.0275,0.0843,0.0404
CHE-CH0131,Chennai,2025-03-25,3,Summer,0.0,40.1,96.3,111.5,0,1,0.1456,0.0549,0.0343
DEL-DE0062,Delhi,2025-02-03,2,Winter,12.09,22.7,232.8,248.7,0,2,0.2012,0.0,0.3178
PUN-PU0174,Pune,2024-11-02,11,Winter,2.39,18.5,121.1,136.5,0,2,0.1955,0.0,0.0972
PUN-PU0142,Pune,2024-05-30,5,Summer,6.06,36.6,72.9,84.7,0,4,0.2048,0.0918,0.0585
BEN-BE0080,Bengaluru,2024-12-27,12,Winter,0.0,18.6,108.9,138.4,0,3,0.056,0.0824,0.0333
DEL-DE0004,Delhi,2025-07-24,7,Monsoon,29.16,29.6,168.0,200.2,0,5,0.3787,0.0159,0.1165
BEN-BE0183,Bengaluru,2025-09-21,9,Monsoon,6.93,23.9,85.3,120.7,0,2,0.1926,0.0588,0.0698
PUN-PU0068,Pune,2025-06-22,6,Monsoon,15.18,32.0,130.6,147.2,0,2,0.1623,0.0,0.0815
MUM-MU0142,Mumbai,2025-12-10,12,Winter,0.0,21.4,134.3,165.7,1,1,0.0049,0.2024,0.1533
DEL-DE0196,Delhi,2025-09-28,9,Monsoon,38.45,31.3,132.6,147.3,0,1,0.5039,0.0874,0.1687
CHE-CH0050,Chennai,2026-03-18,3,Summer,21.7,44.3,191.3,234.3,1,4,0.3693,0.1001,0.3061
KOL-KO0195,Kolkata,2026-04-02,4,Summer,0.0,33.0,141.6,168.6,0,3,0.1606,0.0398,0.2084
KOL-KO0122,Kolkata,2025-02-10,2,Winter,0.0,16.9,195.4,244.9,0,2,0.0,0.0228,0.2427
CHE-CH0072,Chennai,2025-02-06,2,Winter,8.78,22.5,102.6,123.0,0,2,0.1164,0.0836,0.0
PUN-PU0062,Pune,2025-10-09,10,Winter,0.0,20.7,58.3,94.9,0,4,0.0173,0.1201,0.0064
PUN-PU0150,Pune,2024-05-13,5,Summer,0.0,33.7,84.5,103.1,1,2,0.0912,0.2344,0.0
CHE-CH0026,Chennai,2024-10-08,10,Winter,6.69,25.9,150.7,181.8,0,4,0.2012,0.0796,0.1315
AHM-AH0020,Ahmedabad,2024-10-22,10,Winter,0.0,21.9,30.0,61.9,0,2,0.1946,0.05,0.0304
HYD-HY0196,Hyderabad,2024-10-18,10,Winter,3.04,26.2,120.2,151.2,0,3,0.0702,0.0933,0.0577
DEL-DE0112,Delhi,2024-08-18,8,Monsoon,30.19,33.4,57.5,99.4,0,4,0.3412,0.0736,0.0203
HYD-HY0158,Hyderabad,2025-08-17,8,Monsoon,0.0,28.4,138.9,150.4,0,1,0.0324,0.109,0.1479
HYD-HY0160,Hyderabad,2026-01-07,1,Winter,0.0,19.5,75.1,108.6,0,1,0.083,0.0573,0.0253
CHE-CH0146,Chennai,2025-09-22,9,Monsoon,40.06,25.4,112.9,143.3,0,2,0.4975,0.004,0.0
CHE-CH0047,Chennai,2025-02-10,2,Winter,3.07,32.8,132.0,149.1,0,2,0.0122,0.1807,0.0745
KOL-KO0077,Kolkata,2024-12-14,12,Winter,6.64,23.5,180.9,219.0,0,2,0.0045,0.0767,0.2459
DEL-DE0145,Delhi,2024-10-07,10,Winter,9.62,30.3,434.2,465.3,0,2,0.1623,0.0388,0.8019
MUM-MU0009,Mumbai,2025-10-29,10,Winter,6.22,28.7,199.1,219.1,1,3,0.228,0.1589,0.2442
CHE-CH0041,Chennai,2025-11-07,11,Winter,0.0,17.1,132.7,169.5,0,3,0.0135,0.0017,0.1061
BEN-BE0104,Bengaluru,2025-01-06,1,Winter,0.0,17.8,93.9,118.8,0,3,0.057,0.0,0.0329
BEN-BE0053,Bengaluru,2024-09-22,9,Monsoon,15.09,31.2,119.1,130.5,0,1,0.0,0.0878,0.0754
AHM-AH0058,Ahmedabad,2024-07-04,7,Monsoon,49.38,18.4,116.7,162.0,0,1,0.4804,0.0,0.0925
AHM-AH0115,Ahmedabad,2025-10-05,10,Winter,3.86,30.4,98.4,123.1,0,1,0.0,0.0711,0.1074
PUN-PU0112,Pune,2025-08-03,8,Monsoon,5.23,29.8,112.6,137.3,0,1,0.1517,0.024,0.0209
KOL-KO0093,Kolkata,2025-06-26,6,Monsoon,26.6,31.1,150.9,168.9,0,2,0.345,0.0588,0.1886
BEN-BE0166,Bengaluru,2025-08-18,8,Monsoon,31.41,33.0,128.2,143.9,0,3,0.3942,0.0385,0.0381
CHE-CH0136,Chennai,2024-08-22,8,Monsoon,26.04,31.3,137.0,166.4,0,1,0.2736,0.0858,0.1399
DEL-DE0075,Delhi,2025-10-06,10,Winter,0.77,24.6,223.7,259.6,0,3,0.0924,0.0855,0.3468
PUN-PU0191,Pune,2025-01-16,1,Winter,1.65,15.0,80.6,93.3,0,1,0.0352,0.0269,0.077
AHM-AH0101,Ahmedabad,2025-02-16,2,Winter,4.02,25.2,115.9,152.0,0,3,0.0582,0.1181,0.0883
CHE-CH0079,Chennai,2025-05-05,5,Summer,4.37,47.5,173.6,190.4,0,1,0.5201,0.1097,0.2587
KOL-KO0182,Kolkata,2024-07-01,7,Monsoon,0.29,29.3,243.3,292.6,0,2,0.1289,0.0002,0.4194
KOL-KO0147,Kolkata,2025-06-20,6,Monsoon,5.17,32.3,140.7,178.0,0,1,0.1361,0.0,0.0725
KOL-KO0112,Kolkata,2026-03-08,3,Summer,10.38,46.8,73.1,119.0,0,1,0.3857,0.0962,0.1021
CHE-CH0134,Chennai,2024-05-31,5,Summer,10.34,32.5,122.7,156.0,0,4,0.2087,0.1228,0.1043
AHM-AH0186,Ahmedabad,2025-07-12,7,Monsoon,18.85,34.2,45.6,89.3,0,1,0.1137,0.0646,0.0228
CHE-CH0025,Chennai,2024-05-21,5,Summer,0.0,29.5,131.4,172.6,0,2,0.1148,0.0388,0.072
KOL-KO0197,Kolkata,2024-04-19,4,Summer,5.43,29.1,202.0,247.5,0,2,0.1178,0.059,0.2995
HYD-HY0129,Hyderabad,2024-08-27,8,Monsoon,6.53,26.9,92.2,136.7,0,1,0.0883,0.0961,0.0178
DEL-DE0022,Delhi,2025-12-25,12,Winter,14.73,24.7,223.8,242.9,0,3,0.002,0.0723,0.2681
DEL-DE0159,Delhi,2025-01-21,1,Winter,3.44,22.8,473.4,506.5,0,3,0.1375,0.0158,0.9613
PUN-PU0122,Pune,2024-06-20,6,Monsoon,0.0,24.3,96.2,112.6,0,3,0.0,0.0504,0.0823
PUN-PU0042,Pune,2024-12-08,12,Winter,0.62,16.7,116.2,126.6,0,1,0.1098,0.1094,0.1413
MUM-MU0167,Mumbai,2024-12-17,12,Winter,0.35,29.8,108.7,128.9,0,2,0.0872,0.0518,0.0176
BEN-BE0174,Bengaluru,2025-07-25,7,Monsoon,29.55,29.8,44.6,88.2,0,2,0.2922,0.1082,0.0007
DEL-DE0086,Delhi,2025-06-05,6,Monsoon,6.54,28.1,82.4,131.9,0,2,0.0614,0.0559,0.0441
HYD-HY0103,Hyderabad,2025-05-23,5,Summer,0.21,31.2,85.0,103.1,0,3,0.0907,0.1016,0.0
BEN-BE0002,Bengaluru,2024-04-08,4,Summer,4.21,27.2,105.6,126.0,0,1,0.1464,0.0,0.0364
BEN-BE0139,Bengaluru,2025-05-24,5,Summer,0.0,43.1,123.3,142.4,0,3,0.3319,0.0399,0.1042
AHM-AH0102,Ahmedabad,2024-10-29,10,Winter,0.0,17.5,113.9,142.5,1,1,0.0127,0.1799,0.0
PUN-PU0083,Pune,2026-02-18,2,Winter,0.0,21.3,65.4,83.3,1,3,0.0269,0.2295,0.0298
MUM-MU0156,Mumbai,2025-05-20,5,Summer,0.0,31.7,123.9,135.0,0,2,0.0823,0.041,0.0771
AHM-AH0089,Ahmedabad,2026-02-26,2,Winter,4.75,15.6,53.4,102.1,0,5,0.0,0.0229,0.0758
MUM-MU0154,Mumbai,2025-08-08,8,Monsoon,21.89,27.8,153.5,179.5,0,1,0.3057,0.0401,0.1678
MUM-MU0038,Mumbai,2024-06-04,6,Monsoon,33.76,26.9,159.0,202.3,0,5,0.478,0.0055,0.1652
HYD-HY0038,Hyderabad,2024-05-22,5,Summer,0.0,29.1,138.3,179.3,0,2,0.0278,0.0868,0.0995
PUN-PU0093,Pune,2026-02-21,2,Winter,0.0,25.1,115.3,159.7,0,2,0.0223,0.1183,0.0237
MUM-MU0063,Mumbai,2024-07-17,7,Monsoon,66.71,21.3,158.5,191.2,0,2,0.6956,0.0372,0.1591
HYD-HY0191,Hyderabad,2024-06-23,6,Monsoon,18.1,28.8,163.7,183.8,0,3,0.1939,0.0069,0.1515
HYD-HY0185,Hyderabad,2024-11-22,11,Winter,2.67,18.4,109.9,140.9,0,3,0.1166,0.0228,0.031
KOL-KO0029,Kolkata,2025-05-06,5,Summer,5.71,39.3,91.6,120.6,0,1,0.1496,0.0718,0.0123
AHM-AH0175,Ahmedabad,2025-09-13,9,Monsoon,24.94,35.7,92.7,115.5,0,4,0.402,0.0489,0.1033
PUN-PU0008,Pune,2025-02-18,2,Winter,0.0,20.2,98.7,146.4,1,3,0.1095,0.2226,0.0536
BEN-BE0035,Bengaluru,2026-02-10,2,Winter,0.73,15.0,96.2,129.2,2,4,0.0559,0.2642,0.0095
MUM-MU0075,Mumbai,2026-02-06,2,Winter,5.22,15.5,184.1,207.4,0,3,0.1459,0.0,0.2923
HYD-HY0129,Hyderabad,2025-08-30,8,Monsoon,7.44,37.2,82.7,131.6,0,4,0.0,0.0,0.0909
BEN-BE0133,Bengaluru,2024-10-17,10,Winter,0.0,15.1,112.8,133.8,0,4,0.1043,0.0853,0.0796
HYD-HY0113,Hyderabad,2025-10-08,10,Winter,0.0,19.5,92.1,119.2,0,1,0.0,0.0529,0.0
HYD-HY0105,Hyderabad,2026-03-26,3,Summer,0.0,41.0,94.7,138.2,0,2,0.1591,0.1319,0.0441
KOL-KO0166,Kolkata,2025-10-16,10,Winter,0.43,26.9,80.8,95.2,1,2,0.118,0.2016,0.0312
PUN-PU0139,Pune,2025-08-07,8,Monsoon,22.03,29.7,134.3,161.1,1,2,0.3719,0.1989,0.0669
AHM-AH0187,Ahmedabad,2024-11-20,11,Winter,1.28,23.2,145.3,163.2,0,1,0.1785,0.017,0.1659
DEL-DE0104,Delhi,2024-09-20,9,Monsoon,17.8,34.3,64.3,80.9,0,2,0.1787,0.0647,0.0496
CHE-CH0149,Chennai,2025-05-13,5,Summer,5.18,48.0,101.7,146.1,0,3,0.6408,0.0066,0.1214
KOL-KO0003,Kolkata,2026-01-05,1,Winter,3.85,26.2,228.7,239.0,0,3,0.1662,0.0176,0.3271
BEN-BE0057,Bengaluru,2024-12-10,12,Winter,2.77,21.3,103.9,144.1,2,3,0.1092,0.2779,0.0934
AHM-AH0181,Ahmedabad,2024-07-16,7,Monsoon,10.07,35.6,121.6,143.0,0,3,0.0992,0.0342,0.0668
PUN-PU0007,Pune,2026-03-10,3,Summer,0.23,36.0,69.9,118.0,0,5,0.0886,0.043,0.0698
AHM-AH0101,Ahmedabad,2024-05-12,5,Summer,0.0,35.9,96.4,114.1,0,2,0.1461,0.0776,0.0403
BEN-BE0195,Bengaluru,2024-12-06,12,Winter,2.0,19.9,108.6,138.1,1,3,0.0375,0.187,0.0249
DEL-DE0074,Delhi,2025-10-05,10,Winter,11.61,15.0,284.7,331.2,0,4,0.1443,0.0228,0.5208
KOL-KO0151,Kolkata,2025-09-14,9,Monsoon,12.12,34.9,168.0,211.6,0,2,0.0349,0.0193,0.2234
HYD-HY0026,Hyderabad,2026-03-18,3,Summer,1.51,36.7,121.0,133.3,0,3,0.2118,0.0349,0.0312
HYD-HY0045,Hyderabad,2024-11-01,11,Winter,0.0,23.4,88.8,120.4,0,3,0.2548,0.1005,0.0278
MUM-MU0185,Mumbai,2026-03-25,3,Summer,1.11,33.2,128.0,147.5,0,2,0.0774,0.0,0.1018
KOL-KO0012,Kolkata,2024-08-05,8,Monsoon,31.18,30.5,139.9,152.0,0,1,0.3389,0.0616,0.1593
CHE-CH0145,Chennai,2025-01-01,1,Winter,0.0,17.2,97.7,132.2,0,2,0.2106,0.0645,0.0054
HYD-HY0028,Hyderabad,2024-12-15,12,Winter,2.4,25.1,67.7,97.1,0,2,0.0618,0.0264,0.0781
MUM-MU0021,Mumbai,2024-06-18,6,Monsoon,24.01,26.2,110.0,123.8,0,1,0.2773,0.0992,0.0905
PUN-PU0157,Pune,2025-01-30,1,Winter,3.39,27.7,89.1,114.3,0,2,0.1655,0.0,0.0522
BEN-BE0089,Bengaluru,2025-03-26,3,Summer,0.0,33.1,120.3,144.1,0,3,0.0732,0.0915,0.0625
PUN-PU0057,Pune,2024-06-23,6,Monsoon,6.52,25.8,83.0,105.1,0,2,0.0035,0.0,0.0
AHM-AH0001,Ahmedabad,2024-05-02,5,Summer,0.0,40.7,121.0,131.8,0,2,0.0141,0.0195,0.0822
DEL-DE0139,Delhi,2026-01-11,1,Winter,6.22,25.7,359.8,398.2,0,5,0.2834,0.0967,0.6683
AHM-AH0150,Ahmedabad,2025-09-10,9,Monsoon,23.18,32.3,100.4,143.6,0,1,0.2484,0.0381,0.0
HYD-HY0052,Hyderabad,2025-12-27,12,Winter,10.21,20.5,76.9,92.0,0,3,0.1905,0.0393,0.0333
DEL-DE0087,Delhi,2025-06-12,6,Monsoon,36.02,38.7,96.1,106.4,0,2,0.4673,0.0869,0.0631
KOL-KO0113,Kolkata,2025-07-13,7,Monsoon,24.19,34.5,159.6,202.4,0,3,0.4535,0.04,0.1648
DEL-DE0126,Delhi,2024-12-27,12,Winter,5.5,37.6,461.2,506.3,0,3,0.2946,0.0786,0.8415
DEL-DE0166,Delhi,2025-12-20,12,Winter,6.05,26.8,416.8,458.6,1,1,0.0,0.2456,0.7891
HYD-HY0159,Hyderabad,2025-11-14,11,Winter,9.25,27.9,136.6,156.2,0,4,0.1312,0.1223,0.117
HYD-HY0158,Hyderabad,2024-07-01,7,Monsoon,36.55,26.6,115.4,157.3,0,5,0.5701,0.0796,0.0619
PUN-PU0150,Pune,2024-09-02,9,Monsoon,11.27,30.7,125.4,163.3,0,3,0.0951,0.0139,0.0886
DEL-DE0099,Delhi,2024-10-05,10,Winter,13.23,30.0,346.1,363.7,0,1,0.1754,0.0187,0.6423
AHM-AH0107,Ahmedabad,2025-06-17,6,Monsoon,40.93,29.7,76.1,108.5,0,1,0.5018,0.0,0.0403
AHM-AH0099,Ahmedabad,2026-01-02,1,Winter,9.22,27.6,132.5,179.8,1,1,0.1617,0.2081,0.1428
KOL-KO0190,Kolkata,2025-06-15,6,Monsoon,27.79,25.5,254.9,286.9,0,3,0.2922,0.095,0.3787
CHE-CH0134,Chennai,2024-05-26,5,Summer,18.53,34.4,81.9,107.5,0,3,0.0,0.0767,0.0
MUM-MU0082,Mumbai,2025-03-08,3,Summer,13.23,35.5,187.1,232.8,1,3,0.0,0.1805,0.2275
BEN-BE0048,Bengaluru,2025-05-03,5,Summer,8.06,24.2,49.2,89.5,0,1,0.0959,0.0702,0.0762
AHM-AH0159,Ahmedabad,2025-11-10,11,Winter,1.54,27.7,65.6,83.4,0,4,0.0,0.0678,0.0412
KOL-KO0198,Kolkata,2024-07-05,7,Monsoon,22.49,33.4,130.8,163.1,0,1,0.358,0.0864,0.0603
BEN-BE0074,Bengaluru,2024-12-14,12,Winter,0.0,15.0,96.2,123.4,0,2,0.0113,0.0392,0.0497
MUM-MU0128,Mumbai,2026-01-24,1,Winter,0.0,21.9,117.5,161.7,0,2,0.1567,0.0,0.1111
BEN-BE0141,Bengaluru,2024-10-09,10,Winter,0.0,15.0,164.0,175.7,0,2,0.1459,0.0465,0.1766
CHE-CH0156,Chennai,2025-12-26,12,Winter,0.92,15.0,111.2,141.3,0,4,0.1243,0.0404,0.0543
BEN-BE0079,Bengaluru,2025-06-22,6,Monsoon,38.32,25.0,117.6,138.5,0,3,0.5564,0.1053,0.0335
MUM-MU0087,Mumbai,2025-09-01,9,Monsoon,32.13,33.5,64.8,93.8,0,2,0.3372,0.0,0.0468
PUN-PU0169,Pune,2025-03-19,3,Summer,20.2,36.9,117.7,145.2,0,3,0.3244,0.0217,0.1776
BEN-BE0023,Bengaluru,2025-12-30,12,Winter,0.0,15.0,112.5,162.1,0,4,0.1821,0.0176,0.1135
HYD-HY0060,Hyderabad,2024-11-18,11,Winter,11.06,15.8,115.9,158.6,0,3,0.1189,0.0915,0.1044
CHE-CH0139,Chennai,2024-08-23,8,Monsoon,7.28,34.7,88.0,126.2,0,2,0.0379,0.0532,0.0
CHE-CH0194,Chennai,2024-05-31,5,Summer,11.93,36.3,133.0,145.2,0,5,0.092,0.0675,0.1049
KOL-KO0161,Kolkata,2024-10-20,10,Winter,8.96,16.0,89.0,138.1,0,5,0.0895,0.0,0.0344
KOL-KO0131,Kolkata,2026-01-02,1,Winter,1.3,17.5,138.5,161.2,0,1,0.1588,0.0,0.0964
MUM-MU0095,Mumbai,2026-03-19,3,Summer,10.68,39.5,171.4,195.5,0,3,0.0648,0.0013,0.1932
MUM-MU0081,Mumbai,2024-05-27,5,Summer,8.84,42.1,99.6,128.0,0,3,0.2886,0.0315,0.0375
PUN-PU0128,Pune,2026-03-19,3,Summer,22.27,31.6,88.4,118.8,0,2,0.2981,0.0738,0.0167
CHE-CH0063,Chennai,2024-12-04,12,Winter,0.0,29.7,129.8,163.0,0,2,0.2622,0.0544,0.0687
DEL-DE0011,Delhi,2026-01-18,1,Winter,0.86,21.4,313.7,330.6,1,3,0.0136,0.2011,0.6689
AHM-AH0041,Ahmedabad,2025-03-24,3,Summer,10.1,41.9,125.7,142.7,0,4,0.0,0.066,0.0938
HYD-HY0067,Hyderabad,2024-11-29,11,Winter,4.41,17.4,118.3,151.3,0,2,0.0,0.0859,0.1107
PUN-PU0097,Pune,2025-04-06,4,Summer,2.37,40.8,92.6,135.2,0,2,0.1127,0.0923,0.0244
BEN-BE0160,Bengaluru,2024-04-27,4,Summer,2.93,30.3,97.0,115.4,0,2,0.1263,0.0277,0.0
AHM-AH0119,Ahmedabad,2024-10-26,10,Winter,1.7,24.6,116.2,166.0,0,4,0.0,0.0,0.1644
BEN-BE0139,Bengaluru,2024-08-17,8,Monsoon,2.97,26.6,151.1,178.5,0,2,0.0946,0.1185,0.0
HYD-HY0185,Hyderabad,2024-11-17,11,Winter,0.0,15.0,81.2,112.7,0,3,0.1665,0.0775,0.0306
HYD-HY0114,Hyderabad,2025-02-22,2,Winter,1.96,22.3,62.4,84.1,0,3,0.0,0.0,0.0
HYD-HY0167,Hyderabad,2026-02-20,2,Winter,0.0,16.1,56.8,95.7,0,3,0.1029,0.0,0.0269
DEL-DE0156,Delhi,2024-05-25,5,Summer,4.99,39.4,129.7,164.6,0,5,0.1518,0.0,0.1129
CHE-CH0171,Chennai,2024-09-17,9,Monsoon,14.6,33.7,131.0,169.0,0,3,0.0716,0.0694,0.1355
PUN-PU0138,Pune,2025-05-15,5,Summer,10.49,33.4,128.4,159.9,0,1,0.0431,0.1131,0.0812
CHE-CH0175,Chennai,2025-12-16,12,Winter,7.23,30.1,151.4,163.7,0,5,0.1131,0.0924,0.1918
CHE-CH0148,Chennai,2024-06-12,6,Monsoon,27.7,33.8,116.7,148.9,0,1,0.4075,0.0672,0.0892
PUN-PU0003,Pune,2024-07-24,7,Monsoon,13.25,28.9,122.9,170.2,0,3,0.2189,0.0034,0.1355
PUN-PU0138,Pune,2025-12-13,12,Winter,10.28,15.0,99.4,130.5,1,3,0.0651,0.2647,0.0245
MUM-MU0159,Mumbai,2026-02-14,2,Winter,10.93,22.1,172.3,210.6,1,1,0.1517,0.1775,0.1265
HYD-HY0058,Hyderabad,2024-07-06,7,Monsoon,0.0,23.3,48.6,79.7,0,1,0.0362,0.0707,0.0
BEN-BE0115,Bengaluru,2025-01-08,1,Winter,8.93,15.0,75.2,117.8,0,2,0.1191,0.0,0.0
CHE-CH0170,Chennai,2025-10-02,10,Winter,4.79,29.5,99.8,111.9,1,4,0.1135,0.1233,0.0
BEN-BE0056,Bengaluru,2024-04-20,4,Summer,12.68,38.7,113.6,159.2,0,3,0.1657,0.0,0.1342
HYD-HY0057,Hyderabad,2024-11-10,11,Winter,7.85,18.4,95.9,125.9,0,3,0.1577,0.0,0.154
KOL-KO0031,Kolkata,2024-04-30,4,Summer,4.83,37.8,265.9,286.4,0,3,0.0,0.0247,0.3849
CHE-CH0122,Chennai,2024-04-04,4,Summer,0.46,40.6,105.0,136.4,0,5,0.0,0.0523,0.0477
CHE-CH0106,Chennai,2026-03-31,3,Summer,11.6,42.0,96.0,142.9,0,3,0.2919,0.1036,0.0963
KOL-KO0197,Kolkata,2025-03-28,3,Summer,7.02,28.0,215.9,254.5,0,3,0.157,0.0201,0.2991
KOL-KO0187,Kolkata,2024-10-01,10,Winter,7.53,21.4,30.0,63.5,1,2,0.2035,0.1839,0.0458
PUN-PU0037,Pune,2024-05-04,5,Summer,0.0,35.8,48.2,83.4,1,2,0.171,0.2266,0.1131
MUM-MU0013,Mumbai,2024-08-06,8,Monsoon,61.8,28.4,73.0,86.6,0,1,0.7588,0.0817,0.0363
HYD-HY0027,Hyderabad,2024-12-26,12,Winter,0.0,22.3,123.5,155.4,1,2,0.2506,0.2296,0.0114
DEL-DE0084,Delhi,2025-02-16,2,Winter,1.69,18.3,320.3,360.5,3,4,0.2303,0.5123,0.5647
KOL-KO0100,Kolkata,2024-06-15,6,Monsoon,5.28,30.6,80.7,122.5,0,3,0.0,0.0,0.0069
DEL-DE0139,Delhi,2024-06-01,6,Monsoon,7.85,36.4,123.0,160.5,0,1,0.0191,0.0913,0.0947
BEN-BE0071,Bengaluru,2024-12-31,12,Winter,0.0,29.0,78.5,126.2,0,1,0.0345,0.0468,0.0574
MUM-MU0157,Mumbai,2025-05-14,5,Summer,10.98,38.3,30.0,51.7,0,3,0.2272,0.0,0.0881
HYD-HY0053,Hyderabad,2025-05-17,5,Summer,5.69,29.6,139.3,174.0,0,2,0.0365,0.0641,0.0833
PUN-PU0117,Pune,2024-04-28,4,Summer,5.81,41.6,99.9,145.9,0,2,0.1672,0.0543,0.0352
BEN-BE0175,Bengaluru,2025-02-03,2,Winter,5.72,26.7,108.3,155.4,0,3,0.219,0.0573,0.1227
BEN-BE0033,Bengaluru,2026-02-03,2,Winter,3.68,16.5,37.2,62.9,1,3,0.1765,0.1652,0.0
DEL-DE0107,Delhi,2024-04-08,4,Summer,2.24,48.0,155.0,195.2,0,1,0.4839,0.0739,0.1977
DEL-DE0182,Delhi,2024-05-19,5,Summer,16.83,48.0,78.2,118.8,1,1,0.4715,0.1899,0.042
DEL-DE0122,Delhi,2025-03-22,3,Summer,1.8,44.4,93.2,124.0,0,3,0.3947,0.0,0.077
CHE-CH0141,Chennai,2025-12-06,12,Winter,11.02,15.0,172.4,187.4,0,2,0.1422,0.0557,0.1907
PUN-PU0032,Pune,2024-07-03,7,Monsoon,5.01,23.7,116.7,143.0,0,3,0.0771,0.0885,0.0607
AHM-AH0069,Ahmedabad,2026-01-07,1,Winter,0.76,25.8,153.8,196.2,0,4,0.0194,0.0984,0.1669
DEL-DE0042,Delhi,2025-06-13,6,Monsoon,38.52,32.2,56.7,102.6,0,2,0.496,0.0106,0.0617
PUN-PU0153,Pune,2025-10-23,10,Winter,2.94,22.9,108.3,156.2,0,2,0.0803,0.0474,0.0616
BEN-BE0071,Bengaluru,2025-01-18,1,Winter,0.0,29.2,72.1,103.9,1,3,0.0,0.2622,0.0
KOL-KO0049,Kolkata,2025-01-11,1,Winter,0.0,15.8,149.3,198.7,0,4,0.0753,0.0,0.2488
CHE-CH0076,Chennai,2024-07-21,7,Monsoon,10.96,27.4,89.3,131.1,0,3,0.2385,0.0312,0.0
AHM-AH0075,Ahmedabad,2025-10-28,10,Winter,6.86,33.5,81.4,126.3,0,3,0.0289,0.0692,0.0
DEL-DE0032,Delhi,2025-07-22,7,Monsoon,26.61,31.1,132.9,158.7,0,1,0.3689,0.0778,0.1056
KOL-KO0186,Kolkata,2026-01-29,1,Winter,3.31,31.4,211.2,255.2,0,1,0.0248,0.0382,0.3395
PUN-PU0182,Pune,2024-12-31,12,Winter,2.99,15.0,116.7,127.4,0,5,0.1081,0.0025,0.0162
KOL-KO0180,Kolkata,2025-02-08,2,Winter,12.86,30.3,139.8,160.1,1,2,0.1884,0.1234,0.0718
KOL-KO0181,Kolkata,2025-02-28,2,Winter,12.71,28.9,94.0,121.8,1,3,0.0796,0.274,0.0827
BEN-BE0031,Bengaluru,2024-09-20,9,Monsoon,18.47,24.1,30.0,62.0,0,2,0.0926,0.008,0.0221
PUN-PU0009,Pune,2024-07-08,7,Monsoon,6.53,32.9,67.2,109.9,0,5,0.0121,0.0362,0.0323
DEL-DE0130,Delhi,2025-04-11,4,Summer,4.59,46.4,112.7,124.1,0,2,0.4144,0.1136,0.0039
PUN-PU0125,Pune,2024-05-22,5,Summer,10.97,20.9,134.0,167.6,1,3,0.1188,0.0798,0.0982
KOL-KO0041,Kolkata,2025-07-19,7,Monsoon,27.45,20.7,177.4,194.2,0,4,0.3502,0.0608,0.2974
MUM-MU0045,Mumbai,2025-10-23,10,Winter,4.72,15.0,146.3,156.9,0,1,0.0,0.0332,0.1593
BEN-BE0099,Bengaluru,2025-08-22,8,Monsoon,35.21,30.3,83.7,130.2,0,3,0.4127,0.0089,0.0231
MUM-MU0088,Mumbai,2025-09-19,9,Monsoon,60.38,26.8,30.0,40.6,0,1,0.6808,0.0958,0.0143
DEL-DE0061,Delhi,2024-07-19,7,Monsoon,15.3,31.7,91.0,110.3,0,3,0.1223,0.0436,0.0
HYD-HY0174,Hyderabad,2025-12-15,12,Winter,2.66,18.3,114.4,156.6,0,5,0.0883,0.0347,0.0918
PUN-PU0013,Pune,2025-01-13,1,Winter,0.0,19.9,126.3,145.8,0,5,0.076,0.0555,0.124
DEL-DE0129,Delhi,2026-03-20,3,Summer,4.7,46.6,142.3,161.8,0,3,0.3418,0.0791,0.1586
DEL-DE0075,Delhi,2024-08-31,8,Monsoon,3.48,35.4,54.2,97.0,0,4,0.1767,0.0,0.0
PUN-PU0089,Pune,2025-12-21,12,Winter,0.0,22.0,61.2,95.2,0,2,0.1304,0.0412,0.0185
HYD-HY0049,Hyderabad,2025-01-08,1,Winter,0.0,25.4,94.7,129.8,0,2,0.0,0.0416,0.0513
MUM-MU0080,Mumbai,2025-08-27,8,Monsoon,11.04,24.0,196.0,243.0,0,2,0.0735,0.0872,0.2038
HYD-HY0172,Hyderabad,2025-12-11,12,Winter,4.23,25.3,153.4,183.5,1,3,0.0559,0.1974,0.0854
DEL-DE0100,Delhi,2024-05-04,5,Summer,0.0,36.1,142.9,164.5,0,2,0.0868,0.0545,0.1637
MUM-MU0114,Mumbai,2024-12-11,12,Winter,1.56,26.3,122.8,153.6,0,1,0.1875,0.0,0.0548
DEL-DE0140,Delhi,2024-07-02,7,Monsoon,10.63,32.7,111.9,128.3,0,1,0.1094,0.0155,0.0572
BEN-BE0128,Bengaluru,2025-06-05,6,Monsoon,48.05,21.2,114.6,159.4,0,4,0.6247,0.0941,0.0373
DEL-DE0168,Delhi,2025-05-25,5,Summer,5.54,47.0,58.9,88.5,0,4,0.4772,0.0686,0.0586
HYD-HY0058,Hyderabad,2025-01-18,1,Winter,5.53,22.0,97.2,129.4,0,5,0.0,0.0472,0.0
KOL-KO0030,Kolkata,2025-04-28,4,Summer,8.48,43.0,241.1,260.5,0,1,0.2072,0.0443,0.4054
PUN-PU0027,Pune,2025-05-12,5,Summer,0.0,39.8,79.3,114.8,0,4,0.0221,0.0444,0.0722
HYD-HY0154,Hyderabad,2025-02-11,2,Winter,10.87,18.0,74.6,90.0,1,4,0.1006,0.1996,0.0993
PUN-PU0105,Pune,2024-05-30,5,Summer,0.0,26.7,62.1,108.6,1,3,0.1483,0.1479,0.0177
MUM-MU0038,Mumbai,2024-06-15,6,Monsoon,11.25,28.5,125.6,151.3,0,2,0.0867,0.0582,0.1319
AHM-AH0073,Ahmedabad,2024-10-09,10,Winter,0.0,23.9,148.7,198.0,0,2,0.0519,0.0466,0.1364
AHM-AH0090,Ahmedabad,2024-10-20,10,Winter,5.3,27.6,81.4,101.9,0,4,0.2223,0.0,0.0051
PUN-PU0155,Pune,2026-03-15,3,Summer,10.5,42.5,82.2,108.5,0,5,0.1884,0.0421,0.0448
BEN-BE0180,Bengaluru,2025-04-25,4,Summer,14.62,40.2,47.7,96.6,0,4,0.0,0.0854,0.0
MUM-MU0175,Mumbai,2025-01-08,1,Winter,10.85,27.3,136.1,149.2,0,3,0.0483,0.0355,0.1896
BEN-BE0043,Bengaluru,2025-05-06,5,Summer,2.78,38.5,134.6,178.4,0,2,0.0,0.108,0.0396
KOL-KO0119,Kolkata,2026-03-07,3,Summer,12.33,31.6,132.0,170.4,0,4,0.1423,0.0248,0.028
PUN-PU0042,Pune,2024-12-09,12,Winter,0.0,19.3,63.7,74.2,0,3,0.0729,0.0598,0.0
KOL-KO0165,Kolkata,2024-09-14,9,Monsoon,12.98,22.5,178.3,204.3,0,3,0.1109,0.0711,0.2781
KOL-KO0186,Kolkata,2026-01-14,1,Winter,6.09,25.6,133.4,174.0,0,4,0.1387,0.0,0.0457
DEL-DE0149,Delhi,2025-12-29,12,Winter,1.89,29.0,355.2,382.7,0,5,0.0,0.0,0.5837
BEN-BE0049,Bengaluru,2025-09-22,9,Monsoon,36.81,30.0,184.8,211.7,0,5,0.4372,0.0336,0.2626
KOL-KO0041,Kolkata,2024-08-26,8,Monsoon,28.75,29.9,177.3,205.7,0,1,0.4106,0.0961,0.1548
PUN-PU0030,Pune,2025-03-21,3,Summer,8.37,30.1,113.8,149.7,1,1,0.1957,0.1493,0.0246
DEL-DE0092,Delhi,2024-05-26,5,Summer,4.35,39.5,63.6,106.3,0,4,0.0,0.0517,0.0009
HYD-HY0193,Hyderabad,2025-11-17,11,Winter,0.0,19.1,60.3,100.6,0,3,0.1639,0.0599,0.0
AHM-AH0171,Ahmedabad,2025-06-28,6,Monsoon,6.39,37.1,139.1,178.7,0,5,0.1163,0.0568,0.104
DEL-DE0172,Delhi,2025-09-30,9,Monsoon,0.0,34.4,41.0,52.5,0,1,0.0258,0.0204,0.0341
PUN-PU0076,Pune,2025-01-22,1,Winter,9.6,23.5,75.9,109.0,0,3,0.0825,0.0966,0.0241
PUN-PU0150,Pune,2024-10-08,10,Winter,0.0,18.7,111.4,157.2,0,4,0.119,0.0171,0.0579
HYD-HY0046,Hyderabad,2025-06-10,6,Monsoon,10.62,31.2,155.0,184.6,0,3,0.1198,0.0336,0.2657
BEN-BE0141,Bengaluru,2025-10-08,10,Winter,0.0,17.8,77.7,127.2,0,2,0.0747,0.0447,0.0262
DEL-DE0143,Delhi,2024-04-06,4,Summer,6.55,41.3,82.5,124.5,0,3,0.1269,0.0571,0.0
AHM-AH0083,Ahmedabad,2025-11-05,11,Winter,2.17,32.0,84.4,120.6,0,5,0.1571,0.0246,0.0749
AHM-AH0004,Ahmedabad,2024-07-14,7,Monsoon,13.57,29.5,81.9,102.4,0,2,0.0845,0.091,0.0
CHE-CH0101,Chennai,2024-10-23,10,Winter,11.55,22.1,110.4,133.8,0,3,0.2101,0.0,0.0093
KOL-KO0128,Kolkata,2025-11-30,11,Winter,0.56,27.1,266.7,308.1,0,2,0.213,0.0591,0.4739
PUN-PU0021,Pune,2024-09-06,9,Monsoon,12.58,21.7,103.6,116.6,0,3,0.0783,0.0,0.0033
PUN-PU0009,Pune,2024-06-13,6,Monsoon,5.52,24.6,93.8,126.0,0,2,0.2461,0.0011,0.0395
MUM-MU0140,Mumbai,2025-12-16,12,Winter,6.29,21.8,107.4,138.9,0,5,0.2367,0.0182,0.0654
BEN-BE0070,Bengaluru,2024-04-04,4,Summer,7.61,25.7,70.4,110.6,1,4,0.1721,0.2256,0.0391
CHE-CH0174,Chennai,2025-11-05,11,Winter,5.69,23.3,83.8,128.4,0,4,0.1522,0.0767,0.0
CHE-CH0189,Chennai,2025-04-28,4,Summer,10.42,41.4,38.2,77.6,0,3,0.1936,0.0164,0.0
DEL-DE0070,Delhi,2024-08-07,8,Monsoon,5.91,31.4,49.5,92.9,0,2,0.03,0.0359,0.0
DEL-DE0022,Delhi,2024-08-18,8,Monsoon,26.95,28.5,136.4,154.4,0,3,0.3977,0.0718,0.2233
MUM-MU0033,Mumbai,2025-11-29,11,Winter,10.71,27.3,94.2,118.9,0,5,0.0422,0.0,0.0845
BEN-BE0014,Bengaluru,2025-12-28,12,Winter,2.56,17.5,80.9,128.7,0,3,0.0547,0.0,0.0
HYD-HY0070,Hyderabad,2024-10-03,10,Winter,0.0,26.2,82.3,98.1,1,1,0.2355,0.2149,0.0578
HYD-HY0032,Hyderabad,2025-03-24,3,Summer,3.63,31.0,76.4,95.2,1,3,0.1701,0.1634,0.0532
AHM-AH0001,Ahmedabad,2024-09-06,9,Monsoon,22.3,33.7,98.6,119.5,0,5,0.3244,0.0319,0.0
KOL-KO0059,Kolkata,2024-07-03,7,Monsoon,32.71,36.9,185.4,230.0,0,3,0.4621,0.0171,0.2608
DEL-DE0106,Delhi,2025-12-24,12,Winter,5.46,24.7,340.2,363.1,0,5,0.0535,0.0,0.6144
PUN-PU0040,Pune,2025-08-03,8,Monsoon,26.69,30.3,54.2,82.4,0,2,0.4749,0.1379,0.0
MUM-MU0197,Mumbai,2026-02-08,2,Winter,7.01,22.6,96.4,143.6,0,3,0.2727,0.0701,0.0748
DEL-DE0163,Delhi,2025-09-05,9,Monsoon,4.32,42.5,130.2,147.8,0,1,0.2076,0.1033,0.1248
KOL-KO0174,Kolkata,2024-08-16,8,Monsoon,0.76,30.2,82.3,107.9,0,1,0.0941,0.0855,0.0
PUN-PU0059,Pune,2024-07-22,7,Monsoon,32.26,30.3,122.8,155.3,0,3,0.4687,0.0408,0.0488
PUN-PU0028,Pune,2024-07-04,7,Monsoon,16.47,18.8,78.3,108.5,0,1,0.0458,0.0,0.0638
MUM-MU0079,Mumbai,2024-11-06,11,Winter,12.22,17.6,116.8,149.2,1,4,0.1396,0.2095,0.1004
HYD-HY0088,Hyderabad,2025-02-02,2,Winter,13.6,24.3,61.7,87.7,0,4,0.0274,0.058,0.0
HYD-HY0030,Hyderabad,2025-02-14,2,Winter,0.0,18.4,137.7,163.0,0,1,0.0791,0.047,0.2029
AHM-AH0140,Ahmedabad,2024-06-17,6,Monsoon,34.86,33.3,133.6,150.1,0,2,0.4769,0.1333,0.1026
DEL-DE0040,Delhi,2025-04-27,4,Summer,4.51,41.5,63.2,92.6,1,4,0.0242,0.2311,0.0
MUM-MU0190,Mumbai,2024-04-05,4,Summer,0.0,42.1,113.3,154.5,1,1,0.2546,0.2317,0.078
KOL-KO0187,Kolkata,2025-10-31,10,Winter,3.93,19.7,186.2,221.8,2,2,0.0762,0.3597,0.2279
PUN-PU0150,Pune,2024-04-25,4,Summer,24.78,31.0,120.6,157.3,0,4,0.3036,0.1219,0.0956
DEL-DE0066,Delhi,2026-03-02,3,Summer,0.0,39.3,123.0,137.1,0,3,0.0,0.0975,0.1105
PUN-PU0035,Pune,2025-09-28,9,Monsoon,47.95,31.4,60.8,78.5,0,3,0.6572,0.0249,0.0572
HYD-HY0104,Hyderabad,2026-03-14,3,Summer,7.19,36.0,149.4,173.5,0,2,0.1271,0.063,0.1988
MUM-MU0002,Mumbai,2025-07-01,7,Monsoon,40.14,28.9,158.3,195.1,0,4,0.5463,0.0716,0.1343
AHM-AH0186,Ahmedabad,2025-03-06,3,Summer,3.05,42.3,88.6,123.6,0,4,0.2529,0.0107,0.0401
PUN-PU0189,Pune,2024-07-13,7,Monsoon,38.96,19.7,63.5,79.5,1,1,0.5878,0.2075,0.0207
PUN-PU0129,Pune,2025-10-01,10,Winter,1.23,27.6,133.0,159.8,0,3,0.1685,0.0187,0.1559
KOL-KO0083,Kolkata,2025-05-04,5,Summer,5.97,33.6,181.0,200.2,1,2,0.1914,0.1921,0.2224
HYD-HY0069,Hyderabad,2026-02-27,2,Winter,1.4,22.5,87.1,100.3,0,4,0.0261,0.1135,0.0
KOL-KO0061,Kolkata,2024-12-22,12,Winter,7.6,15.0,45.0,84.3,0,1,0.066,0.0443,0.0321
CHE-CH0158,Chennai,2024-09-23,9,Monsoon,44.27,29.7,68.8,97.6,0,2,0.5436,0.0,0.0128
MUM-MU0088,Mumbai,2025-07-01,7,Monsoon,9.91,28.4,149.1,177.1,0,4,0.2306,0.0734,0.1792
AHM-AH0028,Ahmedabad,2024-07-01,7,Monsoon,29.08,32.9,129.4,171.5,0,2,0.3839,0.0745,0.1095
HYD-HY0085,Hyderabad,2024-07-19,7,Monsoon,29.68,31.0,52.3,74.0,0,1,0.4728,0.0875,0.0761
KOL-KO0078,Kolkata,2025-05-22,5,Summer,15.77,42.9,188.9,231.3,0,3,0.1941,0.0598,0.2291
KOL-KO0187,Kolkata,2025-03-31,3,Summer,11.55,46.0,122.9,142.1,0,5,0.4032,0.0713,0.0627
AHM-AH0174,Ahmedabad,2025-10-07,10,Winter,0.0,15.0,65.4,76.1,0,5,0.1454,0.049,0.0
CHE-CH0180,Chennai,2024-07-01,7,Monsoon,0.0,33.2,125.4,151.8,0,3,0.1118,0.0504,0.1246
CHE-CH0117,Chennai,2024-06-02,6,Monsoon,43.17,33.2,133.1,176.8,0,3,0.5026,0.0623,0.142
PUN-PU0006,Pune,2026-01-24,1,Winter,7.51,15.0,72.0,106.9,0,1,0.0473,0.0322,0.0406
AHM-AH0118,Ahmedabad,2025-10-28,10,Winter,2.38,17.7,76.5,87.8,1,3,0.1073,0.1981,0.0682
AHM-AH0159,Ahmedabad,2025-12-19,12,Winter,0.0,27.2,67.5,105.7,0,3,0.1546,0.0902,0.0667
AHM-AH0026,Ahmedabad,2026-01-15,1,Winter,0.0,16.3,48.6,87.6,0,2,0.233,0.0452,0.0
HYD-HY0179,Hyderabad,2025-07-04,7,Monsoon,30.75,35.6,33.0,78.0,0,2,0.3677,0.0587,0.0
DEL-DE0000,Delhi,2026-01-08,1,Winter,0.99,25.5,353.9,399.5,0,3,0.0905,0.0,0.6818
KOL-KO0071,Kolkata,2025-12-05,12,Winter,2.96,24.7,185.8,204.3,0,2,0.0328,0.101,0.2279
DEL-DE0074,Delhi,2025-08-28,8,Monsoon,0.0,25.3,155.6,203.2,0,4,0.0523,0.0,0.1737
BEN-BE0121,Bengaluru,2024-08-03,8,Monsoon,14.36,29.8,30.9,70.6,0,4,0.1929,0.0144,0.0
KOL-KO0177,Kolkata,2025-09-05,9,Monsoon,1.13,27.9,113.2,131.7,0,4,0.1282,0.0748,0.026
AHM-AH0168,Ahmedabad,2025-08-12,8,Monsoon,8.02,31.3,165.5,188.6,0,4,0.0899,0.1297,0.1747
BEN-BE0076,Bengaluru,2024-12-07,12,Winter,0.0,23.3,126.6,146.6,0,1,0.1849,0.0095,0.1107
MUM-MU0171,Mumbai,2025-02-27,2,Winter,7.72,15.0,86.7,103.3,0,3,0.0157,0.0,0.0223
BEN-BE0180,Bengaluru,2025-01-14,1,Winter,5.21,27.1,108.4,154.1,0,3,0.0066,0.0142,0.0968
PUN-PU0025,Pune,2026-01-25,1,Winter,0.06,23.7,148.0,159.6,0,2,0.049,0.0266,0.1293
HYD-HY0113,Hyderabad,2024-08-20,8,Monsoon,13.14,29.0,80.3,111.6,0,2,0.1376,0.0161,0.0
KOL-KO0036,Kolkata,2026-01-16,1,Winter,5.52,25.5,116.8,142.8,0,3,0.0229,0.0204,0.0924
BEN-BE0127,Bengaluru,2024-05-14,5,Summer,6.79,35.2,60.5,93.9,0,1,0.0,0.0947,0.0
DEL-DE0187,Delhi,2024-08-26,8,Monsoon,34.08,24.1,101.4,148.9,0,4,0.4387,0.0713,0.0273
MUM-MU0011,Mumbai,2025-05-14,5,Summer,5.28,31.6,161.1,196.8,0,2,0.1719,0.0,0.1219
AHM-AH0052,Ahmedabad,2025-07-31,7,Monsoon,10.47,37.2,79.5,91.4,0,3,0.0133,0.0836,0.0061
AHM-AH0122,Ahmedabad,2024-12-13,12,Winter,0.0,19.7,90.5,107.8,0,1,0.0956,0.0969,0.0285
MUM-MU0014,Mumbai,2025-05-02,5,Summer,1.62,36.5,109.5,124.8,0,1,0.1351,0.0216,0.0847
HYD-HY0183,Hyderabad,2024-09-03,9,Monsoon,26.63,25.1,154.2,169.0,0,3,0.3582,0.0,0.1546
HYD-HY0070,Hyderabad,2024-09-16,9,Monsoon,36.12,32.6,64.8,107.7,0,2,0.3842,0.0065,0.0648
DEL-DE0041,Delhi,2026-01-01,1,Winter,0.0,22.2,413.6,455.0,0,5,0.0611,0.1169,0.8241
HYD-HY0064,Hyderabad,2025-04-03,4,Summer,1.61,35.2,185.1,217.3,0,4,0.0996,0.0854,0.2118
MUM-MU0014,Mumbai,2024-07-21,7,Monsoon,81.09,33.6,121.9,149.8,0,1,0.9365,0.0674,0.137
CHE-CH0168,Chennai,2024-06-09,6,Monsoon,5.89,15.0,84.0,108.3,0,3,0.0,0.1047,0.0032
PUN-PU0140,Pune,2025-01-24,1,Winter,5.17,16.9,105.8,124.1,0,1,0.0,0.0789,0.04
BEN-BE0020,Bengaluru,2024-10-14,10,Winter,7.63,15.5,138.0,186.9,0,5,0.0568,0.0537,0.143
AHM-AH0008,Ahmedabad,2025-01-23,1,Winter,6.22,16.9,89.4,133.6,0,3,0.1211,0.0943,0.0309
CHE-CH0046,Chennai,2024-11-22,11,Winter,4.46,32.3,141.6,177.8,0,3,0.0668,0.0456,0.1155
KOL-KO0037,Kolkata,2026-03-06,3,Summer,15.73,42.2,185.2,216.4,1,4,0.1316,0.1935,0.2478
CHE-CH0141,Chennai,2024-11-19,11,Winter,13.84,26.0,65.9,88.6,1,1,0.1273,0.2163,0.0
DEL-DE0018,Delhi,2024-06-05,6,Monsoon,20.03,32.0,130.9,157.1,0,2,0.3007,0.0046,0.1435
DEL-DE0116,Delhi,2025-07-22,7,Monsoon,22.07,33.0,93.6,133.4,0,1,0.3093,0.0504,0.0429
KOL-KO0072,Kolkata,2025-05-08,5,Summer,14.37,35.6,114.5,149.1,1,2,0.1931,0.2382,0.0582
PUN-PU0134,Pune,2024-07-02,7,Monsoon,17.45,31.9,116.3,131.6,0,3,0.0199,0.0394,0.0874
HYD-HY0198,Hyderabad,2025-12-01,12,Winter,0.0,25.0,59.9,92.9,1,1,0.073,0.255,0.0014
BEN-BE0119,Bengaluru,2024-08-08,8,Monsoon,9.88,30.9,101.0,111.1,0,1,0.0,0.0779,0.0835
BEN-BE0135,Bengaluru,2024-11-11,11,Winter,0.68,20.9,108.5,143.4,0,2,0.1122,0.0,0.0169
HYD-HY0097,Hyderabad,2026-03-08,3,Summer,6.95,48.0,30.0,56.4,1,5,0.5113,0.2566,0.0146
KOL-KO0067,Kolkata,2025-08-05,8,Monsoon,0.0,32.7,132.4,153.7,1,3,0.2945,0.2217,0.1759
HYD-HY0156,Hyderabad,2026-03-15,3,Summer,0.0,33.3,70.5,114.2,0,5,0.2029,0.0,0.0837
CHE-CH0148,Chennai,2025-01-21,1,Winter,9.69,15.0,63.4,87.9,0,2,0.0435,0.0192,0.0
PUN-PU0053,Pune,2025-09-25,9,Monsoon,54.39,29.0,96.3,137.7,0,2,0.7211,0.0171,0.0558
BEN-BE0164,Bengaluru,2026-01-21,1,Winter,0.0,23.4,87.0,104.6,0,3,0.1145,0.0,0.0
PUN-PU0193,Pune,2024-08-06,8,Monsoon,19.89,35.2,78.9,96.8,0,3,0.1861,0.1097,0.0466
KOL-KO0013,Kolkata,2026-02-26,2,Winter,0.0,24.0,231.3,249.6,0,4,0.1364,0.0852,0.3796
AHM-AH0146,Ahmedabad,2025-09-08,9,Monsoon,25.39,34.4,45.3,94.6,0,1,0.4064,0.117,0.0101
BEN-BE0017,Bengaluru,2025-05-09,5,Summer,2.51,34.6,82.5,130.1,0,3,0.1972,0.0196,0.0
KOL-KO0046,Kolkata,2026-02-21,2,Winter,3.78,23.4,200.9,218.1,0,3,0.0359,0.065,0.3046
HYD-HY0130,Hyderabad,2025-05-01,5,Summer,4.52,40.8,121.3,159.7,0,3,0.1136,0.0559,0.0061
HYD-HY0141,Hyderabad,2025-09-14,9,Monsoon,19.63,30.7,99.8,118.7,1,1,0.0,0.186,0.0208
KOL-KO0188,Kolkata,2024-04-18,4,Summer,3.82,44.0,216.9,241.3,0,1,0.3839,0.1277,0.2869
DEL-DE0166,Delhi,2024-08-10,8,Monsoon,0.5,37.3,109.1,151.4,0,1,0.0434,0.0058,0.0
CHE-CH0158,Chennai,2024-11-14,11,Winter,5.13,17.9,58.0,75.7,0,1,0.0891,0.0998,0.0384
HYD-HY0145,Hyderabad,2024-12-16,12,Winter,1.83,16.7,109.4,128.1,0,4,0.0863,0.0591,0.0677
HYD-HY0136,Hyderabad,2026-02-21,2,Winter,2.39,20.7,84.5,108.0,0,1,0.2299,0.0966,0.0725
KOL-KO0190,Kolkata,2026-02-21,2,Winter,9.27,23.5,30.0,73.3,0,4,0.0452,0.0153,0.0406
BEN-BE0119,Bengaluru,2024-08-27,8,Monsoon,8.65,29.4,84.8,129.4,0,1,0.1011,0.0453,0.0498
CHE-CH0028,Chennai,2024-12-17,12,Winter,0.0,20.2,62.8,74.2,0,2,0.1378,0.0364,0.0742
HYD-HY0183,Hyderabad,2025-10-24,10,Winter,2.05,32.5,104.4,138.7,0,2,0.1691,0.0437,0.0258
CHE-CH0105,Chennai,2025-08-07,8,Monsoon,0.0,28.0,127.5,141.8,0,5,0.0073,0.0508,0.1063
AHM-AH0185,Ahmedabad,2025-03-04,3,Summer,0.0,35.1,67.0,99.1,0,3,0.0126,0.0195,0.0992
AHM-AH0044,Ahmedabad,2025-04-19,4,Summer,7.17,33.7,77.6,116.6,0,2,0.2132,0.06,0.0
KOL-KO0015,Kolkata,2024-04-28,4,Summer,0.0,35.1,115.1,145.8,0,5,0.1679,0.0661,0.0083
AHM-AH0106,Ahmedabad,2024-12-21,12,Winter,17.53,24.4,73.3,96.6,0,3,0.1621,0.0505,0.0305
DEL-DE0082,Delhi,2024-09-01,9,Monsoon,17.24,29.7,115.4,142.3,0,2,0.1138,0.0752,0.1419
PUN-PU0150,Pune,2026-02-15,2,Winter,8.45,15.0,115.7,160.5,0,3,0.0879,0.0,0.1643
DEL-DE0043,Delhi,2025-03-07,3,Summer,8.49,45.1,96.1,133.8,0,4,0.2787,0.1167,0.0
AHM-AH0131,Ahmedabad,2024-06-08,6,Monsoon,8.34,41.7,146.0,160.8,0,1,0.1959,0.0636,0.097
BEN-BE0070,Bengaluru,2025-02-23,2,Winter,3.14,27.4,51.2,100.1,0,1,0.1238,0.0951,0.0659
KOL-KO0114,Kolkata,2025-05-23,5,Summer,0.0,37.4,154.8,170.6,0,1,0.081,0.0763,0.1867
AHM-AH0032,Ahmedabad,2025-12-17,12,Winter,0.1,37.2,95.4,118.3,0,5,0.1089,0.0555,0.0889
DEL-DE0131,Delhi,2024-05-08,5,Summer,2.02,30.5,91.3,124.3,0,2,0.1334,0.0,0.0124
DEL-DE0005,Delhi,2026-03-22,3,Summer,26.51,25.8,99.9,149.4,0,4,0.3218,0.007,0.0253
BEN-BE0039,Bengaluru,2024-05-26,5,Summer,0.0,31.0,129.9,153.8,1,5,0.1595,0.1847,0.0644
HYD-HY0041,Hyderabad,2025-02-11,2,Winter,8.43,15.0,85.6,108.8,0,2,0.2427,0.0141,0.0369
KOL-KO0020,Kolkata,2024-10-26,10,Winter,0.0,25.1,132.5,175.1,0,4,0.1499,0.0613,0.0431
CHE-CH0093,Chennai,2024-06-29,6,Monsoon,44.6,33.6,40.3,81.2,0,3,0.6091,0.0112,0.0822
HYD-HY0127,Hyderabad,2024-07-09,7,Monsoon,16.21,27.9,63.7,103.5,0,3,0.156,0.0,0.0163
PUN-PU0057,Pune,2025-01-19,1,Winter,0.0,20.7,70.7,95.2,0,3,0.1084,0.0935,0.0
AHM-AH0027,Ahmedabad,2025-11-12,11,Winter,0.0,21.0,79.2,121.0,0,3,0.1155,0.0363,0.0103
AHM-AH0001,Ahmedabad,2024-11-09,11,Winter,2.39,30.4,47.2,95.9,0,2,0.1209,0.0,0.0246
AHM-AH0047,Ahmedabad,2024-12-28,12,Winter,12.37,25.5,30.0,65.2,0,3,0.0201,0.0445,0.0
MUM-MU0106,Mumbai,2025-06-30,6,Monsoon,17.58,28.3,129.4,169.8,0,4,0.058,0.0766,0.1
DEL-DE0129,Delhi,2025-11-02,11,Winter,0.0,20.7,384.2,431.2,1,3,0.0,0.1472,0.7549
CHE-CH0196,Chennai,2024-11-02,11,Winter,0.35,16.5,101.8,119.3,0,2,0.0476,0.0706,0.0
PUN-PU0102,Pune,2024-05-08,5,Summer,3.15,33.2,97.6,108.1,0,1,0.1233,0.0358,0.0691
MUM-MU0010,Mumbai,2025-11-13,11,Winter,3.67,28.0,66.8,109.8,0,3,0.0952,0.008,0.1068
MUM-MU0186,Mumbai,2025-04-13,4,Summer,25.25,48.0,222.4,271.8,0,5,0.3629,0.0902,0.3618
DEL-DE0097,Delhi,2025-10-31,10,Winter,0.0,22.7,321.6,360.8,0,2,0.0351,0.0365,0.5961
KOL-KO0165,Kolkata,2025-09-02,9,Monsoon,14.3,35.2,152.5,181.3,0,3,0.2107,0.0473,0.1693
PUN-PU0029,Pune,2025-06-28,6,Monsoon,24.92,25.8,100.8,126.2,0,4,0.3732,0.0574,0.0
KOL-KO0091,Kolkata,2026-03-10,3,Summer,4.98,33.8,106.3,147.4,0,3,0.03,0.0728,0.0564
MUM-MU0180,Mumbai,2024-04-08,4,Summer,6.98,36.0,41.8,91.5,0,2,0.1235,0.0337,0.0686
MUM-MU0131,Mumbai,2025-02-01,2,Winter,3.49,25.6,172.4,200.6,0,3,0.076,0.0397,0.2219
BEN-BE0138,Bengaluru,2025-04-14,4,Summer,0.0,43.2,104.0,138.7,0,4,0.2597,0.1144,0.1053
BEN-BE0054,Bengaluru,2025-06-06,6,Monsoon,62.87,30.8,144.0,170.2,0,3,0.718,0.0,0.1375
CHE-CH0159,Chennai,2026-02-06,2,Winter,0.0,27.4,117.9,143.7,0,3,0.0944,0.0,0.0633
MUM-MU0163,Mumbai,2025-12-14,12,Winter,0.0,30.5,171.7,217.6,0,4,0.0805,0.004,0.1812
PUN-PU0047,Pune,2024-07-11,7,Monsoon,25.37,32.7,138.5,179.7,0,3,0.3837,0.0,0.0983
MUM-MU0077,Mumbai,2025-01-09,1,Winter,0.0,23.0,62.7,108.8,0,5,0.0595,0.0635,0.0733
AHM-AH0083,Ahmedabad,2024-06-27,6,Monsoon,26.11,30.2,108.8,145.7,0,5,0.407,0.0304,0.0222
CHE-CH0187,Chennai,2026-01-25,1,Winter,0.0,19.9,126.3,146.5,0,2,0.0913,0.0598,0.1207
KOL-KO0020,Kolkata,2025-09-02,9,Monsoon,44.25,34.8,133.6,174.8,0,4,0.5921,0.0198,0.1588
PUN-PU0057,Pune,2024-06-14,6,Monsoon,28.04,31.1,83.7,101.9,0,4,0.372,0.0,0.0
PUN-PU0143,Pune,2024-04-12,4,Summer,0.58,33.6,123.8,153.2,0,1,0.0704,0.0119,0.0728
BEN-BE0186,Bengaluru,2025-05-21,5,Summer,9.14,39.3,58.1,101.9,0,1,0.2023,0.0996,0.0
AHM-AH0057,Ahmedabad,2025-02-26,2,Winter,0.0,25.6,108.3,124.9,0,5,0.1086,0.0484,0.0
PUN-PU0023,Pune,2024-04-15,4,Summer,0.0,45.4,70.5,95.7,0,1,0.3024,0.0689,0.0367
MUM-MU0117,Mumbai,2025-10-31,10,Winter,0.0,25.5,138.2,154.3,0,2,0.0081,0.0183,0.2261
AHM-AH0184,Ahmedabad,2026-01-04,1,Winter,0.0,15.0,86.7,118.6,0,2,0.1042,0.0839,0.0
DEL-DE0158,Delhi,2024-04-29,4,Summer,1.76,37.2,168.0,203.8,1,1,0.1616,0.2032,0.1248
PUN-PU0111,Pune,2024-09-05,9,Monsoon,10.92,22.7,91.5,114.5,0,2,0.1157,0.1822,0.0422
HYD-HY0012,Hyderabad,2024-10-12,10,Winter,2.9,24.7,127.1,159.4,0,2,0.2134,0.1141,0.0538
KOL-KO0099,Kolkata,2025-01-03,1,Winter,0.0,15.0,178.7,222.5,0,2,0.0,0.0,0.2542
MUM-MU0021,Mumbai,2024-08-19,8,Monsoon,28.82,33.4,126.8,173.3,0,2,0.3648,0.0573,0.1875
BEN-BE0013,Bengaluru,2025-07-18,7,Monsoon,4.51,29.1,95.3,143.3,0,1,0.0512,0.0821,0.082
PUN-PU0145,Pune,2025-07-23,7,Monsoon,11.5,22.4,106.9,139.7,0,2,0.052,0.1045,0.0618
HYD-HY0061,Hyderabad,2025-09-19,9,Monsoon,10.86,26.2,49.2,72.3,0,4,0.0,0.0271,0.0197
BEN-BE0185,Bengaluru,2025-10-12,10,Winter,0.0,30.9,37.6,72.9,0,4,0.0553,0.1194,0.0582
DEL-DE0198,Delhi,2025-11-11,11,Winter,0.0,24.7,379.1,420.0,0,1,0.1694,0.1109,0.6709
MUM-MU0068,Mumbai,2024-08-06,8,Monsoon,7.74,34.7,91.0,109.6,0,5,0.2745,0.0459,0.0227
PUN-PU0027,Pune,2024-09-08,9,Monsoon,21.37,28.8,59.4,80.6,0,2,0.2826,0.0496,0.0
HYD-HY0045,Hyderabad,2024-12-24,12,Winter,0.0,17.6,30.0,54.4,1,1,0.1841,0.2059,0.0
HYD-HY0056,Hyderabad,2024-10-06,10,Winter,2.02,15.0,115.7,163.2,0,4,0.1914,0.1004,0.0875
AHM-AH0030,Ahmedabad,2026-02-11,2,Winter,9.59,15.0,98.4,127.5,0,2,0.0,0.0531,0.0
BEN-BE0074,Bengaluru,2024-09-06,9,Monsoon,25.19,29.1,140.4,181.9,0,1,0.3773,0.0,0.1464
PUN-PU0059,Pune,2025-02-14,2,Winter,0.0,17.8,30.0,78.5,1,5,0.0,0.1206,0.0133
DEL-DE0147,Delhi,2025-11-17,11,Winter,0.0,22.4,338.3,374.3,0,1,0.0322,0.1214,0.6131
PUN-PU0180,Pune,2025-10-26,10,Winter,0.09,18.4,100.9,111.9,0,1,0.1985,0.018,0.005
MUM-MU0073,Mumbai,2025-11-06,11,Winter,6.71,15.6,77.5,99.0,1,2,0.2597,0.2316,0.0
CHE-CH0136,Chennai,2025-07-28,7,Monsoon,26.19,23.5,119.3,132.0,0,2,0.3767,0.0743,0.0227
BEN-BE0089,Bengaluru,2024-05-05,5,Summer,0.0,27.6,109.4,145.0,0,4,0.0405,0.0597,0.1021
PUN-PU0141,Pune,2024-10-30,10,Winter,5.92,19.9,94.2,118.3,0,5,0.2302,0.1215,0.0275
MUM-MU0000,Mumbai,2026-02-22,2,Winter,0.0,25.0,66.7,93.2,0,2,0.1154,0.0245,0.076
DEL-DE0122,Delhi,2025-11-13,11,Winter,7.19,31.4,361.1,395.9,0,3,0.0068,0.0339,0.628
MUM-MU0177,Mumbai,2025-08-30,8,Monsoon,20.53,33.2,184.8,226.3,0,5,0.2864,0.052,0.2138
BEN-BE0165,Bengaluru,2025-08-11,8,Monsoon,30.85,25.3,72.4,117.4,0,4,0.357,0.0689,0.0273
AHM-AH0196,Ahmedabad,2025-05-05,5,Summer,11.14,41.5,133.7,150.5,0,3,0.17,0.1157,0.128
KOL-KO0018,Kolkata,2025-08-10,8,Monsoon,3.87,28.5,145.3,194.2,0,3,0.1947,0.0809,0.0948
CHE-CH0123,Chennai,2025-04-12,4,Summer,12.39,30.6,87.7,120.0,0,3,0.1076,0.0,0.0698
PUN-PU0171,Pune,2025-02-23,2,Winter,0.0,19.2,118.0,146.5,0,3,0.0054,0.0,0.124
KOL-KO0009,Kolkata,2026-01-15,1,Winter,0.0,27.6,163.0,177.6,2,3,0.0938,0.2762,0.1504
KOL-KO0030,Kolkata,2025-04-13,4,Summer,7.17,40.7,159.9,189.2,2,1,0.169,0.2785,0.2157
PUN-PU0000,Pune,2024-07-05,7,Monsoon,36.19,32.2,103.4,118.1,0,3,0.4716,0.0324,0.0
BEN-BE0010,Bengaluru,2024-09-30,9,Monsoon,14.91,30.3,121.7,160.2,1,3,0.1433,0.1878,0.0317
HYD-HY0060,Hyderabad,2025-08-09,8,Monsoon,7.98,27.8,104.2,122.2,0,2,0.0058,0.0972,0.0927
MUM-MU0031,Mumbai,2025-03-02,3,Summer,5.19,30.1,68.0,114.5,0,2,0.0279,0.0618,0.054
AHM-AH0109,Ahmedabad,2025-12-15,12,Winter,10.47,27.6,50.7,87.2,0,4,0.0,0.0381,0.0777
AHM-AH0041,Ahmedabad,2025-12-21,12,Winter,0.0,32.0,101.0,123.5,0,1,0.1715,0.0808,0.0
MUM-MU0140,Mumbai,2025-03-16,3,Summer,9.67,42.8,115.2,141.5,1,4,0.3638,0.1989,0.0112
MUM-MU0184,Mumbai,2025-03-20,3,Summer,0.0,47.1,106.5,126.9,0,1,0.4647,0.0457,0.0
HYD-HY0125,Hyderabad,2024-06-10,6,Monsoon,24.62,34.9,123.7,155.4,0,2,0.2529,0.0734,0.1425
BEN-BE0182,Bengaluru,2024-08-11,8,Monsoon,6.23,35.8,111.2,128.5,0,4,0.0765,0.1497,0.0877
AHM-AH0087,Ahmedabad,2024-06-22,6,Monsoon,6.85,33.3,88.8,131.5,0,4,0.0815,0.0225,0.0754
HYD-HY0145,Hyderabad,2024-11-19,11,Winter,1.54,18.7,119.1,133.4,0,3,0.0777,0.0334,0.0437
HYD-HY0193,Hyderabad,2026-02-09,2,Winter,3.56,20.9,112.1,134.2,0,3,0.0,0.0,0.1018
CHE-CH0112,Chennai,2026-02-02,2,Winter,2.72,28.9,130.6,150.5,0,1,0.1036,0.0394,0.0923
CHE-CH0111,Chennai,2025-09-20,9,Monsoon,14.64,32.4,93.8,108.4,0,3,0.076,0.0222,0.0
BEN-BE0166,Bengaluru,2025-11-28,11,Winter,1.69,25.6,107.4,152.9,1,1,0.0174,0.1483,0.0
BEN-BE0063,Bengaluru,2025-07-22,7,Monsoon,28.82,23.5,85.2,125.5,0,3,0.2971,0.0884,0.0
PUN-PU0041,Pune,2025-11-05,11,Winter,2.52,16.3,74.5,119.9,0,3,0.2377,0.0458,0.019
DEL-DE0198,Delhi,2024-05-31,5,Summer,14.51,47.9,66.1,89.0,0,5,0.5432,0.0731,0.0
KOL-KO0131,Kolkata,2025-03-28,3,Summer,8.0,33.7,201.5,225.8,0,2,0.0846,0.0021,0.2246
KOL-KO0027,Kolkata,2026-02-25,2,Winter,0.0,24.7,156.3,197.1,0,3,0.1384,0.0048,0.2255
HYD-HY0177,Hyderabad,2024-08-09,8,Monsoon,11.35,35.8,143.1,192.1,0,1,0.1343,0.0433,0.0982
MUM-MU0009,Mumbai,2025-07-27,7,Monsoon,95.4,31.7,100.5,130.4,0,2,0.9535,0.0806,0.092
BEN-BE0134,Bengaluru,2024-09-27,9,Monsoon,33.24,33.2,102.4,135.1,0,2,0.3849,0.1198,0.0174
DEL-DE0158,Delhi,2025-02-15,2,Winter,10.2,26.8,341.4,366.4,0,3,0.0965,0.0438,0.6859
KOL-KO0033,Kolkata,2024-06-18,6,Monsoon,31.88,34.0,203.8,220.3,0,3,0.4208,0.0247,0.3701
HYD-HY0036,Hyderabad,2025-03-02,3,Summer,4.87,47.3,85.4,107.7,0,2,0.4666,0.1167,0.0376
DEL-DE0018,Delhi,2025-10-17,10,Winter,0.0,24.2,256.2,298.8,0,3,0.0087,0.0071,0.3968
HYD-HY0144,Hyderabad,2025-06-07,6,Monsoon,38.81,28.8,75.2,115.5,0,3,0.4822,0.0,0.013
MUM-MU0148,Mumbai,2026-03-06,3,Summer,9.94,42.5,161.7,202.9,0,2,0.2078,0.0592,0.1397
HYD-HY0030,Hyderabad,2025-08-29,8,Monsoon,24.71,31.4,93.6,112.7,0,1,0.3046,0.0299,0.063
CHE-CH0002,Chennai,2024-06-25,6,Monsoon,6.99,24.1,94.8,117.7,0,3,0.1551,0.0847,0.0037
CHE-CH0096,Chennai,2024-10-03,10,Winter,5.12,15.0,115.7,132.0,0,2,0.0737,0.0,0.0433
DEL-DE0039,Delhi,2024-12-20,12,Winter,0.0,29.4,128.4,161.3,0,2,0.1932,0.0696,0.0576
HYD-HY0051,Hyderabad,2025-06-08,6,Monsoon,3.75,29.0,116.7,157.6,0,1,0.133,0.0846,0.0546
BEN-BE0127,Bengaluru,2025-02-19,2,Winter,0.0,15.7,101.9,131.3,0,1,0.1725,0.0939,0.0363
HYD-HY0101,Hyderabad,2025-03-23,3,Summer,9.1,36.6,109.7,145.5,0,4,0.1829,0.0769,0.0695
HYD-HY0177,Hyderabad,2024-12-09,12,Winter,2.53,32.0,113.4,142.4,0,5,0.0733,0.0,0.0516
BEN-BE0112,Bengaluru,2025-12-12,12,Winter,0.0,16.5,103.4,115.9,0,3,0.1542,0.0183,0.0381
AHM-AH0021,Ahmedabad,2024-11-26,11,Winter,0.0,21.2,73.7,93.5,1,1,0.1408,0.1785,0.0467
KOL-KO0106,Kolkata,2024-05-24,5,Summer,0.0,45.7,90.8,140.5,0,1,0.3556,0.0715,0.0
CHE-CH0172,Chennai,2025-03-06,3,Summer,0.0,32.2,89.9,112.3,0,2,0.1674,0.0365,0.029
HYD-HY0153,Hyderabad,2025-04-07,4,Summer,4.92,38.1,81.5,105.6,0,2,0.1097,0.0579,0.0142
KOL-KO0190,Kolkata,2025-02-13,2,Winter,0.67,23.2,46.1,80.2,0,2,0.1382,0.0607,0.0576
AHM-AH0176,Ahmedabad,2025-03-17,3,Summer,0.0,38.0,51.7,75.2,0,2,0.0969,0.0777,0.0081
BEN-BE0098,Bengaluru,2025-03-12,3,Summer,0.69,30.2,152.5,169.5,0,3,0.093,0.0807,0.2118
AHM-AH0151,Ahmedabad,2024-08-01,8,Monsoon,19.74,29.3,88.1,107.3,0,4,0.2218,0.0288,0.0499
CHE-CH0095,Chennai,2025-10-09,10,Winter,4.0,27.8,156.1,168.9,0,3,0.0,0.0679,0.1491
AHM-AH0188,Ahmedabad,2025-12-04,12,Winter,0.0,26.1,162.9,174.9,0,2,0.0845,0.0512,0.245
KOL-KO0139,Kolkata,2025-10-31,10,Winter,6.15,21.2,216.4,238.1,0,1,0.1757,0.1029,0.2916
PUN-PU0195,Pune,2025-07-07,7,Monsoon,27.1,24.9,146.8,174.2,0,3,0.4077,0.0284,0.1844
KOL-KO0143,Kolkata,2025-03-11,3,Summer,2.16,44.3,163.4,201.3,2,3,0.3407,0.3207,0.1141
PUN-PU0001,Pune,2025-11-17,11,Winter,0.53,24.6,51.6,66.0,0,2,0.1046,0.0158,0.106
MUM-MU0056,Mumbai,2024-04-23,4,Summer,9.53,30.1,117.3,129.6,1,3,0.0432,0.209,0.0
KOL-KO0187,Kolkata,2024-11-10,11,Winter,0.0,33.5,124.9,173.8,0,3,0.1849,0.0055,0.0485
DEL-DE0038,Delhi,2025-09-26,9,Monsoon,7.11,27.6,124.2,152.0,0,1,0.1886,0.1228,0.1594
BEN-BE0128,Bengaluru,2025-05-09,5,Summer,0.0,35.1,120.2,150.1,0,1,0.1014,0.0807,0.0712
MUM-MU0138,Mumbai,2025-11-20,11,Winter,2.23,15.0,88.1,120.0,0,3,0.0275,0.0352,0.057
CHE-CH0183,Chennai,2025-05-08,5,Summer,2.47,20.8,55.1,98.8,0,3,0.1313,0.0521,0.0396
PUN-PU0097,Pune,2024-08-26,8,Monsoon,24.23,34.8,162.1,191.9,0,4,0.2382,0.0814,0.1147
BEN-BE0051,Bengaluru,2025-07-05,7,Monsoon,29.16,25.1,98.3,131.3,0,1,0.3282,0.0455,0.1046
PUN-PU0186,Pune,2026-02-09,2,Winter,0.0,15.0,127.7,161.0,0,3,0.1406,0.0017,0.1168
AHM-AH0036,Ahmedabad,2024-04-13,4,Summer,0.21,39.5,33.8,61.2,1,3,0.0854,0.2137,0.0093
BEN-BE0070,Bengaluru,2024-08-28,8,Monsoon,31.58,24.0,116.6,161.2,0,4,0.3588,0.0,0.1305
CHE-CH0046,Chennai,2025-06-13,6,Monsoon,17.73,33.1,96.6,125.7,0,4,0.1653,0.0025,0.0
KOL-KO0044,Kolkata,2025-12-19,12,Winter,0.51,22.1,195.6,235.9,0,4,0.1968,0.0452,0.2867
CHE-CH0123,Chennai,2025-07-21,7,Monsoon,29.11,33.8,54.7,74.0,1,2,0.447,0.2145,0.0
HYD-HY0057,Hyderabad,2024-05-28,5,Summer,4.53,22.8,121.3,154.1,1,3,0.0,0.2651,0.0953
HYD-HY0097,Hyderabad,2024-08-05,8,Monsoon,20.35,27.2,143.5,191.1,0,3,0.3488,0.0,0.149
MUM-MU0019,Mumbai,2024-08-30,8,Monsoon,24.21,29.3,118.5,142.4,0,3,0.3353,0.0763,0.101
AHM-AH0035,Ahmedabad,2024-07-04,7,Monsoon,17.07,28.2,69.6,118.8,0,1,0.1402,0.1048,0.0
BEN-BE0139,Bengaluru,2025-07-17,7,Monsoon,5.98,30.9,98.2,112.4,0,4,0.054,0.079,0.0
BEN-BE0108,Bengaluru,2025-12-02,12,Winter,5.52,18.3,102.8,142.4,0,3,0.0287,0.1242,0.0161
BEN-BE0188,Bengaluru,2026-03-11,3,Summer,0.0,39.2,144.0,158.4,0,3,0.1349,0.0154,0.1209
MUM-MU0190,Mumbai,2026-01-05,1,Winter,0.0,25.1,116.8,150.4,0,3,0.1013,0.0294,0.0688
KOL-KO0017,Kolkata,2024-10-04,10,Winter,0.0,20.8,200.1,236.7,0,2,0.2352,0.0355,0.1856
PUN-PU0179,Pune,2025-11-09,11,Winter,7.05,18.8,106.4,135.9,0,1,0.2555,0.0845,0.1424
AHM-AH0133,Ahmedabad,2025-05-23,5,Summer,13.59,32.0,70.5,94.8,0,1,0.1247,0.094,0.1085
CHE-CH0100,Chennai,2025-11-23,11,Winter,0.0,18.0,154.5,188.3,0,1,0.0495,0.0768,0.1774
MUM-MU0155,Mumbai,2024-04-28,4,Summer,0.0,26.5,130.6,180.6,0,3,0.1566,0.0189,0.0846
HYD-HY0135,Hyderabad,2025-04-13,4,Summer,11.3,42.2,106.1,127.1,0,5,0.1865,0.0943,0.003
DEL-DE0165,Delhi,2024-04-23,4,Summer,3.36,44.1,59.9,109.5,0,4,0.3299,0.0811,0.0022
KOL-KO0175,Kolkata,2024-11-25,11,Winter,0.0,20.0,61.8,91.8,0,3,0.2062,0.0478,0.0
CHE-CH0042,Chennai,2024-12-11,12,Winter,5.53,18.5,110.6,144.1,0,5,0.1161,0.0,0.0473
CHE-CH0124,Chennai,2025-08-10,8,Monsoon,47.81,32.2,80.1,101.0,0,2,0.513,0.0185,0.0125
BEN-BE0047,Bengaluru,2025-05-12,5,Summer,9.32,33.2,141.4,172.9,0,3,0.1954,0.0347,0.1347
HYD-HY0174,Hyderabad,2024-07-22,7,Monsoon,13.39,31.9,65.1,88.0,0,1,0.1279,0.0228,0.0697
BEN-BE0151,Bengaluru,2024-10-17,10,Winter,7.79,17.4,149.6,174.9,0,1,0.1183,0.0261,0.0942
DEL-DE0174,Delhi,2024-10-08,10,Winter,0.0,29.1,359.4,386.1,1,4,0.0242,0.2214,0.6847
AHM-AH0128,Ahmedabad,2025-09-21,9,Monsoon,27.82,32.4,66.5,95.0,0,5,0.3329,0.0327,0.0095
PUN-PU0199,Pune,2025-04-16,4,Summer,10.67,32.6,70.8,97.8,0,3,0.1231,0.0706,0.0
DEL-DE0189,Delhi,2025-01-30,1,Winter,0.0,24.5,385.0,415.4,0,2,0.213,0.0367,0.7591
HYD-HY0021,Hyderabad,2024-04-20,4,Summer,0.0,38.2,127.3,151.5,1,3,0.0354,0.265,0.0474
AHM-AH0109,Ahmedabad,2024-08-17,8,Monsoon,15.6,31.8,57.0,94.5,0,4,0.0789,0.1132,0.0477
BEN-BE0008,Bengaluru,2024-05-15,5,Summer,2.19,36.9,129.7,141.7,0,1,0.0649,0.0019,0.171
BEN-BE0080,Bengaluru,2026-02-05,2,Winter,3.05,15.8,65.0,102.4,1,3,0.0716,0.1299,0.0002
AHM-AH0106,Ahmedabad,2025-01-12,1,Winter,7.79,24.1,99.0,126.4,0,4,0.1361,0.0524,0.0238
BEN-BE0095,Bengaluru,2024-11-03,11,Winter,0.0,24.6,68.3,99.6,1,3,0.0579,0.1651,0.0171
BEN-BE0143,Bengaluru,2025-02-03,2,Winter,0.0,18.0,87.9,125.5,1,2,0.138,0.2009,0.0517
BEN-BE0023,Bengaluru,2026-02-10,2,Winter,2.8,16.1,111.4,129.1,0,2,0.0117,0.111,0.0211
BEN-BE0069,Bengaluru,2025-02-06,2,Winter,8.38,15.0,105.7,147.2,0,1,0.1124,0.0,0.001
BEN-BE0015,Bengaluru,2026-01-05,1,Winter,4.32,16.1,30.0,59.6,0,5,0.1241,0.0072,0.0
BEN-BE0111,Bengaluru,2025-03-28,3,Summer,14.57,25.5,101.6,147.4,2,2,0.0528,0.3356,0.0
PUN-PU0066,Pune,2026-02-07,2,Winter,9.3,25.5,90.0,130.1,0,4,0.1634,0.0016,0.0046
CHE-CH0129,Chennai,2025-04-20,4,Summer,29.02,36.9,93.2,119.1,1,3,0.3843,0.1706,0.0
DEL-DE0119,Delhi,2025-10-29,10,Winter,0.0,29.7,484.5,498.4,0,3,0.234,0.0886,0.9742
AHM-AH0195,Ahmedabad,2025-10-20,10,Winter,0.0,28.9,64.5,75.0,0,1,0.0344,0.0816,0.0565
DEL-DE0018,Delhi,2025-06-29,6,Monsoon,23.36,40.5,87.4,104.3,0,5,0.3393,0.0,0.1026
DEL-DE0045,Delhi,2024-12-26,12,Winter,1.29,23.0,371.5,402.8,0,2,0.1386,0.0248,0.6797
MUM-MU0160,Mumbai,2026-03-02,3,Summer,6.77,25.6,131.6,175.9,0,4,0.0381,0.0144,0.099
PUN-PU0184,Pune,2025-04-05,4,Summer,0.0,35.0,99.8,115.3,0,1,0.2101,0.0,0.0
PUN-PU0158,Pune,2025-06-09,6,Monsoon,17.91,24.4,126.6,156.8,0,3,0.141,0.0547,0.1234
HYD-HY0008,Hyderabad,2025-01-21,1,Winter,0.96,19.6,85.6,134.3,0,2,0.0306,0.0,0.0274
PUN-PU0057,Pune,2025-11-17,11,Winter,0.0,22.7,69.3,119.2,0,1,0.0607,0.0205,0.0783
MUM-MU0013,Mumbai,2025-11-02,11,Winter,10.22,26.6,116.4,147.0,0,3,0.139,0.0,0.092
AHM-AH0165,Ahmedabad,2024-11-23,11,Winter,2.81,22.8,149.0,167.0,0,1,0.0085,0.0642,0.1635
HYD-HY0108,Hyderabad,2024-10-12,10,Winter,0.0,18.9,93.8,129.3,0,5,0.0418,0.0266,0.0162
MUM-MU0086,Mumbai,2025-02-25,2,Winter,1.99,26.2,133.2,160.4,0,2,0.0028,0.0527,0.1365
KOL-KO0187,Kolkata,2025-04-16,4,Summer,24.56,42.8,132.2,146.7,0,2,0.275,0.0265,0.1993
CHE-CH0160,Chennai,2024-11-16,11,Winter,3.4,20.8,79.0,94.2,0,1,0.0782,0.0436,0.0989
PUN-PU0071,Pune,2024-04-23,4,Summer,12.49,32.1,70.1,105.2,0,3,0.0,0.0282,0.0301
CHE-CH0045,Chennai,2024-05-19,5,Summer,13.5,38.9,116.8,158.8,0,2,0.0,0.1102,0.102
HYD-HY0008,Hyderabad,2026-02-17,2,Winter,4.33,29.9,79.2,122.8,0,4,0.1099,0.0618,0.0
HYD-HY0176,Hyderabad,2025-05-17,5,Summer,13.22,39.9,86.8,103.2,0,3,0.2272,0.0045,0.0156
BEN-BE0162,Bengaluru,2024-09-15,9,Monsoon,18.43,32.1,90.5,136.7,0,1,0.072,0.0102,0.0065
HYD-HY0005,Hyderabad,2024-09-12,9,Monsoon,14.13,40.3,143.0,159.7,0,2,0.1044,0.0756,0.1808
DEL-DE0174,Delhi,2024-10-25,10,Winter,8.38,18.8,376.5,389.7,0,3,0.1802,0.0026,0.7367
AHM-AH0165,Ahmedabad,2026-01-05,1,Winter,0.0,19.4,120.5,153.7,1,2,0.1048,0.1516,0.0755
HYD-HY0046,Hyderabad,2026-03-06,3,Summer,6.69,44.5,125.8,138.6,0,2,0.353,0.0269,0.1475
BEN-BE0173,Bengaluru,2024-11-04,11,Winter,2.28,26.6,117.3,136.6,0,2,0.2124,0.0705,0.0863
KOL-KO0014,Kolkata,2025-11-22,11,Winter,3.74,21.9,91.8,118.0,0,1,0.1366,0.055,0.0086
BEN-BE0054,Bengaluru,2025-07-24,7,Monsoon,23.23,30.3,65.4,94.8,0,2,0.3387,0.0914,0.0149
AHM-AH0136,Ahmedabad,2024-07-06,7,Monsoon,0.0,30.4,96.0,122.0,0,3,0.0236,0.0396,0.0
HYD-HY0181,Hyderabad,2026-03-03,3,Summer,6.51,40.7,107.5,137.2,0,5,0.0,0.0624,0.0401
DEL-DE0062,Delhi,2025-08-30,8,Monsoon,37.4,33.2,141.4,174.0,0,3,0.443,0.0372,0.1683
MUM-MU0110,Mumbai,2025-07-21,7,Monsoon,89.11,28.3,121.6,162.5,0,5,0.9245,0.0554,0.0626
HYD-HY0076,Hyderabad,2025-04-09,4,Summer,7.51,37.6,142.8,184.8,2,2,0.0986,0.359,0.08
KOL-KO0066,Kolkata,2024-08-29,8,Monsoon,26.49,30.0,112.8,152.0,0,3,0.444,0.0,0.0818
KOL-KO0179,Kolkata,2025-09-01,9,Monsoon,6.06,33.3,128.1,158.1,1,4,0.2622,0.1594,0.1272
HYD-HY0107,Hyderabad,2025-06-25,6,Monsoon,0.0,32.8,76.9,96.3,0,1,0.1311,0.023,0.0878
MUM-MU0066,Mumbai,2024-05-09,5,Summer,8.68,42.1,81.3,106.9,2,4,0.2511,0.3142,0.0381
HYD-HY0029,Hyderabad,2024-05-12,5,Summer,14.75,48.0,51.2,90.1,1,1,0.5826,0.174,0.0
CHE-CH0111,Chennai,2024-05-13,5,Summer,2.53,34.5,101.2,119.5,0,3,0.1055,0.0544,0.0849
KOL-KO0006,Kolkata,2024-08-30,8,Monsoon,12.99,36.5,173.7,184.2,0,2,0.1388,0.0087,0.2244
AHM-AH0005,Ahmedabad,2024-08-03,8,Monsoon,6.64,37.6,112.7,134.5,0,2,0.1138,0.0675,0.0318
AHM-AH0189,Ahmedabad,2025-04-06,4,Summer,4.17,48.0,113.8,138.2,0,3,0.4422,0.031,0.0569
DEL-DE0157,Delhi,2026-01-08,1,Winter,4.16,30.5,309.2,341.9,0,2,0.1709,0.0332,0.4855
KOL-KO0136,Kolkata,2024-11-14,11,Winter,1.57,15.0,113.3,163.3,0,1,0.0,0.0966,0.1428
DEL-DE0046,Delhi,2026-03-05,3,Summer,3.43,44.6,36.1,60.7,0,5,0.2737,0.0316,0.0428
AHM-AH0030,Ahmedabad,2025-10-29,10,Winter,1.86,21.8,129.0,154.9,0,3,0.1415,0.0218,0.1152
HYD-HY0061,Hyderabad,2024-06-18,6,Monsoon,7.05,33.3,41.9,76.2,0,4,0.0413,0.1115,0.0
KOL-KO0142,Kolkata,2025-12-03,12,Winter,0.0,18.4,62.2,80.6,0,3,0.0,0.0,0.0706
CHE-CH0046,Chennai,2025-12-10,12,Winter,0.0,20.0,83.5,98.6,1,5,0.1489,0.2572,0.0
AHM-AH0011,Ahmedabad,2025-04-14,4,Summer,2.94,35.7,43.3,87.8,0,3,0.0332,0.0061,0.0381
MUM-MU0017,Mumbai,2025-08-13,8,Monsoon,59.68,32.4,176.2,186.3,0,5,0.671,0.0728,0.2446
MUM-MU0024,Mumbai,2024-12-24,12,Winter,0.0,16.0,119.9,144.3,0,1,0.0132,0.0859,0.0827
PUN-PU0180,Pune,2025-06-09,6,Monsoon,16.37,32.8,95.9,118.1,0,3,0.1397,0.1219,0.0355
BEN-BE0031,Bengaluru,2024-09-16,9,Monsoon,5.54,29.4,151.6,168.7,0,3,0.0218,0.0648,0.1271
CHE-CH0177,Chennai,2026-03-15,3,Summer,9.7,41.3,53.3,77.5,0,4,0.2181,0.0248,0.0444
HYD-HY0189,Hyderabad,2024-12-13,12,Winter,2.59,26.5,112.8,151.5,0,1,0.0653,0.021,0.1125
DEL-DE0006,Delhi,2024-06-12,6,Monsoon,0.0,32.8,100.5,133.1,0,2,0.0458,0.0525,0.05
CHE-CH0066,Chennai,2025-03-10,3,Summer,0.0,42.6,75.5,91.7,0,5,0.2949,0.0529,0.0389
CHE-CH0140,Chennai,2025-11-11,11,Winter,1.57,23.3,97.3,142.7,1,3,0.1693,0.2556,0.002
PUN-PU0054,Pune,2025-11-02,11,Winter,2.92,21.1,70.2,93.6,1,3,0.056,0.1674,0.0243
BEN-BE0131,Bengaluru,2025-09-02,9,Monsoon,36.33,29.2,106.6,151.6,0,4,0.4519,0.1098,0.0
DEL-DE0183,Delhi,2025-11-23,11,Winter,1.31,35.0,288.1,323.7,0,2,0.1359,0.0532,0.5082
HYD-HY0123,Hyderabad,2026-01-27,1,Winter,0.0,22.4,122.7,167.2,0,1,0.0355,0.0486,0.0708
BEN-BE0138,Bengaluru,2024-09-24,9,Monsoon,22.77,28.6,67.9,96.0,0,1,0.2844,0.0793,0.0454
BEN-BE0085,Bengaluru,2025-03-22,3,Summer,0.0,37.7,71.9,101.7,0,3,0.0413,0.0261,0.0049
BEN-BE0151,Bengaluru,2025-10-11,10,Winter,11.13,15.0,105.0,125.7,0,3,0.0438,0.0991,0.0235
KOL-KO0165,Kolkata,2026-04-01,4,Summer,5.21,26.7,190.2,235.5,0,3,0.0,0.0449,0.2688
PUN-PU0055,Pune,2025-04-19,4,Summer,0.38,36.6,105.4,130.1,0,1,0.0019,0.0285,0.0085
CHE-CH0102,Chennai,2024-05-23,5,Summer,1.36,43.0,83.6,100.6,0,1,0.2932,0.0,0.045
CHE-CH0149,Chennai,2025-02-06,2,Winter,0.0,23.3,60.5,95.1,0,4,0.0,0.0111,0.1065
DEL-DE0176,Delhi,2025-03-26,3,Summer,4.04,39.5,115.7,126.6,0,2,0.0865,0.0523,0.056
HYD-HY0021,Hyderabad,2025-03-22,3,Summer,2.85,37.0,132.6,169.3,0,1,0.0855,0.0727,0.0049
KOL-KO0068,Kolkata,2025-07-15,7,Monsoon,28.74,28.6,256.2,270.0,0,3,0.3421,0.0408,0.4142
BEN-BE0031,Bengaluru,2025-12-31,12,Winter,0.0,22.7,69.8,85.5,0,3,0.0478,0.0875,0.0693
KOL-KO0058,Kolkata,2024-11-13,11,Winter,0.0,23.3,176.2,194.6,2,2,0.2322,0.2836,0.176
AHM-AH0035,Ahmedabad,2024-08-17,8,Monsoon,14.07,30.4,124.6,160.6,0,2,0.2085,0.043,0.1062
AHM-AH0140,Ahmedabad,2025-12-10,12,Winter,2.59,20.6,177.0,220.3,1,3,0.0963,0.1346,0.236
CHE-CH0162,Chennai,2025-05-17,5,Summer,0.0,48.0,103.2,133.0,1,1,0.4783,0.2218,0.0893
CHE-CH0147,Chennai,2025-09-22,9,Monsoon,19.31,29.8,78.0,115.3,0,4,0.1535,0.0,0.0
KOL-KO0020,Kolkata,2024-11-03,11,Winter,0.0,18.7,142.9,155.6,0,4,0.1222,0.035,0.2024
BEN-BE0172,Bengaluru,2025-11-26,11,Winter,0.0,20.7,106.1,144.3,0,4,0.2081,0.0605,0.0678
KOL-KO0123,Kolkata,2025-03-22,3,Summer,6.38,46.4,213.7,230.0,0,1,0.4913,0.0149,0.2954
DEL-DE0168,Delhi,2025-09-19,9,Monsoon,12.81,24.9,148.1,191.5,0,4,0.1624,0.1013,0.0747
HYD-HY0170,Hyderabad,2024-08-30,8,Monsoon,45.58,39.2,101.7,132.6,0,3,0.4664,0.0,0.0141
DEL-DE0068,Delhi,2025-01-08,1,Winter,14.5,27.6,437.4,472.9,1,2,0.0959,0.2406,0.8521
HYD-HY0179,Hyderabad,2024-10-30,10,Winter,8.88,26.6,34.9,65.6,0,3,0.0234,0.1241,0.0218
AHM-AH0004,Ahmedabad,2024-10-05,10,Winter,1.17,22.0,147.0,162.4,0,4,0.0711,0.0857,0.1419
BEN-BE0068,Bengaluru,2025-10-19,10,Winter,2.33,15.0,85.7,96.4,1,1,0.1381,0.1224,0.0
DEL-DE0004,Delhi,2025-07-07,7,Monsoon,0.0,27.8,60.6,72.5,0,4,0.2413,0.0359,0.0566
AHM-AH0076,Ahmedabad,2024-07-03,7,Monsoon,12.91,27.2,119.0,143.5,0,3,0.1379,0.0,0.0378
BEN-BE0152,Bengaluru,2025-08-06,8,Monsoon,5.68,25.7,30.0,59.0,0,1,0.0119,0.0177,0.0
BEN-BE0082,Bengaluru,2025-08-29,8,Monsoon,49.14,22.3,83.2,131.2,0,1,0.6837,0.097,0.1051
HYD-HY0137,Hyderabad,2024-10-08,10,Winter,8.32,17.2,114.8,135.5,0,4,0.0948,0.0,0.0459
KOL-KO0085,Kolkata,2025-04-23,4,Summer,9.23,31.0,152.3,183.8,1,1,0.1424,0.2261,0.1626
CHE-CH0180,Chennai,2025-05-01,5,Summer,4.56,46.3,118.9,132.4,0,3,0.3838,0.1407,0.0308
BEN-BE0001,Bengaluru,2024-04-05,4,Summer,1.67,36.9,35.4,76.2,0,1,0.0481,0.023,0.0
DEL-DE0098,Delhi,2026-01-18,1,Winter,0.0,22.9,380.2,411.0,0,2,0.2554,0.0117,0.7839
AHM-AH0112,Ahmedabad,2025-04-24,4,Summer,2.03,34.6,127.2,169.2,1,2,0.2069,0.1768,0.0931
DEL-DE0106,Delhi,2024-09-04,9,Monsoon,48.05,31.6,78.7,117.0,0,5,0.6336,0.111,0.0622
KOL-KO0168,Kolkata,2024-10-22,10,Winter,0.61,22.9,153.4,199.5,0,1,0.262,0.0886,0.1546
MUM-MU0019,Mumbai,2026-04-02,4,Summer,9.83,47.4,87.5,126.6,1,2,0.5295,0.1641,0.0432
DEL-DE0161,Delhi,2025-11-20,11,Winter,7.36,26.4,259.8,292.4,0,3,0.1367,0.0,0.4083
KOL-KO0063,Kolkata,2025-09-05,9,Monsoon,9.63,30.4,77.3,118.6,0,3,0.1057,0.0,0.063
HYD-HY0023,Hyderabad,2026-02-28,2,Winter,2.92,32.3,97.1,116.8,1,3,0.1558,0.2748,0.1032
HYD-HY0058,Hyderabad,2026-02-17,2,Winter,0.0,23.8,128.4,139.3,1,1,0.1058,0.1979,0.0715
HYD-HY0093,Hyderabad,2026-01-22,1,Winter,0.0,23.6,94.1,124.2,1,1,0.1513,0.1999,0.0521
AHM-AH0075,Ahmedabad,2025-08-15,8,Monsoon,10.47,33.7,154.8,180.6,0,3,0.0465,0.0,0.1054
CHE-CH0046,Chennai,2024-06-10,6,Monsoon,29.74,40.2,112.2,123.6,0,5,0.4266,0.0761,0.0
KOL-KO0196,Kolkata,2024-09-20,9,Monsoon,34.19,29.8,186.9,218.4,0,1,0.339,0.0116,0.2725
CHE-CH0014,Chennai,2024-04-03,4,Summer,9.54,48.0,96.9,119.3,0,5,0.6193,0.0,0.0578
BEN-BE0113,Bengaluru,2024-11-23,11,Winter,0.0,15.0,83.8,95.6,0,2,0.0839,0.0378,0.0
HYD-HY0151,Hyderabad,2025-11-30,11,Winter,4.5,15.0,88.4,116.8,1,3,0.1536,0.2067,0.0628
HYD-HY0162,Hyderabad,2025-03-24,3,Summer,13.8,18.4,84.3,121.7,0,4,0.1158,0.0519,0.036
MUM-MU0097,Mumbai,2024-10-24,10,Winter,13.12,27.6,126.0,167.4,1,2,0.125,0.2308,0.1126
KOL-KO0015,Kolkata,2024-11-26,11,Winter,0.0,15.0,181.1,195.9,0,4,0.0981,0.0336,0.3326
DEL-DE0002,Delhi,2026-03-07,3,Summer,6.32,46.8,111.8,146.1,0,3,0.4091,0.0697,0.0
AHM-AH0014,Ahmedabad,2024-10-14,10,Winter,0.0,15.0,102.6,141.2,1,4,0.1623,0.1889,0.0239
DEL-DE0134,Delhi,2024-09-10,9,Monsoon,24.85,39.1,129.1,175.2,0,3,0.3394,0.1016,0.0271
MUM-MU0122,Mumbai,2025-05-17,5,Summer,5.68,44.3,118.4,165.5,0,5,0.2862,0.0563,0.123
BEN-BE0041,Bengaluru,2025-12-09,12,Winter,0.0,16.1,84.1,106.3,1,3,0.2078,0.1507,0.0117
BEN-BE0120,Bengaluru,2025-01-11,1,Winter,0.0,16.5,87.5,100.7,0,2,0.1302,0.0468,0.0006
KOL-KO0175,Kolkata,2025-02-23,2,Winter,10.67,15.0,95.8,143.6,1,2,0.1335,0.1491,0.0125
PUN-PU0089,Pune,2024-06-02,6,Monsoon,30.55,35.4,53.2,64.4,0,5,0.387,0.035,0.0029
MUM-MU0197,Mumbai,2025-02-23,2,Winter,6.91,25.9,142.2,155.8,0,3,0.0759,0.0526,0.144
KOL-KO0121,Kolkata,2025-04-06,4,Summer,11.29,32.1,204.9,236.0,0,3,0.1886,0.0631,0.2959
CHE-CH0085,Chennai,2025-12-24,12,Winter,0.0,20.0,86.8,112.4,1,4,0.2075,0.1506,0.0211
BEN-BE0132,Bengaluru,2025-08-24,8,Monsoon,24.36,29.4,144.8,193.2,0,2,0.3426,0.0911,0.1464
CHE-CH0139,Chennai,2025-08-17,8,Monsoon,74.3,22.3,65.4,99.1,0,3,0.7686,0.0355,0.0558
CHE-CH0137,Chennai,2024-12-18,12,Winter,0.0,24.8,111.6,154.2,0,3,0.0559,0.0,0.0416
HYD-HY0147,Hyderabad,2024-08-03,8,Monsoon,8.53,34.5,132.8,144.6,0,2,0.1493,0.0043,0.0753
HYD-HY0141,Hyderabad,2024-12-11,12,Winter,0.32,16.0,104.5,148.4,0,1,0.2133,0.0499,0.0465
BEN-BE0127,Bengaluru,2025-01-21,1,Winter,7.06,15.7,94.3,132.5,0,3,0.185,0.0,0.0
CHE-CH0104,Chennai,2025-08-16,8,Monsoon,24.66,31.3,104.6,117.2,0,2,0.3423,0.1008,0.0187
MUM-MU0040,Mumbai,2025-09-23,9,Monsoon,18.14,37.6,30.7,42.8,0,3,0.0273,0.0836,0.0991
KOL-KO0043,Kolkata,2024-11-27,11,Winter,10.77,23.0,172.0,190.6,0,3,0.1168,0.0114,0.2352
DEL-DE0048,Delhi,2025-12-17,12,Winter,2.38,29.7,402.6,414.3,0,3,0.0428,0.0302,0.7656
CHE-CH0119,Chennai,2024-06-13,6,Monsoon,18.74,30.9,113.5,127.2,1,5,0.0326,0.2872,0.0789
PUN-PU0191,Pune,2025-10-02,10,Winter,3.53,15.0,40.4,76.4,0,2,0.0218,0.0337,0.0341
PUN-PU0040,Pune,2025-10-20,10,Winter,4.45,18.0,71.6,120.3,0,1,0.2015,0.0057,0.0994
BEN-BE0007,Bengaluru,2025-07-31,7,Monsoon,9.59,25.6,100.2,117.6,1,3,0.0951,0.2279,0.0106
HYD-HY0181,Hyderabad,2026-02-09,2,Winter,9.68,24.8,68.4,103.6,0,4,0.007,0.0874,0.0142
HYD-HY0179,Hyderabad,2025-10-23,10,Winter,2.88,28.3,56.6,89.5,0,3,0.103,0.0394,0.0412
PUN-PU0130,Pune,2025-06-07,6,Monsoon,45.84,25.0,133.1,171.7,0,3,0.5476,0.0075,0.0816
PUN-PU0129,Pune,2025-10-25,10,Winter,0.0,21.8,98.6,109.0,0,4,0.0063,0.1106,0.0616
HYD-HY0102,Hyderabad,2025-08-29,8,Monsoon,20.22,32.0,89.3,124.5,0,3,0.214,0.0503,0.0203
DEL-DE0157,Delhi,2024-11-04,11,Winter,4.47,26.6,160.4,190.5,0,3,0.0126,0.0261,0.1553
AHM-AH0198,Ahmedabad,2026-03-14,3,Summer,3.02,34.8,136.4,180.8,0,4,0.0588,0.0,0.0784
BEN-BE0182,Bengaluru,2025-09-28,9,Monsoon,13.21,26.8,152.1,164.1,0,1,0.2159,0.0312,0.2147
CHE-CH0127,Chennai,2025-08-13,8,Monsoon,14.62,32.1,54.4,74.9,0,3,0.1301,0.0467,0.0464
CHE-CH0065,Chennai,2025-02-09,2,Winter,2.19,23.8,72.8,82.9,1,5,0.0943,0.1681,0.008
PUN-PU0178,Pune,2025-06-13,6,Monsoon,7.43,25.8,179.0,217.1,0,3,0.1051,0.0223,0.1776
HYD-HY0045,Hyderabad,2025-05-13,5,Summer,7.19,40.1,38.0,59.4,0,3,0.1304,0.0333,0.0503
KOL-KO0198,Kolkata,2025-04-06,4,Summer,1.42,34.7,89.8,100.2,0,5,0.0482,0.0264,0.0
AHM-AH0186,Ahmedabad,2025-02-04,2,Winter,0.0,28.3,120.3,156.9,0,4,0.135,0.0651,0.0879
AHM-AH0108,Ahmedabad,2025-01-01,1,Winter,2.33,28.2,64.3,88.1,0,1,0.0,0.0355,0.069
KOL-KO0115,Kolkata,2024-11-29,11,Winter,13.52,21.9,111.5,155.2,0,3,0.0528,0.0666,0.0152
MUM-MU0160,Mumbai,2024-04-12,4,Summer,15.7,38.4,142.4,173.0,0,3,0.1028,0.0208,0.1648
CHE-CH0180,Chennai,2025-06-26,6,Monsoon,40.99,28.9,34.8,48.7,0,4,0.4913,0.1146,0.0594
PUN-PU0056,Pune,2025-10-30,10,Winter,0.0,21.1,77.3,117.9,1,3,0.2129,0.1925,0.0289
BEN-BE0186,Bengaluru,2024-07-15,7,Monsoon,20.21,29.7,147.7,170.1,0,3,0.2944,0.0108,0.1978
KOL-KO0149,Kolkata,2024-05-18,5,Summer,0.0,21.9,152.7,177.8,0,1,0.0022,0.0694,0.1219
PUN-PU0093,Pune,2026-03-28,3,Summer,0.0,37.2,121.2,146.2,0,2,0.1204,0.0358,0.0662
DEL-DE0096,Delhi,2024-09-03,9,Monsoon,6.95,40.5,102.0,147.0,0,1,0.0721,0.0,0.0033
DEL-DE0143,Delhi,2025-04-05,4,Summer,6.45,48.0,95.6,137.7,0,4,0.4807,0.0035,0.0333
PUN-PU0111,Pune,2026-02-04,2,Winter,1.61,17.0,152.2,190.2,1,5,0.0826,0.1832,0.1333
CHE-CH0090,Chennai,2025-02-20,2,Winter,0.0,19.9,125.1,158.7,1,4,0.0801,0.194,0.0545
KOL-KO0063,Kolkata,2025-11-13,11,Winter,12.53,18.9,191.3,226.0,0,3,0.0458,0.1006,0.3159
PUN-PU0092,Pune,2024-09-13,9,Monsoon,21.95,21.3,73.3,88.3,0,4,0.2742,0.0899,0.0
PUN-PU0054,Pune,2025-11-14,11,Winter,8.42,23.7,104.2,128.3,0,3,0.1044,0.0,0.0643
HYD-HY0170,Hyderabad,2025-06-04,6,Monsoon,7.97,33.8,109.8,139.9,0,5,0.0611,0.0252,0.0995
KOL-KO0028,Kolkata,2025-10-15,10,Winter,4.52,22.6,136.4,176.9,0,3,0.1042,0.1251,0.1204
MUM-MU0146,Mumbai,2024-10-05,10,Winter,4.96,28.9,162.7,197.0,0,3,0.1776,0.0067,0.1958
MUM-MU0162,Mumbai,2025-07-08,7,Monsoon,16.22,28.5,99.1,116.8,0,1,0.0213,0.0,0.0388
DEL-DE0131,Delhi,2026-02-03,2,Winter,11.74,20.6,270.6,301.4,1,4,0.0631,0.2778,0.4322
CHE-CH0103,Chennai,2025-06-12,6,Monsoon,17.87,30.2,169.3,183.7,0,2,0.1299,0.1143,0.2668
BEN-BE0067,Bengaluru,2024-04-16,4,Summer,13.05,40.2,134.1,164.7,0,2,0.0247,0.0186,0.1064
CHE-CH0042,Chennai,2025-09-21,9,Monsoon,28.93,20.1,58.5,94.1,0,2,0.3593,0.0723,0.0294
CHE-CH0048,Chennai,2026-01-04,1,Winter,14.04,19.9,142.1,160.3,0,1,0.2543,0.0407,0.1801
PUN-PU0137,Pune,2025-08-08,8,Monsoon,14.32,26.0,96.9,121.5,0,3,0.1289,0.0933,0.003
BEN-BE0196,Bengaluru,2024-10-05,10,Winter,10.01,20.6,94.2,125.0,0,4,0.1109,0.0035,0.0
AHM-AH0054,Ahmedabad,2026-02-10,2,Winter,0.0,25.6,38.2,66.6,0,3,0.0594,0.0413,0.0654
BEN-BE0147,Bengaluru,2024-05-12,5,Summer,24.68,48.0,105.8,132.9,0,3,0.3769,0.0816,0.0
PUN-PU0039,Pune,2025-05-21,5,Summer,0.0,29.0,156.5,177.0,0,1,0.0455,0.0,0.1585
PUN-PU0120,Pune,2025-03-07,3,Summer,8.21,32.5,101.7,143.2,1,1,0.1299,0.2045,0.017
KOL-KO0009,Kolkata,2025-07-28,7,Monsoon,25.9,30.5,122.4,166.3,0,2,0.304,0.0,0.0824
BEN-BE0155,Bengaluru,2025-03-28,3,Summer,5.23,38.0,120.6,161.0,0,2,0.0908,0.0944,0.0054
KOL-KO0111,Kolkata,2025-12-24,12,Winter,12.58,15.0,176.7,211.4,0,3,0.1078,0.0729,0.2189
AHM-AH0199,Ahmedabad,2025-01-28,1,Winter,0.0,25.7,69.1,110.5,0,4,0.0,0.0038,0.0
CHE-CH0143,Chennai,2025-11-29,11,Winter,0.0,19.9,188.0,209.5,0,3,0.1532,0.0097,0.2226
AHM-AH0131,Ahmedabad,2024-07-25,7,Monsoon,23.73,23.2,101.9,134.1,0,2,0.4062,0.0,0.0638
PUN-PU0002,Pune,2025-06-03,6,Monsoon,36.52,29.4,76.9,121.2,0,3,0.5521,0.0989,0.0628
HYD-HY0066,Hyderabad,2024-11-07,11,Winter,5.48,25.7,71.9,98.0,0,2,0.2248,0.0609,0.0802
KOL-KO0122,Kolkata,2025-09-16,9,Monsoon,17.12,28.2,256.9,289.0,0,3,0.2377,0.1455,0.4318
KOL-KO0047,Kolkata,2025-05-12,5,Summer,12.92,33.2,151.3,187.5,0,4,0.0835,0.0029,0.078
DEL-DE0142,Delhi,2024-04-24,4,Summer,14.09,45.1,54.3,86.6,0,4,0.3089,0.0,0.0807
DEL-DE0176,Delhi,2025-04-17,4,Summer,0.0,48.0,71.8,97.1,0,3,0.4629,0.0713,0.0731
MUM-MU0047,Mumbai,2024-09-07,9,Monsoon,6.89,29.0,208.9,254.4,0,2,0.2083,0.0644,0.2683
DEL-DE0056,Delhi,2025-04-12,4,Summer,0.0,48.0,78.5,112.2,0,4,0.451,0.0043,0.0094
AHM-AH0090,Ahmedabad,2025-07-15,7,Monsoon,0.86,29.6,148.5,170.3,0,3,0.0731,0.0629,0.1892
BEN-BE0080,Bengaluru,2024-05-18,5,Summer,0.0,35.8,124.6,170.3,0,3,0.3069,0.0,0.0
PUN-PU0155,Pune,2024-06-22,6,Monsoon,5.58,26.7,100.6,123.0,0,5,0.1026,0.0602,0.0
BEN-BE0115,Bengaluru,2024-05-11,5,Summer,0.0,33.0,159.2,188.3,1,3,0.1045,0.1854,0.2161
AHM-AH0123,Ahmedabad,2024-04-13,4,Summer,3.0,38.1,134.4,150.5,0,4,0.0013,0.0711,0.0908
AHM-AH0035,Ahmedabad,2025-03-10,3,Summer,6.02,39.5,86.3,128.2,0,1,0.1376,0.0249,0.0116
AHM-AH0135,Ahmedabad,2024-06-25,6,Monsoon,27.66,36.6,100.7,140.0,0,5,0.3917,0.0,0.0
MUM-MU0163,Mumbai,2024-08-25,8,Monsoon,88.78,29.3,164.8,178.9,0,2,0.8846,0.062,0.1839
BEN-BE0031,Bengaluru,2024-06-20,6,Monsoon,26.55,24.6,92.0,137.9,0,2,0.4358,0.0325,0.0
DEL-DE0141,Delhi,2025-04-03,4,Summer,0.12,45.3,65.9,99.3,0,3,0.3982,0.0824,0.0167
KOL-KO0013,Kolkata,2024-10-05,10,Winter,0.0,15.0,108.1,152.6,0,3,0.114,0.0262,0.0439
DEL-DE0010,Delhi,2024-12-09,12,Winter,3.95,30.6,351.2,363.0,0,4,0.149,0.0627,0.6867
MUM-MU0195,Mumbai,2024-11-05,11,Winter,1.84,22.0,70.8,107.7,0,2,0.0847,0.0345,0.0326
MUM-MU0130,Mumbai,2025-02-17,2,Winter,5.08,15.9,38.0,64.1,0,4,0.0887,0.1048,0.0651
KOL-KO0169,Kolkata,2025-01-02,1,Winter,0.0,19.9,157.0,189.7,0,2,0.1249,0.0679,0.1596
HYD-HY0123,Hyderabad,2025-05-28,5,Summer,0.76,31.1,82.6,116.1,0,2,0.2658,0.0669,0.0238
MUM-MU0110,Mumbai,2025-02-11,2,Winter,15.78,19.3,30.0,71.0,0,2,0.1247,0.1023,0.0566
MUM-MU0053,Mumbai,2024-05-11,5,Summer,0.0,30.5,65.6,97.2,0,1,0.0392,0.0633,0.0
AHM-AH0178,Ahmedabad,2025-01-02,1,Winter,4.51,35.9,60.7,96.7,1,1,0.1034,0.1815,0.0508
KOL-KO0013,Kolkata,2025-09-12,9,Monsoon,17.42,36.1,56.5,81.4,0,4,0.1302,0.0352,0.0
HYD-HY0073,Hyderabad,2024-07-21,7,Monsoon,18.38,28.5,61.8,82.1,0,5,0.1208,0.1082,0.0682
AHM-AH0166,Ahmedabad,2024-11-03,11,Winter,5.62,28.5,143.1,158.8,0,5,0.0777,0.0036,0.1209
MUM-MU0170,Mumbai,2024-07-22,7,Monsoon,26.73,38.9,82.0,124.7,0,1,0.389,0.0919,0.07
DEL-DE0012,Delhi,2024-12-07,12,Winter,0.0,23.0,308.2,329.7,0,4,0.1071,0.0027,0.547
BEN-BE0137,Bengaluru,2025-01-08,1,Winter,0.0,21.0,63.6,79.9,0,3,0.1788,0.0458,0.0613
PUN-PU0065,Pune,2024-12-09,12,Winter,10.46,22.9,70.7,94.6,0,3,0.1704,0.0776,0.0
DEL-DE0118,Delhi,2026-02-15,2,Winter,0.0,31.1,427.0,468.7,0,4,0.0,0.0,0.9186
MUM-MU0172,Mumbai,2025-06-01,6,Monsoon,24.89,32.0,126.4,154.5,0,3,0.3595,0.0143,0.0642
PUN-PU0141,Pune,2024-06-04,6,Monsoon,36.57,28.9,124.4,141.1,0,2,0.5257,0.0226,0.1345
CHE-CH0198,Chennai,2024-05-06,5,Summer,0.0,40.5,99.4,144.2,0,1,0.0619,0.0579,0.0099
CHE-CH0033,Chennai,2025-07-26,7,Monsoon,21.89,37.2,74.1,108.8,0,4,0.3347,0.1396,0.0
BEN-BE0069,Bengaluru,2025-09-13,9,Monsoon,15.62,35.8,104.5,129.1,1,2,0.1278,0.2491,0.0987
BEN-BE0106,Bengaluru,2024-08-14,8,Monsoon,17.2,25.5,57.7,81.5,0,3,0.0902,0.0732,0.0
AHM-AH0110,Ahmedabad,2025-04-25,4,Summer,3.91,37.2,62.9,102.3,0,3,0.0121,0.0744,0.0553
BEN-BE0181,Bengaluru,2025-11-06,11,Winter,3.94,16.1,118.1,157.8,1,5,0.0791,0.2525,0.0212
KOL-KO0107,Kolkata,2024-04-07,4,Summer,0.0,35.4,90.9,109.2,0,4,0.2311,0.1075,0.068
PUN-PU0083,Pune,2024-04-14,4,Summer,6.94,32.6,61.9,91.4,0,3,0.0488,0.1613,0.0
DEL-DE0058,Delhi,2025-05-29,5,Summer,5.31,48.0,112.5,161.8,0,2,0.4768,0.0144,0.0361
DEL-DE0068,Delhi,2024-09-04,9,Monsoon,21.13,31.8,117.4,160.1,0,3,0.376,0.1265,0.0972
HYD-HY0078,Hyderabad,2026-02-07,2,Winter,0.0,21.5,103.8,146.6,0,1,0.0203,0.0466,0.0
DEL-DE0149,Delhi,2026-01-29,1,Winter,4.32,34.6,457.9,504.8,1,3,0.0837,0.2024,0.9282
MUM-MU0058,Mumbai,2025-12-13,12,Winter,4.02,22.1,166.4,202.7,0,3,0.1275,0.0371,0.2168
MUM-MU0071,Mumbai,2024-12-07,12,Winter,5.06,37.8,101.6,117.4,0,5,0.2408,0.0672,0.0
PUN-PU0158,Pune,2025-12-09,12,Winter,0.99,20.0,41.2,73.7,0,1,0.023,0.0138,0.0
CHE-CH0130,Chennai,2025-12-08,12,Winter,4.39,21.5,113.1,132.5,0,1,0.0214,0.0111,0.1026
CHE-CH0066,Chennai,2025-06-27,6,Monsoon,24.95,34.4,119.9,165.6,0,2,0.2874,0.0274,0.0694
KOL-KO0175,Kolkata,2025-05-27,5,Summer,28.22,32.7,112.7,161.1,0,1,0.3754,0.0284,0.066
KOL-KO0156,Kolkata,2025-06-17,6,Monsoon,6.49,34.3,194.2,234.5,0,3,0.0421,0.0,0.2201
HYD-HY0107,Hyderabad,2024-08-06,8,Monsoon,32.86,31.3,71.5,105.8,0,2,0.448,0.028,0.0952
BEN-BE0157,Bengaluru,2025-08-21,8,Monsoon,8.46,36.6,109.2,154.9,0,4,0.1426,0.0087,0.1219
HYD-HY0123,Hyderabad,2025-02-22,2,Winter,0.0,28.2,124.5,157.3,0,3,0.2088,0.0151,0.0747
KOL-KO0111,Kolkata,2025-12-29,12,Winter,7.79,15.0,89.3,103.9,0,4,0.0375,0.1707,0.0625
DEL-DE0076,Delhi,2025-07-25,7,Monsoon,22.55,33.3,137.9,161.6,0,3,0.3952,0.0484,0.046
AHM-AH0028,Ahmedabad,2024-04-06,4,Summer,7.06,47.3,30.0,79.4,0,3,0.531,0.0578,0.0
HYD-HY0104,Hyderabad,2025-04-28,4,Summer,17.28,42.5,108.3,139.0,0,1,0.1899,0.1254,0.1169
DEL-DE0162,Delhi,2025-03-04,3,Summer,1.92,43.0,98.2,110.0,0,5,0.2498,0.0282,0.0
PUN-PU0010,Pune,2024-09-02,9,Monsoon,18.22,29.6,98.2,125.2,0,3,0.1324,0.0909,0.1093
PUN-PU0023,Pune,2026-01-24,1,Winter,3.75,22.6,61.3,78.5,0,1,0.0882,0.0,0.0
KOL-KO0135,Kolkata,2026-01-23,1,Winter,2.13,15.2,142.4,175.9,0,1,0.1418,0.0824,0.1576
PUN-PU0092,Pune,2024-05-03,5,Summer,3.03,29.2,102.8,145.5,0,1,0.2355,0.0,0.0
AHM-AH0133,Ahmedabad,2025-03-29,3,Summer,2.95,45.9,38.8,79.2,0,2,0.3951,0.056,0.0645
PUN-PU0102,Pune,2026-03-01,3,Summer,7.51,43.5,43.9,54.0,0,4,0.2739,0.024,0.0621
HYD-HY0155,Hyderabad,2026-02-01,2,Winter,0.0,15.4,73.7,88.3,0,1,0.0277,0.0081,0.0092
KOL-KO0090,Kolkata,2024-05-22,5,Summer,0.0,34.2,247.1,292.3,0,4,0.1165,0.0504,0.3831
HYD-HY0072,Hyderabad,2026-02-10,2,Winter,0.0,23.8,170.0,205.2,1,4,0.0618,0.2687,0.2372
PUN-PU0110,Pune,2025-10-24,10,Winter,10.09,24.8,63.5,83.2,0,3,0.1005,0.0124,0.0
PUN-PU0109,Pune,2024-06-13,6,Monsoon,37.02,33.7,76.7,104.6,0,3,0.4513,0.0353,0.031
HYD-HY0093,Hyderabad,2024-04-03,4,Summer,0.0,39.8,124.0,137.4,0,4,0.09,0.1209,0.0743
CHE-CH0034,Chennai,2025-03-11,3,Summer,5.26,29.5,109.0,144.4,0,4,0.0,0.0,0.0837
CHE-CH0111,Chennai,2025-09-23,9,Monsoon,37.32,30.2,79.8,96.5,0,4,0.5075,0.0733,0.0041
KOL-KO0186,Kolkata,2025-08-13,8,Monsoon,7.46,16.5,82.2,114.8,0,2,0.1782,0.0637,0.029
HYD-HY0105,Hyderabad,2024-05-26,5,Summer,3.96,39.8,151.3,169.1,0,4,0.1266,0.115,0.2573
BEN-BE0065,Bengaluru,2024-05-24,5,Summer,2.85,30.3,80.6,109.8,1,2,0.0989,0.1869,0.0059
MUM-MU0183,Mumbai,2025-09-22,9,Monsoon,17.86,23.7,193.0,226.6,0,4,0.047,0.0828,0.2395
KOL-KO0104,Kolkata,2025-03-16,3,Summer,13.43,31.7,96.5,107.4,0,1,0.116,0.1242,0.0209
CHE-CH0030,Chennai,2024-07-29,7,Monsoon,27.52,24.4,82.5,122.9,0,1,0.4378,0.0809,0.0139
CHE-CH0149,Chennai,2025-03-20,3,Summer,7.75,30.7,145.8,188.1,0,5,0.1981,0.0419,0.1101
KOL-KO0044,Kolkata,2024-06-24,6,Monsoon,49.52,29.8,36.2,50.0,0,3,0.6321,0.0715,0.0
BEN-BE0132,Bengaluru,2024-06-30,6,Monsoon,43.17,23.5,95.8,114.8,0,4,0.4782,0.0156,0.016
DEL-DE0118,Delhi,2025-06-11,6,Monsoon,11.8,38.8,80.9,93.3,0,1,0.1395,0.0247,0.0
CHE-CH0021,Chennai,2025-11-13,11,Winter,8.15,33.1,133.4,175.4,0,3,0.0,0.0543,0.1627
MUM-MU0021,Mumbai,2025-10-20,10,Winter,6.63,27.2,81.7,91.9,0,3,0.0826,0.0,0.0
MUM-MU0000,Mumbai,2026-03-23,3,Summer,0.0,32.8,111.5,122.8,0,1,0.0596,0.0539,0.0687
HYD-HY0071,Hyderabad,2025-06-16,6,Monsoon,8.75,31.7,63.7,82.1,0,2,0.1356,0.0456,0.0
AHM-AH0152,Ahmedabad,2024-04-29,4,Summer,4.58,44.7,89.0,102.4,0,3,0.3101,0.0583,0.0154
DEL-DE0079,Delhi,2025-02-12,2,Winter,15.68,22.9,500.0,510.8,0,5,0.2095,0.0745,0.9206
CHE-CH0104,Chennai,2024-10-03,10,Winter,7.71,23.1,75.0,105.0,0,3,0.0469,0.0185,0.0324
BEN-BE0187,Bengaluru,2024-10-30,10,Winter,0.0,17.4,76.9,115.7,0,1,0.1286,0.0704,0.055
KOL-KO0160,Kolkata,2024-10-06,10,Winter,9.5,22.5,168.1,193.3,0,3,0.0288,0.0824,0.1808
HYD-HY0095,Hyderabad,2025-10-15,10,Winter,0.0,22.6,81.2,96.7,1,2,0.0881,0.1882,0.0
MUM-MU0017,Mumbai,2024-09-11,9,Monsoon,16.16,31.0,79.7,106.6,0,5,0.0641,0.1082,0.043
AHM-AH0008,Ahmedabad,2024-07-03,7,Monsoon,3.35,40.1,98.2,111.4,0,1,0.1198,0.0527,0.0651
HYD-HY0007,Hyderabad,2025-05-15,5,Summer,18.76,40.4,92.2,115.6,0,3,0.163,0.0293,0.0466
AHM-AH0147,Ahmedabad,2025-06-19,6,Monsoon,20.79,32.1,89.8,102.7,0,3,0.2844,0.0281,0.0189
KOL-KO0177,Kolkata,2024-08-20,8,Monsoon,18.8,29.0,102.4,142.0,0,5,0.034,0.0481,0.0239
CHE-CH0013,Chennai,2025-09-19,9,Monsoon,25.1,26.6,97.1,113.1,0,2,0.3165,0.0632,0.0338
MUM-MU0018,Mumbai,2025-10-06,10,Winter,1.58,24.3,136.2,150.0,0,2,0.0,0.047,0.0989
AHM-AH0168,Ahmedabad,2025-06-08,6,Monsoon,25.28,32.2,73.5,95.7,0,2,0.3252,0.0515,0.0115
KOL-KO0081,Kolkata,2024-06-28,6,Monsoon,21.89,38.7,163.8,178.4,0,3,0.3381,0.0381,0.1429
BEN-BE0199,Bengaluru,2025-03-27,3,Summer,10.47,38.3,135.0,158.9,0,2,0.0803,0.0155,0.1119
PUN-PU0022,Pune,2024-07-09,7,Monsoon,17.18,22.2,136.2,163.7,0,1,0.1719,0.0,0.0664
BEN-BE0073,Bengaluru,2026-01-14,1,Winter,0.0,24.3,108.3,151.1,0,1,0.1286,0.0,0.0268
MUM-MU0014,Mumbai,2025-07-10,7,Monsoon,17.27,23.1,129.2,150.4,0,3,0.1351,0.0,0.0636
HYD-HY0122,Hyderabad,2024-07-20,7,Monsoon,18.98,32.2,121.4,170.4,0,2,0.1296,0.0768,0.1883
CHE-CH0165,Chennai,2025-11-11,11,Winter,1.96,31.7,82.1,112.4,1,1,0.097,0.2706,0.0544
DEL-DE0186,Delhi,2024-12-14,12,Winter,0.0,24.5,359.9,379.7,0,3,0.0283,0.0808,0.6945
KOL-KO0043,Kolkata,2024-07-11,7,Monsoon,25.15,24.0,160.7,175.6,0,3,0.3141,0.0438,0.158
HYD-HY0148,Hyderabad,2025-12-16,12,Winter,5.15,30.1,137.9,164.6,0,3,0.1471,0.0502,0.115
KOL-KO0095,Kolkata,2025-06-16,6,Monsoon,7.92,24.2,198.3,210.1,0,2,0.1841,0.0701,0.2561
KOL-KO0008,Kolkata,2024-07-10,7,Monsoon,17.05,24.8,295.1,311.4,0,2,0.0708,0.1094,0.5689
BEN-BE0111,Bengaluru,2025-07-01,7,Monsoon,14.07,22.1,123.0,162.5,0,5,0.2008,0.0344,0.1479
DEL-DE0134,Delhi,2024-11-12,11,Winter,0.0,32.7,301.9,322.4,0,5,0.0371,0.0,0.4761
AHM-AH0064,Ahmedabad,2025-03-27,3,Summer,11.86,35.3,123.9,158.0,0,2,0.1014,0.0385,0.0703
AHM-AH0109,Ahmedabad,2025-08-27,8,Monsoon,19.45,36.0,156.0,176.8,0,4,0.1198,0.066,0.1696
PUN-PU0122,Pune,2026-02-26,2,Winter,2.18,23.0,73.8,111.2,0,5,0.0288,0.0922,0.0
CHE-CH0198,Chennai,2025-09-16,9,Monsoon,0.0,20.9,137.6,159.9,0,5,0.0944,0.0366,0.0819
CHE-CH0174,Chennai,2025-07-26,7,Monsoon,12.1,22.9,95.2,118.4,0,5,0.0592,0.0955,0.0
BEN-BE0051,Bengaluru,2024-07-04,7,Monsoon,19.36,24.2,125.4,172.4,0,3,0.0,0.1183,0.1106
BEN-BE0138,Bengaluru,2025-02-13,2,Winter,0.52,22.9,106.1,146.5,0,4,0.0493,0.0341,0.0527
MUM-MU0162,Mumbai,2025-09-19,9,Monsoon,54.95,30.4,37.4,65.0,0,3,0.6094,0.0155,0.0
KOL-KO0064,Kolkata,2024-04-22,4,Summer,4.85,29.5,193.8,241.0,0,2,0.0709,0.0353,0.2676
PUN-PU0080,Pune,2025-05-22,5,Summer,0.0,30.7,83.4,106.1,0,3,0.1375,0.0369,0.0
BEN-BE0090,Bengaluru,2024-04-26,4,Summer,13.93,41.0,70.5,119.0,0,4,0.0,0.0735,0.0138
HYD-HY0058,Hyderabad,2024-10-30,10,Winter,0.0,34.2,125.5,139.2,0,2,0.0727,0.0198,0.0058
AHM-AH0165,Ahmedabad,2024-05-12,5,Summer,0.0,48.0,117.0,160.6,0,2,0.5394,0.0913,0.0586
PUN-PU0055,Pune,2024-04-24,4,Summer,1.8,32.5,67.4,93.4,0,3,0.1934,0.063,0.0
AHM-AH0021,Ahmedabad,2025-12-22,12,Winter,0.0,24.8,97.4,138.3,0,5,0.2076,0.0291,0.0
AHM-AH0002,Ahmedabad,2025-04-14,4,Summer,7.62,46.2,65.4,80.6,1,4,0.5274,0.1564,0.0449
BEN-BE0156,Bengaluru,2025-09-03,9,Monsoon,9.93,33.5,73.3,114.2,0,2,0.1327,0.0562,0.0036
BEN-BE0183,Bengaluru,2025-03-08,3,Summer,0.02,32.0,111.0,157.3,0,5,0.1715,0.0688,0.1067
PUN-PU0128,Pune,2024-05-05,5,Summer,0.0,34.6,169.9,193.8,0,4,0.0128,0.097,0.1526
AHM-AH0121,Ahmedabad,2025-05-06,5,Summer,0.0,38.8,127.6,166.1,0,2,0.2459,0.0952,0.1425
HYD-HY0089,Hyderabad,2025-07-07,7,Monsoon,21.0,22.5,100.6,118.3,0,5,0.2933,0.0942,0.0299
BEN-BE0150,Bengaluru,2025-04-19,4,Summer,6.18,36.2,102.5,138.1,0,4,0.1585,0.0994,0.0516
KOL-KO0045,Kolkata,2024-11-17,11,Winter,9.64,19.8,102.2,136.1,0,5,0.0496,0.0649,0.0606
DEL-DE0185,Delhi,2024-10-24,10,Winter,4.96,28.0,250.6,279.6,0,2,0.0801,0.0,0.319
MUM-MU0140,Mumbai,2025-11-28,11,Winter,5.96,26.1,107.7,136.8,0,2,0.2003,0.048,0.0
DEL-DE0173,Delhi,2025-08-01,8,Monsoon,34.75,33.2,66.9,115.8,0,2,0.4406,0.0583,0.0246
DEL-DE0079,Delhi,2025-11-12,11,Winter,0.82,19.4,242.9,290.8,1,1,0.1869,0.1889,0.3619
BEN-BE0193,Bengaluru,2024-11-23,11,Winter,7.18,29.2,39.9,80.9,0,4,0.1482,0.0466,0.0
DEL-DE0026,Delhi,2025-05-04,5,Summer,7.38,36.0,101.1,135.0,0,2,0.1735,0.0737,0.0575
PUN-PU0104,Pune,2024-11-28,11,Winter,12.23,15.0,72.5,105.2,0,1,0.2167,0.088,0.0
KOL-KO0132,Kolkata,2025-12-18,12,Winter,3.33,20.7,147.0,178.1,0,2,0.1611,0.1415,0.1741
PUN-PU0065,Pune,2025-11-28,11,Winter,5.99,23.1,88.3,125.9,0,5,0.024,0.0,0.026
KOL-KO0127,Kolkata,2024-10-05,10,Winter,0.0,21.7,92.0,107.0,0,1,0.1559,0.087,0.0
BEN-BE0157,Bengaluru,2025-05-17,5,Summer,13.24,38.9,98.7,132.4,0,5,0.1755,0.0436,0.012
AHM-AH0034,Ahmedabad,2025-04-12,4,Summer,6.73,34.4,55.7,70.9,0,1,0.0437,0.0354,0.0624
PUN-PU0075,Pune,2024-05-10,5,Summer,0.12,38.8,77.3,88.4,0,2,0.0,0.0,0.0038
HYD-HY0007,Hyderabad,2024-11-19,11,Winter,0.0,20.2,131.8,143.8,0,3,0.1183,0.0688,0.0352
DEL-DE0184,Delhi,2024-06-08,6,Monsoon,10.68,24.2,80.6,111.0,0,4,0.0468,0.0589,0.0418
CHE-CH0056,Chennai,2025-07-03,7,Monsoon,53.54,29.6,169.8,212.0,0,3,0.6032,0.0,0.2046
MUM-MU0039,Mumbai,2025-10-30,10,Winter,0.0,21.5,161.1,202.1,0,3,0.0,0.024,0.1658
DEL-DE0111,Delhi,2025-10-22,10,Winter,0.0,23.6,421.1,451.6,1,1,0.1728,0.1591,0.8475
MUM-MU0101,Mumbai,2024-07-26,7,Monsoon,7.58,32.2,126.5,176.1,0,4,0.0206,0.0912,0.112
HYD-HY0095,Hyderabad,2024-04-02,4,Summer,0.0,36.6,97.0,135.0,0,1,0.1833,0.0326,0.048
MUM-MU0045,Mumbai,2025-12-26,12,Winter,5.6,25.1,119.2,155.6,0,1,0.0,0.0674,0.0751
DEL-DE0180,Delhi,2025-08-19,8,Monsoon,17.32,29.7,100.5,144.5,1,2,0.0143,0.2046,0.0283
DEL-DE0009,Delhi,2024-04-30,4,Summer,0.0,33.8,110.7,131.0,0,3,0.2234,0.0395,0.0
BEN-BE0177,Bengaluru,2025-08-12,8,Monsoon,7.12,25.5,144.3,162.8,0,1,0.1411,0.0161,0.1831
BEN-BE0151,Bengaluru,2025-03-22,3,Summer,5.25,26.5,85.4,95.8,1,5,0.0103,0.1484,0.0157
DEL-DE0056,Delhi,2024-11-05,11,Winter,6.2,20.0,363.8,406.0,0,3,0.0048,0.0398,0.6198
AHM-AH0064,Ahmedabad,2024-05-31,5,Summer,1.38,33.4,71.7,108.7,0,3,0.0617,0.0267,0.0346
KOL-KO0097,Kolkata,2024-09-29,9,Monsoon,13.63,29.0,179.0,202.8,0,2,0.0739,0.0,0.2587
AHM-AH0089,Ahmedabad,2024-07-17,7,Monsoon,24.24,34.2,138.6,148.9,0,1,0.3735,0.0013,0.1019
MUM-MU0016,Mumbai,2026-02-12,2,Winter,6.96,25.4,106.2,127.5,0,2,0.0717,0.0546,0.085
BEN-BE0076,Bengaluru,2025-01-24,1,Winter,12.84,20.3,75.6,92.7,0,2,0.0124,0.0378,0.0
MUM-MU0184,Mumbai,2025-02-08,2,Winter,0.0,16.3,153.2,188.9,0,3,0.21,0.0221,0.163
DEL-DE0108,Delhi,2025-07-22,7,Monsoon,5.63,34.6,70.2,114.8,0,1,0.2303,0.0434,0.0
MUM-MU0030,Mumbai,2024-05-30,5,Summer,0.0,37.4,139.8,168.9,0,4,0.0369,0.0748,0.0847
HYD-HY0010,Hyderabad,2024-07-30,7,Monsoon,32.4,30.7,103.3,151.2,0,5,0.3715,0.0281,0.008
BEN-BE0044,Bengaluru,2026-02-04,2,Winter,0.0,21.5,85.7,112.9,0,5,0.0295,0.0361,0.0321
CHE-CH0100,Chennai,2024-12-09,12,Winter,0.0,21.1,72.3,117.1,0,1,0.0374,0.076,0.0447
KOL-KO0060,Kolkata,2025-04-27,4,Summer,7.49,43.1,54.1,99.9,0,5,0.227,0.0093,0.0
CHE-CH0038,Chennai,2025-05-17,5,Summer,0.0,34.5,145.0,183.3,0,3,0.0653,0.1379,0.0787
HYD-HY0020,Hyderabad,2025-05-23,5,Summer,0.0,26.4,112.0,130.1,0,2,0.0789,0.0478,0.0808
CHE-CH0160,Chennai,2026-01-25,1,Winter,0.0,15.0,64.7,108.1,0,1,0.1038,0.0486,0.0227
KOL-KO0149,Kolkata,2025-06-08,6,Monsoon,41.07,28.5,194.2,227.5,0,3,0.4494,0.0,0.3013
AHM-AH0027,Ahmedabad,2025-05-20,5,Summer,9.07,42.0,73.8,102.8,0,4,0.2163,0.0165,0.0756
MUM-MU0064,Mumbai,2024-12-27,12,Winter,5.38,15.0,71.7,83.2,0,2,0.0952,0.0246,0.0225
CHE-CH0076,Chennai,2024-10-05,10,Winter,10.73,27.9,63.1,77.8,1,1,0.0815,0.1542,0.0
MUM-MU0164,Mumbai,2024-11-22,11,Winter,3.26,20.0,91.1,102.2,0,3,0.0387,0.0622,0.035
AHM-AH0137,Ahmedabad,2024-11-06,11,Winter,0.07,21.7,73.6,112.3,0,3,0.0156,0.1007,0.0817
DEL-DE0099,Delhi,2026-02-23,2,Winter,0.0,25.2,354.7,377.8,0,1,0.1301,0.0912,0.7338
MUM-MU0114,Mumbai,2025-08-22,8,Monsoon,13.24,23.7,123.8,147.8,0,4,0.2288,0.1063,0.1043
BEN-BE0145,Bengaluru,2024-12-03,12,Winter,0.0,21.3,42.3,89.8,0,3,0.1963,0.0207,0.0346
AHM-AH0188,Ahmedabad,2025-11-04,11,Winter,0.0,25.7,111.2,153.8,0,3,0.2511,0.0542,0.0438
KOL-KO0003,Kolkata,2025-08-08,8,Monsoon,51.77,34.7,138.6,164.9,0,5,0.6523,0.0356,0.0988
MUM-MU0146,Mumbai,2026-02-06,2,Winter,0.75,23.2,140.1,181.4,0,5,0.0,0.0796,0.1322
HYD-HY0112,Hyderabad,2025-08-14,8,Monsoon,13.61,25.6,112.9,142.0,0,5,0.2008,0.1067,0.0667
KOL-KO0162,Kolkata,2024-11-05,11,Winter,2.8,16.3,30.0,47.2,1,3,0.0455,0.215,0.0065
DEL-DE0171,Delhi,2024-11-11,11,Winter,4.12,32.9,311.4,325.8,1,3,0.0962,0.2105,0.6045
DEL-DE0193,Delhi,2025-09-21,9,Monsoon,20.19,43.5,73.7,111.7,0,1,0.3111,0.0406,0.0653
BEN-BE0112,Bengaluru,2025-03-26,3,Summer,4.32,45.1,46.7,81.7,0,3,0.3363,0.0224,0.034
CHE-CH0181,Chennai,2024-12-08,12,Winter,0.0,20.2,118.7,159.9,0,2,0.2089,0.0121,0.0952
MUM-MU0025,Mumbai,2026-01-09,1,Winter,13.61,18.1,196.6,224.3,0,4,0.0756,0.0,0.2342
DEL-DE0049,Delhi,2024-05-28,5,Summer,20.24,48.0,171.6,221.6,0,2,0.3331,0.0657,0.2096
AHM-AH0173,Ahmedabad,2026-02-05,2,Winter,4.41,15.0,102.1,145.8,0,4,0.0891,0.0148,0.0
AHM-AH0063,Ahmedabad,2025-06-09,6,Monsoon,22.02,28.9,106.8,138.5,0,5,0.3891,0.0226,0.0
BEN-BE0109,Bengaluru,2024-05-29,5,Summer,0.68,32.9,120.6,149.9,0,5,0.2604,0.1055,0.0609
CHE-CH0188,Chennai,2025-09-19,9,Monsoon,24.08,29.5,119.9,161.4,0,1,0.3586,0.0,0.1229
AHM-AH0179,Ahmedabad,2025-11-30,11,Winter,0.0,28.3,112.2,162.1,0,3,0.0,0.0647,0.0604
KOL-KO0107,Kolkata,2025-04-03,4,Summer,1.14,31.6,224.1,269.0,0,3,0.0,0.1026,0.2833
BEN-BE0106,Bengaluru,2024-07-21,7,Monsoon,61.63,23.4,85.5,102.4,0,3,0.857,0.0962,0.0
AHM-AH0110,Ahmedabad,2026-03-10,3,Summer,17.36,45.5,93.2,112.7,0,1,0.4165,0.0,0.0456
MUM-MU0068,Mumbai,2026-01-11,1,Winter,0.48,28.8,90.4,100.5,0,4,0.1068,0.0738,0.1052
BEN-BE0007,Bengaluru,2025-02-25,2,Winter,0.0,24.8,79.1,113.2,0,1,0.1548,0.0736,0.0
KOL-KO0143,Kolkata,2024-12-21,12,Winter,2.25,25.5,143.5,153.5,0,1,0.0353,0.0,0.1631
AHM-AH0105,Ahmedabad,2025-09-23,9,Monsoon,4.18,29.2,130.5,174.6,0,2,0.0949,0.0,0.1882
AHM-AH0178,Ahmedabad,2026-01-25,1,Winter,3.44,18.5,83.7,119.0,0,2,0.066,0.1218,0.0776
MUM-MU0192,Mumbai,2025-11-17,11,Winter,8.6,24.8,142.4,179.1,0,2,0.1825,0.011,0.0812
HYD-HY0067,Hyderabad,2025-09-03,9,Monsoon,18.19,36.4,114.6,140.0,0,4,0.1756,0.1009,0.0245
PUN-PU0163,Pune,2024-10-21,10,Winter,4.03,17.5,134.7,145.9,0,1,0.1458,0.0513,0.0547
BEN-BE0026,Bengaluru,2024-12-24,12,Winter,5.18,31.0,110.4,148.3,0,5,0.0904,0.1031,0.0534
KOL-KO0168,Kolkata,2024-04-27,4,Summer,7.67,22.8,97.0,108.8,1,2,0.0,0.2085,0.0315
CHE-CH0196,Chennai,2025-09-05,9,Monsoon,30.44,35.0,125.7,175.5,0,2,0.3737,0.0,0.067
PUN-PU0195,Pune,2025-11-17,11,Winter,2.8,22.1,95.2,121.8,1,4,0.2388,0.1745,0.0466
CHE-CH0039,Chennai,2026-01-05,1,Winter,0.0,15.0,108.6,136.4,0,2,0.0035,0.0842,0.1126
CHE-CH0061,Chennai,2025-10-20,10,Winter,0.0,19.2,167.5,206.1,1,3,0.1959,0.2145,0.2175
DEL-DE0124,Delhi,2026-02-21,2,Winter,2.61,19.6,423.8,438.9,0,4,0.2744,0.035,0.8527
PUN-PU0088,Pune,2024-06-01,6,Monsoon,12.32,33.2,113.5,130.4,0,2,0.0882,0.0,0.0546
AHM-AH0091,Ahmedabad,2024-11-11,11,Winter,0.0,28.0,104.5,141.8,0,2,0.0675,0.0179,0.1262
MUM-MU0086,Mumbai,2024-06-09,6,Monsoon,44.01,29.8,137.2,148.2,0,4,0.5267,0.0618,0.1002
AHM-AH0125,Ahmedabad,2025-08-24,8,Monsoon,11.77,30.6,34.9,80.4,0,4,0.1531,0.0558,0.0
HYD-HY0125,Hyderabad,2025-07-21,7,Monsoon,8.4,31.1,74.0,113.2,0,4,0.0993,0.021,0.0554
HYD-HY0066,Hyderabad,2025-12-31,12,Winter,0.0,26.4,76.1,112.7,0,1,0.0596,0.0197,0.0
DEL-DE0050,Delhi,2026-03-25,3,Summer,0.0,36.4,89.4,99.7,0,1,0.0212,0.075,0.0456
BEN-BE0118,Bengaluru,2025-05-10,5,Summer,6.42,41.6,77.8,115.3,0,4,0.1265,0.0597,0.1041
KOL-KO0185,Kolkata,2025-02-08,2,Winter,2.06,24.7,137.5,165.5,0,1,0.0,0.0809,0.2447
PUN-PU0107,Pune,2025-09-19,9,Monsoon,20.24,28.5,73.6,115.4,0,1,0.3591,0.0578,0.0508
CHE-CH0011,Chennai,2026-03-26,3,Summer,0.0,33.3,102.5,147.2,0,3,0.1521,0.1083,0.0
BEN-BE0006,Bengaluru,2025-11-28,11,Winter,7.78,26.6,164.8,180.1,0,1,0.2224,0.0,0.1701
CHE-CH0138,Chennai,2025-06-09,6,Monsoon,73.72,25.5,84.8,98.2,0,4,0.7776,0.0,0.0208
MUM-MU0106,Mumbai,2025-04-01,4,Summer,1.06,29.8,156.4,166.4,0,4,0.0357,0.0678,0.1315
PUN-PU0165,Pune,2025-10-20,10,Winter,6.21,15.0,90.2,101.3,0,2,0.0,0.0172,0.0086
BEN-BE0046,Bengaluru,2024-10-10,10,Winter,1.8,15.4,130.9,165.9,0,3,0.1382,0.0636,0.0835
DEL-DE0031,Delhi,2024-10-28,10,Winter,6.24,28.7,280.8,311.3,0,5,0.0,0.0445,0.3907
BEN-BE0083,Bengaluru,2024-12-09,12,Winter,0.0,15.0,93.2,130.8,0,2,0.0702,0.0,0.0031
PUN-PU0096,Pune,2025-08-12,8,Monsoon,22.42,29.7,105.2,139.1,0,3,0.3188,0.0,0.038
KOL-KO0089,Kolkata,2025-06-18,6,Monsoon,35.36,28.3,103.7,128.9,0,3,0.4725,0.1174,0.047
CHE-CH0064,Chennai,2024-05-16,5,Summer,0.0,36.6,131.1,160.8,0,2,0.1693,0.0667,0.1368
MUM-MU0030,Mumbai,2025-01-04,1,Winter,0.0,24.4,156.8,174.8,0,3,0.1357,0.0025,0.2028
DEL-DE0142,Delhi,2026-02-07,2,Winter,0.0,27.5,334.6,347.5,0,1,0.1236,0.0,0.6223
BEN-BE0165,Bengaluru,2025-11-07,11,Winter,6.64,21.9,118.5,156.3,0,2,0.1665,0.0,0.0038
HYD-HY0197,Hyderabad,2025-05-16,5,Summer,0.0,33.3,123.9,137.2,0,3,0.0831,0.0675,0.1213
DEL-DE0045,Delhi,2024-04-22,4,Summer,6.66,41.5,64.5,94.0,0,2,0.135,0.0369,0.0857
KOL-KO0010,Kolkata,2025-12-18,12,Winter,0.0,23.8,160.3,182.5,1,2,0.0629,0.1702,0.1988
BEN-BE0097,Bengaluru,2024-11-15,11,Winter,10.12,22.3,135.4,178.3,0,2,0.23,0.0,0.0727
MUM-MU0018,Mumbai,2025-07-20,7,Monsoon,65.84,35.1,99.0,129.2,0,1,0.8038,0.0891,0.0092
MUM-MU0086,Mumbai,2026-01-21,1,Winter,5.07,29.2,63.0,107.7,0,1,0.0434,0.108,0.0775
HYD-HY0190,Hyderabad,2024-11-10,11,Winter,4.04,21.8,109.5,138.3,0,2,0.006,0.0155,0.0
AHM-AH0014,Ahmedabad,2025-04-03,4,Summer,0.0,38.6,194.3,229.1,1,4,0.0269,0.1099,0.2955
KOL-KO0173,Kolkata,2024-09-23,9,Monsoon,3.55,31.8,241.8,264.0,0,5,0.061,0.012,0.2925
AHM-AH0009,Ahmedabad,2024-09-21,9,Monsoon,7.45,35.8,121.2,151.7,0,1,0.2426,0.0555,0.1268
PUN-PU0021,Pune,2025-01-28,1,Winter,1.06,15.0,115.4,164.4,0,4,0.0,0.0,0.0
DEL-DE0117,Delhi,2025-01-23,1,Winter,0.0,20.2,271.5,284.6,1,3,0.0843,0.1691,0.4804
CHE-CH0160,Chennai,2025-03-20,3,Summer,7.51,40.4,30.0,75.0,0,3,0.0759,0.0835,0.0493
AHM-AH0178,Ahmedabad,2026-02-20,2,Winter,9.56,25.4,46.8,94.7,0,2,0.213,0.0591,0.0353
MUM-MU0183,Mumbai,2025-02-11,2,Winter,2.66,21.1,131.4,148.4,0,1,0.1729,0.1292,0.133
BEN-BE0109,Bengaluru,2026-01-04,1,Winter,2.38,30.9,59.2,73.5,0,5,0.0369,0.0022,0.0941
DEL-DE0122,Delhi,2024-04-16,4,Summer,6.29,43.9,127.6,163.5,1,3,0.3132,0.172,0.0943
HYD-HY0023,Hyderabad,2025-07-08,7,Monsoon,8.14,25.5,91.0,104.6,0,3,0.0969,0.0,0.0016
MUM-MU0187,Mumbai,2024-10-14,10,Winter,0.0,23.2,72.1,92.9,0,3,0.1673,0.0791,0.0
AHM-AH0004,Ahmedabad,2025-02-02,2,Winter,5.81,15.0,53.6,101.3,0,5,0.2165,0.0211,0.1041
PUN-PU0066,Pune,2025-12-05,12,Winter,2.48,18.1,124.7,168.5,1,2,0.0,0.2854,0.1257
CHE-CH0093,Chennai,2026-02-17,2,Winter,7.82,21.7,78.9,90.7,0,5,0.0138,0.0416,0.0
AHM-AH0155,Ahmedabad,2024-04-19,4,Summer,0.0,34.0,144.2,174.7,0,3,0.191,0.1001,0.0373
PUN-PU0080,Pune,2024-12-18,12,Winter,0.62,15.0,120.9,161.6,1,3,0.1493,0.2576,0.0474
MUM-MU0122,Mumbai,2024-11-02,11,Winter,0.0,32.3,195.6,223.8,0,3,0.1759,0.0,0.2296
MUM-MU0122,Mumbai,2024-04-18,4,Summer,0.0,36.6,161.0,206.3,0,3,0.0797,0.0845,0.239
CHE-CH0128,Chennai,2025-11-05,11,Winter,7.29,20.7,87.3,116.8,0,5,0.0459,0.0766,0.0
PUN-PU0120,Pune,2024-11-01,11,Winter,4.97,15.0,97.8,111.7,0,2,0.0877,0.0,0.0
DEL-DE0115,Delhi,2024-12-16,12,Winter,8.95,24.8,427.4,441.8,1,1,0.106,0.2831,0.8383
AHM-AH0036,Ahmedabad,2025-12-21,12,Winter,8.39,34.2,65.4,84.5,0,5,0.0209,0.0259,0.0489
HYD-HY0098,Hyderabad,2025-01-01,1,Winter,2.69,17.3,111.6,142.8,0,1,0.04,0.063,0.0241
DEL-DE0019,Delhi,2024-10-28,10,Winter,0.0,21.0,264.5,295.7,0,4,0.098,0.1066,0.4707
DEL-DE0057,Delhi,2025-09-12,9,Monsoon,32.5,36.0,118.8,158.2,0,2,0.4426,0.0041,0.0488
KOL-KO0199,Kolkata,2025-11-08,11,Winter,0.0,23.5,162.4,200.2,0,2,0.054,0.0029,0.2639
BEN-BE0076,Bengaluru,2026-03-30,3,Summer,2.5,32.9,103.1,142.7,0,3,0.1056,0.0067,0.0214
CHE-CH0048,Chennai,2024-06-26,6,Monsoon,10.37,30.0,98.6,134.7,0,3,0.0448,0.0447,0.0
HYD-HY0143,Hyderabad,2025-04-18,4,Summer,0.0,31.7,72.7,118.6,2,3,0.2488,0.2736,0.0502
PUN-PU0120,Pune,2025-04-06,4,Summer,0.0,27.6,100.3,145.8,0,2,0.095,0.0037,0.0
AHM-AH0149,Ahmedabad,2025-09-08,9,Monsoon,24.36,27.6,44.0,89.3,0,2,0.2832,0.0045,0.0
CHE-CH0111,Chennai,2026-02-15,2,Winter,0.0,30.7,64.0,97.9,0,3,0.0276,0.0618,0.0
KOL-KO0098,Kolkata,2024-10-28,10,Winter,4.44,20.6,120.0,136.4,0,2,0.164,0.0845,0.1329
AHM-AH0101,Ahmedabad,2025-12-21,12,Winter,0.0,36.6,89.8,123.7,0,3,0.0825,0.0265,0.0589
DEL-DE0195,Delhi,2025-12-16,12,Winter,1.23,22.6,351.5,396.8,0,4,0.0718,0.0122,0.6496
MUM-MU0043,Mumbai,2025-04-07,4,Summer,0.0,41.4,138.9,164.0,1,1,0.0129,0.242,0.0673
AHM-AH0011,Ahmedabad,2025-04-21,4,Summer,5.04,40.2,104.1,119.3,0,2,0.1533,0.1074,0.0827
CHE-CH0173,Chennai,2024-07-19,7,Monsoon,14.26,29.4,113.7,128.2,0,3,0.048,0.0,0.0085
CHE-CH0133,Chennai,2024-05-09,5,Summer,4.49,39.3,77.1,96.0,0,2,0.2081,0.0637,0.0003
AHM-AH0083,Ahmedabad,2025-05-17,5,Summer,2.63,38.4,95.1,134.3,0,3,0.0486,0.17,0.0618
DEL-DE0075,Delhi,2024-07-10,7,Monsoon,42.4,33.2,91.7,131.2,0,1,0.5647,0.0252,0.0
BEN-BE0113,Bengaluru,2024-08-05,8,Monsoon,22.63,33.0,108.6,154.8,0,2,0.2817,0.0262,0.0
MUM-MU0080,Mumbai,2024-06-27,6,Monsoon,50.4,30.8,131.0,175.2,0,2,0.6164,0.0308,0.0952
KOL-KO0193,Kolkata,2025-12-13,12,Winter,8.88,32.2,213.9,257.9,0,4,0.1101,0.0115,0.2601
AHM-AH0047,Ahmedabad,2024-09-24,9,Monsoon,28.58,33.8,126.8,149.3,0,1,0.4083,0.0309,0.0593
KOL-KO0096,Kolkata,2025-05-27,5,Summer,3.2,32.7,124.7,148.6,0,3,0.0726,0.0349,0.0862
HYD-HY0144,Hyderabad,2024-05-07,5,Summer,1.58,43.5,112.7,148.1,0,3,0.2747,0.0,0.1042
CHE-CH0003,Chennai,2024-10-24,10,Winter,0.0,21.4,106.5,126.7,0,1,0.0716,0.1434,0.0823
HYD-HY0111,Hyderabad,2025-07-11,7,Monsoon,0.0,31.6,87.2,129.2,0,1,0.1421,0.106,0.0329
AHM-AH0027,Ahmedabad,2024-11-02,11,Winter,0.0,21.9,135.1,156.3,0,5,0.0484,0.0526,0.1098
HYD-HY0003,Hyderabad,2024-05-07,5,Summer,0.0,39.8,87.9,101.7,0,3,0.0,0.129,0.0
DEL-DE0188,Delhi,2026-01-16,1,Winter,0.0,22.8,398.1,441.6,0,1,0.1617,0.0468,0.7237
HYD-HY0160,Hyderabad,2025-05-16,5,Summer,4.51,44.9,98.4,138.3,1,2,0.4297,0.2118,0.0186
DEL-DE0182,Delhi,2026-02-21,2,Winter,0.0,32.3,372.7,383.7,0,1,0.2338,0.0962,0.6846
HYD-HY0113,Hyderabad,2025-12-24,12,Winter,0.0,20.3,61.2,86.9,0,3,0.056,0.0895,0.0
CHE-CH0112,Chennai,2025-11-12,11,Winter,1.66,21.4,86.1,122.0,1,2,0.123,0.2676,0.0744
CHE-CH0062,Chennai,2025-05-01,5,Summer,1.47,41.1,88.7,130.7,0,5,0.0664,0.0489,0.0938
AHM-AH0099,Ahmedabad,2024-06-10,6,Monsoon,15.25,43.6,71.8,113.4,0,2,0.2785,0.042,0.0878
KOL-KO0159,Kolkata,2025-02-04,2,Winter,0.0,24.5,124.2,147.4,0,3,0.1441,0.0287,0.083
BEN-BE0163,Bengaluru,2025-07-18,7,Monsoon,23.4,26.7,146.6,158.6,0,1,0.3708,0.1137,0.094
PUN-PU0026,Pune,2026-02-27,2,Winter,0.0,15.0,171.7,193.3,1,2,0.1361,0.2889,0.1856
HYD-HY0135,Hyderabad,2024-10-19,10,Winter,18.62,21.2,91.8,119.6,0,2,0.241,0.0,0.0253
DEL-DE0128,Delhi,2024-12-13,12,Winter,0.0,23.3,270.4,287.8,2,3,0.1642,0.3363,0.35
MUM-MU0141,Mumbai,2024-05-20,5,Summer,23.25,36.9,77.1,122.1,0,3,0.3312,0.0121,0.0
HYD-HY0087,Hyderabad,2025-04-17,4,Summer,0.0,37.8,142.8,185.5,0,4,0.0881,0.0762,0.1406
DEL-DE0117,Delhi,2024-04-06,4,Summer,3.62,48.0,93.2,133.1,0,1,0.5298,0.0334,0.0401
KOL-KO0120,Kolkata,2024-08-01,8,Monsoon,36.81,23.0,81.4,95.8,0,5,0.4256,0.0638,0.0647
CHE-CH0005,Chennai,2026-02-21,2,Winter,4.22,20.5,102.2,142.1,0,5,0.2251,0.0363,0.0
BEN-BE0139,Bengaluru,2024-12-25,12,Winter,1.36,15.0,106.5,121.6,1,3,0.0,0.2542,0.0
HYD-HY0109,Hyderabad,2024-07-14,7,Monsoon,8.81,27.4,86.5,102.1,0,2,0.1184,0.118,0.1031
CHE-CH0151,Chennai,2024-07-18,7,Monsoon,39.62,29.0,56.9,70.4,0,3,0.4717,0.0,0.013
KOL-KO0129,Kolkata,2025-04-12,4,Summer,7.23,44.6,96.1,127.1,0,4,0.3334,0.0913,0.0348
MUM-MU0001,Mumbai,2024-12-25,12,Winter,3.86,23.6,82.9,109.3,0,3,0.0,0.0406,0.0132
AHM-AH0189,Ahmedabad,2024-06-10,6,Monsoon,32.11,31.5,133.2,162.8,0,3,0.3876,0.0091,0.195
PUN-PU0106,Pune,2026-01-07,1,Winter,3.46,24.6,74.3,92.0,0,3,0.0918,0.0587,0.0376
HYD-HY0036,Hyderabad,2024-11-26,11,Winter,6.05,27.2,115.8,145.9,0,3,0.2042,0.043,0.0293
CHE-CH0176,Chennai,2025-03-07,3,Summer,18.48,44.7,171.2,181.4,1,3,0.3809,0.1493,0.1121
AHM-AH0102,Ahmedabad,2025-12-10,12,Winter,4.15,23.1,119.2,155.3,0,2,0.1831,0.152,0.0927
DEL-DE0179,Delhi,2025-05-08,5,Summer,0.0,29.6,106.8,139.9,0,3,0.0029,0.059,0.0
MUM-MU0038,Mumbai,2025-07-16,7,Monsoon,19.82,27.0,123.9,140.6,0,2,0.0888,0.0411,0.0221
PUN-PU0069,Pune,2024-12-28,12,Winter,0.0,25.0,76.8,94.7,0,2,0.0671,0.0396,0.0174
CHE-CH0145,Chennai,2025-11-11,11,Winter,0.22,30.7,86.1,135.6,0,3,0.1212,0.0019,0.0133
AHM-AH0189,Ahmedabad,2024-04-21,4,Summer,5.28,35.7,113.0,141.1,0,4,0.2402,0.0565,0.0799
PUN-PU0070,Pune,2025-10-25,10,Winter,7.72,32.2,92.8,123.1,0,2,0.0952,0.0549,0.049
BEN-BE0089,Bengaluru,2026-02-02,2,Winter,0.0,23.9,106.2,149.9,0,3,0.1585,0.0619,0.048
CHE-CH0056,Chennai,2026-01-30,1,Winter,5.15,24.7,112.4,142.3,1,4,0.023,0.2327,0.0745
AHM-AH0076,Ahmedabad,2024-05-25,5,Summer,0.0,27.2,88.7,122.2,0,4,0.0,0.0261,0.0054
MUM-MU0129,Mumbai,2024-11-28,11,Winter,3.24,23.6,93.5,118.5,0,4,0.1375,0.0238,0.0
PUN-PU0148,Pune,2026-02-15,2,Winter,1.79,15.1,58.5,79.0,0,4,0.1651,0.1129,0.0
HYD-HY0103,Hyderabad,2025-07-12,7,Monsoon,2.87,32.7,125.2,156.9,0,3,0.0687,0.0258,0.0969
CHE-CH0193,Chennai,2024-06-02,6,Monsoon,57.88,32.6,107.0,135.5,1,1,0.6596,0.2338,0.0815
DEL-DE0188,Delhi,2024-05-27,5,Summer,0.0,28.5,82.1,117.2,0,1,0.2144,0.0015,0.0229
HYD-HY0073,Hyderabad,2024-10-07,10,Winter,2.66,15.0,100.2,122.3,0,1,0.0987,0.0586,0.0146
PUN-PU0199,Pune,2026-01-07,1,Winter,0.0,16.9,96.7,121.7,0,2,0.0,0.0686,0.0738
HYD-HY0018,Hyderabad,2025-05-20,5,Summer,14.79,41.4,131.9,180.4,0,3,0.1126,0.0648,0.0512
AHM-AH0168,Ahmedabad,2025-07-29,7,Monsoon,24.6,38.8,116.1,126.5,0,3,0.2846,0.0397,0.0463
HYD-HY0129,Hyderabad,2025-01-03,1,Winter,0.0,25.1,125.4,165.4,1,1,0.2023,0.1793,0.1311
DEL-DE0115,Delhi,2026-01-21,1,Winter,1.91,28.6,345.4,359.9,0,4,0.0451,0.048,0.6106
PUN-PU0055,Pune,2025-06-28,6,Monsoon,12.16,21.7,110.6,129.9,0,2,0.0061,0.0,0.1512
BEN-BE0179,Bengaluru,2025-07-29,7,Monsoon,0.0,28.2,33.8,48.7,0,4,0.0,0.0269,0.0232
CHE-CH0060,Chennai,2024-08-17,8,Monsoon,39.28,34.9,102.3,128.7,0,1,0.5193,0.1167,0.0
KOL-KO0039,Kolkata,2024-11-26,11,Winter,7.4,25.9,130.6,150.7,0,1,0.1234,0.0791,0.0601
PUN-PU0112,Pune,2025-11-22,11,Winter,5.28,22.3,69.2,110.8,0,4,0.1704,0.0562,0.0
CHE-CH0059,Chennai,2025-07-23,7,Monsoon,23.04,34.4,141.6,161.3,1,1,0.3614,0.2551,0.0686
DEL-DE0026,Delhi,2025-06-18,6,Monsoon,0.0,32.0,93.2,116.2,0,2,0.1932,0.0624,0.0895
MUM-MU0197,Mumbai,2026-01-02,1,Winter,6.1,24.8,180.5,226.8,0,2,0.1909,0.0673,0.2445
HYD-HY0071,Hyderabad,2025-01-23,1,Winter,0.0,20.4,30.0,57.7,0,1,0.1314,0.0,0.1254
PUN-PU0149,Pune,2024-08-12,8,Monsoon,23.58,23.7,70.8,101.1,0,1,0.4163,0.0206,0.0524
MUM-MU0136,Mumbai,2024-11-03,11,Winter,0.0,15.0,190.0,211.4,0,4,0.1549,0.0631,0.2297
MUM-MU0089,Mumbai,2025-03-24,3,Summer,25.78,45.3,79.1,122.6,0,2,0.378,0.0279,0.0778
DEL-DE0065,Delhi,2025-06-20,6,Monsoon,18.75,35.5,134.1,157.4,0,3,0.0408,0.0099,0.0733
DEL-DE0165,Delhi,2024-04-24,4,Summer,0.0,39.6,157.9,170.2,0,2,0.2288,0.0775,0.0878
MUM-MU0064,Mumbai,2025-12-21,12,Winter,0.09,23.3,101.0,129.5,0,3,0.1878,0.0375,0.1212
BEN-BE0013,Bengaluru,2025-02-10,2,Winter,3.53,23.1,87.3,105.3,0,1,0.1094,0.0284,0.0615
DEL-DE0019,Delhi,2024-06-14,6,Monsoon,40.37,32.1,84.9,104.4,0,5,0.4406,0.0473,0.0419
KOL-KO0194,Kolkata,2025-10-01,10,Winter,2.62,17.8,135.9,174.5,0,2,0.1637,0.1135,0.1236
DEL-DE0192,Delhi,2024-06-20,6,Monsoon,15.83,29.5,105.3,133.3,0,1,0.1331,0.0729,0.0699
DEL-DE0002,Delhi,2024-12-19,12,Winter,0.0,15.5,496.2,526.9,1,1,0.1695,0.2563,0.8943
MUM-MU0065,Mumbai,2024-08-11,8,Monsoon,59.68,25.9,192.3,205.8,0,1,0.7786,0.076,0.2728
HYD-HY0169,Hyderabad,2025-03-30,3,Summer,4.37,36.7,78.5,95.7,0,1,0.1744,0.1267,0.1068
PUN-PU0114,Pune,2024-12-25,12,Winter,1.02,21.9,77.1,125.7,0,1,0.1525,0.0193,0.0098
CHE-CH0195,Chennai,2025-07-16,7,Monsoon,62.34,36.1,43.7,71.4,0,2,0.8153,0.0,0.0324
PUN-PU0147,Pune,2024-11-12,11,Winter,0.0,20.7,104.6,126.3,0,2,0.0,0.0333,0.0275
HYD-HY0003,Hyderabad,2024-04-11,4,Summer,6.04,37.0,121.4,169.6,1,3,0.1839,0.2081,0.1214
HYD-HY0076,Hyderabad,2025-10-12,10,Winter,3.06,15.9,54.9,94.4,0,3,0.127,0.0347,0.1101
PUN-PU0077,Pune,2025-09-02,9,Monsoon,30.17,22.0,91.2,128.6,0,1,0.483,0.0895,0.0631
AHM-AH0036,Ahmedabad,2025-08-21,8,Monsoon,3.23,33.0,81.5,117.3,0,5,0.0421,0.0317,0.0387
PUN-PU0008,Pune,2024-04-20,4,Summer,1.05,37.2,127.5,143.0,0,3,0.1278,0.0526,0.0839
BEN-BE0124,Bengaluru,2025-09-16,9,Monsoon,11.68,26.5,91.6,110.0,0,2,0.0243,0.074,0.0703
MUM-MU0100,Mumbai,2025-02-21,2,Winter,6.36,16.0,66.4,89.7,1,3,0.1178,0.1849,0.0
CHE-CH0150,Chennai,2025-09-15,9,Monsoon,43.79,27.2,65.4,75.5,0,1,0.4594,0.0,0.0143
BEN-BE0052,Bengaluru,2024-11-27,11,Winter,0.0,16.9,151.1,192.1,0,3,0.0596,0.0352,0.1266
PUN-PU0040,Pune,2024-07-20,7,Monsoon,41.81,20.9,94.2,108.4,0,2,0.4851,0.0625,0.0829
AHM-AH0070,Ahmedabad,2025-08-09,8,Monsoon,12.07,38.9,155.8,190.1,0,2,0.0637,0.1003,0.1515
MUM-MU0145,Mumbai,2026-02-27,2,Winter,4.05,30.1,169.6,196.1,0,5,0.1847,0.1134,0.1767
MUM-MU0026,Mumbai,2025-12-13,12,Winter,2.15,18.9,139.5,185.4,0,5,0.1859,0.0876,0.1177
BEN-BE0027,Bengaluru,2025-02-08,2,Winter,7.87,16.1,120.8,163.8,0,1,0.0792,0.025,0.0966
PUN-PU0142,Pune,2024-11-12,11,Winter,15.98,25.3,108.1,127.8,0,2,0.1418,0.0417,0.0
HYD-HY0006,Hyderabad,2025-06-21,6,Monsoon,2.16,24.4,139.3,184.6,0,3,0.1344,0.0605,0.1336
MUM-MU0163,Mumbai,2024-11-13,11,Winter,5.92,22.6,34.4,80.1,0,5,0.2657,0.0449,0.0176
KOL-KO0158,Kolkata,2025-01-28,1,Winter,8.32,23.6,172.2,186.9,0,4,0.0933,0.0737,0.2211
PUN-PU0108,Pune,2024-12-17,12,Winter,10.93,26.3,111.4,156.7,0,2,0.0814,0.1166,0.0458
MUM-MU0124,Mumbai,2026-03-09,3,Summer,11.76,45.6,127.6,157.2,0,1,0.4285,0.0745,0.0905
CHE-CH0139,Chennai,2025-02-25,2,Winter,3.51,24.4,71.9,96.4,0,1,0.0456,0.0874,0.1037
HYD-HY0142,Hyderabad,2025-11-30,11,Winter,9.77,25.8,131.0,155.0,1,2,0.0694,0.2366,0.1634
AHM-AH0122,Ahmedabad,2024-09-23,9,Monsoon,16.66,34.3,80.6,103.5,0,3,0.1335,0.0516,0.0
KOL-KO0051,Kolkata,2024-04-18,4,Summer,0.8,29.0,164.9,205.5,0,1,0.175,0.0006,0.1982
CHE-CH0155,Chennai,2024-05-16,5,Summer,6.56,33.8,127.0,144.3,0,3,0.084,0.0276,0.0543
AHM-AH0050,Ahmedabad,2025-11-02,11,Winter,13.01,32.4,64.2,92.1,1,2,0.0604,0.2655,0.0
MUM-MU0119,Mumbai,2025-03-04,3,Summer,30.39,27.5,132.9,176.2,2,2,0.3204,0.3703,0.1258
PUN-PU0063,Pune,2025-09-11,9,Monsoon,2.85,27.7,120.5,159.0,0,1,0.0135,0.1422,0.103
BEN-BE0144,Bengaluru,2024-07-13,7,Monsoon,17.21,28.7,71.3,95.5,0,1,0.1191,0.0205,0.0805
HYD-HY0083,Hyderabad,2026-03-31,3,Summer,7.2,31.0,74.9,88.0,1,2,0.1483,0.229,0.0324
MUM-MU0083,Mumbai,2024-09-13,9,Monsoon,0.0,31.3,130.1,179.3,1,4,0.0823,0.1817,0.1229
AHM-AH0103,Ahmedabad,2024-07-06,7,Monsoon,26.2,27.7,50.3,93.4,0,1,0.3696,0.0515,0.0227
MUM-MU0144,Mumbai,2024-05-01,5,Summer,8.24,27.0,90.1,111.8,0,2,0.2884,0.0383,0.0094
CHE-CH0022,Chennai,2025-07-03,7,Monsoon,6.74,32.5,87.3,130.4,0,4,0.0892,0.0587,0.015
MUM-MU0159,Mumbai,2024-10-23,10,Winter,1.57,23.4,91.7,115.9,0,5,0.0,0.0206,0.0
BEN-BE0042,Bengaluru,2026-03-10,3,Summer,0.0,37.8,64.2,84.9,0,1,0.1185,0.0537,0.0921
HYD-HY0063,Hyderabad,2024-12-09,12,Winter,0.0,18.7,109.3,150.7,0,3,0.0953,0.0347,0.0846
MUM-MU0198,Mumbai,2025-10-07,10,Winter,4.08,25.2,138.2,151.7,0,1,0.2164,0.0,0.1617
DEL-DE0007,Delhi,2025-06-10,6,Monsoon,29.19,32.8,99.7,127.1,0,5,0.4612,0.06,0.0
AHM-AH0085,Ahmedabad,2024-07-27,7,Monsoon,19.77,28.6,128.7,168.7,1,4,0.0292,0.1885,0.0865
BEN-BE0073,Bengaluru,2025-03-09,3,Summer,7.14,27.4,125.0,160.1,0,3,0.0606,0.0587,0.0457
HYD-HY0088,Hyderabad,2026-02-02,2,Winter,1.11,24.7,93.9,116.2,1,3,0.1584,0.1839,0.013
CHE-CH0189,Chennai,2025-01-29,1,Winter,0.0,20.7,76.1,95.8,0,5,0.1317,0.0883,0.0
DEL-DE0188,Delhi,2025-09-11,9,Monsoon,34.66,33.0,131.3,151.4,0,2,0.4629,0.0549,0.1097
DEL-DE0195,Delhi,2025-02-26,2,Winter,5.51,30.2,319.6,364.2,0,2,0.0302,0.0,0.5469
HYD-HY0077,Hyderabad,2026-03-22,3,Summer,0.0,48.0,122.3,140.5,0,3,0.6117,0.0931,0.0642
PUN-PU0145,Pune,2025-06-19,6,Monsoon,1.21,25.4,150.6,185.8,0,5,0.1225,0.0,0.106
BEN-BE0109,Bengaluru,2024-11-12,11,Winter,0.0,27.6,76.5,100.1,1,2,0.1021,0.2032,0.0355
HYD-HY0167,Hyderabad,2025-12-07,12,Winter,11.38,16.3,107.8,141.0,0,3,0.0647,0.0549,0.0
PUN-PU0080,Pune,2024-09-22,9,Monsoon,19.02,27.7,115.7,138.6,0,3,0.1417,0.0,0.0527
DEL-DE0166,Delhi,2025-07-08,7,Monsoon,7.29,33.7,42.9,74.5,0,1,0.0,0.07,0.065
HYD-HY0143,Hyderabad,2024-10-20,10,Winter,5.05,22.8,90.9,133.6,1,4,0.0354,0.1944,0.0
AHM-AH0134,Ahmedabad,2025-08-06,8,Monsoon,10.52,28.7,70.0,117.2,0,3,0.0769,0.1391,0.0
HYD-HY0143,Hyderabad,2025-06-08,6,Monsoon,26.52,27.5,92.6,104.7,0,2,0.404,0.0049,0.0716
KOL-KO0050,Kolkata,2025-11-28,11,Winter,5.27,27.1,84.7,107.9,0,2,0.0374,0.1449,0.0035
AHM-AH0128,Ahmedabad,2024-07-07,7,Monsoon,53.06,37.3,123.2,140.6,0,1,0.6323,0.0994,0.1179
DEL-DE0016,Delhi,2024-08-13,8,Monsoon,30.54,35.6,61.0,102.0,0,1,0.4205,0.0601,0.0356
AHM-AH0169,Ahmedabad,2025-01-03,1,Winter,3.07,24.8,153.9,183.3,0,3,0.0208,0.0565,0.1854
PUN-PU0107,Pune,2025-07-08,7,Monsoon,14.61,23.1,91.6,121.4,0,2,0.1246,0.0057,0.0599
HYD-HY0180,Hyderabad,2024-06-12,6,Monsoon,12.48,30.0,75.0,87.9,0,3,0.106,0.0696,0.0
CHE-CH0133,Chennai,2025-07-09,7,Monsoon,5.7,20.3,47.1,66.5,0,3,0.0081,0.0529,0.0097
PUN-PU0181,Pune,2024-09-05,9,Monsoon,5.83,22.1,92.9,111.0,0,3,0.0157,0.0147,0.0555
KOL-KO0139,Kolkata,2025-04-06,4,Summer,5.65,39.1,242.7,259.1,0,3,0.0279,0.0034,0.3834
AHM-AH0038,Ahmedabad,2024-12-06,12,Winter,5.75,25.9,68.1,87.9,0,4,0.0032,0.0584,0.0
PUN-PU0162,Pune,2025-10-17,10,Winter,0.0,21.3,30.0,71.3,0,2,0.174,0.0415,0.0771
KOL-KO0074,Kolkata,2025-06-05,6,Monsoon,50.1,32.8,71.1,91.7,0,3,0.637,0.0927,0.0379
DEL-DE0013,Delhi,2024-11-26,11,Winter,0.9,24.5,452.5,472.4,0,3,0.0779,0.0149,0.9284
DEL-DE0141,Delhi,2025-12-14,12,Winter,4.56,22.9,324.5,340.0,0,3,0.0231,0.0616,0.5621
DEL-DE0169,Delhi,2026-02-24,2,Winter,0.0,27.1,420.3,433.1,1,4,0.1081,0.1787,0.8358
HYD-HY0126,Hyderabad,2024-09-29,9,Monsoon,40.13,25.1,73.0,99.8,0,2,0.5582,0.0734,0.0205
KOL-KO0022,Kolkata,2026-01-08,1,Winter,0.0,22.7,204.3,243.8,0,2,0.0,0.0634,0.3119
HYD-HY0033,Hyderabad,2025-02-27,2,Winter,0.0,16.2,114.6,128.8,1,2,0.0353,0.2137,0.0563
CHE-CH0091,Chennai,2025-04-07,4,Summer,18.41,36.6,30.0,55.8,0,3,0.0808,0.0558,0.0
PUN-PU0146,Pune,2024-05-05,5,Summer,0.0,37.4,67.7,96.4,0,5,0.1132,0.1231,0.0643
DEL-DE0123,Delhi,2024-11-06,11,Winter,1.93,36.8,309.5,325.4,1,4,0.0,0.2233,0.524
HYD-HY0093,Hyderabad,2024-09-24,9,Monsoon,13.32,30.7,111.6,138.3,0,3,0.0313,0.1208,0.0666
PUN-PU0028,Pune,2025-09-19,9,Monsoon,7.95,28.7,58.9,91.2,0,2,0.1865,0.0542,0.0
KOL-KO0107,Kolkata,2024-09-10,9,Monsoon,1.13,32.9,115.3,142.2,0,1,0.2215,0.0037,0.0536
CHE-CH0121,Chennai,2025-03-13,3,Summer,7.14,28.6,111.9,140.7,0,5,0.1346,0.0769,0.0757
CHE-CH0045,Chennai,2026-02-28,2,Winter,11.94,20.4,104.1,137.0,0,2,0.0,0.0937,0.0068
HYD-HY0126,Hyderabad,2025-01-17,1,Winter,0.0,19.2,94.1,104.6,0,1,0.0647,0.0287,0.0071
CHE-CH0064,Chennai,2024-04-25,4,Summer,0.99,33.6,37.3,60.4,1,3,0.2109,0.2031,0.0183
CHE-CH0161,Chennai,2025-02-17,2,Winter,3.2,20.1,90.8,123.2,0,1,0.0807,0.0477,0.0
KOL-KO0044,Kolkata,2024-09-14,9,Monsoon,27.55,26.5,215.5,263.5,0,3,0.3637,0.0334,0.2838
AHM-AH0165,Ahmedabad,2025-05-07,5,Summer,23.14,41.3,54.3,85.1,0,5,0.3227,0.0699,0.0641
PUN-PU0096,Pune,2025-02-07,2,Winter,19.65,18.9,67.7,94.3,0,2,0.0309,0.0355,0.0
KOL-KO0081,Kolkata,2024-06-15,6,Monsoon,7.36,27.9,99.4,110.5,0,3,0.1381,0.1101,0.0295
AHM-AH0086,Ahmedabad,2024-05-24,5,Summer,1.62,38.4,129.8,169.6,0,3,0.1048,0.0,0.0349
CHE-CH0062,Chennai,2025-05-18,5,Summer,0.0,44.3,109.4,119.9,0,3,0.3245,0.0832,0.083
PUN-PU0046,Pune,2025-01-24,1,Winter,0.0,25.1,135.3,148.2,0,2,0.159,0.0697,0.13
BEN-BE0092,Bengaluru,2024-07-05,7,Monsoon,39.16,21.8,88.4,131.8,0,2,0.5656,0.0473,0.0639
HYD-HY0153,Hyderabad,2024-09-22,9,Monsoon,13.14,23.5,132.7,180.5,1,2,0.2157,0.2106,0.0814
HYD-HY0117,Hyderabad,2024-12-01,12,Winter,9.71,21.9,115.0,149.7,1,4,0.0,0.1348,0.0597
BEN-BE0038,Bengaluru,2026-03-10,3,Summer,0.0,28.8,126.6,147.0,1,2,0.0459,0.212,0.0779
CHE-CH0168,Chennai,2024-09-29,9,Monsoon,18.1,35.5,42.5,72.2,0,1,0.0189,0.0407,0.0168
AHM-AH0168,Ahmedabad,2024-11-30,11,Winter,0.0,29.1,85.1,111.4,0,3,0.1598,0.1122,0.0598
HYD-HY0126,Hyderabad,2025-11-28,11,Winter,0.0,15.0,129.4,176.6,1,1,0.0,0.1925,0.0707
AHM-AH0124,Ahmedabad,2026-01-04,1,Winter,0.01,24.6,155.9,181.6,0,5,0.0,0.048,0.1955
BEN-BE0120,Bengaluru,2025-11-21,11,Winter,0.0,15.0,115.6,139.5,2,1,0.0123,0.334,0.0657
CHE-CH0137,Chennai,2025-04-23,4,Summer,3.28,43.3,87.4,127.7,0,3,0.2012,0.0519,0.0
KOL-KO0126,Kolkata,2025-07-08,7,Monsoon,58.87,28.6,63.9,91.5,0,4,0.6917,0.0522,0.0071
KOL-KO0116,Kolkata,2025-01-28,1,Winter,0.0,23.0,86.7,109.6,1,3,0.14,0.1336,0.0033
KOL-KO0013,Kolkata,2025-10-30,10,Winter,0.0,15.0,90.3,128.8,0,1,0.0941,0.087,0.0595
MUM-MU0000,Mumbai,2025-01-26,1,Winter,8.61,16.5,101.2,127.9,0,1,0.1216,0.0,0.0405
AHM-AH0087,Ahmedabad,2024-08-16,8,Monsoon,20.9,21.7,90.4,100.5,0,3,0.3259,0.0918,0.0308
MUM-MU0070,Mumbai,2025-09-28,9,Monsoon,80.76,31.1,80.6,104.8,0,4,0.8779,0.0,0.0229
BEN-BE0182,Bengaluru,2025-11-19,11,Winter,8.18,21.4,154.1,198.7,0,2,0.0787,0.056,0.1457
PUN-PU0020,Pune,2026-03-09,3,Summer,13.2,38.0,125.5,137.2,0,3,0.0459,0.0615,0.1408
MUM-MU0033,Mumbai,2026-03-23,3,Summer,2.02,36.4,71.8,102.5,1,4,0.2191,0.2175,0.0
HYD-HY0060,Hyderabad,2025-10-21,10,Winter,7.12,19.9,119.8,168.7,0,3,0.0073,0.0581,0.065
DEL-DE0076,Delhi,2024-12-01,12,Winter,7.01,24.6,310.9,338.7,0,4,0.1951,0.0297,0.5533
CHE-CH0018,Chennai,2024-08-18,8,Monsoon,18.27,31.2,119.1,136.8,0,1,0.1079,0.1235,0.0704
MUM-MU0013,Mumbai,2025-11-23,11,Winter,5.45,21.0,106.4,130.7,0,3,0.0505,0.0284,0.0
CHE-CH0015,Chennai,2026-01-08,1,Winter,7.62,15.3,84.5,107.3,0,4,0.1484,0.053,0.0448
BEN-BE0054,Bengaluru,2025-06-03,6,Monsoon,23.35,23.4,50.8,66.7,0,3,0.3836,0.0788,0.0154
BEN-BE0039,Bengaluru,2025-05-01,5,Summer,3.72,40.1,108.6,126.6,0,1,0.087,0.0409,0.0108
CHE-CH0044,Chennai,2025-09-20,9,Monsoon,7.24,31.3,105.1,119.1,0,3,0.0911,0.0595,0.0089
MUM-MU0044,Mumbai,2025-08-24,8,Monsoon,16.14,33.5,149.4,167.4,0,5,0.1142,0.0119,0.2306
AHM-AH0180,Ahmedabad,2024-11-20,11,Winter,6.28,34.8,98.7,138.5,0,1,0.1111,0.0,0.0
AHM-AH0012,Ahmedabad,2026-03-16,3,Summer,3.31,29.3,65.9,106.9,0,1,0.0016,0.0241,0.0216
BEN-BE0165,Bengaluru,2025-05-01,5,Summer,5.85,40.0,110.0,125.7,0,4,0.1481,0.0033,0.0641
HYD-HY0133,Hyderabad,2025-06-14,6,Monsoon,0.0,27.0,143.3,153.7,0,4,0.0789,0.0353,0.1591
HYD-HY0047,Hyderabad,2024-08-06,8,Monsoon,0.0,26.2,73.1,101.0,0,3,0.162,0.0994,0.0
HYD-HY0139,Hyderabad,2024-07-18,7,Monsoon,52.31,35.0,76.7,119.2,0,3,0.6341,0.0692,0.0575
HYD-HY0168,Hyderabad,2024-05-18,5,Summer,7.8,32.3,94.4,119.1,1,5,0.0,0.174,0.0639
HYD-HY0170,Hyderabad,2025-09-28,9,Monsoon,2.94,30.4,76.0,120.1,0,4,0.1476,0.0378,0.0417
DEL-DE0116,Delhi,2024-09-28,9,Monsoon,6.78,29.2,115.2,164.0,0,2,0.0763,0.0412,0.0853
MUM-MU0193,Mumbai,2024-10-21,10,Winter,3.86,26.1,90.1,106.9,0,3,0.164,0.0329,0.0141
MUM-MU0077,Mumbai,2024-10-12,10,Winter,10.85,25.1,158.8,170.9,1,2,0.0426,0.1648,0.1264
KOL-KO0142,Kolkata,2024-12-02,12,Winter,2.85,19.8,174.0,195.3,1,2,0.077,0.2048,0.1937
CHE-CH0128,Chennai,2025-09-15,9,Monsoon,36.33,33.8,116.5,133.7,1,3,0.4279,0.1676,0.1782
DEL-DE0119,Delhi,2024-04-18,4,Summer,4.53,44.2,71.8,90.4,0,2,0.2472,0.1,0.0185
DEL-DE0083,Delhi,2025-02-15,2,Winter,0.0,24.6,351.1,370.3,0,4,0.2119,0.0428,0.6263
BEN-BE0142,Bengaluru,2025-05-07,5,Summer,9.39,36.7,83.5,108.5,0,4,0.0771,0.0509,0.0263
CHE-CH0151,Chennai,2025-05-31,5,Summer,9.63,34.3,171.3,183.3,0,3,0.0781,0.0,0.1265
HYD-HY0192,Hyderabad,2025-04-24,4,Summer,0.0,46.6,89.6,125.4,0,2,0.3939,0.0157,0.0607
BEN-BE0111,Bengaluru,2024-09-07,9,Monsoon,22.04,34.4,107.5,141.7,0,5,0.3818,0.0774,0.0333
BEN-BE0077,Bengaluru,2025-03-20,3,Summer,0.0,30.7,119.4,154.6,0,3,0.1366,0.1194,0.2653
BEN-BE0124,Bengaluru,2024-08-26,8,Monsoon,43.79,29.1,79.5,90.2,0,2,0.4953,0.1284,0.0
CHE-CH0015,Chennai,2024-09-13,9,Monsoon,21.53,40.2,118.2,136.1,0,3,0.3101,0.0714,0.0816
MUM-MU0188,Mumbai,2025-12-04,12,Winter,1.22,25.5,60.6,89.0,0,3,0.2088,0.0449,0.0161
HYD-HY0168,Hyderabad,2026-01-27,1,Winter,0.0,22.9,131.9,157.8,0,4,0.122,0.0515,0.1296
KOL-KO0018,Kolkata,2025-08-20,8,Monsoon,1.22,27.0,30.0,51.6,0,3,0.1316,0.1014,0.0451
HYD-HY0165,Hyderabad,2025-01-28,1,Winter,0.0,24.3,92.8,115.9,0,1,0.0,0.1272,0.005
BEN-BE0045,Bengaluru,2025-06-20,6,Monsoon,41.13,22.4,110.5,138.3,0,3,0.5985,0.0404,0.0426
AHM-AH0103,Ahmedabad,2026-02-19,2,Winter,4.58,26.2,119.1,160.2,0,3,0.0749,0.0,0.1245
MUM-MU0158,Mumbai,2024-10-26,10,Winter,23.02,26.1,145.4,176.9,0,4,0.2859,0.0444,0.1918
AHM-AH0081,Ahmedabad,2025-01-15,1,Winter,0.0,24.3,45.6,60.8,0,4,0.1137,0.0895,0.0504
CHE-CH0064,Chennai,2024-04-30,4,Summer,2.37,42.7,148.3,173.8,1,3,0.251,0.1774,0.2044
KOL-KO0188,Kolkata,2025-08-13,8,Monsoon,15.16,24.3,200.1,231.0,0,3,0.018,0.0929,0.2205
DEL-DE0154,Delhi,2024-10-11,10,Winter,0.55,16.9,288.9,331.8,1,3,0.1527,0.1625,0.527
KOL-KO0199,Kolkata,2025-10-07,10,Winter,0.0,15.0,147.2,188.7,0,4,0.07,0.0,0.1019
AHM-AH0012,Ahmedabad,2024-08-13,8,Monsoon,8.78,37.5,144.5,170.8,0,2,0.0412,0.0496,0.1367
AHM-AH0039,Ahmedabad,2024-04-12,4,Summer,10.72,48.0,141.2,187.4,0,2,0.4937,0.0829,0.0704
HYD-HY0180,Hyderabad,2024-07-15,7,Monsoon,11.54,28.1,61.9,81.8,0,2,0.0,0.0789,0.1238
MUM-MU0195,Mumbai,2024-12-10,12,Winter,0.0,25.3,121.4,147.2,1,2,0.2149,0.2162,0.0734
PUN-PU0019,Pune,2025-12-04,12,Winter,0.0,29.9,84.1,105.5,0,2,0.1626,0.0738,0.0
PUN-PU0115,Pune,2025-06-30,6,Monsoon,14.16,32.4,128.7,171.4,0,2,0.2083,0.0627,0.1221
CHE-CH0015,Chennai,2025-10-25,10,Winter,0.0,24.8,135.6,173.6,0,3,0.1979,0.0425,0.1622
MUM-MU0076,Mumbai,2025-09-29,9,Monsoon,31.65,22.5,98.6,117.5,1,3,0.4953,0.2186,0.0843
AHM-AH0096,Ahmedabad,2025-02-03,2,Winter,1.26,21.0,124.6,167.2,0,2,0.0786,0.0,0.1104
HYD-HY0180,Hyderabad,2025-10-14,10,Winter,0.0,18.0,94.8,115.6,0,5,0.1661,0.063,0.0096
CHE-CH0181,Chennai,2025-03-27,3,Summer,9.11,48.0,82.7,125.9,0,2,0.4293,0.0,0.0449
MUM-MU0160,Mumbai,2024-11-20,11,Winter,7.0,23.6,72.9,84.9,0,4,0.0669,0.0308,0.0492
AHM-AH0197,Ahmedabad,2024-09-23,9,Monsoon,14.42,28.2,83.0,104.7,0,5,0.1281,0.0,0.0312
MUM-MU0114,Mumbai,2025-10-08,10,Winter,0.0,20.9,211.0,244.3,0,1,0.0,0.0298,0.2734
AHM-AH0178,Ahmedabad,2024-04-07,4,Summer,1.08,27.8,106.8,152.6,1,1,0.0833,0.2358,0.0814
CHE-CH0084,Chennai,2026-01-10,1,Winter,0.0,29.6,39.2,71.5,0,2,0.2492,0.0702,0.0004
CHE-CH0112,Chennai,2026-03-16,3,Summer,4.89,39.0,155.4,189.4,0,3,0.1901,0.0711,0.1683
KOL-KO0089,Kolkata,2026-03-09,3,Summer,3.84,41.8,237.8,260.3,0,1,0.1838,0.0224,0.327
KOL-KO0053,Kolkata,2025-07-10,7,Monsoon,37.27,30.7,161.5,201.7,0,1,0.4852,0.0753,0.1817
DEL-DE0046,Delhi,2024-11-27,11,Winter,0.0,21.8,306.1,330.1,0,4,0.0313,0.0568,0.4269
AHM-AH0177,Ahmedabad,2025-05-24,5,Summer,3.7,29.8,127.9,169.4,1,5,0.0,0.1779,0.102
BEN-BE0064,Bengaluru,2024-09-05,9,Monsoon,27.16,25.0,101.4,126.5,0,3,0.3249,0.039,0.0
AHM-AH0131,Ahmedabad,2026-03-08,3,Summer,0.0,44.3,95.7,106.2,0,1,0.3653,0.0472,0.0548
PUN-PU0136,Pune,2024-05-25,5,Summer,0.0,31.8,108.3,141.9,0,3,0.0569,0.0383,0.0875
PUN-PU0033,Pune,2024-10-12,10,Winter,9.52,29.3,82.4,132.0,0,1,0.023,0.0328,0.0209
MUM-MU0023,Mumbai,2025-12-29,12,Winter,0.0,15.0,62.7,101.5,0,4,0.012,0.0554,0.0
PUN-PU0098,Pune,2024-11-30,11,Winter,2.58,16.2,101.7,148.6,0,3,0.1337,0.061,0.1306
AHM-AH0192,Ahmedabad,2024-09-10,9,Monsoon,1.02,27.2,106.9,119.2,0,1,0.0345,0.0381,0.053
PUN-PU0094,Pune,2024-09-08,9,Monsoon,1.13,30.4,116.1,164.9,0,4,0.1563,0.0,0.0619
CHE-CH0183,Chennai,2024-08-11,8,Monsoon,52.03,35.7,143.9,182.3,0,1,0.6679,0.0154,0.0909
MUM-MU0110,Mumbai,2024-07-21,7,Monsoon,29.18,29.1,142.7,153.2,0,4,0.4823,0.0,0.0879
CHE-CH0024,Chennai,2024-07-29,7,Monsoon,12.26,28.6,98.0,135.7,1,4,0.1127,0.1883,0.0305
HYD-HY0073,Hyderabad,2025-05-08,5,Summer,5.89,47.2,89.1,132.7,0,2,0.4994,0.0991,0.0196
MUM-MU0084,Mumbai,2025-09-25,9,Monsoon,24.72,32.1,91.7,116.4,0,3,0.3744,0.044,0.0431
CHE-CH0053,Chennai,2024-07-09,7,Monsoon,8.28,31.1,89.6,118.5,0,3,0.2163,0.0718,0.0607
HYD-HY0105,Hyderabad,2025-02-22,2,Winter,3.35,20.7,106.7,155.1,0,4,0.1381,0.0453,0.0756
HYD-HY0156,Hyderabad,2026-03-17,3,Summer,0.0,41.1,61.1,110.9,0,3,0.0976,0.0435,0.006
DEL-DE0106,Delhi,2025-05-11,5,Summer,6.62,44.4,75.3,123.5,0,2,0.3906,0.0125,0.0898
CHE-CH0069,Chennai,2026-01-27,1,Winter,0.26,18.8,119.4,153.9,1,1,0.0703,0.2378,0.024
HYD-HY0028,Hyderabad,2024-06-12,6,Monsoon,18.31,26.1,71.7,105.2,0,3,0.1735,0.0955,0.0019
AHM-AH0029,Ahmedabad,2025-05-21,5,Summer,4.83,48.0,107.0,152.1,1,3,0.5889,0.2302,0.0177
BEN-BE0052,Bengaluru,2025-07-08,7,Monsoon,8.67,25.6,95.6,122.9,0,2,0.0904,0.0634,0.1019
DEL-DE0113,Delhi,2026-03-08,3,Summer,0.34,38.0,74.0,122.1,0,4,0.0,0.0194,0.0
MUM-MU0103,Mumbai,2024-12-02,12,Winter,0.0,31.8,166.7,190.8,0,1,0.2417,0.0824,0.285
PUN-PU0179,Pune,2025-09-04,9,Monsoon,16.52,23.3,118.4,164.2,0,4,0.0,0.0,0.1003
AHM-AH0098,Ahmedabad,2025-06-10,6,Monsoon,25.59,41.9,81.9,105.5,0,2,0.303,0.0399,0.0349
KOL-KO0004,Kolkata,2026-03-19,3,Summer,0.0,38.5,97.3,133.4,0,3,0.1402,0.071,0.0
KOL-KO0112,Kolkata,2025-08-14,8,Monsoon,10.97,32.1,240.8,286.8,0,4,0.1108,0.071,0.3714
AHM-AH0141,Ahmedabad,2025-03-02,3,Summer,4.94,36.5,76.0,94.4,2,4,0.0,0.379,0.0
PUN-PU0018,Pune,2025-05-08,5,Summer,1.74,35.4,156.1,173.5,0,2,0.0402,0.061,0.1393
HYD-HY0178,Hyderabad,2025-12-09,12,Winter,0.0,23.7,98.0,125.1,0,3,0.1674,0.0417,0.0632
HYD-HY0033,Hyderabad,2025-05-23,5,Summer,1.91,30.2,92.4,109.2,0,3,0.1902,0.0895,0.0
MUM-MU0184,Mumbai,2024-04-15,4,Summer,0.0,39.1,170.8,187.0,0,1,0.1801,0.0646,0.1832
BEN-BE0054,Bengaluru,2026-01-22,1,Winter,0.0,17.1,111.6,142.7,0,4,0.0701,0.0471,0.075
KOL-KO0084,Kolkata,2026-03-29,3,Summer,11.57,40.2,194.1,217.2,0,4,0.2264,0.0898,0.2115
BEN-BE0193,Bengaluru,2024-12-01,12,Winter,4.95,23.0,70.1,81.8,0,4,0.0816,0.0502,0.0148
KOL-KO0007,Kolkata,2025-04-11,4,Summer,2.99,46.6,163.3,208.6,1,2,0.4893,0.2162,0.2387
DEL-DE0103,Delhi,2024-05-15,5,Summer,14.64,35.8,120.5,131.2,0,4,0.1835,0.0547,0.0999
DEL-DE0070,Delhi,2024-08-30,8,Monsoon,29.85,23.8,139.7,166.9,0,3,0.3832,0.0,0.1545
CHE-CH0088,Chennai,2024-08-20,8,Monsoon,27.45,38.8,99.9,145.9,0,3,0.3408,0.0292,0.0
MUM-MU0169,Mumbai,2024-08-31,8,Monsoon,13.57,28.7,138.4,183.9,0,4,0.166,0.1224,0.1535
KOL-KO0174,Kolkata,2025-12-02,12,Winter,0.0,18.0,200.1,224.1,0,3,0.0668,0.0372,0.2943
HYD-HY0170,Hyderabad,2025-01-28,1,Winter,0.0,23.1,42.1,79.4,0,2,0.0,0.0432,0.053
AHM-AH0126,Ahmedabad,2026-01-06,1,Winter,5.33,30.8,46.1,68.5,1,5,0.0637,0.2668,0.0645
MUM-MU0100,Mumbai,2024-05-22,5,Summer,8.45,40.5,134.7,180.3,0,4,0.1683,0.0118,0.1303
HYD-HY0122,Hyderabad,2025-11-01,11,Winter,0.0,24.7,129.0,176.4,0,3,0.0,0.0,0.1306
KOL-KO0017,Kolkata,2024-10-10,10,Winter,1.2,15.3,212.8,246.9,1,2,0.1771,0.1128,0.2851
BEN-BE0137,Bengaluru,2026-03-04,3,Summer,0.0,28.9,56.7,77.3,1,2,0.0893,0.2113,0.0742
MUM-MU0174,Mumbai,2025-11-22,11,Winter,0.34,19.8,109.0,136.8,1,3,0.0486,0.2553,0.055
KOL-KO0016,Kolkata,2025-01-19,1,Winter,3.43,20.9,205.8,242.3,0,4,0.1238,0.0,0.2898
HYD-HY0027,Hyderabad,2024-06-09,6,Monsoon,10.98,25.2,101.5,133.9,0,2,0.0,0.0,0.0571
KOL-KO0089,Kolkata,2025-06-23,6,Monsoon,19.07,27.9,179.2,203.6,0,1,0.0384,0.0525,0.2047
AHM-AH0029,Ahmedabad,2024-05-08,5,Summer,0.0,48.0,162.2,178.6,1,3,0.4237,0.2115,0.1577
DEL-DE0067,Delhi,2024-09-29,9,Monsoon,23.77,32.8,74.3,93.4,0,1,0.2709,0.0318,0.0668
AHM-AH0160,Ahmedabad,2025-01-08,1,Winter,13.05,22.0,66.8,116.1,1,2,0.0441,0.2273,0.0465
DEL-DE0076,Delhi,2025-05-23,5,Summer,3.2,37.5,63.0,93.2,0,4,0.1114,0.0061,0.0044
KOL-KO0184,Kolkata,2025-11-28,11,Winter,4.92,16.2,181.0,205.1,0,1,0.0831,0.0279,0.167
HYD-HY0145,Hyderabad,2026-01-01,1,Winter,4.79,15.0,85.4,128.2,0,1,0.1211,0.0,0.0004
BEN-BE0005,Bengaluru,2024-09-09,9,Monsoon,38.06,33.6,41.3,88.0,0,2,0.51,0.091,0.004
KOL-KO0199,Kolkata,2024-04-22,4,Summer,0.12,39.3,172.0,199.7,1,3,0.0815,0.2166,0.2359
KOL-KO0009,Kolkata,2024-09-07,9,Monsoon,0.0,24.8,188.4,206.7,0,1,0.0463,0.1018,0.3001
PUN-PU0135,Pune,2025-01-27,1,Winter,0.0,26.1,134.7,167.4,0,2,0.1863,0.0,0.1015
HYD-HY0170,Hyderabad,2026-03-19,3,Summer,0.0,42.2,99.0,119.4,0,4,0.1723,0.0528,0.059
BEN-BE0001,Bengaluru,2024-10-11,10,Winter,12.83,21.6,122.7,134.6,0,2,0.0406,0.0189,0.1448
HYD-HY0149,Hyderabad,2024-09-16,9,Monsoon,9.37,30.8,115.0,136.6,0,2,0.0857,0.0547,0.0453
PUN-PU0061,Pune,2025-03-17,3,Summer,23.92,48.0,124.4,172.9,0,2,0.2428,0.079,0.1143
AHM-AH0106,Ahmedabad,2024-11-01,11,Winter,0.39,23.6,127.3,138.7,0,2,0.0,0.0,0.0772
HYD-HY0073,Hyderabad,2026-03-05,3,Summer,5.09,36.7,125.5,150.2,0,2,0.0468,0.039,0.0631
BEN-BE0104,Bengaluru,2025-11-15,11,Winter,0.0,15.0,169.7,190.4,0,1,0.2046,0.0734,0.2753
BEN-BE0096,Bengaluru,2024-09-11,9,Monsoon,7.57,32.8,101.0,122.9,0,5,0.1152,0.0507,0.0
MUM-MU0146,Mumbai,2026-02-24,2,Winter,2.38,19.2,65.3,102.8,0,4,0.0901,0.0384,0.0078
BEN-BE0145,Bengaluru,2026-03-26,3,Summer,0.37,40.4,79.1,107.6,0,4,0.0677,0.0881,0.0326
AHM-AH0190,Ahmedabad,2026-01-26,1,Winter,0.0,26.1,97.2,119.9,0,2,0.1685,0.054,0.0243
KOL-KO0080,Kolkata,2024-04-20,4,Summer,12.6,48.0,196.1,210.7,1,1,0.4151,0.1986,0.2319
CHE-CH0062,Chennai,2024-04-21,4,Summer,0.0,43.7,67.7,103.2,0,2,0.2907,0.0971,0.0
AHM-AH0002,Ahmedabad,2025-12-11,12,Winter,0.0,16.4,103.2,144.4,0,2,0.2583,0.0,0.0174
HYD-HY0179,Hyderabad,2025-06-05,6,Monsoon,7.17,21.4,118.3,141.7,0,3,0.2747,0.0785,0.0584
MUM-MU0183,Mumbai,2025-10-07,10,Winter,4.97,27.4,78.6,99.4,0,4,0.0584,0.1031,0.0035
DEL-DE0030,Delhi,2025-04-09,4,Summer,2.28,38.0,90.6,106.3,0,1,0.0555,0.0892,0.002
PUN-PU0175,Pune,2025-09-26,9,Monsoon,22.72,32.7,97.0,115.8,0,3,0.3341,0.0384,0.0051
KOL-KO0047,Kolkata,2025-11-12,11,Winter,8.6,15.1,81.4,119.9,0,3,0.0671,0.07,0.0382
KOL-KO0067,Kolkata,2025-01-11,1,Winter,6.07,23.0,153.8,203.3,0,2,0.0727,0.0974,0.1288
CHE-CH0148,Chennai,2025-09-04,9,Monsoon,22.96,31.5,98.6,123.5,0,3,0.3114,0.0,0.0
CHE-CH0113,Chennai,2025-05-15,5,Summer,2.06,46.5,54.4,96.5,1,1,0.4115,0.1934,0.0232
DEL-DE0190,Delhi,2024-05-30,5,Summer,4.38,38.3,93.1,127.9,0,5,0.0128,0.0632,0.0
CHE-CH0056,Chennai,2026-01-05,1,Winter,12.81,21.8,85.5,127.2,1,4,0.0401,0.2227,0.0155
CHE-CH0105,Chennai,2024-07-09,7,Monsoon,32.8,21.2,120.6,152.5,0,2,0.3675,0.0537,0.1106
PUN-PU0016,Pune,2025-03-04,3,Summer,10.3,33.7,79.2,122.5,0,1,0.1068,0.0846,0.0249
PUN-PU0142,Pune,2026-01-15,1,Winter,1.09,27.3,122.6,154.1,1,4,0.0446,0.1542,0.1295
MUM-MU0049,Mumbai,2025-11-02,11,Winter,11.66,18.8,91.7,110.4,0,3,0.1175,0.1086,0.0348
AHM-AH0176,Ahmedabad,2025-02-28,2,Winter,0.0,15.0,88.4,116.1,2,5,0.0,0.3639,0.0
CHE-CH0024,Chennai,2025-12-14,12,Winter,4.15,16.5,88.0,101.9,1,4,0.0331,0.1765,0.0882
DEL-DE0146,Delhi,2025-12-12,12,Winter,6.91,15.2,274.9,318.5,0,2,0.0,0.1184,0.4852
CHE-CH0116,Chennai,2025-05-26,5,Summer,13.95,48.0,96.1,137.0,0,3,0.5155,0.0401,0.0181
PUN-PU0062,Pune,2024-11-17,11,Winter,5.92,19.9,92.0,137.1,0,1,0.112,0.0822,0.0068
KOL-KO0105,Kolkata,2026-01-29,1,Winter,2.72,31.0,177.2,202.3,0,3,0.096,0.0274,0.1843
PUN-PU0076,Pune,2024-10-04,10,Winter,13.05,20.9,89.8,108.7,1,4,0.1003,0.1988,0.0356
DEL-DE0098,Delhi,2026-03-27,3,Summer,3.87,46.3,139.8,158.8,0,1,0.3673,0.098,0.0417
KOL-KO0102,Kolkata,2025-12-31,12,Winter,5.1,19.1,105.0,147.1,0,3,0.1578,0.0718,0.0501
MUM-MU0091,Mumbai,2025-10-03,10,Winter,5.18,25.1,37.3,47.6,0,3,0.0323,0.0,0.0164
BEN-BE0078,Bengaluru,2024-11-13,11,Winter,3.14,27.6,37.7,66.5,0,1,0.0406,0.0594,0.0
BEN-BE0008,Bengaluru,2024-05-05,5,Summer,4.21,28.2,71.8,120.1,0,5,0.1551,0.0817,0.0297
AHM-AH0003,Ahmedabad,2025-05-30,5,Summer,1.45,48.0,92.2,119.7,0,2,0.5375,0.0275,0.0
CHE-CH0165,Chennai,2025-09-12,9,Monsoon,25.26,29.6,99.3,128.6,0,3,0.401,0.0853,0.0481
DEL-DE0119,Delhi,2025-02-12,2,Winter,0.0,24.8,239.1,252.8,1,1,0.1408,0.2111,0.4313
AHM-AH0151,Ahmedabad,2024-12-27,12,Winter,9.03,26.8,100.0,122.4,1,5,0.0705,0.2162,0.0762
AHM-AH0091,Ahmedabad,2024-07-16,7,Monsoon,75.79,32.8,103.2,130.6,0,2,0.9514,0.0453,0.0984
MUM-MU0175,Mumbai,2025-01-21,1,Winter,12.48,26.7,127.7,140.1,0,2,0.179,0.0357,0.0123
DEL-DE0030,Delhi,2024-09-28,9,Monsoon,15.61,33.5,109.4,155.5,0,3,0.0605,0.0,0.0
AHM-AH0114,Ahmedabad,2024-06-04,6,Monsoon,19.37,35.9,86.2,115.2,0,2,0.191,0.1041,0.0035
MUM-MU0111,Mumbai,2025-08-14,8,Monsoon,24.42,29.4,140.8,153.3,0,2,0.4468,0.0534,0.0732
BEN-BE0097,Bengaluru,2025-02-16,2,Winter,4.31,19.2,93.9,133.9,0,4,0.0364,0.0,0.0024
PUN-PU0071,Pune,2025-07-03,7,Monsoon,30.54,26.3,86.2,117.2,0,3,0.4289,0.0,0.0122
DEL-DE0102,Delhi,2024-04-27,4,Summer,22.4,48.0,48.8,76.6,0,2,0.3699,0.0764,0.0526
BEN-BE0189,Bengaluru,2024-11-13,11,Winter,4.32,24.5,157.6,176.8,0,1,0.0901,0.0433,0.1928
MUM-MU0028,Mumbai,2025-08-01,8,Monsoon,73.29,24.6,109.6,131.3,0,3,0.834,0.0814,0.0
CHE-CH0103,Chennai,2025-08-18,8,Monsoon,25.36,37.8,236.6,252.8,0,1,0.2057,0.0976,0.3524
AHM-AH0020,Ahmedabad,2025-05-18,5,Summer,6.68,48.0,79.7,117.2,0,2,0.3729,0.0077,0.0355
DEL-DE0027,Delhi,2025-07-12,7,Monsoon,19.53,30.1,57.9,105.5,0,3,0.0582,0.0,0.0309
CHE-CH0024,Chennai,2024-12-30,12,Winter,0.0,23.6,118.4,151.8,0,2,0.222,0.0293,0.0623
KOL-KO0121,Kolkata,2024-10-01,10,Winter,0.0,28.0,110.9,141.0,0,5,0.1276,0.0,0.0612
KOL-KO0164,Kolkata,2024-08-25,8,Monsoon,20.3,31.5,209.5,225.0,0,5,0.2994,0.0767,0.2375
MUM-MU0046,Mumbai,2026-01-25,1,Winter,0.0,19.3,40.4,81.2,0,2,0.0,0.0202,0.0148
CHE-CH0079,Chennai,2025-08-30,8,Monsoon,30.9,21.7,117.4,130.9,0,4,0.4405,0.0835,0.1598
BEN-BE0028,Bengaluru,2024-04-28,4,Summer,0.0,27.1,58.9,95.0,0,4,0.139,0.0039,0.0028
AHM-AH0115,Ahmedabad,2025-11-14,11,Winter,0.0,15.7,164.1,207.5,0,1,0.0467,0.0574,0.1838
HYD-HY0101,Hyderabad,2024-12-03,12,Winter,6.02,20.9,139.0,166.3,0,3,0.1359,0.0,0.052
BEN-BE0033,Bengaluru,2025-11-15,11,Winter,2.08,29.6,158.1,175.3,0,4,0.0,0.0303,0.2066
BEN-BE0017,Bengaluru,2025-02-08,2,Winter,5.82,17.9,172.8,198.0,0,3,0.0547,0.0732,0.25
HYD-HY0119,Hyderabad,2025-03-24,3,Summer,0.0,35.9,33.0,62.2,0,5,0.1945,0.0464,0.0503
HYD-HY0071,Hyderabad,2025-07-03,7,Monsoon,13.46,26.6,153.9,187.5,0,2,0.0187,0.0368,0.2142
AHM-AH0136,Ahmedabad,2026-03-08,3,Summer,24.11,48.0,113.8,145.7,0,1,0.384,0.0514,0.0564
BEN-BE0129,Bengaluru,2025-11-09,11,Winter,5.26,16.2,114.4,131.6,1,3,0.035,0.2354,0.1017
HYD-HY0123,Hyderabad,2025-03-25,3,Summer,17.47,38.7,106.1,153.2,1,5,0.0741,0.2357,0.0582
KOL-KO0189,Kolkata,2024-08-04,8,Monsoon,26.74,30.2,91.3,108.3,0,3,0.3725,0.002,0.058
PUN-PU0075,Pune,2026-02-21,2,Winter,0.0,25.4,134.6,150.1,0,3,0.0,0.0564,0.091
AHM-AH0094,Ahmedabad,2024-07-29,7,Monsoon,0.0,28.7,92.0,121.2,0,4,0.0209,0.0497,0.0827
DEL-DE0089,Delhi,2024-05-06,5,Summer,10.47,48.0,119.4,134.9,0,1,0.5065,0.0,0.0537
AHM-AH0023,Ahmedabad,2024-12-25,12,Winter,10.02,24.6,106.4,129.8,0,4,0.2819,0.043,0.0213
AHM-AH0031,Ahmedabad,2025-11-13,11,Winter,2.25,24.3,117.4,158.0,0,3,0.0,0.004,0.1082
PUN-PU0168,Pune,2024-07-02,7,Monsoon,14.23,25.0,42.3,68.3,0,3,0.1419,0.0306,0.0
MUM-MU0037,Mumbai,2026-01-28,1,Winter,16.5,20.2,151.7,199.6,0,2,0.058,0.0996,0.1479
CHE-CH0171,Chennai,2025-09-10,9,Monsoon,28.08,28.4,129.6,177.1,0,3,0.3212,0.1169,0.061
HYD-HY0193,Hyderabad,2024-08-09,8,Monsoon,7.79,31.5,150.8,162.9,0,4,0.238,0.0628,0.2027
PUN-PU0158,Pune,2024-04-05,4,Summer,1.46,48.0,68.1,111.8,0,3,0.5242,0.0974,0.0
HYD-HY0078,Hyderabad,2025-07-06,7,Monsoon,21.56,32.3,68.0,91.2,0,2,0.3403,0.1902,0.0
MUM-MU0089,Mumbai,2025-06-07,6,Monsoon,1.84,30.0,109.3,142.7,0,5,0.2049,0.0986,0.0777
BEN-BE0123,Bengaluru,2024-04-03,4,Summer,12.16,35.7,72.4,94.6,0,2,0.1107,0.0881,0.0083
DEL-DE0148,Delhi,2024-10-04,10,Winter,0.0,31.6,374.7,422.2,0,1,0.1145,0.067,0.6917
MUM-MU0123,Mumbai,2025-11-13,11,Winter,4.03,18.9,114.5,128.2,0,5,0.1132,0.0385,0.1005
BEN-BE0181,Bengaluru,2024-05-21,5,Summer,0.0,32.3,117.0,158.9,0,3,0.0,0.0024,0.0464
BEN-BE0011,Bengaluru,2024-10-09,10,Winter,11.89,18.2,90.8,122.7,0,1,0.2691,0.0022,0.0322
AHM-AH0026,Ahmedabad,2024-11-22,11,Winter,9.17,29.1,152.0,197.5,0,2,0.0,0.0,0.0523
PUN-PU0065,Pune,2025-03-24,3,Summer,4.91,37.5,86.0,106.1,0,2,0.0951,0.0565,0.0466
BEN-BE0155,Bengaluru,2024-07-31,7,Monsoon,7.86,23.9,61.0,80.2,0,4,0.0656,0.0,0.0
MUM-MU0108,Mumbai,2024-10-14,10,Winter,10.99,27.1,68.6,82.3,0,3,0.0537,0.0,0.0275
KOL-KO0152,Kolkata,2025-11-15,11,Winter,0.0,18.4,244.0,282.6,0,3,0.0581,0.0542,0.2948
PUN-PU0140,Pune,2024-07-17,7,Monsoon,9.17,22.4,59.4,94.3,0,5,0.1181,0.094,0.0429
MUM-MU0017,Mumbai,2025-04-14,4,Summer,9.95,46.0,88.6,108.4,0,3,0.3869,0.066,0.0196
MUM-MU0136,Mumbai,2024-10-29,10,Winter,9.34,15.0,89.2,118.9,0,1,0.2537,0.0714,0.1198
CHE-CH0195,Chennai,2025-01-17,1,Winter,1.5,20.2,94.2,121.4,0,3,0.1952,0.0444,0.0153
PUN-PU0152,Pune,2025-08-17,8,Monsoon,27.36,34.5,109.5,121.0,0,5,0.4072,0.0058,0.0823
BEN-BE0155,Bengaluru,2025-11-01,11,Winter,0.0,17.5,145.8,164.4,0,1,0.0,0.0334,0.0651
PUN-PU0157,Pune,2025-01-31,1,Winter,3.78,23.8,109.1,150.2,1,4,0.0146,0.1548,0.0117
PUN-PU0151,Pune,2024-08-28,8,Monsoon,2.71,34.7,123.2,147.8,0,2,0.0465,0.0482,0.1214
CHE-CH0137,Chennai,2025-08-18,8,Monsoon,17.93,33.5,71.6,112.0,0,4,0.0906,0.0288,0.0
DEL-DE0020,Delhi,2025-01-03,1,Winter,10.61,18.5,469.1,515.0,0,3,0.2388,0.0138,0.8022
MUM-MU0039,Mumbai,2025-04-11,4,Summer,5.44,31.1,242.2,270.1,0,4,0.151,0.0049,0.3963
BEN-BE0199,Bengaluru,2024-11-12,11,Winter,0.0,19.5,73.1,118.6,0,2,0.0602,0.0738,0.039
PUN-PU0129,Pune,2026-01-13,1,Winter,0.0,21.2,140.3,186.6,0,1,0.1274,0.0,0.1384
CHE-CH0191,Chennai,2025-05-19,5,Summer,2.48,44.4,100.2,115.9,0,4,0.2982,0.0686,0.0
BEN-BE0073,Bengaluru,2025-09-10,9,Monsoon,0.0,34.7,92.0,113.8,0,5,0.0755,0.0285,0.0138
CHE-CH0179,Chennai,2026-02-03,2,Winter,2.96,22.1,59.6,73.6,0,3,0.1044,0.0942,0.0489
HYD-HY0041,Hyderabad,2025-10-09,10,Winter,6.6,15.1,80.0,114.9,0,4,0.0935,0.0438,0.0
AHM-AH0053,Ahmedabad,2026-01-12,1,Winter,6.6,23.9,101.2,112.7,1,2,0.2137,0.2016,0.0
DEL-DE0003,Delhi,2025-12-17,12,Winter,2.54,16.4,282.8,294.2,1,5,0.1247,0.1873,0.4393
CHE-CH0046,Chennai,2024-07-23,7,Monsoon,10.88,26.5,78.8,101.5,0,5,0.2067,0.0898,0.0
KOL-KO0192,Kolkata,2026-01-19,1,Winter,8.69,28.9,105.1,143.1,1,1,0.2087,0.2148,0.0
PUN-PU0022,Pune,2024-06-14,6,Monsoon,36.83,28.5,83.0,122.2,0,3,0.4749,0.0534,0.0253
HYD-HY0088,Hyderabad,2025-08-20,8,Monsoon,28.83,26.7,89.5,127.3,0,3,0.3506,0.0174,0.033
MUM-MU0180,Mumbai,2025-03-29,3,Summer,24.66,27.8,78.2,114.1,0,1,0.2145,0.027,0.0225
DEL-DE0181,Delhi,2025-02-28,2,Winter,0.0,31.1,336.3,378.2,0,2,0.0463,0.0972,0.6667
BEN-BE0007,Bengaluru,2024-04-14,4,Summer,0.0,40.0,123.1,169.0,0,3,0.0823,0.0067,0.1527
HYD-HY0025,Hyderabad,2025-10-05,10,Winter,4.59,15.0,87.7,131.1,0,1,0.0208,0.0,0.0406
KOL-KO0137,Kolkata,2024-12-20,12,Winter,13.66,21.3,117.4,128.7,0,1,0.1258,0.0,0.0
HYD-HY0148,Hyderabad,2026-03-18,3,Summer,0.0,30.4,75.2,114.8,0,3,0.1415,0.0166,0.0133
AHM-AH0059,Ahmedabad,2024-06-28,6,Monsoon,24.12,32.6,148.6,161.7,0,3,0.387,0.0721,0.1124
MUM-MU0044,Mumbai,2024-10-06,10,Winter,15.54,15.8,101.4,139.8,0,3,0.1026,0.0321,0.0124
MUM-MU0081,Mumbai,2025-10-10,10,Winter,4.32,30.1,182.3,230.9,0,2,0.1293,0.0889,0.2756
BEN-BE0106,Bengaluru,2025-07-04,7,Monsoon,19.38,26.7,148.3,194.5,0,3,0.0,0.0,0.1125
HYD-HY0084,Hyderabad,2024-05-02,5,Summer,1.59,36.0,66.9,83.3,1,3,0.2,0.3028,0.1396
CHE-CH0024,Chennai,2025-02-16,2,Winter,3.99,25.0,104.9,128.5,0,4,0.1339,0.0046,0.0024
CHE-CH0083,Chennai,2024-05-21,5,Summer,10.3,31.6,144.1,184.4,0,3,0.1094,0.0355,0.1804
HYD-HY0003,Hyderabad,2024-10-15,10,Winter,1.71,21.0,55.6,80.3,1,3,0.0819,0.2537,0.0622
KOL-KO0005,Kolkata,2025-02-14,2,Winter,7.41,21.0,163.1,175.0,0,2,0.1545,0.0062,0.226
AHM-AH0124,Ahmedabad,2025-02-20,2,Winter,1.59,18.2,132.9,151.7,0,4,0.0,0.0647,0.0807
DEL-DE0121,Delhi,2024-09-25,9,Monsoon,0.25,32.7,64.4,77.6,0,3,0.0455,0.0924,0.0
MUM-MU0037,Mumbai,2025-02-05,2,Winter,7.9,20.1,117.2,130.0,1,2,0.0519,0.2365,0.0601
CHE-CH0110,Chennai,2024-11-17,11,Winter,10.65,25.4,123.0,136.8,0,2,0.0,0.1117,0.0353
AHM-AH0001,Ahmedabad,2025-06-20,6,Monsoon,23.45,23.9,113.1,133.6,0,1,0.3772,0.1401,0.0262
CHE-CH0120,Chennai,2025-10-22,10,Winter,0.82,18.0,69.9,94.7,0,2,0.0633,0.0368,0.0
CHE-CH0127,Chennai,2025-08-20,8,Monsoon,7.61,19.6,120.3,141.6,0,2,0.0347,0.0,0.0771
PUN-PU0080,Pune,2024-10-02,10,Winter,3.12,15.0,137.4,173.8,0,3,0.1821,0.0443,0.0941
CHE-CH0019,Chennai,2025-06-14,6,Monsoon,25.29,35.5,31.2,44.6,0,1,0.3761,0.0527,0.0818
BEN-BE0083,Bengaluru,2025-08-26,8,Monsoon,19.24,22.0,163.2,204.0,0,5,0.1104,0.0016,0.2022
HYD-HY0026,Hyderabad,2024-10-16,10,Winter,0.0,28.0,43.6,73.3,0,1,0.1471,0.0,0.0137
BEN-BE0164,Bengaluru,2025-05-18,5,Summer,10.53,30.8,120.5,161.1,0,3,0.0175,0.0,0.1034
MUM-MU0126,Mumbai,2024-07-09,7,Monsoon,16.57,20.8,53.5,85.6,1,4,0.1767,0.2552,0.0
PUN-PU0081,Pune,2025-10-04,10,Winter,2.6,30.9,83.0,109.1,0,3,0.1736,0.043,0.0247
BEN-BE0127,Bengaluru,2024-09-26,9,Monsoon,23.27,30.9,83.7,102.3,0,4,0.3957,0.1348,0.026
CHE-CH0192,Chennai,2024-08-06,8,Monsoon,3.76,35.3,94.7,119.9,0,5,0.2101,0.0646,0.0305
MUM-MU0060,Mumbai,2024-10-10,10,Winter,7.36,27.4,185.6,196.1,0,2,0.0,0.0414,0.2567
HYD-HY0136,Hyderabad,2025-08-27,8,Monsoon,16.2,36.2,110.5,130.0,0,3,0.1788,0.0499,0.1342
BEN-BE0173,Bengaluru,2025-08-22,8,Monsoon,18.55,22.2,121.2,135.8,0,5,0.1824,0.077,0.0626
BEN-BE0061,Bengaluru,2025-05-28,5,Summer,24.88,28.5,92.2,134.9,0,1,0.3184,0.0689,0.0585
DEL-DE0110,Delhi,2024-09-26,9,Monsoon,1.0,27.0,110.8,140.5,0,1,0.2008,0.1024,0.0963
CHE-CH0099,Chennai,2025-09-15,9,Monsoon,9.82,34.5,120.2,167.5,1,3,0.0625,0.2299,0.0712
KOL-KO0004,Kolkata,2024-05-24,5,Summer,0.0,35.0,171.0,206.6,0,2,0.0012,0.0823,0.1451
PUN-PU0145,Pune,2024-10-19,10,Winter,0.37,19.9,113.8,156.9,0,4,0.0,0.0603,0.0437
DEL-DE0081,Delhi,2024-09-05,9,Monsoon,15.82,34.3,40.5,59.8,0,2,0.1808,0.0365,0.0703
MUM-MU0179,Mumbai,2024-07-14,7,Monsoon,66.43,29.7,84.3,110.6,0,4,0.8282,0.0153,0.0
AHM-AH0094,Ahmedabad,2024-12-31,12,Winter,6.52,37.8,54.4,78.6,0,3,0.1147,0.0247,0.0688
CHE-CH0182,Chennai,2026-02-24,2,Winter,1.45,27.0,92.5,112.3,1,5,0.0,0.2638,0.0173
HYD-HY0066,Hyderabad,2026-02-24,2,Winter,2.24,25.3,94.9,105.5,0,4,0.0565,0.0,0.0092
PUN-PU0188,Pune,2026-01-23,1,Winter,15.31,20.3,114.2,144.8,0,3,0.0637,0.0016,0.0842
PUN-PU0054,Pune,2024-07-05,7,Monsoon,0.0,28.3,148.3,168.8,0,3,0.2198,0.0829,0.1151
PUN-PU0081,Pune,2025-10-19,10,Winter,1.74,22.1,85.9,99.2,0,3,0.2353,0.1078,0.0421
AHM-AH0005,Ahmedabad,2025-10-16,10,Winter,3.9,22.4,49.9,71.6,0,4,0.0568,0.0617,0.054
BEN-BE0065,Bengaluru,2024-04-14,4,Summer,15.71,34.3,89.9,111.4,0,3,0.1181,0.0438,0.036
KOL-KO0054,Kolkata,2026-01-14,1,Winter,1.61,15.8,117.8,128.6,0,5,0.0,0.0409,0.036
BEN-BE0092,Bengaluru,2025-11-03,11,Winter,0.0,20.3,154.4,181.1,0,2,0.2342,0.0,0.1068
HYD-HY0173,Hyderabad,2025-11-21,11,Winter,6.24,17.8,51.0,70.2,0,2,0.0482,0.0493,0.0393
DEL-DE0112,Delhi,2024-12-18,12,Winter,0.0,22.7,230.1,267.7,1,4,0.171,0.1659,0.3688
KOL-KO0073,Kolkata,2024-09-26,9,Monsoon,29.58,31.0,156.9,181.4,0,1,0.4284,0.0778,0.1813
CHE-CH0039,Chennai,2025-07-09,7,Monsoon,27.22,26.8,128.2,145.3,0,2,0.3312,0.1277,0.1288
PUN-PU0039,Pune,2025-12-09,12,Winter,14.37,15.0,80.5,119.4,0,3,0.0784,0.0928,0.0
CHE-CH0074,Chennai,2024-07-09,7,Monsoon,27.41,23.8,97.0,141.0,0,2,0.4265,0.0867,0.0257
KOL-KO0119,Kolkata,2025-10-25,10,Winter,5.95,15.8,120.0,134.1,0,5,0.0,0.1464,0.0521
HYD-HY0110,Hyderabad,2025-07-23,7,Monsoon,25.18,38.1,35.1,57.2,0,2,0.3536,0.009,0.0087
DEL-DE0069,Delhi,2025-10-25,10,Winter,8.38,33.2,255.9,275.0,0,2,0.0067,0.1241,0.4449
BEN-BE0023,Bengaluru,2025-10-20,10,Winter,3.92,23.0,101.7,126.2,0,1,0.0782,0.0614,0.0372
PUN-PU0136,Pune,2025-12-28,12,Winter,8.0,15.0,116.6,148.7,0,1,0.1115,0.0261,0.0955
DEL-DE0083,Delhi,2025-04-28,4,Summer,0.09,48.0,116.8,134.0,0,4,0.424,0.0522,0.0934
HYD-HY0189,Hyderabad,2025-01-31,1,Winter,0.0,20.5,114.7,156.8,0,3,0.1624,0.0485,0.0455
HYD-HY0108,Hyderabad,2024-04-21,4,Summer,6.48,44.6,68.1,89.9,1,3,0.3817,0.1452,0.0635
AHM-AH0000,Ahmedabad,2024-10-02,10,Winter,8.12,23.8,130.1,167.2,1,3,0.0138,0.175,0.0792
BEN-BE0014,Bengaluru,2025-05-18,5,Summer,0.0,46.9,88.9,109.7,0,4,0.4105,0.0575,0.0693
DEL-DE0082,Delhi,2024-04-16,4,Summer,1.45,34.9,166.0,179.6,1,3,0.071,0.2286,0.1537
CHE-CH0032,Chennai,2025-01-04,1,Winter,2.21,15.0,158.0,186.1,0,1,0.0223,0.0,0.2828
AHM-AH0010,Ahmedabad,2025-08-13,8,Monsoon,18.31,35.6,76.2,97.9,0,2,0.1476,0.0984,0.0479
AHM-AH0044,Ahmedabad,2024-08-09,8,Monsoon,9.38,32.5,51.2,88.4,0,3,0.0644,0.003,0.0756
HYD-HY0072,Hyderabad,2025-04-14,4,Summer,7.56,37.5,91.3,108.9,0,3,0.0317,0.1367,0.0627
DEL-DE0076,Delhi,2024-10-07,10,Winter,4.45,37.1,393.1,435.2,0,1,0.1953,0.0292,0.7082
KOL-KO0080,Kolkata,2025-04-28,4,Summer,0.13,45.2,200.2,248.8,1,4,0.3636,0.2065,0.2493
DEL-DE0097,Delhi,2025-05-03,5,Summer,5.72,41.5,81.5,109.8,0,1,0.0142,0.0338,0.0037
PUN-PU0143,Pune,2024-04-03,4,Summer,9.21,36.8,76.6,116.5,0,1,0.0019,0.1108,0.0212
HYD-HY0156,Hyderabad,2024-06-02,6,Monsoon,17.0,33.3,73.0,96.1,1,3,0.1233,0.2221,0.0
DEL-DE0123,Delhi,2025-01-07,1,Winter,1.26,31.3,399.6,417.0,0,5,0.2101,0.0459,0.8175
CHE-CH0050,Chennai,2025-04-11,4,Summer,0.0,39.3,110.3,149.8,0,4,0.0593,0.0764,0.1154
MUM-MU0138,Mumbai,2025-03-27,3,Summer,5.79,33.8,145.3,175.5,0,1,0.0014,0.0557,0.1923
HYD-HY0141,Hyderabad,2025-01-13,1,Winter,2.18,22.4,64.9,85.8,0,1,0.0168,0.0467,0.0286
HYD-HY0091,Hyderabad,2025-08-30,8,Monsoon,23.43,24.5,121.6,168.3,0,1,0.2934,0.0723,0.1093
AHM-AH0073,Ahmedabad,2024-09-09,9,Monsoon,0.27,41.6,106.8,127.6,0,3,0.1006,0.0364,0.0265
DEL-DE0042,Delhi,2024-04-02,4,Summer,1.33,48.0,74.3,114.9,0,4,0.5589,0.0344,0.0
DEL-DE0177,Delhi,2025-05-20,5,Summer,6.71,36.6,31.4,72.6,0,3,0.1678,0.1055,0.0
CHE-CH0050,Chennai,2025-07-02,7,Monsoon,62.51,33.9,145.3,171.7,1,1,0.7263,0.23,0.1906
DEL-DE0098,Delhi,2025-06-04,6,Monsoon,38.55,34.5,139.3,160.4,0,5,0.5824,0.0496,0.0805
AHM-AH0089,Ahmedabad,2024-08-19,8,Monsoon,35.72,21.3,89.6,107.1,0,3,0.4537,0.0449,0.0722
MUM-MU0060,Mumbai,2025-06-10,6,Monsoon,10.76,31.8,93.3,120.3,0,3,0.0774,0.0696,0.0027
AHM-AH0167,Ahmedabad,2024-07-25,7,Monsoon,11.47,34.8,97.6,147.0,0,4,0.1895,0.0306,0.0685
CHE-CH0052,Chennai,2024-12-06,12,Winter,3.58,30.0,114.3,140.4,0,3,0.1317,0.1194,0.0429
KOL-KO0047,Kolkata,2024-06-16,6,Monsoon,0.86,23.3,116.7,130.7,0,3,0.0376,0.0842,0.088
KOL-KO0042,Kolkata,2025-01-27,1,Winter,0.0,23.8,52.0,98.9,0,1,0.0804,0.0,0.0486
CHE-CH0021,Chennai,2024-08-31,8,Monsoon,12.28,32.0,74.9,120.6,0,3,0.161,0.039,0.0
KOL-KO0107,Kolkata,2025-10-20,10,Winter,0.0,24.4,119.7,131.7,0,2,0.1016,0.0046,0.0518
AHM-AH0127,Ahmedabad,2024-05-04,5,Summer,0.0,33.6,82.9,100.1,0,1,0.1282,0.0954,0.019
PUN-PU0104,Pune,2025-10-19,10,Winter,0.96,22.5,83.9,114.6,0,3,0.2135,0.0356,0.0567
AHM-AH0112,Ahmedabad,2024-12-05,12,Winter,0.0,24.9,133.4,155.7,0,1,0.0671,0.0765,0.0825
BEN-BE0160,Bengaluru,2024-10-21,10,Winter,2.28,15.0,159.8,190.4,0,3,0.1111,0.0251,0.1502
DEL-DE0111,Delhi,2025-07-13,7,Monsoon,15.17,32.0,101.2,119.7,0,3,0.2719,0.0335,0.0318
AHM-AH0195,Ahmedabad,2026-03-21,3,Summer,1.3,45.0,58.5,74.7,1,1,0.3369,0.1994,0.0379
DEL-DE0184,Delhi,2025-05-23,5,Summer,3.49,48.0,118.6,128.7,0,5,0.5657,0.0159,0.1066
DEL-DE0018,Delhi,2025-08-21,8,Monsoon,25.88,43.8,131.9,163.9,0,2,0.4467,0.0524,0.0777
DEL-DE0069,Delhi,2024-09-04,9,Monsoon,7.41,27.3,32.7,82.4,0,4,0.1568,0.0428,0.0
DEL-DE0178,Delhi,2025-02-22,2,Winter,0.0,19.6,332.2,381.4,0,1,0.1147,0.082,0.6152
MUM-MU0053,Mumbai,2025-05-08,5,Summer,12.37,26.5,84.3,101.0,0,2,0.065,0.0467,0.0036
AHM-AH0161,Ahmedabad,2025-07-19,7,Monsoon,13.83,31.3,173.6,216.5,0,2,0.1914,0.0,0.2378
PUN-PU0053,Pune,2024-05-24,5,Summer,4.0,23.2,44.0,81.2,0,4,0.0372,0.0034,0.0388
PUN-PU0063,Pune,2026-02-25,2,Winter,3.42,21.1,93.5,138.0,0,3,0.125,0.0836,0.0434
BEN-BE0146,Bengaluru,2026-02-18,2,Winter,1.89,28.2,102.7,144.9,0,3,0.0123,0.0114,0.0537
PUN-PU0040,Pune,2026-02-09,2,Winter,11.65,23.7,115.2,132.5,0,3,0.0738,0.1032,0.0618
HYD-HY0161,Hyderabad,2025-05-23,5,Summer,6.32,41.4,81.2,105.3,0,3,0.1533,0.0471,0.0342
PUN-PU0054,Pune,2025-03-11,3,Summer,0.0,36.6,121.8,151.0,0,2,0.1098,0.0014,0.0137
BEN-BE0072,Bengaluru,2024-10-18,10,Winter,4.24,17.7,141.5,161.2,0,2,0.0408,0.0386,0.0987
PUN-PU0021,Pune,2026-02-11,2,Winter,2.33,27.4,96.4,129.5,0,1,0.0454,0.0284,0.0309
BEN-BE0075,Bengaluru,2025-04-04,4,Summer,3.84,38.2,128.2,138.5,0,2,0.0611,0.0987,0.056
BEN-BE0072,Bengaluru,2024-04-03,4,Summer,10.38,42.8,119.2,162.4,0,4,0.2454,0.1043,0.0888
AHM-AH0007,Ahmedabad,2025-01-14,1,Winter,0.0,27.1,80.3,100.2,1,5,0.1495,0.2285,0.0526
MUM-MU0053,Mumbai,2026-03-23,3,Summer,17.55,31.0,205.2,240.0,0,3,0.1758,0.0521,0.2986
CHE-CH0135,Chennai,2025-05-10,5,Summer,3.5,38.3,117.1,138.1,0,3,0.1679,0.0676,0.0145
MUM-MU0162,Mumbai,2025-12-18,12,Winter,14.26,20.6,113.4,152.6,0,1,0.1548,0.0602,0.0
AHM-AH0009,Ahmedabad,2025-09-23,9,Monsoon,20.27,42.8,131.6,161.7,0,2,0.3461,0.0334,0.1318
AHM-AH0197,Ahmedabad,2025-11-26,11,Winter,10.45,16.9,163.8,178.8,1,2,0.1793,0.2098,0.1597
KOL-KO0176,Kolkata,2025-07-27,7,Monsoon,0.0,26.5,109.1,141.1,0,2,0.1096,0.0122,0.0463
DEL-DE0074,Delhi,2026-01-18,1,Winter,0.0,34.9,310.5,340.5,1,1,0.0215,0.1864,0.5331
HYD-HY0028,Hyderabad,2024-07-02,7,Monsoon,22.41,25.2,106.6,118.4,0,2,0.3511,0.0457,0.0
PUN-PU0038,Pune,2025-10-18,10,Winter,5.33,24.7,152.4,194.3,0,1,0.0271,0.0261,0.2121
AHM-AH0058,Ahmedabad,2026-02-05,2,Winter,0.0,30.3,104.3,142.2,1,5,0.0177,0.2468,0.0767
PUN-PU0130,Pune,2025-08-20,8,Monsoon,0.75,25.5,95.9,108.3,0,1,0.2409,0.0486,0.091
CHE-CH0165,Chennai,2024-05-12,5,Summer,14.45,40.9,85.5,102.3,0,2,0.0643,0.0191,0.0018
DEL-DE0176,Delhi,2024-07-19,7,Monsoon,11.59,30.7,56.9,81.0,0,1,0.0147,0.0051,0.0
CHE-CH0193,Chennai,2025-11-17,11,Winter,6.95,18.0,68.9,115.3,0,3,0.086,0.04,0.0592
HYD-HY0006,Hyderabad,2026-03-23,3,Summer,19.35,36.2,144.4,179.8,0,1,0.0,0.0101,0.1486
KOL-KO0170,Kolkata,2024-04-04,4,Summer,0.0,27.8,118.0,157.0,1,1,0.2025,0.1963,0.0281
DEL-DE0081,Delhi,2024-10-16,10,Winter,1.73,26.9,371.8,410.0,0,1,0.0,0.0484,0.7049
DEL-DE0135,Delhi,2024-11-16,11,Winter,5.06,32.0,285.1,306.5,1,1,0.0119,0.1728,0.4916
DEL-DE0195,Delhi,2025-07-17,7,Monsoon,2.91,34.5,118.7,134.6,0,3,0.1447,0.0312,0.0566
BEN-BE0063,Bengaluru,2024-08-10,8,Monsoon,18.52,27.6,96.2,137.4,0,3,0.0824,0.0,0.0013
MUM-MU0066,Mumbai,2024-08-12,8,Monsoon,18.0,28.8,69.4,91.4,0,1,0.1095,0.0,0.0081
KOL-KO0036,Kolkata,2025-09-08,9,Monsoon,22.25,35.9,196.0,226.8,0,3,0.3352,0.0701,0.2949
AHM-AH0165,Ahmedabad,2025-02-19,2,Winter,0.0,15.0,97.9,116.9,0,3,0.0,0.0727,0.0
MUM-MU0030,Mumbai,2025-02-16,2,Winter,9.13,15.0,117.6,142.7,0,3,0.1764,0.1663,0.093
BEN-BE0152,Bengaluru,2024-07-03,7,Monsoon,12.95,20.2,102.2,149.0,0,5,0.0,0.0221,0.0243
KOL-KO0045,Kolkata,2025-07-15,7,Monsoon,25.74,31.9,117.7,138.4,0,3,0.3215,0.0604,0.0832
BEN-BE0055,Bengaluru,2025-11-20,11,Winter,3.71,26.3,67.7,89.7,0,1,0.0,0.0193,0.0099
AHM-AH0120,Ahmedabad,2025-02-12,2,Winter,3.16,26.0,192.7,217.3,0,4,0.07,0.0523,0.3133
PUN-PU0174,Pune,2026-01-13,1,Winter,1.54,31.5,55.7,102.1,0,3,0.1507,0.039,0.0
BEN-BE0015,Bengaluru,2024-09-10,9,Monsoon,25.05,31.0,111.9,148.5,0,3,0.4095,0.0314,0.108
AHM-AH0151,Ahmedabad,2024-09-22,9,Monsoon,25.65,30.7,73.4,119.3,0,1,0.3461,0.0666,0.0233
BEN-BE0018,Bengaluru,2025-03-14,3,Summer,10.3,22.5,30.0,70.4,0,4,0.1053,0.0304,0.068
MUM-MU0135,Mumbai,2025-10-28,10,Winter,0.0,15.0,139.1,183.7,0,3,0.0169,0.0271,0.0953
DEL-DE0162,Delhi,2024-05-13,5,Summer,0.0,48.0,99.8,131.6,1,5,0.4867,0.1744,0.0
KOL-KO0099,Kolkata,2025-11-12,11,Winter,2.38,23.2,155.4,193.7,0,1,0.1272,0.0931,0.0858
PUN-PU0063,Pune,2024-11-26,11,Winter,3.29,19.1,157.6,184.2,0,3,0.0145,0.1025,0.1486
HYD-HY0003,Hyderabad,2025-03-11,3,Summer,27.46,39.5,93.7,137.8,0,2,0.401,0.1015,0.0274
AHM-AH0008,Ahmedabad,2025-06-02,6,Monsoon,0.65,34.7,131.6,168.6,0,3,0.0635,0.114,0.0917
CHE-CH0065,Chennai,2025-04-03,4,Summer,1.28,41.5,80.2,94.5,0,2,0.1097,0.1116,0.0492
KOL-KO0137,Kolkata,2026-03-19,3,Summer,6.74,35.5,173.6,190.5,0,4,0.1901,0.0,0.1979
BEN-BE0105,Bengaluru,2025-01-25,1,Winter,0.0,23.0,96.8,110.6,2,1,0.0,0.3986,0.0
KOL-KO0075,Kolkata,2025-02-21,2,Winter,1.0,31.6,123.5,162.9,0,1,0.0067,0.0,0.163
KOL-KO0029,Kolkata,2024-04-26,4,Summer,0.0,45.0,145.3,169.4,0,1,0.3046,0.0769,0.0511
AHM-AH0189,Ahmedabad,2024-04-08,4,Summer,5.31,30.1,134.4,166.3,0,1,0.0281,0.0018,0.2053
MUM-MU0085,Mumbai,2024-04-18,4,Summer,0.0,41.4,85.6,108.6,0,3,0.0382,0.1025,0.0886
PUN-PU0045,Pune,2024-04-11,4,Summer,1.13,44.5,101.4,146.8,0,1,0.3384,0.0485,0.0826
AHM-AH0105,Ahmedabad,2025-10-24,10,Winter,0.0,21.3,142.5,153.1,0,5,0.106,0.0,0.1044
CHE-CH0179,Chennai,2025-10-24,10,Winter,2.96,17.2,75.5,90.9,0,3,0.0972,0.0948,0.0245
AHM-AH0074,Ahmedabad,2025-10-03,10,Winter,0.0,22.0,123.9,134.7,1,3,0.1418,0.2128,0.0502
CHE-CH0040,Chennai,2024-06-13,6,Monsoon,40.7,26.3,137.6,175.0,0,2,0.5361,0.0221,0.0829
KOL-KO0007,Kolkata,2024-11-09,11,Winter,3.77,19.5,92.1,102.4,0,3,0.1018,0.1566,0.0628
PUN-PU0052,Pune,2024-09-17,9,Monsoon,25.37,38.3,78.5,91.4,0,4,0.2769,0.1081,0.0
AHM-AH0120,Ahmedabad,2025-03-24,3,Summer,9.34,33.6,111.8,160.8,0,1,0.1445,0.0,0.0578
HYD-HY0171,Hyderabad,2025-04-16,4,Summer,0.0,48.0,148.5,158.8,0,1,0.4289,0.037,0.0841
PUN-PU0016,Pune,2025-06-12,6,Monsoon,36.23,24.0,133.4,182.6,0,5,0.3919,0.0645,0.1645
HYD-HY0098,Hyderabad,2024-12-19,12,Winter,0.77,28.5,125.2,155.3,0,1,0.0145,0.0781,0.0734
HYD-HY0075,Hyderabad,2025-08-25,8,Monsoon,21.65,39.4,93.0,116.1,0,4,0.4459,0.0563,0.0
PUN-PU0113,Pune,2024-10-26,10,Winter,0.41,24.1,58.9,92.4,0,3,0.1137,0.0271,0.0662
AHM-AH0042,Ahmedabad,2025-08-11,8,Monsoon,58.71,34.3,107.9,145.9,0,2,0.7341,0.0815,0.0481
MUM-MU0078,Mumbai,2025-04-09,4,Summer,16.42,36.8,110.8,123.9,0,1,0.1165,0.0136,0.0
HYD-HY0066,Hyderabad,2024-05-02,5,Summer,8.32,36.0,99.0,114.1,0,2,0.0735,0.0773,0.0382
DEL-DE0023,Delhi,2026-03-03,3,Summer,12.76,41.4,78.7,92.4,1,4,0.0,0.2342,0.0874
KOL-KO0124,Kolkata,2025-12-09,12,Winter,0.0,15.0,192.6,222.0,0,2,0.0039,0.0183,0.2062
KOL-KO0135,Kolkata,2025-01-25,1,Winter,7.85,21.8,130.2,172.8,1,3,0.1242,0.2034,0.1917
MUM-MU0086,Mumbai,2025-02-03,2,Winter,5.32,15.0,138.8,155.7,0,2,0.1021,0.0024,0.0734
BEN-BE0103,Bengaluru,2026-03-29,3,Summer,0.0,48.0,100.6,145.3,1,3,0.456,0.2816,0.0
HYD-HY0062,Hyderabad,2025-03-01,3,Summer,0.0,37.0,128.0,169.5,1,1,0.0791,0.2666,0.2246
HYD-HY0101,Hyderabad,2025-11-03,11,Winter,0.88,21.0,84.3,111.0,0,4,0.0966,0.0,0.0322
KOL-KO0010,Kolkata,2025-09-17,9,Monsoon,14.76,31.5,158.4,182.9,0,2,0.0963,0.0595,0.1718
AHM-AH0105,Ahmedabad,2025-01-12,1,Winter,0.0,41.9,53.6,101.5,0,3,0.0541,0.0,0.0
MUM-MU0080,Mumbai,2025-11-23,11,Winter,0.0,15.0,121.9,151.7,0,2,0.1511,0.009,0.0701
HYD-HY0142,Hyderabad,2025-11-15,11,Winter,0.0,23.4,95.1,120.3,0,3,0.1172,0.0245,0.1293
CHE-CH0193,Chennai,2026-01-06,1,Winter,7.63,32.6,124.0,139.4,0,2,0.0231,0.1183,0.1432
HYD-HY0057,Hyderabad,2025-08-30,8,Monsoon,36.06,24.1,86.6,116.9,0,5,0.4837,0.0339,0.0243
AHM-AH0167,Ahmedabad,2024-05-02,5,Summer,9.36,34.2,95.5,114.0,0,4,0.1788,0.0868,0.0
PUN-PU0091,Pune,2025-08-20,8,Monsoon,0.0,34.4,89.5,124.3,0,2,0.0347,0.0458,0.0
MUM-MU0100,Mumbai,2025-10-30,10,Winter,0.05,19.8,159.3,195.8,0,1,0.0304,0.1531,0.2295
DEL-DE0188,Delhi,2025-10-25,10,Winter,0.33,24.4,290.7,314.3,0,3,0.0,0.0802,0.4373
BEN-BE0196,Bengaluru,2026-03-24,3,Summer,4.58,35.5,94.4,128.7,0,2,0.1489,0.0654,0.0
KOL-KO0100,Kolkata,2025-01-24,1,Winter,0.0,18.4,176.3,212.5,0,1,0.1651,0.0164,0.1802
KOL-KO0015,Kolkata,2025-12-27,12,Winter,3.99,17.1,189.0,235.3,0,2,0.1185,0.0293,0.2095
CHE-CH0023,Chennai,2024-10-31,10,Winter,4.54,29.5,104.8,133.9,1,5,0.1477,0.1612,0.0644
AHM-AH0184,Ahmedabad,2026-02-05,2,Winter,5.8,28.0,128.7,153.5,0,3,0.0296,0.0279,0.0316
BEN-BE0185,Bengaluru,2024-08-05,8,Monsoon,18.9,21.4,155.7,190.7,0,3,0.0,0.0197,0.0857
KOL-KO0144,Kolkata,2024-09-19,9,Monsoon,9.92,28.1,220.7,269.1,0,1,0.0,0.0274,0.3529
DEL-DE0140,Delhi,2024-05-11,5,Summer,23.98,28.5,80.0,91.1,0,2,0.3846,0.0,0.0656
KOL-KO0065,Kolkata,2024-09-13,9,Monsoon,41.91,31.1,84.3,123.1,0,2,0.4985,0.0526,0.0408
CHE-CH0002,Chennai,2024-07-12,7,Monsoon,10.51,29.2,150.1,194.6,0,1,0.0869,0.0351,0.1345
PUN-PU0055,Pune,2024-04-06,4,Summer,12.27,44.4,117.8,140.0,0,1,0.2703,0.0249,0.0159
MUM-MU0111,Mumbai,2024-09-23,9,Monsoon,27.52,28.3,108.2,127.7,0,5,0.3985,0.0134,0.0719
AHM-AH0013,Ahmedabad,2025-12-18,12,Winter,0.99,27.5,77.2,104.2,0,1,0.1553,0.0,0.1377
HYD-HY0058,Hyderabad,2024-08-14,8,Monsoon,49.88,24.9,115.8,133.0,0,2,0.5669,0.0,0.1033
DEL-DE0091,Delhi,2024-09-09,9,Monsoon,35.93,30.1,92.6,112.4,0,4,0.4022,0.088,0.0128
KOL-KO0149,Kolkata,2025-04-08,4,Summer,0.0,43.3,159.2,180.0,1,5,0.2124,0.1912,0.1567
PUN-PU0123,Pune,2024-07-29,7,Monsoon,19.17,27.7,108.6,137.2,0,5,0.0,0.0,0.0975
KOL-KO0125,Kolkata,2025-12-26,12,Winter,6.08,24.2,107.2,128.9,0,1,0.1094,0.0312,0.0454
MUM-MU0185,Mumbai,2025-11-23,11,Winter,2.29,22.8,111.5,159.9,0,4,0.0,0.0344,0.0845
AHM-AH0079,Ahmedabad,2025-01-28,1,Winter,4.1,25.9,165.8,179.9,0,2,0.0891,0.0457,0.1686
HYD-HY0025,Hyderabad,2026-02-27,2,Winter,0.0,15.0,142.5,179.1,0,3,0.1197,0.0116,0.092
DEL-DE0031,Delhi,2026-02-09,2,Winter,0.0,30.2,170.8,188.1,0,3,0.0448,0.0546,0.2152
DEL-DE0168,Delhi,2024-07-06,7,Monsoon,11.79,38.0,105.1,147.2,0,3,0.0667,0.0435,0.0
AHM-AH0194,Ahmedabad,2025-11-15,11,Winter,7.47,26.3,57.7,107.6,1,3,0.137,0.1967,0.0272
HYD-HY0198,Hyderabad,2024-04-06,4,Summer,5.54,41.5,136.7,157.4,0,5,0.0,0.0685,0.1077
AHM-AH0025,Ahmedabad,2025-11-07,11,Winter,0.0,25.8,135.8,185.0,0,5,0.0582,0.0094,0.0749
HYD-HY0119,Hyderabad,2024-06-08,6,Monsoon,19.53,33.1,147.4,161.6,0,2,0.0714,0.0756,0.158
DEL-DE0077,Delhi,2025-10-02,10,Winter,0.0,22.0,361.5,396.4,1,3,0.1671,0.2093,0.7104
KOL-KO0005,Kolkata,2025-04-04,4,Summer,26.67,40.6,182.8,224.8,0,4,0.4571,0.0773,0.247
KOL-KO0046,Kolkata,2024-12-10,12,Winter,12.18,16.5,215.7,232.2,0,3,0.1515,0.0348,0.3059
CHE-CH0062,Chennai,2025-09-11,9,Monsoon,29.8,37.3,114.4,140.2,0,4,0.4641,0.0566,0.1233
KOL-KO0123,Kolkata,2025-07-28,7,Monsoon,1.63,30.7,113.6,162.3,0,2,0.1422,0.0007,0.1177
MUM-MU0051,Mumbai,2025-11-11,11,Winter,7.2,25.3,109.5,120.7,0,3,0.0714,0.0997,0.0
DEL-DE0166,Delhi,2025-03-10,3,Summer,6.23,42.8,141.8,161.2,1,1,0.3196,0.1729,0.1182
KOL-KO0129,Kolkata,2025-01-20,1,Winter,0.0,25.5,61.1,101.0,0,3,0.0315,0.0686,0.0173
PUN-PU0008,Pune,2024-10-12,10,Winter,0.0,25.5,115.0,157.5,0,4,0.2344,0.0244,0.0946
AHM-AH0059,Ahmedabad,2024-08-14,8,Monsoon,16.59,36.7,92.4,134.2,0,3,0.0,0.0431,0.0228
BEN-BE0013,Bengaluru,2025-05-24,5,Summer,2.58,36.3,106.7,148.2,0,3,0.0,0.0855,0.0277
KOL-KO0131,Kolkata,2025-09-12,9,Monsoon,18.28,28.0,123.9,156.6,0,2,0.1386,0.0369,0.0821
MUM-MU0184,Mumbai,2024-05-15,5,Summer,0.0,40.7,70.3,117.1,0,1,0.1268,0.0925,0.0842
BEN-BE0112,Bengaluru,2024-12-11,12,Winter,0.0,25.8,95.2,114.5,1,1,0.1561,0.267,0.0987
CHE-CH0063,Chennai,2025-09-02,9,Monsoon,16.06,31.3,124.6,135.3,0,3,0.1342,0.0959,0.1042
AHM-AH0016,Ahmedabad,2024-10-04,10,Winter,3.84,31.8,95.3,110.0,1,5,0.1309,0.2065,0.0001
PUN-PU0128,Pune,2024-07-23,7,Monsoon,15.47,33.5,125.6,158.6,0,1,0.1383,0.0689,0.0305
AHM-AH0057,Ahmedabad,2026-04-01,4,Summer,0.0,38.2,88.4,118.8,1,5,0.0,0.1966,0.0
DEL-DE0135,Delhi,2025-08-22,8,Monsoon,49.32,38.5,99.9,146.4,0,2,0.6869,0.0234,0.0182
AHM-AH0071,Ahmedabad,2025-07-22,7,Monsoon,42.14,29.3,193.3,217.9,1,2,0.4618,0.1849,0.2394
AHM-AH0101,Ahmedabad,2024-07-08,7,Monsoon,62.53,30.0,122.3,133.0,0,3,0.7713,0.0771,0.013
DEL-DE0053,Delhi,2024-10-16,10,Winter,0.0,28.1,343.8,381.0,0,4,0.2136,0.0939,0.6618
MUM-MU0186,Mumbai,2025-07-21,7,Monsoon,21.37,34.9,103.9,120.1,0,1,0.2917,0.0421,0.0084
DEL-DE0033,Delhi,2026-01-12,1,Winter,0.0,28.7,308.1,336.9,0,3,0.1235,0.061,0.5421
AHM-AH0046,Ahmedabad,2025-09-12,9,Monsoon,12.82,34.3,63.8,113.5,0,2,0.0031,0.0242,0.1145
KOL-KO0120,Kolkata,2025-03-14,3,Summer,0.0,36.3,97.3,139.6,0,4,0.1825,0.0855,0.0343
PUN-PU0098,Pune,2025-12-05,12,Winter,0.0,26.7,97.1,128.4,0,2,0.1457,0.0784,0.0241
CHE-CH0143,Chennai,2025-11-01,11,Winter,0.0,20.8,69.7,103.2,0,4,0.0748,0.0427,0.0
MUM-MU0174,Mumbai,2024-07-05,7,Monsoon,36.56,28.1,190.1,233.6,0,2,0.4629,0.0359,0.2301
HYD-HY0072,Hyderabad,2024-04-11,4,Summer,7.31,41.3,105.7,138.1,0,3,0.1894,0.0158,0.0779
AHM-AH0048,Ahmedabad,2024-12-11,12,Winter,5.0,22.5,82.6,125.3,0,3,0.011,0.0142,0.0827
CHE-CH0186,Chennai,2025-06-01,6,Monsoon,11.42,25.0,74.5,106.2,0,4,0.1821,0.0585,0.0
AHM-AH0088,Ahmedabad,2025-11-19,11,Winter,1.06,27.0,146.6,164.6,0,2,0.1533,0.075,0.1363
HYD-HY0047,Hyderabad,2024-09-22,9,Monsoon,23.45,31.9,96.6,128.7,0,4,0.3574,0.0781,0.0395
PUN-PU0053,Pune,2025-07-14,7,Monsoon,20.57,16.6,121.5,167.5,0,4,0.2963,0.0,0.0255
DEL-DE0127,Delhi,2026-02-07,2,Winter,1.35,20.5,278.7,304.5,0,4,0.0769,0.0888,0.4875
CHE-CH0175,Chennai,2025-03-02,3,Summer,5.86,38.4,113.2,136.2,0,3,0.0159,0.0692,0.0
HYD-HY0127,Hyderabad,2024-12-12,12,Winter,7.23,25.5,50.0,65.8,0,4,0.0583,0.0,0.0
CHE-CH0179,Chennai,2024-06-08,6,Monsoon,22.49,29.9,98.1,136.4,0,2,0.3814,0.0,0.0117
MUM-MU0089,Mumbai,2025-07-03,7,Monsoon,55.18,30.3,95.7,127.8,0,2,0.6317,0.0659,0.0445
AHM-AH0173,Ahmedabad,2024-08-24,8,Monsoon,17.71,37.9,94.3,130.6,0,2,0.201,0.1067,0.0134
DEL-DE0149,Delhi,2026-03-15,3,Summer,1.26,39.6,145.5,191.9,0,3,0.0,0.0323,0.1595
CHE-CH0086,Chennai,2024-05-16,5,Summer,0.0,34.9,143.0,189.1,0,3,0.0889,0.0563,0.1565
HYD-HY0158,Hyderabad,2024-04-25,4,Summer,1.51,36.9,73.0,83.8,0,3,0.0263,0.0615,0.0979
PUN-PU0150,Pune,2024-08-25,8,Monsoon,25.81,28.5,114.5,131.4,0,2,0.3222,0.0751,0.038
DEL-DE0107,Delhi,2025-06-18,6,Monsoon,0.0,34.3,181.2,211.1,0,3,0.1512,0.0059,0.2289
DEL-DE0132,Delhi,2025-03-13,3,Summer,0.59,43.7,91.6,116.2,1,3,0.3317,0.2045,0.0669
DEL-DE0096,Delhi,2024-07-06,7,Monsoon,42.53,40.3,60.0,78.0,0,3,0.5716,0.0404,0.0744
DEL-DE0166,Delhi,2026-01-05,1,Winter,8.52,22.8,305.0,315.3,0,3,0.0423,0.0,0.5849
AHM-AH0175,Ahmedabad,2024-10-09,10,Winter,8.08,28.6,163.5,193.4,1,1,0.0936,0.2503,0.287
AHM-AH0058,Ahmedabad,2024-05-08,5,Summer,2.04,29.8,70.0,108.3,1,3,0.0219,0.2221,0.0
MUM-MU0105,Mumbai,2024-10-28,10,Winter,0.0,25.7,153.2,196.2,1,1,0.0642,0.2658,0.2385
KOL-KO0059,Kolkata,2025-02-11,2,Winter,5.63,23.3,119.6,130.4,0,3,0.0504,0.1066,0.1053
CHE-CH0030,Chennai,2024-05-05,5,Summer,8.37,48.0,95.0,139.2,0,3,0.5434,0.0327,0.0
CHE-CH0033,Chennai,2025-12-26,12,Winter,4.71,22.4,184.7,201.9,0,1,0.0406,0.0271,0.2339
AHM-AH0095,Ahmedabad,2024-06-19,6,Monsoon,15.87,35.5,64.1,96.9,0,2,0.0104,0.0378,0.0
AHM-AH0174,Ahmedabad,2024-08-03,8,Monsoon,5.0,25.7,89.2,115.6,0,5,0.1941,0.0199,0.0207
KOL-KO0113,Kolkata,2024-11-01,11,Winter,0.0,29.9,145.0,180.1,0,1,0.0,0.0318,0.1675
BEN-BE0191,Bengaluru,2025-04-15,4,Summer,6.09,39.2,112.9,136.6,0,2,0.0603,0.0348,0.0666
PUN-PU0082,Pune,2025-06-10,6,Monsoon,26.62,33.3,101.3,149.5,0,3,0.3998,0.0276,0.007
DEL-DE0170,Delhi,2025-05-10,5,Summer,0.0,41.0,86.6,110.5,0,4,0.2523,0.1713,0.0262
DEL-DE0040,Delhi,2025-09-21,9,Monsoon,3.59,33.6,115.7,148.4,0,2,0.264,0.0,0.0118
DEL-DE0069,Delhi,2025-11-19,11,Winter,0.0,29.1,254.8,283.8,0,2,0.1065,0.0491,0.3305
BEN-BE0015,Bengaluru,2024-04-20,4,Summer,0.0,46.3,146.2,187.1,0,1,0.3241,0.0995,0.2219
MUM-MU0007,Mumbai,2025-07-28,7,Monsoon,18.6,30.7,88.5,104.5,0,3,0.219,0.0184,0.0395
PUN-PU0075,Pune,2025-07-15,7,Monsoon,14.22,26.3,99.6,131.3,0,2,0.0279,0.0629,0.0603
AHM-AH0167,Ahmedabad,2025-08-05,8,Monsoon,46.87,40.1,98.5,132.7,0,4,0.5298,0.0038,0.0154
BEN-BE0118,Bengaluru,2025-04-05,4,Summer,5.6,42.9,99.7,139.3,0,3,0.1554,0.0594,0.058
MUM-MU0025,Mumbai,2024-06-16,6,Monsoon,39.16,30.0,153.5,183.0,0,1,0.4816,0.0121,0.1495
KOL-KO0139,Kolkata,2025-04-16,4,Summer,0.0,38.5,45.3,68.7,0,2,0.1878,0.0712,0.0408
HYD-HY0019,Hyderabad,2025-08-20,8,Monsoon,6.97,31.7,149.8,161.1,0,1,0.1388,0.0076,0.1131
HYD-HY0021,Hyderabad,2024-12-14,12,Winter,12.74,26.3,91.6,114.5,0,1,0.178,0.0188,0.0509
HYD-HY0113,Hyderabad,2025-10-29,10,Winter,0.0,22.6,87.4,103.3,0,1,0.0765,0.047,0.0223
MUM-MU0011,Mumbai,2025-02-12,2,Winter,3.34,27.1,120.2,140.3,0,2,0.154,0.0215,0.1273
PUN-PU0045,Pune,2025-07-21,7,Monsoon,1.72,20.9,69.6,108.8,0,3,0.1799,0.0,0.038
HYD-HY0010,Hyderabad,2025-04-05,4,Summer,11.23,28.4,119.3,153.0,1,2,0.1138,0.2102,0.1121
BEN-BE0087,Bengaluru,2026-03-27,3,Summer,3.61,42.0,43.0,62.2,0,4,0.1339,0.0809,0.0
BEN-BE0044,Bengaluru,2025-09-19,9,Monsoon,13.9,18.9,94.1,104.4,0,2,0.0,0.1008,0.0076
PUN-PU0005,Pune,2025-02-19,2,Winter,0.81,15.0,107.0,129.3,0,5,0.2142,0.0505,0.093
PUN-PU0150,Pune,2025-03-05,3,Summer,1.95,31.3,54.1,76.6,0,5,0.0866,0.007,0.0
KOL-KO0174,Kolkata,2025-04-28,4,Summer,6.65,45.1,110.0,159.2,0,1,0.3328,0.0092,0.0683
KOL-KO0129,Kolkata,2025-05-19,5,Summer,11.25,48.0,60.6,90.6,0,3,0.5047,0.114,0.0836
KOL-KO0039,Kolkata,2024-08-27,8,Monsoon,25.4,25.3,124.5,169.3,0,3,0.3138,0.0,0.0326
KOL-KO0104,Kolkata,2025-08-03,8,Monsoon,16.51,32.2,144.6,167.7,0,3,0.0,0.0683,0.0712
MUM-MU0162,Mumbai,2025-03-17,3,Summer,0.83,48.0,63.1,103.3,0,4,0.5582,0.0717,0.0399
PUN-PU0031,Pune,2025-07-27,7,Monsoon,25.79,19.9,113.5,142.6,0,5,0.3472,0.0293,0.0
PUN-PU0029,Pune,2025-12-15,12,Winter,0.0,19.0,86.3,126.2,1,3,0.0,0.1871,0.0124
MUM-MU0013,Mumbai,2025-05-02,5,Summer,3.38,32.0,217.3,242.8,1,5,0.0918,0.1855,0.341
BEN-BE0101,Bengaluru,2026-03-31,3,Summer,3.98,31.5,68.1,111.6,0,2,0.0429,0.0376,0.1108
HYD-HY0120,Hyderabad,2024-10-31,10,Winter,5.15,19.4,105.7,150.1,0,5,0.1223,0.0303,0.0
BEN-BE0169,Bengaluru,2025-02-28,2,Winter,0.0,27.1,108.0,119.2,0,3,0.1454,0.1061,0.1536
PUN-PU0069,Pune,2024-10-23,10,Winter,8.73,21.8,159.5,181.7,0,1,0.1495,0.0306,0.1891
PUN-PU0087,Pune,2025-11-30,11,Winter,4.56,22.2,129.9,155.6,0,1,0.0034,0.1003,0.1067
HYD-HY0141,Hyderabad,2024-11-16,11,Winter,12.63,24.8,118.1,146.3,0,3,0.0,0.0196,0.0381
BEN-BE0025,Bengaluru,2025-08-18,8,Monsoon,29.92,37.4,74.3,90.8,1,2,0.4129,0.2318,0.0285
MUM-MU0100,Mumbai,2025-05-01,5,Summer,14.47,39.9,109.2,146.3,0,4,0.0304,0.0747,0.0867
DEL-DE0178,Delhi,2025-05-10,5,Summer,7.88,43.0,125.3,169.4,0,4,0.2559,0.0166,0.0828
DEL-DE0103,Delhi,2025-07-06,7,Monsoon,4.96,28.3,67.1,98.8,0,1,0.0786,0.0464,0.0359
MUM-MU0112,Mumbai,2025-06-15,6,Monsoon,54.57,30.7,124.8,135.5,0,1,0.6682,0.0564,0.0584
PUN-PU0137,Pune,2024-09-23,9,Monsoon,16.88,25.8,114.2,150.2,1,1,0.1086,0.1651,0.0
CHE-CH0114,Chennai,2024-12-29,12,Winter,8.7,15.8,102.4,152.2,0,1,0.2381,0.0494,0.037
MUM-MU0075,Mumbai,2024-07-28,7,Monsoon,22.43,29.3,39.5,82.6,0,3,0.2695,0.0402,0.0
DEL-DE0097,Delhi,2026-01-09,1,Winter,1.98,32.2,367.0,407.2,0,5,0.0668,0.0281,0.7087
MUM-MU0066,Mumbai,2025-06-16,6,Monsoon,4.71,34.5,105.5,146.2,0,5,0.0898,0.0,0.0079
PUN-PU0166,Pune,2024-10-06,10,Winter,0.3,21.0,119.4,155.1,0,2,0.1088,0.0096,0.029
HYD-HY0183,Hyderabad,2024-10-29,10,Winter,0.0,17.9,101.6,151.1,0,1,0.1068,0.0468,0.0227
PUN-PU0035,Pune,2025-05-29,5,Summer,4.37,37.9,113.2,162.3,0,4,0.0,0.0613,0.0919
CHE-CH0011,Chennai,2025-07-26,7,Monsoon,7.78,29.7,30.0,42.6,0,4,0.1368,0.0462,0.07
CHE-CH0078,Chennai,2024-08-12,8,Monsoon,5.97,41.1,74.3,91.0,0,4,0.1632,0.0058,0.0123
MUM-MU0179,Mumbai,2026-03-29,3,Summer,21.32,39.9,58.5,95.9,0,5,0.3046,0.0273,0.0
MUM-MU0100,Mumbai,2024-11-19,11,Winter,4.02,21.0,119.8,139.6,0,3,0.0924,0.0392,0.1245
DEL-DE0023,Delhi,2024-06-24,6,Monsoon,5.8,33.8,86.6,129.7,0,1,0.1745,0.0,0.0257
KOL-KO0053,Kolkata,2024-08-21,8,Monsoon,40.53,35.1,159.1,194.3,0,3,0.3904,0.0478,0.1797
DEL-DE0165,Delhi,2026-03-17,3,Summer,2.73,39.2,100.1,129.7,1,5,0.1572,0.1829,0.0
DEL-DE0130,Delhi,2026-03-15,3,Summer,1.67,47.6,84.1,107.9,0,3,0.4539,0.048,0.0012
PUN-PU0176,Pune,2025-06-17,6,Monsoon,21.85,30.0,116.9,138.3,0,1,0.2626,0.026,0.1055
BEN-BE0182,Bengaluru,2025-07-18,7,Monsoon,6.5,34.2,127.7,139.6,0,1,0.0624,0.1192,0.1063
PUN-PU0051,Pune,2026-03-25,3,Summer,3.92,46.5,118.7,146.8,0,3,0.3637,0.0756,0.027
PUN-PU0153,Pune,2025-01-12,1,Winter,3.44,15.3,160.8,208.8,0,3,0.0365,0.0318,0.1921
AHM-AH0016,Ahmedabad,2025-06-14,6,Monsoon,51.88,33.0,116.7,133.6,0,2,0.6539,0.0068,0.1151
AHM-AH0033,Ahmedabad,2024-06-22,6,Monsoon,18.47,29.7,37.6,73.0,0,3,0.196,0.0499,0.0905
PUN-PU0018,Pune,2024-06-18,6,Monsoon,5.14,28.2,96.4,125.1,0,3,0.2334,0.07,0.0052
HYD-HY0172,Hyderabad,2024-06-16,6,Monsoon,17.05,35.8,128.9,162.9,0,3,0.1094,0.0899,0.1695
HYD-HY0151,Hyderabad,2024-04-10,4,Summer,6.41,33.3,54.1,89.5,0,1,0.2043,0.0176,0.0491
DEL-DE0163,Delhi,2024-09-21,9,Monsoon,20.11,40.5,110.0,124.5,0,2,0.3533,0.0,0.0293
KOL-KO0132,Kolkata,2024-11-15,11,Winter,10.67,15.0,105.5,155.0,0,3,0.0558,0.0296,0.0351
AHM-AH0134,Ahmedabad,2024-10-08,10,Winter,0.0,29.6,139.9,180.6,0,2,0.1181,0.1202,0.122
HYD-HY0185,Hyderabad,2025-04-30,4,Summer,0.14,36.6,43.4,82.3,0,5,0.1065,0.0755,0.0
CHE-CH0137,Chennai,2024-06-20,6,Monsoon,25.16,30.4,76.8,110.8,0,3,0.3191,0.0208,0.0232
MUM-MU0073,Mumbai,2024-04-19,4,Summer,10.8,30.6,44.9,87.7,0,3,0.1177,0.0727,0.0162
AHM-AH0173,Ahmedabad,2024-05-02,5,Summer,5.65,30.5,119.5,138.6,0,2,0.0777,0.0898,0.1008
CHE-CH0012,Chennai,2025-11-05,11,Winter,0.0,16.7,104.8,149.0,0,2,0.1361,0.0,0.0934
CHE-CH0061,Chennai,2024-07-27,7,Monsoon,13.21,32.9,105.8,119.7,0,3,0.1666,0.0825,0.0828
CHE-CH0154,Chennai,2024-07-04,7,Monsoon,28.91,32.8,78.3,122.1,0,4,0.3673,0.0386,0.0201
CHE-CH0176,Chennai,2024-10-29,10,Winter,2.07,17.0,111.2,127.2,1,2,0.2124,0.2734,0.0295
MUM-MU0138,Mumbai,2025-02-12,2,Winter,11.22,20.0,120.9,138.1,0,2,0.0722,0.0758,0.0137
AHM-AH0153,Ahmedabad,2025-03-02,3,Summer,5.18,29.0,69.1,95.6,0,1,0.0274,0.0293,0.1164
KOL-KO0075,Kolkata,2024-07-09,7,Monsoon,13.01,22.8,120.0,159.4,0,5,0.0382,0.1034,0.0348
HYD-HY0127,Hyderabad,2025-04-23,4,Summer,0.37,30.7,114.4,140.7,0,2,0.1828,0.0,0.0597
MUM-MU0132,Mumbai,2026-03-26,3,Summer,0.0,39.4,87.9,124.6,1,3,0.0438,0.23,0.0
BEN-BE0199,Bengaluru,2025-07-22,7,Monsoon,20.43,24.6,59.3,73.1,0,3,0.3578,0.1191,0.0355
KOL-KO0164,Kolkata,2025-06-19,6,Monsoon,17.86,34.1,186.4,208.4,0,1,0.1907,0.017,0.252
DEL-DE0075,Delhi,2025-07-17,7,Monsoon,25.86,31.5,173.4,207.9,0,3,0.3009,0.1059,0.2105
DEL-DE0049,Delhi,2025-05-08,5,Summer,19.63,48.0,103.8,131.2,1,1,0.5135,0.2066,0.0182
AHM-AH0022,Ahmedabad,2024-09-27,9,Monsoon,25.57,38.3,108.0,152.4,1,1,0.4385,0.2484,0.0237
BEN-BE0162,Bengaluru,2024-06-30,6,Monsoon,4.2,21.6,87.7,124.1,0,3,0.0795,0.1296,0.0582
CHE-CH0074,Chennai,2024-12-03,12,Winter,0.83,31.9,88.4,105.4,0,1,0.1011,0.0717,0.0
HYD-HY0079,Hyderabad,2024-05-04,5,Summer,6.0,37.8,66.0,86.5,0,4,0.0289,0.0813,0.0393
KOL-KO0047,Kolkata,2025-11-25,11,Winter,0.0,19.8,237.3,254.6,0,4,0.0912,0.073,0.3059
HYD-HY0074,Hyderabad,2025-03-19,3,Summer,3.58,39.9,77.8,89.5,0,4,0.1453,0.0441,0.0117
BEN-BE0029,Bengaluru,2026-03-08,3,Summer,0.0,36.1,137.1,154.8,0,2,0.0651,0.0698,0.1502
AHM-AH0025,Ahmedabad,2024-04-24,4,Summer,3.22,33.5,117.8,146.6,1,3,0.071,0.2827,0.0102
BEN-BE0028,Bengaluru,2025-06-16,6,Monsoon,17.1,38.5,109.0,121.6,0,2,0.2087,0.0054,0.0069
PUN-PU0053,Pune,2024-11-20,11,Winter,14.95,21.5,62.8,73.3,1,1,0.1071,0.183,0.0444
MUM-MU0119,Mumbai,2024-09-30,9,Monsoon,50.85,19.5,127.8,170.9,0,2,0.5454,0.1177,0.1435
DEL-DE0023,Delhi,2025-05-18,5,Summer,20.47,39.5,30.0,50.0,1,1,0.2951,0.2611,0.0
HYD-HY0170,Hyderabad,2024-04-14,4,Summer,11.94,42.3,73.4,103.9,0,3,0.1568,0.0237,0.04
AHM-AH0094,Ahmedabad,2025-03-24,3,Summer,1.86,42.4,78.3,125.1,0,4,0.1952,0.0,0.0337
PUN-PU0088,Pune,2025-01-28,1,Winter,5.31,24.4,103.7,138.8,0,4,0.1117,0.0497,0.0053
HYD-HY0083,Hyderabad,2025-08-20,8,Monsoon,30.36,33.5,102.6,123.2,0,5,0.3764,0.1487,0.0912
MUM-MU0179,Mumbai,2025-02-02,2,Winter,3.63,21.1,138.4,162.8,0,3,0.1686,0.079,0.1164
KOL-KO0190,Kolkata,2024-12-24,12,Winter,0.0,27.7,112.8,126.3,0,3,0.2113,0.0457,0.1127
AHM-AH0082,Ahmedabad,2025-05-09,5,Summer,8.11,39.8,139.8,170.8,0,3,0.0,0.0193,0.1668
AHM-AH0010,Ahmedabad,2025-01-11,1,Winter,0.84,15.0,83.3,111.3,0,2,0.2003,0.1132,0.0159
PUN-PU0038,Pune,2025-09-08,9,Monsoon,7.22,24.9,118.4,138.2,0,3,0.298,0.0728,0.0425
AHM-AH0047,Ahmedabad,2024-11-27,11,Winter,4.27,34.2,101.1,114.9,0,3,0.0448,0.0994,0.0
BEN-BE0188,Bengaluru,2024-11-27,11,Winter,5.17,15.0,40.4,77.5,1,5,0.1546,0.1709,0.004
KOL-KO0074,Kolkata,2025-10-02,10,Winter,0.0,19.4,133.5,157.9,0,1,0.0829,0.0,0.1274
PUN-PU0046,Pune,2025-07-04,7,Monsoon,15.09,31.5,95.7,142.6,0,5,0.1329,0.0492,0.0578
CHE-CH0048,Chennai,2024-07-28,7,Monsoon,19.54,26.9,97.9,139.0,0,1,0.0,0.0137,0.0
BEN-BE0131,Bengaluru,2024-07-04,7,Monsoon,12.31,21.6,111.8,153.7,0,3,0.1451,0.027,0.0396
HYD-HY0076,Hyderabad,2024-05-08,5,Summer,6.25,34.5,61.5,93.6,0,2,0.0119,0.112,0.0175
HYD-HY0177,Hyderabad,2024-08-05,8,Monsoon,11.54,33.9,157.6,199.6,0,3,0.0016,0.0724,0.1454
PUN-PU0076,Pune,2025-04-05,4,Summer,0.0,31.3,77.2,99.9,0,3,0.0,0.0701,0.0502
CHE-CH0124,Chennai,2025-12-25,12,Winter,10.25,18.7,148.2,166.4,1,4,0.1947,0.2096,0.1362
DEL-DE0065,Delhi,2025-08-10,8,Monsoon,16.04,32.6,106.3,142.0,0,5,0.041,0.079,0.0753
PUN-PU0058,Pune,2024-06-29,6,Monsoon,15.86,26.8,69.0,101.3,0,3,0.1473,0.0882,0.0
HYD-HY0152,Hyderabad,2025-05-04,5,Summer,5.33,38.8,157.7,189.8,0,3,0.0445,0.1144,0.1612
HYD-HY0016,Hyderabad,2025-09-27,9,Monsoon,12.73,31.2,181.8,228.7,0,3,0.1687,0.0,0.3039
HYD-HY0064,Hyderabad,2025-04-30,4,Summer,2.28,48.0,112.4,132.6,0,5,0.4716,0.066,0.0143
AHM-AH0093,Ahmedabad,2024-05-30,5,Summer,0.0,42.6,114.4,124.5,0,1,0.2306,0.0265,0.0703
PUN-PU0094,Pune,2025-03-13,3,Summer,5.47,43.1,128.9,164.1,0,3,0.1925,0.0616,0.2074
HYD-HY0019,Hyderabad,2025-05-07,5,Summer,7.21,42.8,160.1,171.2,0,3,0.2657,0.08,0.1678
HYD-HY0008,Hyderabad,2025-04-08,4,Summer,3.38,29.7,111.0,131.4,0,5,0.1218,0.0599,0.0735
DEL-DE0168,Delhi,2025-06-20,6,Monsoon,26.83,35.1,74.9,107.6,0,3,0.4304,0.1074,0.0611
PUN-PU0048,Pune,2024-12-25,12,Winter,0.0,20.3,112.8,158.4,0,3,0.0973,0.053,0.1331
BEN-BE0076,Bengaluru,2025-03-08,3,Summer,0.04,38.2,138.6,179.9,0,2,0.1167,0.0268,0.1774
AHM-AH0051,Ahmedabad,2025-03-01,3,Summer,7.39,32.4,78.5,92.8,0,2,0.1435,0.0768,0.0295
BEN-BE0194,Bengaluru,2024-12-01,12,Winter,6.8,24.8,82.3,107.4,0,2,0.2399,0.0825,0.014
DEL-DE0196,Delhi,2026-02-28,2,Winter,0.0,22.3,350.5,381.4,0,4,0.1386,0.0211,0.68
MUM-MU0003,Mumbai,2024-08-18,8,Monsoon,20.93,30.4,206.6,222.9,0,4,0.3231,0.0431,0.2262
DEL-DE0042,Delhi,2025-11-19,11,Winter,3.63,26.8,339.8,357.5,0,1,0.1107,0.0361,0.5882
MUM-MU0049,Mumbai,2024-05-25,5,Summer,6.86,44.0,103.4,146.3,0,2,0.3898,0.0702,0.0733
KOL-KO0152,Kolkata,2026-01-21,1,Winter,3.13,18.8,174.4,189.9,0,5,0.1328,0.06,0.2028
PUN-PU0080,Pune,2025-02-09,2,Winter,8.3,18.5,31.8,45.8,0,3,0.0,0.0087,0.0
DEL-DE0041,Delhi,2024-06-15,6,Monsoon,20.49,32.3,104.3,136.1,0,3,0.2538,0.0491,0.0
AHM-AH0110,Ahmedabad,2024-06-02,6,Monsoon,2.12,34.1,90.7,134.6,0,3,0.0162,0.0433,0.1034
BEN-BE0024,Bengaluru,2025-11-09,11,Winter,3.94,24.9,94.3,138.7,0,3,0.0852,0.0,0.0054
PUN-PU0060,Pune,2024-09-15,9,Monsoon,17.42,27.2,89.0,135.2,0,4,0.025,0.0767,0.0787
KOL-KO0049,Kolkata,2026-01-20,1,Winter,0.86,23.8,214.5,240.1,0,1,0.0963,0.0242,0.3223
KOL-KO0047,Kolkata,2025-03-05,3,Summer,12.49,35.3,190.2,210.5,0,3,0.2614,0.0385,0.2534
MUM-MU0093,Mumbai,2024-04-04,4,Summer,0.0,36.5,91.1,121.9,1,3,0.1061,0.1804,0.1338
CHE-CH0083,Chennai,2024-04-05,4,Summer,15.54,29.6,128.9,163.0,0,2,0.0447,0.0799,0.147
CHE-CH0116,Chennai,2025-04-02,4,Summer,0.0,39.1,72.7,97.9,0,3,0.0,0.0968,0.0167
HYD-HY0147,Hyderabad,2026-04-01,4,Summer,8.15,46.7,136.9,150.8,0,3,0.4314,0.0397,0.1232
PUN-PU0105,Pune,2025-01-11,1,Winter,6.99,19.1,78.0,93.6,0,1,0.0618,0.0,0.0515
BEN-BE0034,Bengaluru,2025-06-06,6,Monsoon,16.48,28.4,101.5,130.2,0,2,0.1692,0.0347,0.0
MUM-MU0023,Mumbai,2025-06-11,6,Monsoon,16.91,32.4,92.0,140.2,0,3,0.0631,0.0139,0.0203
PUN-PU0111,Pune,2026-03-14,3,Summer,5.95,40.9,86.2,102.5,0,3,0.1463,0.1511,0.0625
BEN-BE0012,Bengaluru,2025-12-05,12,Winter,4.81,24.6,108.6,154.4,0,3,0.1251,0.029,0.0735
AHM-AH0013,Ahmedabad,2025-05-01,5,Summer,1.91,40.0,97.8,128.4,0,4,0.1416,0.0991,0.0188
BEN-BE0176,Bengaluru,2024-08-01,8,Monsoon,16.22,26.2,72.5,97.2,0,3,0.1298,0.0,0.0459
BEN-BE0121,Bengaluru,2025-12-24,12,Winter,9.68,20.4,126.9,145.5,0,2,0.0567,0.0,0.0405
MUM-MU0138,Mumbai,2025-05-10,5,Summer,4.66,37.6,145.7,182.7,0,3,0.015,0.0111,0.2373
CHE-CH0030,Chennai,2025-02-18,2,Winter,3.2,15.8,147.6,184.3,0,1,0.1298,0.0904,0.1484
CHE-CH0014,Chennai,2024-11-28,11,Winter,8.24,27.1,133.3,164.0,0,2,0.1191,0.032,0.0639
HYD-HY0037,Hyderabad,2025-07-09,7,Monsoon,18.3,29.7,111.8,151.3,0,2,0.1853,0.0715,0.0454
HYD-HY0126,Hyderabad,2024-04-29,4,Summer,0.46,27.0,148.2,171.5,1,4,0.1687,0.1975,0.1575
CHE-CH0063,Chennai,2026-02-21,2,Winter,0.0,23.1,167.0,193.2,0,2,0.1931,0.1091,0.2037
AHM-AH0170,Ahmedabad,2024-10-04,10,Winter,0.0,15.0,120.6,169.2,0,3,0.0387,0.0,0.0799
MUM-MU0012,Mumbai,2025-02-28,2,Winter,0.0,18.0,56.2,88.0,0,3,0.1774,0.0192,0.0
DEL-DE0033,Delhi,2026-03-13,3,Summer,0.0,37.4,112.2,158.8,0,4,0.0,0.1667,0.0844
AHM-AH0004,Ahmedabad,2024-11-19,11,Winter,1.24,19.7,100.8,134.8,0,3,0.181,0.0614,0.0215
CHE-CH0082,Chennai,2024-07-08,7,Monsoon,26.04,28.8,143.2,164.4,0,1,0.3905,0.0288,0.1833
CHE-CH0099,Chennai,2025-10-10,10,Winter,4.04,24.2,109.6,137.1,0,1,0.0497,0.0092,0.0401
KOL-KO0011,Kolkata,2024-09-04,9,Monsoon,3.35,29.8,117.0,148.8,1,1,0.1631,0.2143,0.0651
AHM-AH0083,Ahmedabad,2025-02-04,2,Winter,5.33,19.8,78.5,117.8,0,4,0.1957,0.0,0.0093
HYD-HY0165,Hyderabad,2024-05-28,5,Summer,8.76,48.0,116.0,142.1,0,5,0.4546,0.0,0.0634
PUN-PU0061,Pune,2024-12-06,12,Winter,14.02,17.4,109.7,126.6,0,3,0.1201,0.0737,0.0085
MUM-MU0059,Mumbai,2024-09-20,9,Monsoon,48.65,26.5,93.8,132.7,0,2,0.6044,0.0475,0.0003
DEL-DE0159,Delhi,2025-01-27,1,Winter,2.21,24.0,351.3,370.5,1,2,0.143,0.2442,0.6232
DEL-DE0197,Delhi,2025-10-06,10,Winter,0.0,23.3,326.9,338.5,0,2,0.1532,0.0,0.6052
CHE-CH0076,Chennai,2024-06-04,6,Monsoon,18.97,37.4,90.3,112.9,0,1,0.2034,0.07,0.0424
CHE-CH0092,Chennai,2025-08-24,8,Monsoon,44.18,28.6,79.3,92.4,0,4,0.502,0.056,0.0365
PUN-PU0177,Pune,2025-07-30,7,Monsoon,25.46,33.8,78.0,116.2,0,1,0.4094,0.0702,0.0205
KOL-KO0181,Kolkata,2024-10-29,10,Winter,1.63,23.0,151.8,168.3,0,3,0.1766,0.0737,0.1828
KOL-KO0171,Kolkata,2025-06-18,6,Monsoon,12.09,36.4,89.9,132.7,0,4,0.1751,0.1064,0.0362
MUM-MU0072,Mumbai,2024-08-01,8,Monsoon,15.27,35.8,196.3,219.8,0,4,0.0493,0.0882,0.2806
PUN-PU0122,Pune,2025-02-21,2,Winter,12.24,23.9,77.0,118.9,1,1,0.0666,0.2688,0.0
DEL-DE0078,Delhi,2025-04-13,4,Summer,0.0,36.0,78.8,120.4,0,5,0.1985,0.0,0.13
KOL-KO0186,Kolkata,2025-09-14,9,Monsoon,9.21,20.6,137.1,179.9,0,1,0.0,0.0548,0.1401
DEL-DE0118,Delhi,2024-05-06,5,Summer,10.84,46.5,123.2,163.5,0,1,0.4881,0.0029,0.0637
PUN-PU0084,Pune,2026-03-19,3,Summer,0.0,32.9,156.2,202.6,1,4,0.0932,0.1465,0.1914
KOL-KO0143,Kolkata,2025-10-09,10,Winter,8.1,27.9,193.3,238.9,0,3,0.0,0.0417,0.2643
HYD-HY0099,Hyderabad,2025-12-04,12,Winter,0.0,26.9,47.6,64.4,0,5,0.0,0.0554,0.0704
CHE-CH0086,Chennai,2025-08-24,8,Monsoon,0.0,30.6,89.4,102.3,1,4,0.0185,0.2304,0.0822
KOL-KO0147,Kolkata,2025-12-12,12,Winter,0.0,15.0,146.5,182.9,1,3,0.0379,0.1776,0.1877
KOL-KO0047,Kolkata,2025-08-13,8,Monsoon,14.82,33.5,179.8,214.5,0,2,0.0003,0.0399,0.245
AHM-AH0120,Ahmedabad,2024-04-09,4,Summer,14.37,36.5,72.6,113.0,0,1,0.0566,0.0956,0.0
MUM-MU0114,Mumbai,2025-09-27,9,Monsoon,11.92,36.1,30.0,75.6,0,3,0.1426,0.0,0.0
HYD-HY0067,Hyderabad,2025-05-07,5,Summer,3.63,29.0,131.2,170.4,0,3,0.1695,0.0656,0.1136
CHE-CH0013,Chennai,2025-10-31,10,Winter,0.0,25.9,52.1,92.2,0,1,0.0125,0.0,0.0
HYD-HY0157,Hyderabad,2024-07-09,7,Monsoon,52.95,31.1,103.9,116.6,0,3,0.6648,0.1065,0.036
AHM-AH0084,Ahmedabad,2025-01-23,1,Winter,0.0,23.8,114.3,154.7,1,3,0.1564,0.212,0.1213
PUN-PU0188,Pune,2025-07-03,7,Monsoon,8.29,28.9,48.5,81.6,0,4,0.1379,0.0302,0.0924
CHE-CH0046,Chennai,2025-03-05,3,Summer,10.21,48.0,84.6,123.1,0,5,0.4911,0.0401,0.0
HYD-HY0137,Hyderabad,2024-08-01,8,Monsoon,18.73,26.1,120.0,153.5,0,1,0.0787,0.0617,0.0664
HYD-HY0097,Hyderabad,2024-05-10,5,Summer,0.0,30.7,99.1,128.0,1,1,0.1729,0.092,0.0
MUM-MU0038,Mumbai,2024-07-29,7,Monsoon,89.86,34.3,116.2,146.6,0,5,0.8825,0.0464,0.0631
BEN-BE0026,Bengaluru,2025-08-31,8,Monsoon,14.89,30.1,110.3,135.4,0,4,0.0667,0.0662,0.0833
HYD-HY0182,Hyderabad,2026-03-17,3,Summer,10.11,44.5,99.6,139.9,0,1,0.3429,0.1055,0.0742
AHM-AH0003,Ahmedabad,2024-06-11,6,Monsoon,27.42,30.6,77.3,112.1,0,3,0.3354,0.0062,0.0157
CHE-CH0079,Chennai,2025-08-18,8,Monsoon,10.81,29.1,118.0,148.2,0,1,0.1907,0.0559,0.1243
CHE-CH0124,Chennai,2025-12-18,12,Winter,0.0,26.3,108.5,142.4,0,4,0.2154,0.0813,0.0723
MUM-MU0135,Mumbai,2025-06-16,6,Monsoon,9.81,30.9,101.9,143.2,0,1,0.0702,0.1195,0.1171
DEL-DE0105,Delhi,2024-05-17,5,Summer,2.01,39.1,85.8,101.0,0,3,0.1597,0.0324,0.0097
BEN-BE0174,Bengaluru,2025-07-20,7,Monsoon,28.51,28.9,66.6,116.1,1,4,0.3483,0.1958,0.0723
MUM-MU0063,Mumbai,2025-12-18,12,Winter,2.08,24.8,146.0,195.5,1,5,0.0866,0.179,0.1607
CHE-CH0094,Chennai,2024-08-06,8,Monsoon,8.59,32.0,83.0,115.4,0,5,0.2468,0.0762,0.0423
CHE-CH0168,Chennai,2025-11-14,11,Winter,1.37,16.8,133.2,167.2,0,1,0.0461,0.0901,0.1677
PUN-PU0083,Pune,2025-10-25,10,Winter,0.0,17.8,116.6,132.3,1,2,0.0626,0.2575,0.006
HYD-HY0094,Hyderabad,2025-10-21,10,Winter,10.06,31.2,72.8,113.8,0,3,0.1307,0.0494,0.0
DEL-DE0139,Delhi,2024-07-05,7,Monsoon,8.27,27.6,156.5,169.4,0,1,0.1628,0.0834,0.1718
HYD-HY0169,Hyderabad,2024-08-15,8,Monsoon,9.37,37.0,109.2,153.7,0,2,0.167,0.0,0.0524
PUN-PU0040,Pune,2025-08-04,8,Monsoon,5.54,33.2,105.7,147.6,0,3,0.1328,0.0098,0.0708
CHE-CH0197,Chennai,2025-08-05,8,Monsoon,30.81,32.6,67.2,94.7,0,4,0.3675,0.0277,0.0112
DEL-DE0183,Delhi,2025-04-05,4,Summer,6.85,44.0,146.1,162.3,0,3,0.341,0.0,0.1818
PUN-PU0018,Pune,2025-02-22,2,Winter,0.05,16.8,73.4,121.7,0,4,0.112,0.0751,0.0
DEL-DE0039,Delhi,2025-12-16,12,Winter,0.0,16.2,303.8,324.6,0,1,0.1099,0.0,0.5946
AHM-AH0139,Ahmedabad,2024-11-08,11,Winter,0.0,32.7,52.4,74.9,0,3,0.1133,0.0564,0.0052
CHE-CH0031,Chennai,2026-02-17,2,Winter,3.06,24.8,95.6,111.1,0,1,0.0375,0.1328,0.0589
AHM-AH0044,Ahmedabad,2024-04-07,4,Summer,0.0,43.9,109.6,137.4,0,3,0.3175,0.0882,0.0652
CHE-CH0044,Chennai,2026-02-08,2,Winter,0.0,20.7,129.6,147.3,0,1,0.0916,0.0583,0.137
AHM-AH0053,Ahmedabad,2024-07-08,7,Monsoon,1.93,28.5,129.0,148.4,0,2,0.1303,0.076,0.0485
MUM-MU0064,Mumbai,2024-12-14,12,Winter,1.08,17.7,89.7,119.7,0,1,0.1168,0.0816,0.0678
BEN-BE0156,Bengaluru,2025-07-02,7,Monsoon,16.46,31.0,121.3,166.0,0,3,0.1798,0.044,0.0807
KOL-KO0047,Kolkata,2025-05-27,5,Summer,14.97,41.3,135.9,178.5,0,3,0.1416,0.0559,0.1421
MUM-MU0177,Mumbai,2025-04-13,4,Summer,17.96,39.8,177.8,209.3,0,1,0.1313,0.0459,0.2208
HYD-HY0017,Hyderabad,2025-12-23,12,Winter,6.32,15.9,124.8,138.6,0,2,0.1676,0.0275,0.079
BEN-BE0086,Bengaluru,2025-10-08,10,Winter,0.0,25.0,171.7,183.6,1,1,0.0,0.2575,0.2264
CHE-CH0161,Chennai,2024-05-04,5,Summer,7.01,48.0,116.7,140.5,0,1,0.4848,0.0134,0.0838
KOL-KO0125,Kolkata,2025-02-05,2,Winter,7.07,26.6,192.5,219.3,0,5,0.1335,0.0,0.3139
CHE-CH0019,Chennai,2025-11-28,11,Winter,3.39,18.5,30.0,59.3,0,5,0.1233,0.0,0.0579
BEN-BE0042,Bengaluru,2025-11-30,11,Winter,0.0,20.4,78.5,89.2,0,1,0.0935,0.0905,0.0
HYD-HY0075,Hyderabad,2026-03-16,3,Summer,7.33,45.0,30.0,58.4,0,2,0.279,0.0155,0.03
CHE-CH0019,Chennai,2024-08-18,8,Monsoon,41.11,34.8,115.9,145.2,0,2,0.5646,0.0275,0.0785
DEL-DE0158,Delhi,2024-08-28,8,Monsoon,28.09,31.2,49.4,75.4,0,1,0.337,0.0,0.0168
DEL-DE0029,Delhi,2024-09-28,9,Monsoon,27.1,30.3,81.6,117.9,0,1,0.4191,0.0883,0.0
CHE-CH0166,Chennai,2025-12-15,12,Winter,4.09,29.9,141.5,182.2,0,2,0.1357,0.0168,0.1165
MUM-MU0076,Mumbai,2025-05-14,5,Summer,6.14,41.5,138.9,170.1,0,3,0.1374,0.0582,0.1045
AHM-AH0192,Ahmedabad,2025-01-27,1,Winter,3.26,23.2,143.4,182.9,0,2,0.0435,0.0353,0.1008
BEN-BE0013,Bengaluru,2025-04-15,4,Summer,6.59,38.5,121.2,148.8,0,1,0.1647,0.001,0.0658
MUM-MU0189,Mumbai,2024-06-09,6,Monsoon,3.77,29.3,103.1,149.3,0,3,0.0906,0.0448,0.0982
KOL-KO0108,Kolkata,2026-02-17,2,Winter,3.41,29.9,174.6,219.6,1,4,0.0345,0.1486,0.1975
HYD-HY0036,Hyderabad,2024-04-21,4,Summer,3.15,42.8,84.4,119.9,0,1,0.2411,0.0778,0.0
MUM-MU0051,Mumbai,2025-05-01,5,Summer,0.33,35.3,114.9,161.0,0,2,0.0476,0.0936,0.0921
KOL-KO0188,Kolkata,2025-08-01,8,Monsoon,18.36,32.3,219.7,232.2,0,4,0.1559,0.0693,0.3311
HYD-HY0024,Hyderabad,2024-09-08,9,Monsoon,8.11,24.6,135.7,155.5,0,1,0.0655,0.0398,0.1657
DEL-DE0115,Delhi,2025-12-02,12,Winter,0.0,32.9,323.5,367.2,0,1,0.2195,0.0848,0.5892
DEL-DE0189,Delhi,2024-12-09,12,Winter,0.0,26.2,448.7,483.1,0,5,0.0104,0.0887,0.9757
CHE-CH0096,Chennai,2025-10-31,10,Winter,0.0,25.6,86.6,132.9,0,3,0.0037,0.1597,0.0251
KOL-KO0190,Kolkata,2025-11-12,11,Winter,0.0,23.3,72.8,104.2,0,5,0.0,0.0106,0.036
AHM-AH0100,Ahmedabad,2025-06-05,6,Monsoon,18.79,22.3,93.4,116.8,0,1,0.1309,0.0267,0.053
HYD-HY0072,Hyderabad,2025-02-23,2,Winter,0.0,18.2,48.2,82.1,0,5,0.2464,0.0,0.1156
CHE-CH0035,Chennai,2025-11-22,11,Winter,0.16,25.0,64.7,105.7,0,1,0.1748,0.0645,0.0752
AHM-AH0188,Ahmedabad,2025-09-20,9,Monsoon,12.21,27.7,56.2,80.0,0,5,0.0837,0.0844,0.099
CHE-CH0070,Chennai,2025-02-19,2,Winter,0.8,15.0,171.7,221.2,0,2,0.1929,0.0703,0.1383
DEL-DE0093,Delhi,2024-11-30,11,Winter,0.0,16.9,487.1,497.6,0,1,0.1438,0.0839,0.93
AHM-AH0175,Ahmedabad,2024-04-28,4,Summer,8.58,48.0,97.3,126.7,1,2,0.497,0.2385,0.0
DEL-DE0001,Delhi,2025-03-18,3,Summer,1.38,38.6,47.0,75.5,0,3,0.1752,0.0307,0.0024
HYD-HY0057,Hyderabad,2024-12-17,12,Winter,11.79,18.6,112.1,162.1,1,1,0.1266,0.2467,0.0581
PUN-PU0185,Pune,2025-06-27,6,Monsoon,33.11,28.8,87.6,133.4,0,2,0.4586,0.0469,0.0805
DEL-DE0071,Delhi,2025-08-12,8,Monsoon,1.3,36.2,112.9,139.3,0,5,0.1773,0.0761,0.0244
BEN-BE0020,Bengaluru,2025-11-17,11,Winter,0.88,28.0,98.3,115.4,0,3,0.0662,0.0191,0.0
AHM-AH0083,Ahmedabad,2025-07-13,7,Monsoon,26.0,37.4,112.4,145.6,0,5,0.3118,0.164,0.0345
MUM-MU0074,Mumbai,2025-01-31,1,Winter,1.05,15.4,62.6,82.4,1,2,0.0443,0.2231,0.0
KOL-KO0140,Kolkata,2025-09-20,9,Monsoon,5.42,32.9,135.5,162.3,0,1,0.2236,0.0636,0.193
CHE-CH0193,Chennai,2025-11-07,11,Winter,0.91,20.6,30.0,49.7,0,1,0.1902,0.0,0.0039
AHM-AH0061,Ahmedabad,2024-11-18,11,Winter,0.0,15.7,107.9,147.5,0,3,0.0141,0.019,0.0655
HYD-HY0069,Hyderabad,2025-09-01,9,Monsoon,53.02,28.0,62.5,108.3,0,4,0.6045,0.0181,0.0526
MUM-MU0008,Mumbai,2025-04-03,4,Summer,82.69,39.9,52.9,91.5,0,1,0.9373,0.0174,0.0
CHE-CH0036,Chennai,2024-08-12,8,Monsoon,8.62,24.2,96.1,131.5,0,3,0.1056,0.0601,0.0934
MUM-MU0090,Mumbai,2024-12-17,12,Winter,0.0,35.5,160.9,206.5,1,1,0.1747,0.1675,0.1484
AHM-AH0007,Ahmedabad,2025-10-20,10,Winter,10.3,25.1,55.5,90.8,0,4,0.1874,0.1168,0.0
PUN-PU0017,Pune,2024-04-19,4,Summer,29.77,33.2,71.4,116.2,0,3,0.3328,0.0,0.0159
MUM-MU0178,Mumbai,2024-11-28,11,Winter,3.84,28.7,164.4,193.7,0,2,0.0306,0.0592,0.165
CHE-CH0082,Chennai,2025-10-25,10,Winter,0.0,30.1,158.1,186.1,0,1,0.0374,0.0413,0.1192
KOL-KO0156,Kolkata,2026-03-07,3,Summer,10.23,33.1,138.2,180.7,0,2,0.0626,0.1004,0.0906
MUM-MU0094,Mumbai,2024-11-30,11,Winter,0.0,17.5,88.4,123.9,0,4,0.0555,0.1055,0.0011
DEL-DE0011,Delhi,2024-05-29,5,Summer,0.0,28.5,67.4,110.9,1,3,0.1464,0.2154,0.0
HYD-HY0066,Hyderabad,2026-02-13,2,Winter,8.58,17.1,108.3,126.3,0,2,0.0846,0.0,0.0731
AHM-AH0169,Ahmedabad,2025-10-28,10,Winter,2.08,22.3,73.1,95.5,0,3,0.0,0.1344,0.0272
PUN-PU0149,Pune,2025-05-11,5,Summer,5.37,47.1,92.3,116.9,0,2,0.5244,0.0526,0.0
AHM-AH0126,Ahmedabad,2026-02-07,2,Winter,0.0,19.1,157.0,198.4,0,1,0.1572,0.0353,0.1622
CHE-CH0039,Chennai,2025-02-08,2,Winter,5.76,15.4,81.8,94.8,1,3,0.1963,0.1359,0.0464
MUM-MU0046,Mumbai,2024-06-27,6,Monsoon,45.94,33.9,108.8,131.8,0,1,0.5223,0.0,0.0043
HYD-HY0182,Hyderabad,2025-08-29,8,Monsoon,35.96,34.1,139.0,174.0,0,2,0.3587,0.0,0.1045
AHM-AH0153,Ahmedabad,2024-05-12,5,Summer,5.62,32.7,77.9,112.5,0,5,0.1745,0.065,0.0878
CHE-CH0039,Chennai,2025-08-14,8,Monsoon,12.7,35.0,84.2,121.4,0,3,0.1105,0.0154,0.0271
PUN-PU0108,Pune,2026-02-04,2,Winter,0.0,31.6,98.5,135.0,0,5,0.0746,0.0238,0.065
BEN-BE0029,Bengaluru,2024-09-10,9,Monsoon,24.77,29.2,140.8,169.4,0,1,0.3279,0.0609,0.1576
CHE-CH0057,Chennai,2025-12-19,12,Winter,0.0,31.8,90.0,114.5,0,1,0.1754,0.0992,0.0653
BEN-BE0010,Bengaluru,2026-01-03,1,Winter,0.0,15.0,90.0,106.0,0,3,0.0826,0.1083,0.0073
DEL-DE0194,Delhi,2025-03-23,3,Summer,2.73,33.2,116.8,159.7,0,4,0.1207,0.0539,0.0
BEN-BE0186,Bengaluru,2024-08-14,8,Monsoon,47.33,37.2,77.1,107.1,0,1,0.6108,0.0587,0.0367
BEN-BE0166,Bengaluru,2024-11-19,11,Winter,5.2,15.7,134.7,165.7,0,3,0.11,0.1408,0.0573
HYD-HY0090,Hyderabad,2025-06-09,6,Monsoon,31.32,27.3,75.0,113.8,0,5,0.482,0.0767,0.0635
CHE-CH0053,Chennai,2025-05-28,5,Summer,1.82,38.4,141.4,188.0,1,2,0.017,0.187,0.1205
AHM-AH0182,Ahmedabad,2025-01-15,1,Winter,6.9,27.1,111.0,123.6,0,1,0.0432,0.0669,0.0647
KOL-KO0103,Kolkata,2025-06-10,6,Monsoon,14.06,26.7,150.8,191.9,0,3,0.0,0.0802,0.1103
PUN-PU0174,Pune,2025-08-12,8,Monsoon,27.78,27.4,120.5,162.4,0,3,0.4118,0.1263,0.0875
DEL-DE0040,Delhi,2024-04-12,4,Summer,24.2,40.7,96.3,144.6,0,3,0.3612,0.0853,0.0211
BEN-BE0158,Bengaluru,2025-02-09,2,Winter,1.35,27.2,73.1,90.9,0,4,0.0,0.0853,0.0506
DEL-DE0105,Delhi,2024-06-19,6,Monsoon,32.79,36.5,155.6,199.4,0,3,0.4742,0.0382,0.0844
DEL-DE0122,Delhi,2026-02-19,2,Winter,0.0,21.7,376.8,411.0,1,2,0.0791,0.2144,0.7461
BEN-BE0160,Bengaluru,2024-05-10,5,Summer,0.0,33.8,163.0,207.6,0,1,0.135,0.065,0.2105
DEL-DE0034,Delhi,2025-01-13,1,Winter,0.0,29.7,218.6,230.4,0,1,0.0,0.0825,0.3066
MUM-MU0031,Mumbai,2024-12-21,12,Winter,1.91,22.0,106.2,141.1,0,3,0.1051,0.1582,0.0353
PUN-PU0075,Pune,2025-11-23,11,Winter,0.0,25.1,86.0,97.2,0,2,0.1091,0.0,0.0
HYD-HY0146,Hyderabad,2025-04-23,4,Summer,9.99,38.8,130.4,149.5,0,5,0.2153,0.0981,0.0288
HYD-HY0052,Hyderabad,2026-01-19,1,Winter,2.44,22.0,163.3,213.1,0,2,0.1313,0.1373,0.193
DEL-DE0009,Delhi,2024-09-07,9,Monsoon,11.12,30.8,88.0,124.6,0,1,0.1808,0.0,0.0171
BEN-BE0023,Bengaluru,2025-02-27,2,Winter,4.33,21.0,130.9,165.8,1,4,0.093,0.2297,0.0495
HYD-HY0111,Hyderabad,2025-06-16,6,Monsoon,27.49,34.3,63.5,78.5,0,2,0.4062,0.0632,0.0289
CHE-CH0117,Chennai,2024-11-13,11,Winter,11.75,23.6,118.8,128.9,0,1,0.0783,0.0402,0.0912
HYD-HY0125,Hyderabad,2025-09-05,9,Monsoon,16.77,36.7,131.7,162.6,0,4,0.162,0.0037,0.11
CHE-CH0052,Chennai,2025-05-16,5,Summer,1.23,37.5,74.5,116.3,1,2,0.0945,0.1467,0.048
BEN-BE0155,Bengaluru,2025-03-17,3,Summer,1.63,24.3,70.8,96.1,0,2,0.1269,0.0402,0.0563
DEL-DE0089,Delhi,2025-05-19,5,Summer,0.55,44.4,154.5,168.9,0,2,0.3156,0.0087,0.196
AHM-AH0042,Ahmedabad,2025-09-07,9,Monsoon,7.72,33.0,107.2,145.8,0,2,0.214,0.0487,0.0529
BEN-BE0180,Bengaluru,2025-08-30,8,Monsoon,0.0,29.1,79.7,99.1,0,4,0.075,0.1018,0.0
HYD-HY0175,Hyderabad,2024-07-21,7,Monsoon,14.95,27.8,107.8,149.2,0,2,0.2037,0.1069,0.0
BEN-BE0101,Bengaluru,2024-12-03,12,Winter,1.03,28.9,93.4,114.3,0,2,0.0909,0.0362,0.0
DEL-DE0150,Delhi,2024-07-01,7,Monsoon,16.5,33.3,55.5,79.1,0,4,0.0919,0.0448,0.0306
MUM-MU0145,Mumbai,2025-04-27,4,Summer,28.88,44.0,140.0,178.2,0,3,0.418,0.0611,0.1625
CHE-CH0037,Chennai,2024-06-20,6,Monsoon,17.56,22.7,97.0,119.8,0,5,0.1464,0.0278,0.0
PUN-PU0055,Pune,2024-10-21,10,Winter,0.98,17.7,82.0,126.3,0,3,0.0843,0.0507,0.0709
CHE-CH0093,Chennai,2025-05-27,5,Summer,7.56,43.3,172.7,211.5,0,3,0.3308,0.0462,0.1865
HYD-HY0107,Hyderabad,2024-04-19,4,Summer,7.07,44.0,137.5,157.3,2,2,0.3645,0.3167,0.1591
KOL-KO0108,Kolkata,2024-10-26,10,Winter,11.5,18.4,110.9,142.2,0,3,0.0152,0.123,0.1263
MUM-MU0103,Mumbai,2024-08-18,8,Monsoon,21.11,23.2,122.0,148.7,0,2,0.2507,0.0,0.1047
DEL-DE0066,Delhi,2024-05-16,5,Summer,0.0,43.4,139.1,184.0,0,2,0.272,0.0324,0.0852
MUM-MU0059,Mumbai,2024-08-18,8,Monsoon,20.78,38.0,178.7,206.4,0,3,0.2939,0.0198,0.2595
KOL-KO0164,Kolkata,2024-07-03,7,Monsoon,16.31,33.2,159.2,175.5,0,3,0.1034,0.0575,0.1882
PUN-PU0183,Pune,2025-03-27,3,Summer,2.75,22.9,89.6,106.2,2,1,0.1116,0.3671,0.0
MUM-MU0103,Mumbai,2024-10-09,10,Winter,22.32,23.1,77.0,95.7,0,1,0.3198,0.0,0.0
DEL-DE0016,Delhi,2024-08-03,8,Monsoon,4.04,37.6,116.5,151.5,0,2,0.0578,0.0232,0.1088
CHE-CH0185,Chennai,2024-04-09,4,Summer,14.58,34.4,93.2,122.5,0,2,0.2453,0.0351,0.0
MUM-MU0110,Mumbai,2025-06-26,6,Monsoon,60.99,40.2,134.7,156.2,0,3,0.6918,0.0125,0.1108
MUM-MU0176,Mumbai,2025-11-30,11,Winter,0.97,26.0,30.0,79.0,0,3,0.2086,0.0,0.0198
KOL-KO0073,Kolkata,2025-11-03,11,Winter,0.0,16.2,199.7,233.9,1,5,0.1797,0.1612,0.236
KOL-KO0002,Kolkata,2025-10-22,10,Winter,7.57,15.0,83.5,96.5,0,2,0.0,0.0024,0.0409
DEL-DE0166,Delhi,2024-08-03,8,Monsoon,50.37,32.2,132.2,168.5,1,3,0.5873,0.136,0.0964
AHM-AH0043,Ahmedabad,2024-12-18,12,Winter,6.59,23.6,70.2,110.0,0,3,0.2177,0.0301,0.0577
PUN-PU0020,Pune,2024-04-21,4,Summer,0.15,34.8,121.3,149.7,0,3,0.1092,0.0,0.0314
PUN-PU0013,Pune,2025-03-28,3,Summer,0.0,34.8,44.6,92.0,1,2,0.1648,0.2891,0.0
PUN-PU0089,Pune,2026-02-18,2,Winter,6.19,19.8,132.8,145.8,0,4,0.1179,0.0991,0.112
AHM-AH0013,Ahmedabad,2025-08-27,8,Monsoon,19.54,35.2,54.4,83.8,0,4,0.2618,0.0181,0.0144
AHM-AH0032,Ahmedabad,2025-03-03,3,Summer,7.52,31.8,128.8,161.8,0,2,0.2288,0.0372,0.1358
KOL-KO0113,Kolkata,2026-03-05,3,Summer,5.39,44.0,141.4,167.6,0,2,0.2554,0.0,0.1493
PUN-PU0062,Pune,2025-03-07,3,Summer,15.82,37.5,79.2,120.9,0,1,0.1417,0.0044,0.0126
CHE-CH0128,Chennai,2025-09-01,9,Monsoon,29.16,17.7,88.1,124.1,0,4,0.408,0.0747,0.0136
CHE-CH0039,Chennai,2025-04-11,4,Summer,0.0,34.8,101.9,132.6,0,4,0.0926,0.0,0.0449
CHE-CH0080,Chennai,2025-12-20,12,Winter,9.41,23.8,100.4,123.7,0,1,0.1207,0.0136,0.0127
BEN-BE0005,Bengaluru,2025-04-07,4,Summer,6.02,41.3,69.8,91.0,0,3,0.142,0.0304,0.0348
AHM-AH0060,Ahmedabad,2024-11-22,11,Winter,0.0,35.6,87.2,130.2,0,2,0.072,0.0284,0.0685
AHM-AH0153,Ahmedabad,2026-01-12,1,Winter,11.87,23.9,92.6,123.3,0,2,0.1467,0.0,0.0
PUN-PU0173,Pune,2025-08-23,8,Monsoon,20.87,34.1,148.8,182.6,0,3,0.2676,0.1523,0.1342
HYD-HY0092,Hyderabad,2025-05-08,5,Summer,12.46,35.6,106.5,154.1,0,2,0.2113,0.0535,0.0405
MUM-MU0160,Mumbai,2024-06-02,6,Monsoon,0.0,32.0,138.6,185.5,0,4,0.0662,0.0,0.1585
AHM-AH0147,Ahmedabad,2025-01-24,1,Winter,7.98,20.7,137.0,150.5,1,3,0.0578,0.2288,0.1346
AHM-AH0165,Ahmedabad,2025-01-10,1,Winter,0.0,32.7,92.1,121.2,0,1,0.0615,0.0,0.036
KOL-KO0153,Kolkata,2025-03-25,3,Summer,3.69,36.9,210.4,256.5,0,2,0.1782,0.0051,0.3112
HYD-HY0162,Hyderabad,2024-10-30,10,Winter,0.0,17.2,52.4,100.6,0,3,0.1978,0.0453,0.0118
DEL-DE0069,Delhi,2024-08-31,8,Monsoon,13.23,34.9,66.9,90.0,0,3,0.2051,0.0262,0.0153
MUM-MU0190,Mumbai,2025-01-11,1,Winter,10.27,25.6,71.5,101.8,0,3,0.1638,0.0621,0.0158
AHM-AH0030,Ahmedabad,2025-12-21,12,Winter,6.4,29.5,97.3,108.4,0,3,0.1801,0.0675,0.0927
KOL-KO0159,Kolkata,2026-02-02,2,Winter,6.79,20.0,146.5,187.0,1,3,0.2175,0.2964,0.0806
MUM-MU0199,Mumbai,2025-09-05,9,Monsoon,7.81,37.7,121.7,146.3,0,3,0.026,0.0305,0.1014
KOL-KO0133,Kolkata,2025-12-04,12,Winter,1.83,28.2,83.5,132.1,0,2,0.1039,0.0205,0.0
CHE-CH0035,Chennai,2024-08-13,8,Monsoon,20.26,27.0,86.6,110.5,0,1,0.2858,0.0,0.0229
AHM-AH0001,Ahmedabad,2025-10-22,10,Winter,0.0,25.7,81.0,124.4,0,3,0.2531,0.0,0.09
PUN-PU0119,Pune,2025-07-12,7,Monsoon,15.26,27.0,44.6,82.6,0,4,0.0953,0.0755,0.0294
AHM-AH0054,Ahmedabad,2025-07-19,7,Monsoon,19.42,34.8,76.9,110.4,0,1,0.0,0.1075,0.0
AHM-AH0169,Ahmedabad,2024-09-05,9,Monsoon,22.63,29.2,102.1,125.7,0,5,0.2849,0.0558,0.0015
KOL-KO0153,Kolkata,2024-04-03,4,Summer,10.16,30.8,179.2,211.0,1,1,0.1014,0.1976,0.2816
KOL-KO0163,Kolkata,2024-09-26,9,Monsoon,25.46,30.4,170.7,203.4,0,5,0.3456,0.0378,0.1259
BEN-BE0074,Bengaluru,2025-05-25,5,Summer,8.34,32.3,124.6,156.0,0,2,0.0758,0.0387,0.0351
BEN-BE0058,Bengaluru,2024-04-02,4,Summer,1.85,37.2,136.4,155.2,1,1,0.0803,0.2167,0.2001
DEL-DE0094,Delhi,2024-06-30,6,Monsoon,14.13,33.7,88.3,114.4,0,2,0.1735,0.1077,0.0913
PUN-PU0063,Pune,2024-12-04,12,Winter,1.35,16.6,110.2,128.0,1,2,0.1758,0.1614,0.1186
BEN-BE0128,Bengaluru,2025-01-31,1,Winter,1.53,17.1,107.2,138.5,0,2,0.0539,0.0431,0.0564
CHE-CH0144,Chennai,2024-09-20,9,Monsoon,22.84,31.5,119.2,159.6,0,3,0.3295,0.0785,0.0291
KOL-KO0002,Kolkata,2025-05-25,5,Summer,24.08,38.1,136.6,185.7,1,3,0.3892,0.1421,0.1517
DEL-DE0175,Delhi,2024-07-15,7,Monsoon,22.42,32.6,111.1,140.8,0,2,0.2203,0.0371,0.0622
AHM-AH0032,Ahmedabad,2024-07-29,7,Monsoon,5.3,42.6,109.3,131.1,0,2,0.2424,0.0264,0.0101
PUN-PU0162,Pune,2024-04-26,4,Summer,1.27,37.4,138.0,187.4,0,4,0.2151,0.005,0.1105
CHE-CH0076,Chennai,2025-07-20,7,Monsoon,12.51,35.3,80.1,102.8,0,1,0.1469,0.0251,0.0258
CHE-CH0065,Chennai,2026-02-03,2,Winter,0.6,25.1,56.9,71.2,0,4,0.2416,0.0558,0.021
KOL-KO0128,Kolkata,2025-12-27,12,Winter,3.92,19.2,175.9,218.1,1,2,0.1457,0.2136,0.2306
KOL-KO0198,Kolkata,2024-07-20,7,Monsoon,12.89,30.8,102.4,136.7,0,3,0.1359,0.0946,0.0556
MUM-MU0061,Mumbai,2025-09-22,9,Monsoon,50.69,36.2,116.2,131.2,0,4,0.6439,0.0581,0.0415
MUM-MU0133,Mumbai,2026-02-03,2,Winter,2.54,28.2,96.1,115.1,0,2,0.005,0.0893,0.0
KOL-KO0173,Kolkata,2024-06-12,6,Monsoon,1.1,31.8,89.8,123.8,0,3,0.0481,0.1126,0.0
DEL-DE0031,Delhi,2025-09-17,9,Monsoon,18.58,30.6,87.2,131.2,0,1,0.0748,0.0,0.0
CHE-CH0119,Chennai,2025-05-17,5,Summer,22.91,37.0,82.9,132.6,0,2,0.3442,0.0,0.0628
KOL-KO0180,Kolkata,2026-01-30,1,Winter,6.92,23.2,103.2,152.6,0,3,0.0828,0.0643,0.0083
KOL-KO0144,Kolkata,2025-08-19,8,Monsoon,27.24,26.9,145.6,176.9,0,1,0.3372,0.0,0.161
DEL-DE0149,Delhi,2025-10-19,10,Winter,5.48,21.5,321.2,365.8,0,3,0.0913,0.0796,0.5649
BEN-BE0178,Bengaluru,2025-03-20,3,Summer,2.42,37.9,69.8,107.7,0,2,0.0475,0.0369,0.0292
AHM-AH0172,Ahmedabad,2025-05-26,5,Summer,10.49,29.1,132.8,160.2,1,3,0.2495,0.1635,0.0796
CHE-CH0113,Chennai,2026-02-06,2,Winter,11.89,15.7,106.7,150.1,0,4,0.2099,0.1119,0.1042
PUN-PU0037,Pune,2025-02-28,2,Winter,5.26,22.8,83.5,100.5,1,4,0.0987,0.2695,0.0533
HYD-HY0176,Hyderabad,2025-10-22,10,Winter,5.24,22.6,107.9,140.7,0,4,0.1579,0.1437,0.0525
DEL-DE0060,Delhi,2025-06-04,6,Monsoon,62.93,29.2,117.8,142.2,0,3,0.7181,0.117,0.058
HYD-HY0040,Hyderabad,2024-05-21,5,Summer,4.28,18.1,98.1,124.7,0,3,0.0629,0.1181,0.0902
DEL-DE0010,Delhi,2024-09-04,9,Monsoon,14.18,38.9,102.4,139.1,0,3,0.0824,0.053,0.0862
KOL-KO0030,Kolkata,2026-02-17,2,Winter,1.89,18.2,219.9,261.7,0,3,0.1266,0.0022,0.3542
AHM-AH0062,Ahmedabad,2026-01-14,1,Winter,14.87,16.7,134.6,183.1,0,4,0.0242,0.11,0.1282
DEL-DE0019,Delhi,2025-06-30,6,Monsoon,18.58,31.4,127.5,176.2,0,3,0.1637,0.0262,0.1173
CHE-CH0067,Chennai,2025-03-31,3,Summer,0.0,36.9,53.0,63.1,0,2,0.0756,0.0692,0.0458
HYD-HY0138,Hyderabad,2024-11-30,11,Winter,2.42,18.0,84.4,96.1,0,3,0.1019,0.0309,0.0
PUN-PU0130,Pune,2025-08-22,8,Monsoon,30.74,28.0,126.0,165.1,0,1,0.3912,0.0241,0.1639
MUM-MU0145,Mumbai,2024-07-25,7,Monsoon,21.68,31.9,101.8,141.0,0,1,0.2964,0.0551,0.0
CHE-CH0018,Chennai,2025-02-08,2,Winter,7.5,23.4,62.7,97.9,0,3,0.1794,0.0352,0.0246
HYD-HY0091,Hyderabad,2025-10-13,10,Winter,2.03,15.0,127.9,172.1,0,3,0.059,0.0175,0.0897
KOL-KO0144,Kolkata,2024-04-04,4,Summer,21.9,28.5,148.2,176.4,1,3,0.2849,0.2282,0.1903
KOL-KO0020,Kolkata,2025-12-16,12,Winter,1.5,20.6,40.1,79.4,0,3,0.0,0.0,0.002
PUN-PU0009,Pune,2025-01-18,1,Winter,8.44,20.3,101.7,150.0,0,3,0.1158,0.022,0.0
KOL-KO0046,Kolkata,2025-02-23,2,Winter,4.29,15.0,273.5,303.8,0,2,0.0701,0.0875,0.4575
BEN-BE0088,Bengaluru,2025-12-21,12,Winter,4.74,24.1,135.7,177.1,0,1,0.1089,0.0661,0.1646
PUN-PU0071,Pune,2024-04-06,4,Summer,6.91,38.3,132.6,178.3,0,2,0.0885,0.0264,0.1629
BEN-BE0099,Bengaluru,2024-05-27,5,Summer,0.96,26.1,146.5,183.5,0,2,0.2148,0.0772,0.1923
HYD-HY0122,Hyderabad,2025-06-26,6,Monsoon,26.71,27.8,89.9,117.7,0,5,0.3657,0.0802,0.0
DEL-DE0125,Delhi,2025-07-11,7,Monsoon,12.99,37.7,53.9,90.2,0,5,0.1255,0.0716,0.0826
KOL-KO0187,Kolkata,2024-12-23,12,Winter,8.16,23.7,322.0,369.5,0,1,0.0815,0.0633,0.6203
CHE-CH0186,Chennai,2024-08-06,8,Monsoon,17.77,24.6,88.3,132.4,0,5,0.2835,0.0453,0.0
MUM-MU0135,Mumbai,2025-08-07,8,Monsoon,49.93,34.8,39.7,63.1,0,1,0.6074,0.0643,0.02
CHE-CH0097,Chennai,2024-04-03,4,Summer,15.68,35.7,74.1,104.8,1,1,0.1242,0.145,0.0187
BEN-BE0026,Bengaluru,2025-04-22,4,Summer,0.36,28.9,145.6,191.9,1,2,0.2707,0.1383,0.1291
AHM-AH0021,Ahmedabad,2025-05-12,5,Summer,9.67,48.0,30.0,68.4,0,3,0.4461,0.0,0.0
PUN-PU0010,Pune,2025-11-26,11,Winter,6.06,18.3,145.3,190.8,0,3,0.0,0.0737,0.1146
KOL-KO0082,Kolkata,2025-04-12,4,Summer,0.65,40.9,175.8,197.2,0,4,0.0497,0.0692,0.1621
KOL-KO0091,Kolkata,2024-05-13,5,Summer,0.0,36.3,131.4,157.7,0,3,0.0634,0.0,0.1412
HYD-HY0161,Hyderabad,2025-02-07,2,Winter,7.82,24.0,125.4,158.6,0,4,0.0851,0.1268,0.1219
CHE-CH0100,Chennai,2024-04-20,4,Summer,7.25,40.1,82.2,107.3,0,3,0.2031,0.0,0.0694
HYD-HY0115,Hyderabad,2026-01-02,1,Winter,5.41,29.9,139.2,151.1,0,3,0.1382,0.0462,0.1018
AHM-AH0021,Ahmedabad,2025-08-05,8,Monsoon,26.65,28.9,87.3,126.0,0,4,0.4095,0.089,0.0403
BEN-BE0083,Bengaluru,2024-06-13,6,Monsoon,0.0,22.4,73.5,93.4,0,5,0.1545,0.0972,0.0
DEL-DE0154,Delhi,2025-01-08,1,Winter,5.71,31.2,297.7,315.1,0,2,0.1084,0.0819,0.496
PUN-PU0157,Pune,2025-11-16,11,Winter,4.76,15.0,144.2,183.4,2,3,0.1242,0.3265,0.1312
PUN-PU0171,Pune,2025-10-21,10,Winter,0.21,21.9,83.8,109.1,1,2,0.0512,0.2532,0.0333
MUM-MU0159,Mumbai,2025-01-08,1,Winter,3.05,19.9,30.0,55.2,1,1,0.1416,0.164,0.0511
AHM-AH0114,Ahmedabad,2025-06-02,6,Monsoon,13.08,39.0,122.4,156.1,0,3,0.2257,0.0799,0.0411
AHM-AH0057,Ahmedabad,2024-07-30,7,Monsoon,15.33,35.3,148.2,196.4,0,1,0.0145,0.0806,0.065
HYD-HY0175,Hyderabad,2025-07-22,7,Monsoon,7.12,27.4,124.7,165.2,0,1,0.0546,0.0929,0.0804
KOL-KO0196,Kolkata,2025-06-30,6,Monsoon,28.63,24.9,104.2,138.8,0,3,0.2497,0.0123,0.0655
DEL-DE0034,Delhi,2025-10-06,10,Winter,9.63,19.9,468.8,497.8,0,1,0.1062,0.0189,0.9288
PUN-PU0012,Pune,2025-07-15,7,Monsoon,5.86,32.1,100.8,136.8,0,5,0.1415,0.0774,0.1152
PUN-PU0020,Pune,2024-10-29,10,Winter,0.0,21.8,108.1,132.0,0,5,0.1551,0.0512,0.0337
KOL-KO0148,Kolkata,2025-01-27,1,Winter,1.71,28.0,157.0,182.3,0,2,0.1913,0.0369,0.1099
CHE-CH0066,Chennai,2024-09-28,9,Monsoon,24.54,34.0,91.8,110.8,0,3,0.3921,0.0,0.0
HYD-HY0136,Hyderabad,2024-08-05,8,Monsoon,12.96,34.1,124.2,169.2,0,1,0.0724,0.0383,0.0762
MUM-MU0199,Mumbai,2024-12-06,12,Winter,7.71,20.9,219.3,257.1,1,3,0.1094,0.2679,0.362
KOL-KO0111,Kolkata,2025-08-01,8,Monsoon,32.41,29.0,170.2,190.2,0,3,0.3597,0.0584,0.1287
DEL-DE0160,Delhi,2025-11-29,11,Winter,5.45,20.0,272.9,316.9,0,2,0.0,0.0804,0.4573
CHE-CH0030,Chennai,2024-04-14,4,Summer,0.0,34.4,98.8,119.4,0,3,0.144,0.0931,0.0287
MUM-MU0142,Mumbai,2024-04-22,4,Summer,11.69,27.4,94.9,142.8,1,4,0.1642,0.1527,0.0933
PUN-PU0025,Pune,2026-01-23,1,Winter,5.25,15.0,116.5,151.7,0,2,0.0597,0.0384,0.1847
DEL-DE0022,Delhi,2024-11-13,11,Winter,9.88,21.9,296.9,313.3,1,2,0.1041,0.1933,0.4877
AHM-AH0003,Ahmedabad,2025-10-24,10,Winter,2.93,26.4,44.5,55.1,0,3,0.167,0.0342,0.0002
PUN-PU0021,Pune,2025-02-17,2,Winter,13.49,21.7,134.1,169.9,0,2,0.0448,0.1223,0.1294
AHM-AH0179,Ahmedabad,2026-02-28,2,Winter,0.0,27.4,91.1,128.8,0,1,0.028,0.0,0.0885
CHE-CH0176,Chennai,2024-11-26,11,Winter,5.24,28.2,83.9,96.3,0,1,0.0897,0.017,0.0099
CHE-CH0070,Chennai,2026-01-02,1,Winter,0.0,32.0,88.6,98.7,2,3,0.0051,0.3804,0.0183
HYD-HY0012,Hyderabad,2026-01-28,1,Winter,11.75,34.8,44.3,84.9,0,5,0.119,0.1018,0.0
PUN-PU0120,Pune,2025-02-21,2,Winter,1.77,17.9,114.2,158.6,0,4,0.0,0.0523,0.107
PUN-PU0152,Pune,2024-07-04,7,Monsoon,7.31,30.1,118.9,149.3,0,3,0.1729,0.0275,0.0783
MUM-MU0125,Mumbai,2026-02-23,2,Winter,5.32,21.1,164.9,189.7,1,4,0.0572,0.1857,0.1756
MUM-MU0185,Mumbai,2025-06-08,6,Monsoon,9.21,35.5,138.4,172.1,0,4,0.0927,0.0,0.1402
BEN-BE0045,Bengaluru,2025-07-02,7,Monsoon,0.0,26.5,119.2,145.8,0,3,0.1916,0.0818,0.0992
DEL-DE0084,Delhi,2024-04-05,4,Summer,3.34,43.8,96.1,129.2,0,3,0.2344,0.0,0.0029
HYD-HY0189,Hyderabad,2024-06-10,6,Monsoon,15.58,24.8,131.1,160.3,0,4,0.0555,0.0217,0.1047
AHM-AH0146,Ahmedabad,2025-06-23,6,Monsoon,14.36,28.3,133.1,148.0,0,4,0.0495,0.0,0.0695
PUN-PU0102,Pune,2025-11-03,11,Winter,13.5,20.3,108.6,152.6,0,5,0.1538,0.0,0.0126
MUM-MU0000,Mumbai,2024-07-10,7,Monsoon,43.61,27.5,153.5,166.1,0,1,0.6315,0.0,0.195
AHM-AH0150,Ahmedabad,2025-11-06,11,Winter,2.46,25.6,59.6,94.7,0,1,0.1895,0.1277,0.0276
DEL-DE0100,Delhi,2024-11-27,11,Winter,1.88,22.0,340.5,385.6,0,3,0.1891,0.1189,0.628
PUN-PU0153,Pune,2024-06-22,6,Monsoon,10.02,30.3,112.2,157.4,0,3,0.1612,0.1092,0.0445
DEL-DE0105,Delhi,2024-12-19,12,Winter,3.56,22.6,473.1,485.7,0,1,0.0419,0.0517,0.8304
KOL-KO0127,Kolkata,2025-10-30,10,Winter,0.0,26.4,191.3,214.6,0,5,0.0216,0.0575,0.2298
HYD-HY0088,Hyderabad,2025-08-19,8,Monsoon,5.31,23.6,62.9,82.6,0,4,0.1902,0.009,0.0379
BEN-BE0196,Bengaluru,2025-11-29,11,Winter,0.32,21.0,57.4,69.8,0,2,0.1647,0.0,0.0
CHE-CH0198,Chennai,2024-08-16,8,Monsoon,38.04,28.8,96.9,115.5,0,1,0.541,0.0386,0.0502
PUN-PU0060,Pune,2025-07-31,7,Monsoon,30.49,29.1,89.8,135.5,0,4,0.3741,0.0029,0.0
HYD-HY0183,Hyderabad,2025-02-10,2,Winter,0.0,22.0,151.9,200.4,0,1,0.015,0.0,0.1377
KOL-KO0115,Kolkata,2025-12-05,12,Winter,6.15,24.4,163.5,185.9,1,3,0.1797,0.158,0.152
BEN-BE0000,Bengaluru,2024-06-11,6,Monsoon,9.91,29.4,79.4,91.7,0,5,0.1492,0.0237,0.0145
BEN-BE0021,Bengaluru,2025-06-28,6,Monsoon,21.72,29.7,163.9,180.6,0,4,0.3013,0.0513,0.2066
PUN-PU0195,Pune,2024-11-29,11,Winter,9.1,26.5,138.7,180.6,0,5,0.113,0.0584,0.146
CHE-CH0048,Chennai,2026-03-18,3,Summer,13.49,35.2,68.8,101.9,1,2,0.2245,0.1824,0.0404
CHE-CH0013,Chennai,2024-10-31,10,Winter,0.33,26.4,101.2,114.2,0,3,0.1965,0.036,0.0
HYD-HY0167,Hyderabad,2026-01-10,1,Winter,5.15,18.2,46.2,59.0,1,1,0.1324,0.2244,0.0267
PUN-PU0191,Pune,2026-01-25,1,Winter,0.0,22.6,146.6,182.8,0,4,0.1932,0.0811,0.2005
CHE-CH0023,Chennai,2025-08-03,8,Monsoon,37.06,21.1,128.4,174.4,0,2,0.3873,0.0531,0.1065
KOL-KO0090,Kolkata,2025-02-03,2,Winter,0.0,22.7,187.8,216.4,0,4,0.0431,0.0317,0.1762
AHM-AH0070,Ahmedabad,2025-04-23,4,Summer,2.27,35.0,86.5,99.4,0,2,0.1819,0.0427,0.0036
CHE-CH0105,Chennai,2026-01-10,1,Winter,8.57,23.0,83.8,109.4,0,2,0.1804,0.0952,0.0031
MUM-MU0182,Mumbai,2024-06-30,6,Monsoon,31.11,23.4,81.6,102.8,0,4,0.3806,0.0719,0.0409
HYD-HY0193,Hyderabad,2024-09-18,9,Monsoon,27.83,38.5,63.1,111.8,0,2,0.4214,0.0,0.0229
MUM-MU0016,Mumbai,2026-01-12,1,Winter,0.0,15.0,129.1,161.0,0,4,0.0021,0.0017,0.1433
PUN-PU0052,Pune,2026-03-18,3,Summer,11.24,31.8,131.8,170.1,0,2,0.0521,0.0268,0.1277
HYD-HY0045,Hyderabad,2024-08-30,8,Monsoon,16.37,31.9,132.5,175.7,0,3,0.131,0.0484,0.1358
KOL-KO0027,Kolkata,2024-10-18,10,Winter,0.0,20.9,192.4,242.4,1,3,0.0791,0.2384,0.3344
DEL-DE0061,Delhi,2024-10-09,10,Winter,0.0,22.8,262.2,311.2,0,3,0.0367,0.0,0.4016
CHE-CH0002,Chennai,2025-01-06,1,Winter,5.62,15.0,115.0,146.8,0,1,0.1354,0.0136,0.0019
MUM-MU0127,Mumbai,2024-04-07,4,Summer,4.6,40.4,141.6,157.9,0,4,0.0549,0.0994,0.1384
CHE-CH0156,Chennai,2024-08-29,8,Monsoon,15.92,22.8,84.6,128.0,0,3,0.0,0.0001,0.0
HYD-HY0124,Hyderabad,2026-03-24,3,Summer,9.26,33.2,188.5,233.6,0,3,0.0145,0.0308,0.2232
MUM-MU0108,Mumbai,2025-02-12,2,Winter,4.83,26.8,170.0,216.5,0,4,0.1947,0.058,0.1974
MUM-MU0001,Mumbai,2025-04-19,4,Summer,10.72,48.0,204.2,238.4,0,3,0.4221,0.0686,0.268
AHM-AH0040,Ahmedabad,2025-07-16,7,Monsoon,42.62,29.9,127.5,138.6,0,2,0.4669,0.0524,0.0662
HYD-HY0146,Hyderabad,2024-11-16,11,Winter,7.34,22.9,64.0,85.3,0,2,0.0158,0.1816,0.0366
CHE-CH0135,Chennai,2025-11-29,11,Winter,0.0,20.3,133.1,182.3,0,3,0.0017,0.1178,0.1352
DEL-DE0024,Delhi,2025-05-04,5,Summer,5.26,48.0,97.9,132.1,0,5,0.586,0.0,0.0033
BEN-BE0177,Bengaluru,2025-04-12,4,Summer,1.64,30.7,101.6,113.3,0,2,0.0235,0.0292,0.0094
MUM-MU0063,Mumbai,2024-11-12,11,Winter,1.8,20.6,46.4,75.0,0,2,0.0338,0.0362,0.0756
BEN-BE0081,Bengaluru,2024-10-19,10,Winter,5.5,23.0,110.6,145.7,0,3,0.1755,0.0883,0.1166
KOL-KO0084,Kolkata,2024-07-03,7,Monsoon,18.71,33.3,102.9,129.0,0,4,0.0,0.0719,0.0919
AHM-AH0038,Ahmedabad,2024-11-05,11,Winter,0.0,24.8,62.0,78.6,0,1,0.1921,0.0393,0.071
PUN-PU0008,Pune,2025-06-22,6,Monsoon,46.2,33.9,51.3,88.8,0,4,0.5468,0.061,0.0698
KOL-KO0007,Kolkata,2026-03-24,3,Summer,15.23,43.9,53.8,82.7,0,5,0.159,0.1006,0.0
PUN-PU0080,Pune,2025-01-11,1,Winter,9.23,21.8,93.9,109.9,0,5,0.0921,0.0753,0.0218
CHE-CH0051,Chennai,2024-11-19,11,Winter,2.5,19.9,127.6,171.1,0,4,0.1038,0.0323,0.0484
AHM-AH0057,Ahmedabad,2024-07-13,7,Monsoon,16.01,35.7,61.9,108.7,0,4,0.0,0.0293,0.0519
CHE-CH0183,Chennai,2024-05-10,5,Summer,10.73,37.1,124.2,161.0,0,2,0.0,0.0196,0.0907
KOL-KO0031,Kolkata,2024-04-09,4,Summer,11.17,31.1,118.3,136.7,0,1,0.1494,0.0,0.0319
CHE-CH0181,Chennai,2025-11-16,11,Winter,0.21,32.2,62.2,80.8,0,3,0.0435,0.0,0.0774
KOL-KO0091,Kolkata,2024-05-29,5,Summer,3.89,43.9,177.0,201.2,0,2,0.3016,0.0382,0.2678
HYD-HY0116,Hyderabad,2025-12-28,12,Winter,0.0,25.4,117.8,136.6,0,5,0.0,0.0848,0.0844
BEN-BE0032,Bengaluru,2025-02-21,2,Winter,9.84,18.0,107.9,154.9,1,2,0.0465,0.1732,0.0025
PUN-PU0156,Pune,2025-07-22,7,Monsoon,13.82,29.9,114.2,127.7,0,4,0.0518,0.0,0.061
DEL-DE0155,Delhi,2025-11-29,11,Winter,0.0,15.0,198.9,215.9,0,1,0.1336,0.0333,0.2684
KOL-KO0172,Kolkata,2024-08-08,8,Monsoon,21.87,29.1,135.7,154.9,0,3,0.3487,0.0394,0.17
DEL-DE0084,Delhi,2024-10-11,10,Winter,10.72,32.1,243.8,278.1,0,2,0.0579,0.0578,0.3778
DEL-DE0185,Delhi,2024-11-12,11,Winter,7.29,29.9,500.0,529.5,0,4,0.1261,0.0301,0.9598
HYD-HY0137,Hyderabad,2025-01-08,1,Winter,5.77,24.6,99.7,138.6,0,3,0.0381,0.0,0.0
CHE-CH0187,Chennai,2024-11-28,11,Winter,4.69,25.6,95.0,121.0,0,4,0.0921,0.0732,0.0398
CHE-CH0137,Chennai,2025-08-09,8,Monsoon,24.71,25.6,92.3,123.2,0,2,0.3802,0.0652,0.0347
KOL-KO0054,Kolkata,2026-01-21,1,Winter,5.81,15.0,76.8,106.5,0,3,0.0862,0.062,0.011
DEL-DE0115,Delhi,2025-03-06,3,Summer,3.76,38.9,73.1,109.4,0,3,0.0687,0.0755,0.0174
BEN-BE0190,Bengaluru,2025-05-21,5,Summer,6.5,28.2,83.7,106.8,0,3,0.1151,0.035,0.0595
PUN-PU0172,Pune,2025-12-23,12,Winter,7.62,18.7,30.0,62.9,1,4,0.2489,0.2143,0.0361
DEL-DE0057,Delhi,2024-08-20,8,Monsoon,51.79,34.7,110.7,138.0,0,1,0.544,0.0517,0.1094
DEL-DE0075,Delhi,2024-08-22,8,Monsoon,51.02,32.8,134.7,174.3,0,1,0.6188,0.1007,0.1156
MUM-MU0023,Mumbai,2025-01-10,1,Winter,3.29,28.3,77.3,95.8,0,2,0.0141,0.0197,0.0039
MUM-MU0146,Mumbai,2026-03-24,3,Summer,5.43,30.5,153.2,170.5,1,1,0.1635,0.2436,0.2249
PUN-PU0127,Pune,2025-05-19,5,Summer,10.41,26.3,112.6,154.7,1,1,0.0787,0.2274,0.0664
MUM-MU0032,Mumbai,2024-05-27,5,Summer,2.44,32.3,30.0,43.8,0,2,0.0952,0.0642,0.0
DEL-DE0094,Delhi,2025-03-17,3,Summer,5.57,42.0,61.3,90.8,0,5,0.1547,0.0,0.0137
AHM-AH0077,Ahmedabad,2025-04-24,4,Summer,7.64,40.6,74.2,122.3,0,5,0.2316,0.0309,0.0715
KOL-KO0196,Kolkata,2025-02-17,2,Winter,0.0,15.0,149.7,163.0,0,1,0.2291,0.1039,0.145
PUN-PU0147,Pune,2025-12-18,12,Winter,4.77,20.9,45.7,81.4,0,1,0.1366,0.0237,0.0
KOL-KO0094,Kolkata,2025-05-23,5,Summer,1.19,25.5,79.3,92.6,0,3,0.1383,0.0626,0.0228
DEL-DE0078,Delhi,2025-04-20,4,Summer,6.91,45.3,113.2,129.2,0,2,0.4374,0.0343,0.0
MUM-MU0173,Mumbai,2025-12-09,12,Winter,0.0,27.4,274.3,312.8,0,3,0.1423,0.0217,0.4969
DEL-DE0081,Delhi,2024-04-20,4,Summer,5.02,33.7,130.2,179.7,0,4,0.2126,0.13,0.0558
PUN-PU0115,Pune,2025-03-23,3,Summer,6.59,28.8,107.1,137.6,1,1,0.0677,0.1751,0.0684
KOL-KO0051,Kolkata,2025-04-21,4,Summer,5.69,31.5,145.8,163.0,0,4,0.176,0.0358,0.1852
KOL-KO0133,Kolkata,2026-01-22,1,Winter,0.0,27.7,177.2,207.2,1,2,0.1222,0.1757,0.2341
AHM-AH0024,Ahmedabad,2025-01-04,1,Winter,0.0,26.0,98.1,147.9,1,2,0.0877,0.1851,0.0
PUN-PU0037,Pune,2025-09-08,9,Monsoon,12.62,34.3,73.4,105.5,0,3,0.033,0.0737,0.0
KOL-KO0071,Kolkata,2024-05-30,5,Summer,6.54,33.4,257.8,278.0,0,3,0.1429,0.031,0.4526
PUN-PU0076,Pune,2024-04-03,4,Summer,0.0,28.1,69.1,93.9,0,5,0.1655,0.0474,0.0089
DEL-DE0168,Delhi,2025-10-27,10,Winter,2.96,16.7,347.0,359.6,0,2,0.2136,0.0001,0.659
KOL-KO0130,Kolkata,2025-02-11,2,Winter,1.49,24.0,59.7,93.4,0,2,0.0558,0.0169,0.0
HYD-HY0043,Hyderabad,2024-12-31,12,Winter,5.62,24.0,161.3,194.2,0,4,0.2962,0.0715,0.1984
KOL-KO0068,Kolkata,2025-08-26,8,Monsoon,28.77,29.0,197.1,220.7,0,4,0.3861,0.1085,0.219
HYD-HY0130,Hyderabad,2025-02-15,2,Winter,7.06,20.1,99.9,141.4,0,3,0.1675,0.0,0.0789
KOL-KO0121,Kolkata,2025-12-12,12,Winter,0.0,23.4,81.2,107.3,0,3,0.0,0.1181,0.0
CHE-CH0187,Chennai,2024-10-19,10,Winter,6.88,32.6,132.6,170.3,1,3,0.22,0.1837,0.0754
CHE-CH0127,Chennai,2024-10-26,10,Winter,1.82,21.1,80.3,111.6,1,4,0.024,0.2496,0.0137
BEN-BE0062,Bengaluru,2025-09-25,9,Monsoon,16.6,29.1,100.2,119.8,0,3,0.036,0.0906,0.0055
DEL-DE0180,Delhi,2024-11-27,11,Winter,11.07,31.0,301.9,347.8,0,1,0.1218,0.0864,0.4451
KOL-KO0069,Kolkata,2025-08-29,8,Monsoon,56.91,28.2,156.1,193.0,0,4,0.7136,0.0306,0.1157
PUN-PU0038,Pune,2024-09-25,9,Monsoon,18.73,25.2,94.0,136.2,0,1,0.0003,0.079,0.0514
MUM-MU0015,Mumbai,2024-10-01,10,Winter,0.0,22.7,183.4,230.7,0,1,0.0206,0.0689,0.227
HYD-HY0183,Hyderabad,2025-03-03,3,Summer,8.02,39.4,162.1,172.1,0,1,0.0979,0.0202,0.1713
HYD-HY0020,Hyderabad,2024-06-05,6,Monsoon,4.45,31.1,140.5,156.0,0,1,0.0,0.1003,0.1508
AHM-AH0096,Ahmedabad,2024-07-24,7,Monsoon,26.08,36.6,98.2,125.6,0,2,0.305,0.0283,0.0
BEN-BE0084,Bengaluru,2025-06-09,6,Monsoon,12.78,27.2,61.6,101.3,0,5,0.1615,0.0795,0.0224
AHM-AH0058,Ahmedabad,2025-06-21,6,Monsoon,7.14,33.0,137.6,173.9,0,3,0.0729,0.1323,0.0489
HYD-HY0027,Hyderabad,2025-01-09,1,Winter,1.29,24.9,104.8,125.3,1,2,0.2176,0.2427,0.0143
BEN-BE0151,Bengaluru,2025-02-22,2,Winter,0.0,24.0,162.2,197.2,0,5,0.0626,0.0676,0.2024
KOL-KO0041,Kolkata,2024-07-13,7,Monsoon,12.34,28.9,151.8,173.2,0,3,0.1023,0.0269,0.1483
HYD-HY0118,Hyderabad,2025-06-26,6,Monsoon,30.3,29.0,95.6,117.9,0,1,0.4696,0.0104,0.0164
HYD-HY0180,Hyderabad,2026-03-05,3,Summer,7.22,47.2,96.0,114.7,1,1,0.4446,0.2135,0.0516
CHE-CH0151,Chennai,2024-12-18,12,Winter,10.96,20.0,78.8,114.0,0,1,0.1988,0.1088,0.054
MUM-MU0068,Mumbai,2025-12-15,12,Winter,7.23,22.1,128.7,139.9,1,1,0.0064,0.202,0.08
MUM-MU0077,Mumbai,2024-08-07,8,Monsoon,8.61,33.1,143.6,192.7,0,1,0.189,0.1177,0.1191
HYD-HY0163,Hyderabad,2024-12-09,12,Winter,0.0,20.9,141.9,153.1,0,2,0.2019,0.0704,0.1532
KOL-KO0189,Kolkata,2025-04-13,4,Summer,5.84,37.9,154.8,173.5,0,2,0.1805,0.0749,0.1186
AHM-AH0043,Ahmedabad,2025-11-22,11,Winter,0.0,25.6,181.6,224.1,0,4,0.2423,0.0351,0.2607
CHE-CH0154,Chennai,2025-04-02,4,Summer,6.17,45.2,199.2,236.0,0,1,0.3042,0.1034,0.3214
DEL-DE0031,Delhi,2024-10-10,10,Winter,8.44,22.1,208.2,236.3,0,5,0.0974,0.0655,0.3152
HYD-HY0188,Hyderabad,2024-11-15,11,Winter,0.0,16.3,143.8,178.5,1,1,0.0,0.2495,0.0623
KOL-KO0186,Kolkata,2024-04-03,4,Summer,0.0,35.7,30.0,50.5,0,2,0.206,0.0656,0.0243
AHM-AH0014,Ahmedabad,2026-03-04,3,Summer,12.24,31.6,131.3,154.9,1,2,0.1453,0.1462,0.1385
MUM-MU0163,Mumbai,2025-03-25,3,Summer,0.0,45.5,147.5,189.6,0,4,0.3722,0.0966,0.1312
DEL-DE0090,Delhi,2025-07-20,7,Monsoon,25.26,36.0,157.2,201.1,0,5,0.4037,0.0,0.1827
AHM-AH0095,Ahmedabad,2024-10-10,10,Winter,0.0,33.9,144.8,175.1,0,2,0.0,0.0054,0.2262
AHM-AH0097,Ahmedabad,2024-06-04,6,Monsoon,4.37,36.6,118.2,147.9,0,3,0.1402,0.107,0.0
HYD-HY0078,Hyderabad,2026-01-13,1,Winter,0.6,29.4,124.1,135.5,0,1,0.204,0.0945,0.007
AHM-AH0137,Ahmedabad,2024-07-27,7,Monsoon,24.69,35.0,115.6,146.5,0,3,0.385,0.0645,0.0
AHM-AH0195,Ahmedabad,2025-08-04,8,Monsoon,19.93,39.6,108.1,125.7,0,3,0.0656,0.034,0.1493
BEN-BE0172,Bengaluru,2025-10-04,10,Winter,3.0,16.6,102.9,129.9,0,5,0.1171,0.0386,0.0707
KOL-KO0152,Kolkata,2025-10-19,10,Winter,3.58,23.5,36.6,55.8,0,3,0.0875,0.0,0.0514
HYD-HY0058,Hyderabad,2024-08-13,8,Monsoon,29.49,25.5,103.3,125.2,0,2,0.36,0.0553,0.1034
MUM-MU0160,Mumbai,2025-01-26,1,Winter,5.19,18.5,48.7,83.9,1,3,0.0491,0.1832,0.0948
HYD-HY0071,Hyderabad,2024-07-09,7,Monsoon,61.08,38.0,159.7,191.8,0,1,0.7078,0.0707,0.2052
PUN-PU0049,Pune,2024-12-25,12,Winter,1.99,15.2,131.1,144.2,1,1,0.0462,0.2448,0.1112
MUM-MU0181,Mumbai,2025-12-11,12,Winter,16.36,15.0,70.5,118.3,1,1,0.1272,0.2,0.0322
BEN-BE0102,Bengaluru,2024-04-05,4,Summer,0.0,31.9,113.5,146.4,0,2,0.0236,0.0717,0.0056
KOL-KO0167,Kolkata,2024-07-13,7,Monsoon,1.95,26.3,167.8,183.2,0,3,0.0921,0.11,0.2373
PUN-PU0091,Pune,2025-11-30,11,Winter,0.0,15.0,72.7,87.8,0,1,0.1952,0.0126,0.082
AHM-AH0118,Ahmedabad,2026-01-03,1,Winter,0.67,25.2,119.2,142.2,0,3,0.1658,0.0286,0.0363
PUN-PU0159,Pune,2025-11-30,11,Winter,7.39,21.2,140.6,174.9,0,3,0.192,0.0725,0.1012
PUN-PU0169,Pune,2025-03-01,3,Summer,0.49,30.3,93.8,129.6,0,2,0.1949,0.0564,0.0
MUM-MU0159,Mumbai,2025-12-11,12,Winter,0.17,18.2,117.1,159.5,0,4,0.0845,0.0966,0.0827
AHM-AH0000,Ahmedabad,2024-06-05,6,Monsoon,24.07,32.2,124.0,164.4,0,3,0.293,0.0852,0.0498
PUN-PU0097,Pune,2024-07-22,7,Monsoon,0.0,28.1,55.2,66.9,0,5,0.0309,0.0921,0.0
HYD-HY0104,Hyderabad,2024-12-12,12,Winter,4.1,17.4,97.6,133.4,0,3,0.1126,0.1331,0.0009
HYD-HY0187,Hyderabad,2024-11-16,11,Winter,0.0,23.0,73.8,111.1,0,2,0.0474,0.0464,0.0
CHE-CH0039,Chennai,2025-01-01,1,Winter,9.22,22.1,76.2,93.0,0,3,0.0929,0.0,0.1169
PUN-PU0055,Pune,2025-09-04,9,Monsoon,2.62,25.7,42.0,88.0,0,3,0.0162,0.1333,0.0269
MUM-MU0108,Mumbai,2024-04-21,4,Summer,7.01,43.2,132.4,142.7,0,2,0.2964,0.1,0.0527
CHE-CH0103,Chennai,2025-03-06,3,Summer,21.02,41.2,94.6,110.8,0,3,0.2297,0.014,0.0362
HYD-HY0095,Hyderabad,2025-08-04,8,Monsoon,15.0,27.0,122.8,133.1,0,4,0.2226,0.0337,0.1155
AHM-AH0194,Ahmedabad,2025-10-28,10,Winter,0.03,19.2,55.5,105.1,0,4,0.0866,0.0635,0.0188
MUM-MU0022,Mumbai,2025-08-23,8,Monsoon,7.51,25.1,58.6,75.3,0,2,0.2017,0.0563,0.0
KOL-KO0160,Kolkata,2024-06-29,6,Monsoon,15.0,29.6,62.5,108.4,0,5,0.0833,0.0,0.0311
KOL-KO0129,Kolkata,2024-05-13,5,Summer,8.22,48.0,119.1,131.5,0,2,0.552,0.0622,0.0
HYD-HY0049,Hyderabad,2024-11-08,11,Winter,1.23,33.2,153.0,193.9,0,5,0.0,0.11,0.2052
KOL-KO0160,Kolkata,2025-10-29,10,Winter,8.74,22.9,208.2,231.0,0,5,0.1472,0.047,0.343
HYD-HY0175,Hyderabad,2024-06-26,6,Monsoon,9.28,26.9,88.1,135.2,1,3,0.0866,0.2167,0.0443
AHM-AH0102,Ahmedabad,2025-05-28,5,Summer,0.0,48.0,112.1,155.3,0,3,0.4556,0.041,0.1315
CHE-CH0078,Chennai,2025-08-31,8,Monsoon,6.72,29.6,82.9,96.9,0,2,0.0521,0.0408,0.069
KOL-KO0062,Kolkata,2025-11-21,11,Winter,0.76,19.4,83.5,108.5,0,1,0.2242,0.0612,0.0394
CHE-CH0122,Chennai,2025-10-12,10,Winter,0.0,20.1,124.8,148.8,0,2,0.1285,0.0415,0.1416
CHE-CH0003,Chennai,2024-05-12,5,Summer,4.12,44.2,87.3,126.2,0,4,0.3178,0.0617,0.0301
BEN-BE0192,Bengaluru,2024-06-02,6,Monsoon,13.78,31.9,130.4,151.7,0,3,0.2221,0.098,0.1235
DEL-DE0143,Delhi,2024-07-22,7,Monsoon,21.84,28.8,152.7,186.7,0,5,0.327,0.0661,0.203
MUM-MU0072,Mumbai,2026-01-25,1,Winter,0.0,15.0,99.6,117.3,0,3,0.1491,0.0754,0.0553
AHM-AH0023,Ahmedabad,2025-12-25,12,Winter,0.0,28.8,70.2,88.6,0,2,0.0621,0.0,0.029
PUN-PU0023,Pune,2025-04-28,4,Summer,5.87,45.0,149.5,163.3,0,1,0.3235,0.1061,0.0988
AHM-AH0134,Ahmedabad,2025-01-12,1,Winter,0.0,27.5,54.2,89.8,0,2,0.1724,0.0817,0.0864
CHE-CH0022,Chennai,2024-08-22,8,Monsoon,47.74,34.7,137.3,159.6,0,1,0.6067,0.0499,0.0172
AHM-AH0088,Ahmedabad,2025-01-03,1,Winter,6.02,23.4,75.0,120.9,0,3,0.117,0.0839,0.0323
HYD-HY0154,Hyderabad,2024-10-20,10,Winter,11.36,25.4,57.5,82.9,0,3,0.1254,0.0079,0.013
BEN-BE0133,Bengaluru,2026-03-29,3,Summer,0.0,39.6,105.5,129.9,0,3,0.087,0.0,0.0252
MUM-MU0125,Mumbai,2025-09-26,9,Monsoon,35.51,28.2,102.2,136.3,0,3,0.4975,0.0709,0.0387
PUN-PU0088,Pune,2025-12-09,12,Winter,0.0,23.1,66.6,104.1,0,3,0.2195,0.0489,0.0
KOL-KO0169,Kolkata,2025-04-30,4,Summer,3.8,46.9,127.9,175.6,0,2,0.4493,0.0465,0.0823
HYD-HY0184,Hyderabad,2025-04-08,4,Summer,4.84,44.5,145.5,156.2,0,2,0.3239,0.0131,0.0898
DEL-DE0146,Delhi,2024-05-26,5,Summer,10.99,43.4,102.2,146.4,0,2,0.2379,0.0987,0.0542
HYD-HY0173,Hyderabad,2026-02-21,2,Winter,0.0,31.2,103.2,144.4,0,3,0.0,0.0,0.0365
MUM-MU0105,Mumbai,2026-04-01,4,Summer,17.35,45.9,76.1,102.8,0,3,0.3877,0.0555,0.0672
PUN-PU0144,Pune,2025-09-11,9,Monsoon,0.63,28.5,102.7,140.5,0,3,0.1262,0.0197,0.0
BEN-BE0197,Bengaluru,2024-06-01,6,Monsoon,7.8,31.4,66.5,102.4,0,3,0.1299,0.0,0.0052
AHM-AH0110,Ahmedabad,2024-09-12,9,Monsoon,13.5,37.6,117.5,165.8,0,2,0.0127,0.0586,0.1112
PUN-PU0078,Pune,2024-11-10,11,Winter,5.29,18.5,70.0,117.7,0,5,0.1915,0.0471,0.0621
MUM-MU0055,Mumbai,2024-08-14,8,Monsoon,36.71,33.4,121.3,137.7,0,1,0.4765,0.0319,0.069
BEN-BE0187,Bengaluru,2026-02-11,2,Winter,0.73,18.8,88.3,116.1,0,3,0.0561,0.0159,0.0227
KOL-KO0192,Kolkata,2025-01-27,1,Winter,3.61,31.9,149.1,196.3,0,3,0.0,0.0427,0.1075
MUM-MU0168,Mumbai,2025-08-03,8,Monsoon,28.42,33.6,100.6,132.1,0,4,0.358,0.0526,0.0661
DEL-DE0059,Delhi,2024-06-11,6,Monsoon,12.48,27.8,104.7,119.0,0,5,0.0982,0.044,0.0517
HYD-HY0035,Hyderabad,2024-11-18,11,Winter,9.22,28.5,30.0,51.5,0,2,0.0614,0.0783,0.0
MUM-MU0157,Mumbai,2024-05-08,5,Summer,11.3,32.6,159.7,171.3,0,1,0.1323,0.0397,0.1465
BEN-BE0169,Bengaluru,2024-09-04,9,Monsoon,6.76,32.3,46.1,87.6,0,3,0.1332,0.0613,0.0057
BEN-BE0116,Bengaluru,2024-12-10,12,Winter,0.0,20.9,147.1,180.3,0,3,0.2286,0.0268,0.1833
DEL-DE0071,Delhi,2024-05-09,5,Summer,0.0,48.0,159.7,180.5,0,2,0.5292,0.1066,0.2091
PUN-PU0061,Pune,2024-07-20,7,Monsoon,43.91,22.8,48.0,80.9,0,2,0.5279,0.0593,0.0
BEN-BE0175,Bengaluru,2025-09-12,9,Monsoon,13.29,15.8,100.4,149.3,0,4,0.0358,0.0546,0.0622
BEN-BE0163,Bengaluru,2025-01-31,1,Winter,0.0,15.0,40.0,70.9,0,3,0.091,0.0936,0.1179
BEN-BE0126,Bengaluru,2024-11-10,11,Winter,1.46,21.9,114.2,151.3,2,2,0.0816,0.3422,0.0
MUM-MU0029,Mumbai,2024-08-20,8,Monsoon,37.15,33.1,121.6,146.7,0,1,0.3575,0.0,0.0047
AHM-AH0118,Ahmedabad,2026-02-21,2,Winter,13.81,24.1,100.9,115.0,1,5,0.0094,0.2177,0.0
DEL-DE0028,Delhi,2025-03-15,3,Summer,15.01,48.0,86.9,110.1,0,3,0.5126,0.1111,0.0
PUN-PU0036,Pune,2024-10-29,10,Winter,7.46,25.0,122.7,150.6,0,3,0.1024,0.1176,0.0114
DEL-DE0157,Delhi,2024-11-29,11,Winter,0.0,17.4,239.9,268.7,0,4,0.0155,0.1137,0.3641
PUN-PU0011,Pune,2024-10-07,10,Winter,0.0,20.5,88.0,105.8,0,2,0.1972,0.0516,0.0363
AHM-AH0113,Ahmedabad,2024-07-04,7,Monsoon,18.49,36.3,94.7,141.9,0,3,0.1782,0.0581,0.0351
DEL-DE0109,Delhi,2024-08-05,8,Monsoon,45.49,39.1,113.3,136.3,0,3,0.5316,0.028,0.1373
PUN-PU0149,Pune,2024-07-19,7,Monsoon,13.87,21.8,102.5,114.9,0,3,0.1342,0.0583,0.0
KOL-KO0114,Kolkata,2025-03-11,3,Summer,13.21,38.1,178.0,225.4,2,4,0.0,0.3878,0.2216
CHE-CH0157,Chennai,2024-06-13,6,Monsoon,3.45,38.4,108.5,157.5,0,2,0.1024,0.1242,0.0
DEL-DE0159,Delhi,2026-02-03,2,Winter,2.52,35.8,408.2,436.5,0,1,0.2639,0.0589,0.735
BEN-BE0135,Bengaluru,2026-01-19,1,Winter,8.54,25.7,124.1,171.5,1,2,0.0304,0.2089,0.1378
AHM-AH0035,Ahmedabad,2025-02-21,2,Winter,6.28,20.4,30.0,40.5,0,1,0.1496,0.0579,0.0
BEN-BE0083,Bengaluru,2025-07-22,7,Monsoon,6.39,26.4,122.4,163.8,0,4,0.1584,0.1225,0.1118
KOL-KO0193,Kolkata,2024-12-28,12,Winter,4.23,22.9,135.0,151.4,1,1,0.0,0.2619,0.1691
DEL-DE0170,Delhi,2025-01-25,1,Winter,0.42,21.4,400.3,447.8,0,1,0.0,0.0155,0.7542
HYD-HY0080,Hyderabad,2025-10-20,10,Winter,1.58,26.9,114.1,159.6,0,2,0.0234,0.0241,0.0675
MUM-MU0067,Mumbai,2025-02-12,2,Winter,14.01,24.6,114.4,152.0,1,5,0.0229,0.2478,0.0
CHE-CH0102,Chennai,2024-08-02,8,Monsoon,17.21,30.5,109.9,148.5,0,3,0.0715,0.1355,0.0676
MUM-MU0172,Mumbai,2026-02-22,2,Winter,0.0,17.8,147.1,190.1,0,3,0.0064,0.0749,0.1695
DEL-DE0097,Delhi,2025-12-27,12,Winter,6.47,26.0,245.3,267.2,0,2,0.084,0.0159,0.3006
PUN-PU0019,Pune,2024-09-25,9,Monsoon,9.5,24.2,95.6,128.1,0,5,0.0714,0.1123,0.0391
DEL-DE0115,Delhi,2025-09-12,9,Monsoon,40.39,40.6,122.1,134.4,0,3,0.5418,0.0841,0.0954
HYD-HY0015,Hyderabad,2025-04-11,4,Summer,6.45,33.6,74.4,122.1,0,2,0.0084,0.0201,0.0654
AHM-AH0141,Ahmedabad,2026-03-30,3,Summer,5.77,32.0,89.1,123.6,1,1,0.2218,0.1644,0.0
KOL-KO0045,Kolkata,2026-02-25,2,Winter,2.42,20.3,98.0,136.8,0,5,0.0861,0.0711,0.0845
AHM-AH0177,Ahmedabad,2025-05-19,5,Summer,0.0,33.7,160.2,187.9,0,3,0.0148,0.0531,0.1456
CHE-CH0184,Chennai,2025-02-15,2,Winter,4.1,19.9,99.1,122.4,0,3,0.1255,0.0869,0.001
BEN-BE0087,Bengaluru,2025-06-26,6,Monsoon,2.86,26.9,146.3,175.8,0,3,0.197,0.0547,0.1455
PUN-PU0153,Pune,2025-07-26,7,Monsoon,12.9,33.2,91.3,102.7,0,5,0.1087,0.0449,0.0401
KOL-KO0101,Kolkata,2025-05-09,5,Summer,11.84,41.7,207.5,249.2,0,4,0.1784,0.0847,0.2894
AHM-AH0086,Ahmedabad,2025-11-10,11,Winter,4.08,18.8,121.1,156.2,0,3,0.1035,0.0119,0.0586
PUN-PU0105,Pune,2024-07-18,7,Monsoon,0.0,28.3,106.9,124.5,0,2,0.0936,0.0383,0.111
DEL-DE0142,Delhi,2024-09-29,9,Monsoon,7.8,28.5,104.4,128.7,0,3,0.0836,0.1058,0.0838
BEN-BE0031,Bengaluru,2026-03-25,3,Summer,0.0,44.8,77.3,114.0,0,2,0.3808,0.0159,0.0522
HYD-HY0183,Hyderabad,2025-07-06,7,Monsoon,13.62,27.6,175.2,195.9,0,3,0.1288,0.0829,0.2284
AHM-AH0103,Ahmedabad,2026-02-28,2,Winter,2.29,28.0,74.4,103.7,0,5,0.1575,0.0383,0.0468
CHE-CH0106,Chennai,2025-11-14,11,Winter,2.87,20.9,158.7,175.2,0,1,0.0239,0.0751,0.1522
MUM-MU0111,Mumbai,2024-11-02,11,Winter,0.0,21.4,48.9,87.0,0,4,0.0577,0.026,0.0328
PUN-PU0115,Pune,2025-08-01,8,Monsoon,18.56,28.0,135.5,149.1,0,3,0.0079,0.0338,0.1446
BEN-BE0141,Bengaluru,2025-05-24,5,Summer,0.0,27.9,101.1,137.8,0,1,0.2914,0.0811,0.0
AHM-AH0147,Ahmedabad,2025-09-06,9,Monsoon,83.4,31.9,99.6,117.4,0,2,0.8834,0.016,0.0
DEL-DE0037,Delhi,2025-02-05,2,Winter,12.35,31.9,395.0,422.2,0,4,0.0877,0.016,0.6658
MUM-MU0107,Mumbai,2025-01-24,1,Winter,0.0,20.6,146.2,157.0,0,1,0.0313,0.0319,0.0859
DEL-DE0143,Delhi,2024-05-11,5,Summer,4.65,34.4,106.4,133.9,0,1,0.2915,0.0,0.0
KOL-KO0150,Kolkata,2026-03-16,3,Summer,3.14,39.1,290.3,339.0,0,3,0.0174,0.0513,0.5603
KOL-KO0016,Kolkata,2024-07-06,7,Monsoon,8.45,28.0,90.0,117.9,0,2,0.0148,0.0745,0.0
KOL-KO0175,Kolkata,2025-02-02,2,Winter,3.36,21.0,143.4,178.2,0,4,0.0594,0.0151,0.1473
CHE-CH0017,Chennai,2025-05-24,5,Summer,9.3,27.9,91.1,111.7,0,3,0.1088,0.0884,0.0604
KOL-KO0175,Kolkata,2026-03-04,3,Summer,8.06,30.0,175.4,218.7,0,3,0.1633,0.0607,0.268
AHM-AH0128,Ahmedabad,2025-08-01,8,Monsoon,30.79,29.3,102.9,145.9,0,2,0.4928,0.1042,0.0534
AHM-AH0140,Ahmedabad,2024-08-06,8,Monsoon,7.71,35.9,72.1,114.3,0,2,0.1028,0.0,0.0577
HYD-HY0090,Hyderabad,2024-07-20,7,Monsoon,31.94,27.6,122.9,169.1,0,2,0.3818,0.063,0.0826
BEN-BE0078,Bengaluru,2025-01-23,1,Winter,9.51,17.3,132.3,148.3,0,4,0.2235,0.0794,0.1048
CHE-CH0177,Chennai,2024-05-15,5,Summer,10.75,43.5,122.7,155.5,0,4,0.2701,0.0,0.0998
PUN-PU0199,Pune,2025-12-23,12,Winter,0.0,15.0,163.1,176.4,1,5,0.022,0.2,0.2056
AHM-AH0045,Ahmedabad,2025-05-18,5,Summer,18.13,35.9,106.8,142.8,1,1,0.0,0.3065,0.0
CHE-CH0198,Chennai,2025-05-25,5,Summer,3.75,40.1,152.1,195.9,0,4,0.0761,0.0189,0.1789
KOL-KO0171,Kolkata,2024-09-23,9,Monsoon,7.65,39.2,120.4,169.9,0,2,0.147,0.0305,0.1317
BEN-BE0137,Bengaluru,2024-08-17,8,Monsoon,16.75,28.8,131.8,174.1,0,1,0.1543,0.1018,0.1807
DEL-DE0097,Delhi,2026-03-16,3,Summer,2.12,48.0,105.4,138.8,0,4,0.4719,0.084,0.0146
HYD-HY0086,Hyderabad,2025-08-29,8,Monsoon,10.08,34.1,164.2,203.6,0,2,0.0062,0.0169,0.2262
KOL-KO0090,Kolkata,2025-03-10,3,Summer,0.0,31.1,88.7,134.7,0,2,0.0974,0.0462,0.0218
MUM-MU0024,Mumbai,2024-11-14,11,Winter,7.93,20.0,128.9,161.0,0,2,0.2069,0.1167,0.0741
BEN-BE0191,Bengaluru,2026-02-11,2,Winter,6.21,24.2,165.4,212.9,1,1,0.0625,0.201,0.2275
KOL-KO0119,Kolkata,2025-05-27,5,Summer,0.0,41.5,138.9,167.7,1,3,0.1071,0.2082,0.1227
CHE-CH0182,Chennai,2025-03-18,3,Summer,2.91,44.3,33.3,52.1,0,1,0.3504,0.03,0.0
PUN-PU0189,Pune,2026-01-09,1,Winter,3.79,15.5,136.7,174.8,0,4,0.1079,0.1271,0.1529
CHE-CH0046,Chennai,2026-01-31,1,Winter,0.0,23.6,89.0,109.1,0,2,0.144,0.0,0.0366
HYD-HY0085,Hyderabad,2025-08-26,8,Monsoon,36.87,30.2,155.9,174.6,0,4,0.4279,0.0444,0.1946
PUN-PU0198,Pune,2026-02-01,2,Winter,1.74,27.9,116.7,147.0,0,5,0.1973,0.0679,0.134
MUM-MU0084,Mumbai,2024-10-25,10,Winter,0.0,29.8,95.7,106.3,1,3,0.0658,0.2144,0.0
MUM-MU0199,Mumbai,2024-05-17,5,Summer,7.59,46.5,190.4,236.1,0,3,0.3734,0.0,0.2071
HYD-HY0088,Hyderabad,2025-12-24,12,Winter,0.0,32.7,81.8,99.7,0,4,0.1174,0.0616,0.0231
PUN-PU0105,Pune,2025-10-06,10,Winter,0.0,16.1,96.6,143.9,0,5,0.1337,0.0885,0.0717
CHE-CH0124,Chennai,2025-03-08,3,Summer,6.54,48.0,116.3,144.8,1,2,0.4088,0.1781,0.0859
KOL-KO0084,Kolkata,2025-08-15,8,Monsoon,20.11,29.1,134.5,176.9,0,1,0.2853,0.0151,0.0891
PUN-PU0050,Pune,2025-08-22,8,Monsoon,14.01,16.6,142.3,189.7,0,4,0.1484,0.1036,0.1522
PUN-PU0135,Pune,2025-06-15,6,Monsoon,46.68,23.0,106.9,126.0,0,4,0.5527,0.0596,0.0
BEN-BE0158,Bengaluru,2024-10-16,10,Winter,2.93,27.4,62.0,75.5,1,3,0.0929,0.1922,0.0341
CHE-CH0086,Chennai,2025-10-16,10,Winter,0.0,17.6,117.7,161.8,0,3,0.1897,0.0454,0.0855
BEN-BE0153,Bengaluru,2024-04-29,4,Summer,17.56,38.7,104.9,123.5,1,5,0.1638,0.1823,0.1295
BEN-BE0146,Bengaluru,2026-02-13,2,Winter,9.54,29.2,155.6,174.6,2,5,0.0955,0.3889,0.2248
DEL-DE0001,Delhi,2025-10-07,10,Winter,0.0,29.1,353.7,384.0,0,1,0.1032,0.002,0.5671
BEN-BE0122,Bengaluru,2024-06-29,6,Monsoon,22.16,24.6,42.4,75.5,0,3,0.3216,0.0212,0.0603
PUN-PU0140,Pune,2024-08-14,8,Monsoon,2.4,29.8,120.7,142.2,0,2,0.2398,0.0177,0.0734
HYD-HY0196,Hyderabad,2024-09-16,9,Monsoon,4.72,28.1,83.7,112.7,0,3,0.0411,0.0817,0.0223
KOL-KO0001,Kolkata,2025-03-13,3,Summer,4.4,40.1,133.6,175.5,1,3,0.0,0.3161,0.0522
KOL-KO0144,Kolkata,2025-12-12,12,Winter,7.72,19.9,40.3,72.6,0,1,0.0502,0.0689,0.0933
AHM-AH0183,Ahmedabad,2024-08-30,8,Monsoon,15.04,36.8,72.2,108.1,0,4,0.1267,0.0013,0.0516
PUN-PU0182,Pune,2024-09-04,9,Monsoon,23.84,29.0,53.7,90.5,0,3,0.3671,0.0,0.014
AHM-AH0134,Ahmedabad,2024-04-10,4,Summer,12.02,30.7,89.5,122.8,0,1,0.0826,0.0343,0.0746
BEN-BE0095,Bengaluru,2024-05-12,5,Summer,0.0,42.2,151.3,175.1,0,1,0.1594,0.0463,0.0708
AHM-AH0103,Ahmedabad,2025-08-10,8,Monsoon,2.54,29.9,139.6,168.9,0,2,0.0919,0.0014,0.1225
PUN-PU0176,Pune,2024-07-31,7,Monsoon,0.34,25.0,33.2,59.5,0,4,0.2182,0.0823,0.0
PUN-PU0005,Pune,2025-02-07,2,Winter,3.81,15.6,78.0,111.4,0,4,0.1705,0.0,0.0638
AHM-AH0177,Ahmedabad,2026-01-25,1,Winter,0.0,24.8,72.5,87.3,1,2,0.091,0.1805,0.0
DEL-DE0199,Delhi,2024-06-24,6,Monsoon,13.62,31.0,108.4,124.3,0,3,0.0218,0.0793,0.0065
HYD-HY0064,Hyderabad,2024-12-19,12,Winter,2.6,17.5,108.3,142.0,0,5,0.0247,0.1105,0.0752
CHE-CH0091,Chennai,2025-01-13,1,Winter,2.21,27.4,112.9,145.9,0,5,0.1244,0.0596,0.0
PUN-PU0187,Pune,2024-06-01,6,Monsoon,12.58,31.7,112.9,162.1,0,5,0.112,0.0405,0.0335
AHM-AH0013,Ahmedabad,2024-12-17,12,Winter,0.0,24.8,95.2,119.1,0,4,0.1248,0.0418,0.0206
DEL-DE0168,Delhi,2025-08-02,8,Monsoon,18.63,31.5,129.1,147.0,0,1,0.2205,0.0832,0.0403
CHE-CH0041,Chennai,2026-01-13,1,Winter,0.0,25.4,166.5,214.1,0,3,0.0304,0.0,0.1583
HYD-HY0121,Hyderabad,2025-03-17,3,Summer,0.0,41.4,139.6,180.2,0,4,0.233,0.024,0.0588
MUM-MU0021,Mumbai,2024-07-15,7,Monsoon,47.7,21.6,155.7,178.2,0,5,0.5158,0.117,0.0976
PUN-PU0177,Pune,2025-10-15,10,Winter,0.18,19.4,62.8,109.2,0,4,0.0146,0.0,0.0218
MUM-MU0017,Mumbai,2024-06-06,6,Monsoon,50.2,27.2,90.1,115.4,0,1,0.5697,0.0639,0.0477
MUM-MU0139,Mumbai,2024-12-01,12,Winter,9.94,33.1,104.9,154.0,0,3,0.1033,0.0787,0.0
MUM-MU0024,Mumbai,2025-11-06,11,Winter,0.0,15.0,62.7,97.3,0,5,0.1073,0.1301,0.0302
KOL-KO0042,Kolkata,2024-10-27,10,Winter,0.0,26.9,164.9,177.2,0,1,0.0313,0.0387,0.1921
DEL-DE0000,Delhi,2024-11-13,11,Winter,0.0,36.3,260.3,299.0,0,5,0.0797,0.0444,0.4337
HYD-HY0075,Hyderabad,2026-01-14,1,Winter,0.0,20.4,78.4,97.7,0,4,0.1524,0.0642,0.0745
DEL-DE0012,Delhi,2025-03-04,3,Summer,5.12,40.5,71.8,93.7,1,3,0.0742,0.1439,0.0
AHM-AH0003,Ahmedabad,2026-03-21,3,Summer,0.0,43.9,101.2,126.4,0,3,0.2924,0.0,0.0
KOL-KO0113,Kolkata,2025-10-26,10,Winter,9.71,21.2,184.9,196.1,0,2,0.0556,0.1109,0.2856
CHE-CH0119,Chennai,2024-06-21,6,Monsoon,6.99,35.3,61.9,109.1,1,5,0.0991,0.2272,0.0002
BEN-BE0049,Bengaluru,2025-10-09,10,Winter,11.6,26.9,134.7,177.6,0,1,0.0008,0.0,0.1018
AHM-AH0085,Ahmedabad,2025-10-06,10,Winter,3.96,31.5,108.2,137.1,1,2,0.0,0.1502,0.0648
BEN-BE0180,Bengaluru,2025-07-05,7,Monsoon,21.96,31.4,95.4,114.1,0,3,0.3385,0.0174,0.0
BEN-BE0115,Bengaluru,2025-11-06,11,Winter,6.73,15.0,71.3,118.4,0,2,0.0539,0.0325,0.0256
DEL-DE0195,Delhi,2025-11-11,11,Winter,0.1,19.8,387.4,428.2,0,4,0.0193,0.092,0.6334
MUM-MU0069,Mumbai,2024-06-09,6,Monsoon,26.54,31.9,95.0,138.5,0,4,0.3578,0.0311,0.0244
MUM-MU0048,Mumbai,2024-11-04,11,Winter,5.64,28.8,87.1,110.7,0,1,0.1576,0.0066,0.0
PUN-PU0068,Pune,2025-05-31,5,Summer,2.62,21.9,151.1,162.8,0,4,0.0,0.0843,0.1418
MUM-MU0188,Mumbai,2025-05-07,5,Summer,0.0,48.0,165.7,203.1,0,4,0.4697,0.038,0.2185
MUM-MU0116,Mumbai,2024-05-16,5,Summer,0.0,37.6,156.9,197.1,0,1,0.1711,0.0889,0.0874
PUN-PU0016,Pune,2025-02-28,2,Winter,0.0,15.0,82.4,96.6,1,2,0.0423,0.2356,0.0946
PUN-PU0144,Pune,2025-12-13,12,Winter,0.0,18.5,80.5,126.8,0,3,0.0911,0.0262,0.0467
BEN-BE0044,Bengaluru,2024-12-04,12,Winter,0.0,21.0,128.6,143.6,2,3,0.0845,0.3189,0.1181
PUN-PU0027,Pune,2025-05-10,5,Summer,6.75,39.9,123.4,140.9,0,3,0.0243,0.1006,0.0737
PUN-PU0106,Pune,2025-12-08,12,Winter,3.37,15.0,84.4,131.5,0,3,0.2342,0.0256,0.0
DEL-DE0049,Delhi,2025-10-07,10,Winter,3.25,39.1,357.2,391.2,0,1,0.0877,0.0925,0.6855
AHM-AH0050,Ahmedabad,2024-09-24,9,Monsoon,51.43,35.7,64.8,113.9,0,2,0.5536,0.0233,0.0459
DEL-DE0045,Delhi,2024-08-24,8,Monsoon,9.17,38.5,105.6,123.0,0,2,0.0892,0.0871,0.0
MUM-MU0176,Mumbai,2024-08-10,8,Monsoon,6.01,26.1,105.7,149.7,0,1,0.0773,0.0,0.0401
PUN-PU0038,Pune,2025-01-04,1,Winter,0.0,21.0,152.2,180.2,0,3,0.1564,0.1245,0.1624
DEL-DE0066,Delhi,2024-12-31,12,Winter,7.7,17.1,226.7,243.7,1,2,0.1851,0.2318,0.2375
CHE-CH0169,Chennai,2025-09-23,9,Monsoon,21.23,27.1,141.3,180.2,0,2,0.2532,0.0634,0.2011
PUN-PU0144,Pune,2024-10-29,10,Winter,7.81,15.3,96.5,146.2,1,1,0.0883,0.2254,0.0478
AHM-AH0164,Ahmedabad,2025-12-27,12,Winter,0.24,32.4,30.0,47.7,1,2,0.0494,0.1379,0.0379
PUN-PU0126,Pune,2024-12-19,12,Winter,0.0,23.2,67.6,84.1,0,4,0.0128,0.0,0.0535
HYD-HY0159,Hyderabad,2024-10-01,10,Winter,1.45,26.1,77.2,117.4,0,5,0.1588,0.011,0.0017
DEL-DE0178,Delhi,2024-08-07,8,Monsoon,10.69,37.0,30.0,54.3,0,3,0.0,0.1053,0.0512
DEL-DE0027,Delhi,2025-11-08,11,Winter,0.0,20.8,310.9,343.6,0,4,0.0,0.0917,0.5468
AHM-AH0024,Ahmedabad,2024-05-15,5,Summer,9.97,35.1,30.0,56.5,0,3,0.0,0.0444,0.0516
DEL-DE0177,Delhi,2024-07-13,7,Monsoon,23.61,28.8,88.3,108.6,0,3,0.3633,0.0,0.0145
BEN-BE0118,Bengaluru,2026-02-18,2,Winter,5.29,25.0,124.0,154.8,1,3,0.0993,0.1966,0.043
CHE-CH0003,Chennai,2024-06-18,6,Monsoon,37.83,32.3,106.0,147.9,0,1,0.4289,0.0536,0.0263
KOL-KO0156,Kolkata,2025-03-19,3,Summer,10.33,34.4,82.5,127.1,0,5,0.0302,0.1078,0.0
PUN-PU0152,Pune,2025-11-17,11,Winter,0.0,15.7,80.9,120.0,1,2,0.194,0.2153,0.0
MUM-MU0155,Mumbai,2024-12-28,12,Winter,8.16,22.9,30.0,68.1,0,3,0.11,0.0844,0.0
PUN-PU0108,Pune,2026-01-02,1,Winter,5.37,22.5,90.5,111.2,1,3,0.1361,0.2282,0.032
KOL-KO0128,Kolkata,2025-06-17,6,Monsoon,21.57,27.9,127.2,171.5,0,2,0.3445,0.0866,0.1751
BEN-BE0166,Bengaluru,2025-11-15,11,Winter,7.52,18.9,85.8,132.7,0,3,0.0173,0.0042,0.0179
AHM-AH0175,Ahmedabad,2024-08-27,8,Monsoon,32.28,33.4,96.4,121.3,1,4,0.4245,0.2531,0.0261
KOL-KO0074,Kolkata,2025-11-28,11,Winter,9.4,27.3,81.5,117.0,0,3,0.1289,0.0813,0.0606
AHM-AH0017,Ahmedabad,2025-11-29,11,Winter,0.22,18.6,63.1,84.5,0,2,0.0216,0.0518,0.0839
PUN-PU0167,Pune,2024-08-14,8,Monsoon,7.96,25.9,115.3,157.0,1,3,0.0,0.2723,0.0108
AHM-AH0176,Ahmedabad,2025-12-31,12,Winter,10.09,20.8,60.3,77.1,0,3,0.0268,0.116,0.1242
AHM-AH0177,Ahmedabad,2025-02-07,2,Winter,8.22,34.2,92.0,115.4,0,3,0.0721,0.0797,0.0736
CHE-CH0062,Chennai,2025-03-18,3,Summer,22.16,33.8,32.0,79.4,0,1,0.3168,0.0201,0.0
BEN-BE0127,Bengaluru,2026-02-18,2,Winter,3.97,35.1,196.7,215.3,0,3,0.075,0.0758,0.352
DEL-DE0131,Delhi,2025-07-20,7,Monsoon,17.61,33.3,154.9,204.2,0,5,0.1056,0.0228,0.3095
AHM-AH0198,Ahmedabad,2026-03-01,3,Summer,7.58,38.0,123.0,142.8,0,1,0.1436,0.0281,0.0774
MUM-MU0151,Mumbai,2025-09-01,9,Monsoon,34.5,37.4,141.4,168.1,0,2,0.463,0.0033,0.214
BEN-BE0167,Bengaluru,2024-08-07,8,Monsoon,25.42,30.1,96.6,146.6,0,4,0.3514,0.0986,0.0114
AHM-AH0191,Ahmedabad,2025-11-04,11,Winter,12.78,29.5,46.4,75.1,0,4,0.1498,0.0,0.0682
MUM-MU0127,Mumbai,2024-07-01,7,Monsoon,42.04,27.7,133.6,170.4,0,3,0.635,0.0,0.1455
CHE-CH0183,Chennai,2025-06-28,6,Monsoon,0.0,36.9,100.3,145.3,0,2,0.2823,0.0002,0.0
CHE-CH0195,Chennai,2024-06-17,6,Monsoon,31.25,28.3,42.3,76.7,0,3,0.4477,0.0,0.0374
CHE-CH0081,Chennai,2025-08-30,8,Monsoon,11.86,35.9,49.2,85.3,0,2,0.1806,0.0312,0.0027
MUM-MU0123,Mumbai,2024-08-13,8,Monsoon,54.32,27.1,148.1,196.0,0,3,0.653,0.1293,0.1552
BEN-BE0128,Bengaluru,2025-10-31,10,Winter,0.0,27.6,104.9,132.2,0,3,0.288,0.0057,0.0081
BEN-BE0142,Bengaluru,2024-12-06,12,Winter,1.14,21.5,79.9,95.6,0,2,0.0,0.1285,0.0425
DEL-DE0164,Delhi,2025-11-21,11,Winter,0.0,28.3,268.6,310.4,0,2,0.0231,0.0641,0.5416
KOL-KO0102,Kolkata,2025-09-27,9,Monsoon,6.15,30.6,133.8,163.4,0,2,0.1239,0.1092,0.008
MUM-MU0142,Mumbai,2025-08-19,8,Monsoon,34.27,27.7,118.6,158.5,0,4,0.4677,0.0679,0.1098
HYD-HY0007,Hyderabad,2026-03-23,3,Summer,12.28,41.4,117.7,132.3,0,3,0.225,0.031,0.0996
BEN-BE0010,Bengaluru,2025-06-11,6,Monsoon,5.58,35.0,88.2,121.5,0,1,0.0583,0.0,0.0
PUN-PU0049,Pune,2024-04-30,4,Summer,0.0,47.4,115.3,137.5,0,5,0.4907,0.0282,0.1478
KOL-KO0004,Kolkata,2025-12-02,12,Winter,17.16,29.4,230.7,254.4,0,3,0.0,0.0362,0.4074
DEL-DE0165,Delhi,2025-03-16,3,Summer,14.46,36.1,167.5,197.8,0,3,0.1366,0.0522,0.1815
PUN-PU0121,Pune,2024-10-28,10,Winter,3.14,18.2,99.9,113.9,0,2,0.0,0.0549,0.0
HYD-HY0007,Hyderabad,2026-04-02,4,Summer,4.23,41.1,64.6,83.8,0,1,0.1206,0.0528,0.0
DEL-DE0022,Delhi,2024-10-30,10,Winter,9.3,22.2,364.1,390.6,0,1,0.0114,0.0202,0.7661
DEL-DE0094,Delhi,2024-07-28,7,Monsoon,7.11,30.1,101.6,144.4,0,2,0.0971,0.065,0.0032
HYD-HY0107,Hyderabad,2025-07-13,7,Monsoon,14.85,32.2,126.6,170.8,0,3,0.1628,0.0,0.1458
AHM-AH0174,Ahmedabad,2024-12-20,12,Winter,0.0,15.0,47.2,85.7,0,5,0.1412,0.0029,0.0078
KOL-KO0083,Kolkata,2025-03-27,3,Summer,3.8,44.8,133.7,176.8,0,1,0.3284,0.055,0.092
BEN-BE0047,Bengaluru,2024-07-06,7,Monsoon,11.42,20.8,105.5,145.0,0,3,0.0,0.0722,0.0562
PUN-PU0057,Pune,2025-11-20,11,Winter,5.01,20.9,129.6,169.5,0,2,0.0494,0.0495,0.026
PUN-PU0117,Pune,2025-09-30,9,Monsoon,15.54,25.8,113.9,153.5,0,3,0.311,0.0,0.0886
DEL-DE0017,Delhi,2025-12-25,12,Winter,3.9,31.6,343.5,369.8,1,2,0.0614,0.1817,0.6083
KOL-KO0104,Kolkata,2026-04-01,4,Summer,4.17,30.5,184.2,200.1,0,1,0.1725,0.0436,0.1409
AHM-AH0065,Ahmedabad,2024-10-01,10,Winter,7.35,20.8,43.3,55.8,0,5,0.1937,0.0781,0.0054
BEN-BE0130,Bengaluru,2025-09-14,9,Monsoon,15.99,22.4,108.2,153.9,0,1,0.0462,0.0434,0.0401
DEL-DE0011,Delhi,2025-03-15,3,Summer,6.66,42.7,64.7,97.7,0,2,0.1746,0.0599,0.0548
MUM-MU0071,Mumbai,2025-06-24,6,Monsoon,19.65,32.8,97.6,145.4,0,2,0.1653,0.0,0.0
MUM-MU0149,Mumbai,2024-06-05,6,Monsoon,21.49,32.9,114.6,142.6,0,2,0.2618,0.0431,0.0409
MUM-MU0144,Mumbai,2024-09-06,9,Monsoon,51.99,33.4,182.8,229.8,1,2,0.5706,0.1569,0.1918
HYD-HY0170,Hyderabad,2025-10-29,10,Winter,6.66,16.9,63.6,76.5,0,3,0.1132,0.0378,0.0
AHM-AH0090,Ahmedabad,2024-10-23,10,Winter,6.78,21.4,102.4,148.7,1,4,0.2245,0.1698,0.0083
BEN-BE0113,Bengaluru,2026-02-17,2,Winter,4.18,23.1,141.1,160.0,0,3,0.2186,0.0543,0.1546
AHM-AH0191,Ahmedabad,2024-11-20,11,Winter,0.0,26.7,122.0,153.8,1,4,0.0817,0.1638,0.102
KOL-KO0113,Kolkata,2024-04-08,4,Summer,0.0,39.9,164.9,190.4,0,4,0.1046,0.0647,0.2025
MUM-MU0038,Mumbai,2026-01-03,1,Winter,0.0,18.4,100.3,120.9,0,4,0.0616,0.0278,0.0137
HYD-HY0019,Hyderabad,2025-11-26,11,Winter,0.0,18.5,109.6,156.2,1,3,0.0928,0.2311,0.0215
DEL-DE0104,Delhi,2026-03-17,3,Summer,4.34,40.4,125.8,157.7,0,3,0.1838,0.0195,0.1387
PUN-PU0137,Pune,2024-07-04,7,Monsoon,20.04,28.7,97.2,142.8,0,1,0.2657,0.025,0.0084
PUN-PU0111,Pune,2024-05-20,5,Summer,2.19,34.0,167.4,209.8,0,3,0.1602,0.0193,0.1978
MUM-MU0001,Mumbai,2025-02-02,2,Winter,0.0,26.3,105.5,129.5,0,3,0.0,0.0651,0.0342
MUM-MU0077,Mumbai,2025-09-19,9,Monsoon,25.17,25.0,147.0,177.7,0,3,0.3131,0.0936,0.0868
PUN-PU0161,Pune,2024-12-05,12,Winter,6.03,15.0,107.4,132.8,0,2,0.0894,0.0294,0.0485
CHE-CH0199,Chennai,2025-01-13,1,Winter,5.59,15.4,81.8,123.1,0,3,0.0136,0.0324,0.0552
BEN-BE0145,Bengaluru,2024-05-23,5,Summer,0.69,25.6,97.2,143.1,0,1,0.1933,0.0194,0.0446
DEL-DE0110,Delhi,2025-03-15,3,Summer,1.38,41.1,93.1,128.0,0,1,0.044,0.0519,0.003
AHM-AH0033,Ahmedabad,2025-07-31,7,Monsoon,16.18,32.3,77.2,102.7,0,3,0.0582,0.0413,0.001
CHE-CH0075,Chennai,2025-07-09,7,Monsoon,14.71,34.2,143.0,159.3,0,5,0.0898,0.0034,0.127
KOL-KO0001,Kolkata,2025-11-07,11,Winter,9.73,19.3,189.8,220.7,0,1,0.213,0.095,0.296
HYD-HY0176,Hyderabad,2024-06-03,6,Monsoon,27.38,35.6,95.8,124.8,0,2,0.3615,0.1196,0.0813
MUM-MU0007,Mumbai,2024-09-28,9,Monsoon,39.92,35.3,77.5,95.8,0,1,0.5097,0.0643,0.0
HYD-HY0055,Hyderabad,2025-11-04,11,Winter,0.81,35.5,142.8,160.1,1,3,0.1294,0.1056,0.1795
AHM-AH0049,Ahmedabad,2025-07-12,7,Monsoon,9.19,26.9,33.7,71.6,0,2,0.1536,0.0,0.0
AHM-AH0178,Ahmedabad,2024-08-08,8,Monsoon,30.18,32.0,72.9,111.5,0,2,0.4277,0.0729,0.0812
HYD-HY0004,Hyderabad,2025-11-16,11,Winter,3.93,26.2,86.8,136.7,0,1,0.1022,0.0179,0.0
KOL-KO0179,Kolkata,2026-03-16,3,Summer,7.42,47.2,107.6,128.7,0,2,0.5062,0.0601,0.0035
KOL-KO0093,Kolkata,2025-12-03,12,Winter,0.0,27.2,166.3,180.9,0,3,0.1254,0.0552,0.2848
KOL-KO0027,Kolkata,2024-05-10,5,Summer,10.07,42.0,130.0,171.8,0,2,0.205,0.0169,0.1683
AHM-AH0090,Ahmedabad,2025-01-14,1,Winter,7.47,23.4,97.0,128.1,1,5,0.0039,0.2005,0.1047
AHM-AH0199,Ahmedabad,2024-11-01,11,Winter,6.15,24.2,60.4,77.9,0,3,0.0,0.0,0.0461
MUM-MU0143,Mumbai,2024-07-15,7,Monsoon,36.53,31.4,69.0,110.1,0,5,0.5373,0.0909,0.0519
HYD-HY0106,Hyderabad,2025-08-03,8,Monsoon,24.14,29.9,107.7,134.3,0,2,0.367,0.0613,0.0556
BEN-BE0062,Bengaluru,2025-01-21,1,Winter,9.47,19.8,152.2,195.7,0,4,0.084,0.0843,0.1573
MUM-MU0006,Mumbai,2024-10-29,10,Winter,6.14,22.8,91.6,107.8,0,5,0.0838,0.0191,0.0818
CHE-CH0187,Chennai,2024-08-30,8,Monsoon,10.87,34.5,135.8,154.8,0,4,0.2,0.1143,0.1367
AHM-AH0011,Ahmedabad,2024-10-09,10,Winter,1.15,23.6,101.7,133.2,0,1,0.1997,0.0045,0.0259
AHM-AH0197,Ahmedabad,2025-05-19,5,Summer,2.58,48.0,69.2,87.1,1,3,0.5738,0.1548,0.009
KOL-KO0187,Kolkata,2025-11-08,11,Winter,6.78,26.3,104.2,147.1,0,2,0.06,0.0686,0.0136
DEL-DE0048,Delhi,2025-05-21,5,Summer,2.04,40.6,127.4,158.7,0,3,0.1726,0.0272,0.1264
HYD-HY0161,Hyderabad,2025-08-09,8,Monsoon,44.66,26.5,50.6,87.4,0,2,0.5181,0.068,0.0577
HYD-HY0096,Hyderabad,2024-10-13,10,Winter,0.0,21.9,57.6,93.9,0,3,0.1015,0.0592,0.0457
CHE-CH0135,Chennai,2026-01-05,1,Winter,0.82,27.5,101.3,122.5,0,3,0.1312,0.0679,0.0
CHE-CH0082,Chennai,2024-09-14,9,Monsoon,36.15,22.4,96.8,119.4,0,3,0.4339,0.063,0.0
PUN-PU0196,Pune,2026-01-15,1,Winter,4.5,15.0,104.0,115.3,0,3,0.0,0.0548,0.0304
CHE-CH0020,Chennai,2025-08-28,8,Monsoon,22.29,23.0,103.3,117.3,0,3,0.305,0.0141,0.0942
KOL-KO0020,Kolkata,2026-03-28,3,Summer,1.21,37.1,144.5,181.3,1,2,0.2102,0.1211,0.1849
MUM-MU0113,Mumbai,2025-04-30,4,Summer,18.86,34.9,147.8,165.2,0,3,0.0624,0.068,0.1928
PUN-PU0094,Pune,2025-06-16,6,Monsoon,13.67,25.5,140.8,157.2,0,2,0.1746,0.078,0.1539
PUN-PU0125,Pune,2025-01-24,1,Winter,0.0,15.0,83.2,111.7,0,1,0.1403,0.0,0.0027
MUM-MU0185,Mumbai,2024-05-14,5,Summer,5.45,39.5,165.9,176.7,2,1,0.0577,0.3359,0.2812
CHE-CH0148,Chennai,2025-12-22,12,Winter,2.11,26.8,82.7,107.6,1,3,0.0059,0.2367,0.0152
HYD-HY0094,Hyderabad,2024-04-08,4,Summer,4.18,42.1,90.1,120.2,0,4,0.1206,0.0828,0.0
CHE-CH0096,Chennai,2025-11-05,11,Winter,3.56,24.9,146.8,171.5,0,1,0.1952,0.0536,0.1219
MUM-MU0164,Mumbai,2026-03-30,3,Summer,4.61,32.6,165.2,213.4,0,2,0.1815,0.1104,0.1657
KOL-KO0141,Kolkata,2026-02-24,2,Winter,5.03,20.3,187.0,205.9,1,1,0.1291,0.2196,0.2086
AHM-AH0157,Ahmedabad,2026-01-25,1,Winter,0.0,36.8,139.5,151.9,0,1,0.1548,0.055,0.1492
AHM-AH0169,Ahmedabad,2025-10-07,10,Winter,2.69,15.0,136.9,165.7,0,1,0.1691,0.0262,0.1475
BEN-BE0193,Bengaluru,2024-08-26,8,Monsoon,23.34,19.1,111.5,130.0,0,1,0.2959,0.0576,0.008
PUN-PU0126,Pune,2024-09-29,9,Monsoon,25.32,36.6,100.0,118.6,0,1,0.2605,0.0413,0.002
BEN-BE0015,Bengaluru,2025-01-19,1,Winter,0.65,27.1,156.4,182.6,0,4,0.1298,0.0912,0.1594
DEL-DE0161,Delhi,2025-04-10,4,Summer,7.44,46.7,124.2,151.3,0,2,0.3751,0.0322,0.1153
HYD-HY0135,Hyderabad,2025-05-07,5,Summer,10.35,36.2,94.6,139.5,0,4,0.2152,0.1142,0.0594
MUM-MU0080,Mumbai,2026-02-02,2,Winter,0.0,16.7,50.1,87.8,0,2,0.0511,0.0,0.0486
CHE-CH0186,Chennai,2025-07-18,7,Monsoon,44.84,25.8,123.8,159.0,0,3,0.467,0.1069,0.1093
PUN-PU0153,Pune,2026-01-12,1,Winter,3.5,25.4,152.1,201.6,0,2,0.0,0.0675,0.1367
DEL-DE0191,Delhi,2025-02-27,2,Winter,0.97,30.8,289.9,310.6,0,3,0.0792,0.0228,0.4732
CHE-CH0012,Chennai,2026-02-15,2,Winter,8.97,15.0,98.6,146.3,0,2,0.0928,0.0587,0.0789
AHM-AH0025,Ahmedabad,2024-10-08,10,Winter,0.0,37.3,61.5,108.6,0,4,0.0,0.0556,0.0314
CHE-CH0198,Chennai,2025-04-17,4,Summer,0.0,36.7,73.2,88.8,0,1,0.0675,0.0,0.0426
DEL-DE0018,Delhi,2026-02-03,2,Winter,0.0,23.4,406.6,417.9,0,1,0.0094,0.1177,0.7473
PUN-PU0091,Pune,2025-12-03,12,Winter,3.43,19.8,30.0,63.8,0,1,0.0318,0.0,0.0479
AHM-AH0010,Ahmedabad,2025-08-20,8,Monsoon,32.66,31.1,85.0,104.6,0,2,0.4116,0.0399,0.0662
CHE-CH0135,Chennai,2025-09-17,9,Monsoon,22.41,25.7,60.2,99.3,0,2,0.2557,0.0051,0.0
KOL-KO0196,Kolkata,2025-07-10,7,Monsoon,12.38,34.7,134.4,181.7,1,2,0.1951,0.2472,0.1219
MUM-MU0173,Mumbai,2024-07-02,7,Monsoon,23.44,31.2,76.3,122.7,0,3,0.2482,0.0934,0.0245
PUN-PU0095,Pune,2026-01-14,1,Winter,0.0,22.9,104.2,132.5,1,3,0.1443,0.1416,0.0
KOL-KO0096,Kolkata,2024-07-28,7,Monsoon,19.35,34.9,125.4,167.8,0,5,0.1251,0.0582,0.0917
AHM-AH0105,Ahmedabad,2024-08-16,8,Monsoon,18.45,25.5,30.0,76.6,0,3,0.0,0.0,0.0
DEL-DE0188,Delhi,2025-06-01,6,Monsoon,16.16,27.3,37.1,58.3,0,1,0.2603,0.0231,0.0
DEL-DE0086,Delhi,2025-08-03,8,Monsoon,30.83,32.4,140.5,156.4,0,2,0.4086,0.0098,0.1218
MUM-MU0073,Mumbai,2025-05-28,5,Summer,13.03,29.1,65.4,80.0,0,3,0.0477,0.0713,0.0656
DEL-DE0195,Delhi,2026-03-08,3,Summer,0.92,40.2,136.7,162.2,0,2,0.0978,0.0593,0.0451
MUM-MU0051,Mumbai,2024-09-05,9,Monsoon,3.76,35.4,107.7,150.3,0,3,0.195,0.0382,0.0
AHM-AH0074,Ahmedabad,2025-03-14,3,Summer,0.0,42.8,50.5,63.4,0,2,0.2228,0.1227,0.1067
PUN-PU0014,Pune,2025-04-25,4,Summer,14.66,35.3,171.8,219.6,0,2,0.0227,0.0721,0.1789
BEN-BE0088,Bengaluru,2024-08-15,8,Monsoon,76.62,23.5,103.6,140.9,0,3,0.8165,0.0777,0.0462
HYD-HY0001,Hyderabad,2026-01-10,1,Winter,2.18,17.4,123.7,172.3,1,4,0.0216,0.1809,0.1074
CHE-CH0196,Chennai,2025-12-26,12,Winter,8.58,35.7,71.0,98.2,1,5,0.1172,0.2551,0.0499
MUM-MU0129,Mumbai,2024-04-07,4,Summer,0.72,33.2,195.6,232.3,0,5,0.0,0.0118,0.2321
HYD-HY0107,Hyderabad,2026-03-17,3,Summer,3.07,41.8,124.2,162.9,1,4,0.1472,0.1412,0.0935
PUN-PU0117,Pune,2024-09-17,9,Monsoon,11.07,25.6,108.6,135.9,0,1,0.1417,0.0736,0.0999
CHE-CH0030,Chennai,2026-03-16,3,Summer,0.0,41.7,71.3,88.6,0,4,0.0259,0.0478,0.0041
HYD-HY0023,Hyderabad,2025-06-29,6,Monsoon,17.35,32.5,75.6,102.6,0,4,0.091,0.0,0.0
HYD-HY0093,Hyderabad,2024-06-09,6,Monsoon,29.75,30.1,42.0,64.1,0,2,0.4303,0.0866,0.0
KOL-KO0120,Kolkata,2025-02-09,2,Winter,0.0,22.1,156.9,189.4,1,2,0.1176,0.1772,0.088
MUM-MU0033,Mumbai,2026-01-22,1,Winter,0.0,19.5,82.4,95.9,0,3,0.0956,0.0962,0.0276
MUM-MU0075,Mumbai,2024-08-22,8,Monsoon,25.46,24.6,50.1,60.5,0,5,0.3487,0.1223,0.1051
CHE-CH0094,Chennai,2025-07-02,7,Monsoon,17.8,35.9,79.6,117.9,0,2,0.0686,0.0986,0.025
MUM-MU0114,Mumbai,2024-04-20,4,Summer,1.66,27.4,109.6,156.4,0,3,0.0473,0.0437,0.1067
CHE-CH0091,Chennai,2024-06-24,6,Monsoon,15.03,21.9,108.6,148.9,0,1,0.2083,0.0949,0.0685
AHM-AH0076,Ahmedabad,2025-10-04,10,Winter,1.64,23.6,101.0,128.9,0,3,0.066,0.0648,0.0
MUM-MU0087,Mumbai,2024-11-10,11,Winter,0.0,29.3,167.9,214.1,0,3,0.0,0.0452,0.2231
KOL-KO0030,Kolkata,2025-02-16,2,Winter,10.46,22.2,73.6,113.3,0,1,0.0383,0.0307,0.0
DEL-DE0042,Delhi,2025-03-03,3,Summer,10.51,34.4,66.2,108.9,0,5,0.0904,0.0485,0.037
BEN-BE0033,Bengaluru,2025-05-16,5,Summer,12.8,40.9,128.7,142.1,0,3,0.0,0.0292,0.1008
PUN-PU0139,Pune,2024-05-03,5,Summer,11.12,36.7,105.6,134.0,0,3,0.1072,0.0126,0.0071
PUN-PU0166,Pune,2024-05-28,5,Summer,0.3,25.7,97.2,125.8,1,1,0.1902,0.1892,0.0
HYD-HY0071,Hyderabad,2025-04-17,4,Summer,4.92,32.4,181.2,211.8,0,1,0.1144,0.0003,0.3686
KOL-KO0138,Kolkata,2025-11-22,11,Winter,0.78,25.7,170.6,209.6,0,2,0.0281,0.067,0.2886
PUN-PU0188,Pune,2025-11-28,11,Winter,0.0,28.7,30.0,42.2,0,1,0.1094,0.0233,0.0
HYD-HY0098,Hyderabad,2025-06-18,6,Monsoon,36.93,32.7,148.9,159.1,0,5,0.3854,0.0219,0.1382
DEL-DE0105,Delhi,2024-10-17,10,Winter,15.45,23.3,337.4,367.1,0,3,0.0814,0.0224,0.6686
AHM-AH0117,Ahmedabad,2024-11-16,11,Winter,0.0,24.8,55.2,105.1,0,4,0.1569,0.0848,0.0
HYD-HY0186,Hyderabad,2024-12-14,12,Winter,0.0,24.1,108.4,151.1,1,3,0.0473,0.2501,0.0806
BEN-BE0077,Bengaluru,2025-03-29,3,Summer,0.0,29.8,55.4,67.6,0,3,0.0498,0.1041,0.1039
MUM-MU0147,Mumbai,2024-10-18,10,Winter,5.05,29.1,48.8,87.4,0,1,0.1577,0.15,0.0949
MUM-MU0075,Mumbai,2024-05-30,5,Summer,17.3,44.4,176.4,204.4,0,1,0.2877,0.0052,0.2594
AHM-AH0106,Ahmedabad,2025-11-18,11,Winter,0.2,15.4,71.4,108.4,0,3,0.1542,0.0849,0.0355
DEL-DE0089,Delhi,2024-09-01,9,Monsoon,2.24,33.5,120.8,151.4,0,4,0.0317,0.0385,0.0231
HYD-HY0001,Hyderabad,2026-02-02,2,Winter,0.0,18.4,104.9,131.6,0,2,0.027,0.0762,0.0
PUN-PU0139,Pune,2025-08-22,8,Monsoon,9.23,29.5,74.6,116.5,0,1,0.2025,0.0705,0.0137
MUM-MU0039,Mumbai,2024-09-09,9,Monsoon,50.14,28.3,74.6,99.2,0,1,0.5973,0.0129,0.0
KOL-KO0165,Kolkata,2025-05-01,5,Summer,0.0,28.7,55.2,96.3,0,5,0.0865,0.0,0.0279
PUN-PU0066,Pune,2024-08-04,8,Monsoon,4.15,23.0,109.3,152.3,0,1,0.1775,0.0,0.0505
MUM-MU0093,Mumbai,2025-10-07,10,Winter,0.0,15.0,51.7,71.6,0,3,0.0483,0.037,0.0152
BEN-BE0097,Bengaluru,2024-04-05,4,Summer,4.35,41.3,128.5,159.8,0,3,0.0,0.0258,0.057
AHM-AH0036,Ahmedabad,2026-02-27,2,Winter,9.27,28.2,133.5,147.4,0,1,0.1591,0.0431,0.12
PUN-PU0128,Pune,2025-11-19,11,Winter,0.0,18.2,103.6,139.8,1,3,0.0646,0.2189,0.0401
DEL-DE0067,Delhi,2026-03-03,3,Summer,0.4,47.4,30.0,78.0,0,3,0.449,0.0803,0.0253
MUM-MU0029,Mumbai,2025-04-09,4,Summer,9.25,36.4,136.2,156.3,2,1,0.0479,0.3862,0.0921
DEL-DE0152,Delhi,2024-06-23,6,Monsoon,17.34,33.7,76.9,108.8,0,1,0.0679,0.0329,0.0
PUN-PU0095,Pune,2025-08-22,8,Monsoon,19.0,24.3,113.6,132.3,0,3,0.1071,0.0337,0.0171
MUM-MU0102,Mumbai,2024-06-27,6,Monsoon,11.45,26.6,154.9,186.7,0,3,0.283,0.0984,0.0709
CHE-CH0029,Chennai,2026-03-25,3,Summer,2.14,42.9,115.2,131.1,0,5,0.2232,0.094,0.0408
MUM-MU0199,Mumbai,2026-03-31,3,Summer,9.02,42.2,53.9,94.0,0,4,0.2081,0.0684,0.0
KOL-KO0134,Kolkata,2026-02-02,2,Winter,0.0,15.0,182.7,222.3,0,5,0.0466,0.0392,0.2432
PUN-PU0051,Pune,2025-10-09,10,Winter,0.0,15.0,87.9,105.6,0,2,0.1783,0.063,0.0146
DEL-DE0149,Delhi,2026-03-14,3,Summer,0.0,40.2,82.3,92.6,0,2,0.1786,0.0322,0.0
PUN-PU0010,Pune,2024-09-28,9,Monsoon,14.82,31.2,79.9,103.0,0,2,0.0461,0.1051,0.0186
MUM-MU0130,Mumbai,2024-11-07,11,Winter,2.6,19.2,103.1,152.8,0,1,0.1621,0.0699,0.0211
DEL-DE0017,Delhi,2025-01-16,1,Winter,0.0,30.8,371.8,384.6,0,3,0.0494,0.1026,0.7182
DEL-DE0033,Delhi,2025-10-28,10,Winter,9.85,35.0,114.2,136.2,0,4,0.0,0.0,0.0571
HYD-HY0018,Hyderabad,2024-06-15,6,Monsoon,15.12,22.1,161.7,192.5,0,1,0.161,0.1164,0.1814
PUN-PU0018,Pune,2026-01-19,1,Winter,0.0,27.4,48.9,94.7,0,2,0.1363,0.044,0.0661
PUN-PU0060,Pune,2024-09-06,9,Monsoon,59.23,25.5,72.6,121.2,0,3,0.7646,0.0231,0.0059
BEN-BE0051,Bengaluru,2024-05-16,5,Summer,3.87,20.0,103.3,139.2,0,3,0.2077,0.0355,0.0681
MUM-MU0129,Mumbai,2025-03-16,3,Summer,0.0,22.2,47.9,96.9,0,3,0.131,0.0362,0.0
BEN-BE0015,Bengaluru,2026-01-28,1,Winter,5.55,19.6,171.6,190.9,0,3,0.0,0.0804,0.1999
KOL-KO0072,Kolkata,2026-03-08,3,Summer,0.0,34.6,204.0,232.5,0,3,0.1391,0.1049,0.3231
CHE-CH0090,Chennai,2025-07-10,7,Monsoon,9.62,27.5,75.4,85.6,0,1,0.1433,0.0,0.0621
AHM-AH0111,Ahmedabad,2025-06-24,6,Monsoon,27.57,28.9,110.8,132.0,0,1,0.4191,0.0,0.0
PUN-PU0189,Pune,2025-09-11,9,Monsoon,41.16,27.8,129.4,152.8,0,3,0.5002,0.0921,0.0997
KOL-KO0023,Kolkata,2026-03-05,3,Summer,0.0,37.4,93.4,128.1,0,5,0.0098,0.0397,0.0
CHE-CH0064,Chennai,2024-07-24,7,Monsoon,62.88,27.4,166.2,215.2,0,4,0.7217,0.0049,0.231
DEL-DE0047,Delhi,2024-12-07,12,Winter,6.09,23.2,321.9,357.5,1,4,0.1118,0.2395,0.5371
AHM-AH0001,Ahmedabad,2025-07-01,7,Monsoon,61.37,31.4,95.3,107.7,0,1,0.7214,0.054,0.0387
HYD-HY0179,Hyderabad,2025-07-16,7,Monsoon,16.59,34.7,109.3,145.4,0,1,0.0926,0.0756,0.0
HYD-HY0117,Hyderabad,2025-09-19,9,Monsoon,1.58,25.7,159.7,209.3,0,3,0.1673,0.0848,0.1802
DEL-DE0081,Delhi,2025-02-14,2,Winter,3.19,36.3,367.5,395.6,1,2,0.1516,0.2246,0.6437
CHE-CH0058,Chennai,2025-03-27,3,Summer,5.88,43.3,130.6,169.4,0,3,0.2854,0.0378,0.0636
BEN-BE0036,Bengaluru,2026-01-18,1,Winter,0.0,15.0,61.4,79.4,0,4,0.0309,0.0949,0.0806
AHM-AH0165,Ahmedabad,2024-09-23,9,Monsoon,34.47,32.2,108.9,148.4,0,1,0.3943,0.0953,0.0242
MUM-MU0093,Mumbai,2024-10-31,10,Winter,0.0,22.9,102.3,131.2,0,5,0.0695,0.0893,0.0754
PUN-PU0014,Pune,2026-01-10,1,Winter,0.0,15.0,105.5,137.3,2,1,0.0727,0.298,0.0
DEL-DE0155,Delhi,2025-04-02,4,Summer,3.26,35.7,66.5,111.1,1,5,0.1069,0.2104,0.0649
CHE-CH0087,Chennai,2024-07-01,7,Monsoon,24.82,29.5,77.5,108.5,0,3,0.5174,0.0,0.0
MUM-MU0129,Mumbai,2025-12-31,12,Winter,3.0,27.9,84.0,101.5,0,1,0.0,0.0,0.0
DEL-DE0047,Delhi,2025-03-10,3,Summer,4.45,32.4,71.2,91.9,0,1,0.0964,0.0882,0.0611
BEN-BE0160,Bengaluru,2024-12-14,12,Winter,17.52,21.6,139.8,154.4,0,2,0.1309,0.0118,0.1119
DEL-DE0089,Delhi,2026-02-05,2,Winter,0.0,25.8,332.4,379.3,0,2,0.2074,0.1021,0.6163
AHM-AH0151,Ahmedabad,2024-09-25,9,Monsoon,21.73,35.3,113.9,152.3,0,1,0.371,0.0763,0.0306
KOL-KO0050,Kolkata,2024-04-21,4,Summer,1.44,43.3,152.7,163.7,0,3,0.261,0.0,0.2021
DEL-DE0144,Delhi,2025-02-10,2,Winter,0.36,18.5,338.4,355.7,0,2,0.075,0.0184,0.593
AHM-AH0026,Ahmedabad,2025-12-04,12,Winter,0.0,29.0,124.2,171.8,0,2,0.1162,0.0,0.0794
CHE-CH0157,Chennai,2025-02-06,2,Winter,2.33,20.6,93.7,105.1,0,4,0.222,0.081,0.0241
HYD-HY0133,Hyderabad,2024-05-10,5,Summer,10.56,32.4,94.3,127.5,0,3,0.001,0.0263,0.0037
DEL-DE0137,Delhi,2025-09-08,9,Monsoon,14.53,31.2,98.0,118.1,0,4,0.1251,0.0,0.0603
KOL-KO0098,Kolkata,2024-10-09,10,Winter,11.25,23.9,159.1,178.5,0,3,0.1743,0.0,0.206
BEN-BE0098,Bengaluru,2024-07-01,7,Monsoon,7.71,32.8,57.7,72.3,0,3,0.1543,0.0665,0.0399
HYD-HY0191,Hyderabad,2024-10-19,10,Winter,1.99,33.5,54.5,67.2,1,1,0.018,0.1407,0.0607
MUM-MU0083,Mumbai,2024-05-17,5,Summer,0.0,46.0,139.4,164.1,0,2,0.3938,0.0425,0.2005
DEL-DE0073,Delhi,2025-06-17,6,Monsoon,20.01,32.9,117.6,164.3,0,1,0.2553,0.0279,0.0544
DEL-DE0004,Delhi,2025-11-17,11,Winter,2.95,32.1,291.1,305.1,0,1,0.1169,0.0555,0.5463
PUN-PU0094,Pune,2024-12-04,12,Winter,11.55,27.7,83.1,121.7,0,1,0.1929,0.0746,0.0
PUN-PU0054,Pune,2024-08-01,8,Monsoon,32.0,30.9,143.4,171.3,0,5,0.3397,0.0542,0.1366
CHE-CH0170,Chennai,2024-07-26,7,Monsoon,56.61,35.7,104.7,124.4,0,3,0.6152,0.0478,0.0983
AHM-AH0192,Ahmedabad,2024-07-15,7,Monsoon,34.78,41.2,117.1,142.4,0,2,0.5736,0.0286,0.1154
DEL-DE0123,Delhi,2025-11-15,11,Winter,1.62,20.8,336.8,349.6,0,2,0.0517,0.0669,0.5944
MUM-MU0032,Mumbai,2024-11-28,11,Winter,4.75,16.9,111.2,142.2,0,3,0.0547,0.0924,0.0889
KOL-KO0197,Kolkata,2026-03-19,3,Summer,2.34,42.7,168.9,203.0,0,2,0.162,0.0429,0.2446
MUM-MU0165,Mumbai,2024-04-16,4,Summer,10.72,36.9,156.1,194.2,1,5,0.0106,0.2373,0.1971
MUM-MU0013,Mumbai,2026-03-15,3,Summer,5.96,30.3,112.7,125.3,0,2,0.0295,0.1239,0.1109
MUM-MU0014,Mumbai,2024-04-02,4,Summer,9.57,44.2,97.1,132.7,0,3,0.2606,0.0793,0.0226
DEL-DE0167,Delhi,2025-10-26,10,Winter,10.23,32.5,451.9,493.9,0,5,0.0511,0.0398,0.9051
MUM-MU0182,Mumbai,2026-03-17,3,Summer,24.25,39.2,99.6,114.8,0,3,0.3198,0.0,0.0
AHM-AH0047,Ahmedabad,2025-08-13,8,Monsoon,19.26,36.6,106.4,125.8,0,3,0.0915,0.0434,0.0009
PUN-PU0134,Pune,2025-06-28,6,Monsoon,13.43,27.8,52.7,63.0,0,5,0.1553,0.1085,0.0114
PUN-PU0015,Pune,2024-10-15,10,Winter,0.0,26.0,94.3,139.5,0,3,0.164,0.1295,0.0
BEN-BE0181,Bengaluru,2025-04-14,4,Summer,14.53,37.9,91.6,130.6,0,2,0.0886,0.0424,0.0533
KOL-KO0052,Kolkata,2025-04-13,4,Summer,9.22,44.1,134.9,152.6,0,2,0.3663,0.0731,0.1387
AHM-AH0020,Ahmedabad,2024-05-14,5,Summer,9.6,47.0,36.1,75.1,0,2,0.4154,0.0164,0.0104
AHM-AH0182,Ahmedabad,2024-07-03,7,Monsoon,22.2,23.0,105.0,141.4,0,3,0.3071,0.058,0.0014
KOL-KO0174,Kolkata,2025-05-18,5,Summer,3.35,39.8,99.2,132.4,0,5,0.2005,0.0503,0.0503
AHM-AH0017,Ahmedabad,2025-07-05,7,Monsoon,13.5,31.0,133.7,151.2,0,2,0.0924,0.0894,0.1026
DEL-DE0059,Delhi,2024-12-17,12,Winter,5.94,23.6,388.5,414.6,0,2,0.1853,0.0448,0.7167
BEN-BE0022,Bengaluru,2024-08-01,8,Monsoon,39.77,35.2,152.8,172.4,0,2,0.4716,0.0672,0.1644
DEL-DE0093,Delhi,2025-08-27,8,Monsoon,17.67,30.1,110.4,133.4,0,2,0.18,0.0145,0.1169
PUN-PU0110,Pune,2024-04-05,4,Summer,8.66,32.0,186.4,213.7,0,1,0.1524,0.0511,0.2601
BEN-BE0154,Bengaluru,2025-09-17,9,Monsoon,9.76,34.0,115.8,163.7,0,2,0.2209,0.1108,0.1182
HYD-HY0071,Hyderabad,2025-11-08,11,Winter,1.12,18.6,117.6,134.7,0,3,0.1063,0.1018,0.0198
KOL-KO0122,Kolkata,2024-11-10,11,Winter,19.13,31.6,127.7,177.6,0,3,0.0306,0.0117,0.0636
KOL-KO0043,Kolkata,2024-04-18,4,Summer,0.0,42.2,163.8,176.0,0,3,0.2134,0.0175,0.1481
BEN-BE0089,Bengaluru,2025-04-18,4,Summer,3.96,43.7,142.5,157.9,0,4,0.2966,0.0244,0.0607
DEL-DE0157,Delhi,2025-01-01,1,Winter,0.98,21.0,213.5,239.2,0,2,0.0336,0.0245,0.3366
PUN-PU0050,Pune,2025-07-10,7,Monsoon,43.41,23.6,109.2,158.1,0,3,0.5209,0.0,0.0493
AHM-AH0016,Ahmedabad,2024-10-09,10,Winter,3.92,29.0,144.6,175.3,0,1,0.1153,0.0809,0.168
MUM-MU0077,Mumbai,2025-10-05,10,Winter,6.55,19.0,142.3,179.3,1,3,0.2355,0.2095,0.1352
PUN-PU0021,Pune,2024-11-08,11,Winter,5.33,15.0,111.5,142.4,0,4,0.0,0.0165,0.0497
DEL-DE0168,Delhi,2024-06-02,6,Monsoon,4.86,34.7,111.6,125.3,0,2,0.1937,0.0574,0.1264
AHM-AH0068,Ahmedabad,2025-11-02,11,Winter,0.85,31.1,104.2,146.5,0,5,0.077,0.0015,0.0578
HYD-HY0023,Hyderabad,2025-06-18,6,Monsoon,10.4,27.6,97.5,144.5,0,3,0.0,0.0927,0.0
PUN-PU0053,Pune,2024-05-07,5,Summer,10.28,44.0,88.5,114.8,0,3,0.3289,0.059,0.0699
MUM-MU0180,Mumbai,2024-05-27,5,Summer,11.41,36.4,48.1,66.8,0,1,0.0222,0.0226,0.0198
PUN-PU0084,Pune,2025-04-15,4,Summer,7.14,34.0,59.4,87.4,0,4,0.181,0.0237,0.0
CHE-CH0016,Chennai,2025-12-15,12,Winter,0.0,16.5,187.0,235.6,0,3,0.2618,0.0596,0.2086
CHE-CH0112,Chennai,2025-12-04,12,Winter,4.1,24.0,99.4,119.4,0,2,0.0154,0.097,0.0
KOL-KO0057,Kolkata,2024-07-03,7,Monsoon,19.57,28.1,88.0,127.2,0,2,0.1373,0.0758,0.0059
MUM-MU0009,Mumbai,2024-11-03,11,Winter,1.98,18.5,105.8,145.4,0,1,0.0,0.0297,0.0
HYD-HY0142,Hyderabad,2025-10-07,10,Winter,2.52,19.7,125.1,162.2,1,5,0.1785,0.1595,0.0887
BEN-BE0082,Bengaluru,2024-05-29,5,Summer,6.12,36.3,106.6,120.5,0,3,0.0719,0.041,0.0972
DEL-DE0193,Delhi,2024-12-30,12,Winter,0.23,28.7,276.7,303.4,0,4,0.18,0.0385,0.4493
DEL-DE0040,Delhi,2026-02-07,2,Winter,0.95,28.5,363.3,386.6,0,4,0.0969,0.0697,0.6665
HYD-HY0085,Hyderabad,2025-08-07,8,Monsoon,45.95,35.2,113.0,130.7,0,4,0.5955,0.0981,0.0357
MUM-MU0195,Mumbai,2025-09-24,9,Monsoon,25.02,33.2,61.3,76.8,0,3,0.4797,0.0578,0.0707
PUN-PU0067,Pune,2025-08-24,8,Monsoon,8.6,21.6,61.2,98.6,0,3,0.1439,0.0438,0.0034
CHE-CH0141,Chennai,2024-08-18,8,Monsoon,25.39,32.0,144.3,190.2,0,3,0.3556,0.0034,0.1035
AHM-AH0158,Ahmedabad,2025-07-06,7,Monsoon,30.72,34.4,51.3,98.5,0,2,0.4483,0.0623,0.0994
HYD-HY0105,Hyderabad,2024-05-18,5,Summer,0.0,35.0,39.7,76.9,0,4,0.0998,0.0949,0.0024
HYD-HY0039,Hyderabad,2025-11-04,11,Winter,3.83,20.4,32.9,79.8,0,4,0.1983,0.0902,0.0919
BEN-BE0049,Bengaluru,2024-10-16,10,Winter,2.88,15.0,98.3,132.4,0,1,0.1511,0.0404,0.0699
KOL-KO0150,Kolkata,2025-03-15,3,Summer,3.92,41.1,143.5,170.1,0,2,0.1105,0.0546,0.1213
AHM-AH0177,Ahmedabad,2026-01-29,1,Winter,0.0,20.9,159.4,194.2,0,1,0.1276,0.1397,0.2043
PUN-PU0082,Pune,2026-03-07,3,Summer,7.94,41.8,49.1,79.6,1,3,0.1221,0.1973,0.0
PUN-PU0150,Pune,2026-02-18,2,Winter,0.0,22.7,115.2,150.6,1,5,0.0135,0.198,0.0582
BEN-BE0026,Bengaluru,2024-04-12,4,Summer,5.43,34.2,45.5,61.6,0,1,0.0755,0.1181,0.0
BEN-BE0166,Bengaluru,2025-02-09,2,Winter,10.4,24.3,136.0,156.0,0,1,0.0735,0.0,0.1359
MUM-MU0108,Mumbai,2025-02-25,2,Winter,0.0,18.1,109.9,156.9,0,5,0.0147,0.0453,0.0307
DEL-DE0196,Delhi,2025-11-06,11,Winter,2.9,30.8,500.0,533.2,0,1,0.029,0.0313,0.9816
DEL-DE0030,Delhi,2026-01-22,1,Winter,4.27,27.2,316.2,330.6,0,4,0.1117,0.1408,0.5863
DEL-DE0105,Delhi,2024-05-23,5,Summer,8.84,34.0,105.6,145.9,0,4,0.0317,0.0044,0.0
AHM-AH0003,Ahmedabad,2024-12-10,12,Winter,0.0,29.2,66.8,99.8,0,1,0.0599,0.004,0.0
KOL-KO0171,Kolkata,2025-08-19,8,Monsoon,8.23,24.0,157.6,194.3,1,4,0.2144,0.2456,0.1712
HYD-HY0018,Hyderabad,2025-03-29,3,Summer,0.0,38.0,138.9,155.7,1,1,0.0571,0.1604,0.0846
DEL-DE0161,Delhi,2025-05-28,5,Summer,0.47,39.6,108.6,142.0,0,1,0.0317,0.1069,0.0506
DEL-DE0127,Delhi,2025-06-05,6,Monsoon,39.72,32.9,30.0,58.1,0,4,0.4566,0.0412,0.0
PUN-PU0172,Pune,2024-04-13,4,Summer,8.2,41.9,144.2,173.2,0,1,0.1057,0.0457,0.1018
MUM-MU0088,Mumbai,2024-09-01,9,Monsoon,14.65,33.3,127.3,164.0,0,4,0.1407,0.1098,0.0687
MUM-MU0110,Mumbai,2025-02-16,2,Winter,3.52,19.3,73.6,91.9,0,3,0.0683,0.0578,0.0
PUN-PU0120,Pune,2025-10-17,10,Winter,5.64,17.6,93.4,105.0,1,5,0.2066,0.188,0.0347
CHE-CH0145,Chennai,2026-03-30,3,Summer,0.0,48.0,53.6,71.6,0,1,0.5745,0.0587,0.0
BEN-BE0183,Bengaluru,2024-12-24,12,Winter,4.17,22.9,158.8,180.4,0,3,0.0663,0.0383,0.2056
BEN-BE0029,Bengaluru,2025-05-25,5,Summer,6.46,35.6,132.7,168.1,0,3,0.1367,0.0,0.1446
KOL-KO0090,Kolkata,2026-03-23,3,Summer,7.02,38.1,191.7,223.7,0,5,0.2223,0.0765,0.2803
BEN-BE0114,Bengaluru,2024-08-14,8,Monsoon,19.82,29.9,155.7,196.8,0,1,0.1434,0.0564,0.218
CHE-CH0084,Chennai,2024-04-16,4,Summer,4.9,40.4,94.5,126.7,1,5,0.1895,0.1602,0.0
PUN-PU0063,Pune,2025-12-23,12,Winter,0.0,21.0,92.1,103.7,0,3,0.1215,0.0243,0.0846
AHM-AH0153,Ahmedabad,2024-06-01,6,Monsoon,2.66,32.3,166.2,195.2,0,4,0.0,0.0348,0.1127
KOL-KO0128,Kolkata,2025-05-13,5,Summer,2.36,31.5,147.1,161.7,0,3,0.0348,0.1134,0.1569
MUM-MU0088,Mumbai,2026-02-13,2,Winter,4.26,24.2,112.2,135.5,1,2,0.0387,0.2675,0.0638
DEL-DE0013,Delhi,2025-08-20,8,Monsoon,8.76,29.4,113.8,149.4,0,3,0.0971,0.0313,0.1135
AHM-AH0116,Ahmedabad,2024-11-28,11,Winter,1.59,23.5,108.3,150.8,0,5,0.098,0.0231,0.0142
MUM-MU0107,Mumbai,2025-07-04,7,Monsoon,19.27,30.5,80.7,118.4,0,3,0.0891,0.053,0.0
HYD-HY0100,Hyderabad,2024-09-15,9,Monsoon,18.51,31.3,93.3,118.4,0,3,0.1274,0.0215,0.0536
DEL-DE0160,Delhi,2024-09-04,9,Monsoon,36.12,28.4,89.5,131.0,0,4,0.4361,0.0855,0.0
DEL-DE0123,Delhi,2024-11-15,11,Winter,4.45,27.8,498.0,544.2,0,1,0.1043,0.0034,0.9326
MUM-MU0059,Mumbai,2024-08-09,8,Monsoon,9.24,29.5,139.3,158.1,0,5,0.1332,0.0,0.1603
KOL-KO0193,Kolkata,2024-08-12,8,Monsoon,21.89,27.7,157.3,183.0,0,3,0.3411,0.0257,0.1555
HYD-HY0054,Hyderabad,2025-07-16,7,Monsoon,25.32,29.5,82.1,94.6,0,2,0.3639,0.0732,0.0262
DEL-DE0037,Delhi,2025-04-26,4,Summer,3.06,37.6,129.9,160.3,0,2,0.0533,0.0565,0.1186
MUM-MU0145,Mumbai,2024-06-05,6,Monsoon,20.09,33.6,142.1,171.2,0,1,0.3003,0.0237,0.1271
BEN-BE0081,Bengaluru,2026-02-22,2,Winter,1.42,22.0,115.6,160.6,1,1,0.0689,0.1394,0.0522
AHM-AH0077,Ahmedabad,2024-10-20,10,Winter,0.0,30.3,138.1,169.3,0,2,0.0708,0.0476,0.1596
KOL-KO0110,Kolkata,2024-06-17,6,Monsoon,4.8,32.6,95.0,113.0,0,2,0.2045,0.0398,0.0326
PUN-PU0013,Pune,2024-09-26,9,Monsoon,30.63,31.0,102.4,142.6,0,3,0.3816,0.1451,0.0233
HYD-HY0187,Hyderabad,2025-09-10,9,Monsoon,26.33,29.5,105.6,152.4,0,3,0.3172,0.0288,0.0356
CHE-CH0067,Chennai,2025-07-07,7,Monsoon,20.5,23.3,74.5,86.7,0,4,0.3629,0.0,0.0
KOL-KO0058,Kolkata,2025-06-02,6,Monsoon,18.42,20.2,30.0,77.9,0,1,0.0754,0.0372,0.0612
BEN-BE0007,Bengaluru,2025-01-28,1,Winter,0.0,15.0,104.4,147.1,0,2,0.117,0.1337,0.0276
AHM-AH0130,Ahmedabad,2025-03-30,3,Summer,16.72,38.4,136.4,175.9,0,1,0.0922,0.0075,0.1367
PUN-PU0186,Pune,2025-12-18,12,Winter,0.0,19.4,112.4,139.2,1,3,0.1233,0.1832,0.0
CHE-CH0067,Chennai,2025-05-24,5,Summer,0.0,34.1,198.8,242.5,0,4,0.0694,0.0146,0.2735
BEN-BE0071,Bengaluru,2024-05-21,5,Summer,0.0,43.6,79.5,110.4,0,3,0.2857,0.0146,0.0433
AHM-AH0195,Ahmedabad,2025-12-15,12,Winter,0.3,26.9,162.5,183.2,0,1,0.0271,0.0,0.178
DEL-DE0025,Delhi,2025-08-25,8,Monsoon,47.8,31.7,100.9,147.4,0,4,0.5682,0.036,0.0135
CHE-CH0067,Chennai,2024-11-16,11,Winter,0.0,21.2,60.7,71.6,0,4,0.1412,0.0521,0.065
BEN-BE0066,Bengaluru,2025-01-20,1,Winter,7.17,27.1,131.9,162.5,0,4,0.0741,0.1567,0.0578
DEL-DE0000,Delhi,2025-06-26,6,Monsoon,3.4,37.1,106.8,152.0,0,1,0.1639,0.0403,0.033
BEN-BE0085,Bengaluru,2024-06-13,6,Monsoon,12.29,24.4,110.7,157.0,0,4,0.0915,0.0268,0.0559
AHM-AH0110,Ahmedabad,2025-04-29,4,Summer,0.0,37.6,90.4,113.8,0,1,0.1728,0.1465,0.0429
KOL-KO0044,Kolkata,2024-08-27,8,Monsoon,5.35,23.4,143.6,156.6,0,3,0.1263,0.1015,0.1449
BEN-BE0009,Bengaluru,2025-11-25,11,Winter,11.84,25.6,107.8,152.3,1,2,0.1572,0.1712,0.0678
CHE-CH0169,Chennai,2025-09-02,9,Monsoon,33.64,27.8,120.0,166.1,0,2,0.4516,0.0592,0.0384
BEN-BE0051,Bengaluru,2025-08-12,8,Monsoon,3.33,23.5,58.5,94.7,0,3,0.1696,0.0469,0.0141
MUM-MU0150,Mumbai,2025-05-29,5,Summer,15.89,28.5,121.1,131.1,0,3,0.0,0.1101,0.0751
KOL-KO0164,Kolkata,2024-09-10,9,Monsoon,39.85,28.1,124.5,145.5,0,5,0.444,0.1192,0.0566
HYD-HY0198,Hyderabad,2025-12-28,12,Winter,0.0,25.8,80.4,129.0,0,3,0.0992,0.0539,0.0379
KOL-KO0192,Kolkata,2026-01-11,1,Winter,0.29,15.0,239.1,270.8,0,3,0.0383,0.0,0.3665
MUM-MU0111,Mumbai,2025-07-31,7,Monsoon,32.63,27.3,103.1,143.8,0,2,0.3768,0.0644,0.0948
KOL-KO0092,Kolkata,2025-11-28,11,Winter,8.32,21.0,106.8,138.2,0,4,0.0838,0.0762,0.0434
DEL-DE0096,Delhi,2024-06-01,6,Monsoon,24.91,34.8,111.1,138.9,1,3,0.2703,0.2073,0.012
BEN-BE0042,Bengaluru,2025-09-26,9,Monsoon,9.62,28.4,136.5,171.6,0,3,0.1048,0.003,0.0714
PUN-PU0048,Pune,2026-03-15,3,Summer,3.68,30.3,107.8,149.6,1,3,0.0,0.2324,0.0226
KOL-KO0131,Kolkata,2025-10-05,10,Winter,5.17,20.0,149.3,167.9,0,4,0.1038,0.0202,0.1976
DEL-DE0164,Delhi,2026-01-02,1,Winter,0.0,26.1,340.9,365.8,0,3,0.1014,0.0626,0.5617
CHE-CH0193,Chennai,2024-04-03,4,Summer,8.42,34.7,132.7,175.8,0,3,0.0604,0.0939,0.15
CHE-CH0164,Chennai,2024-11-24,11,Winter,0.0,19.4,74.7,115.7,0,3,0.1782,0.0,0.0121
DEL-DE0079,Delhi,2025-12-01,12,Winter,1.79,25.7,421.1,443.5,0,5,0.0,0.105,0.9022
KOL-KO0137,Kolkata,2025-10-16,10,Winter,4.33,22.5,88.8,115.8,0,3,0.1054,0.0617,0.0303
AHM-AH0074,Ahmedabad,2025-12-30,12,Winter,0.0,25.9,112.2,158.0,0,2,0.107,0.0235,0.1376
DEL-DE0197,Delhi,2025-04-22,4,Summer,8.29,39.1,85.3,131.3,0,2,0.0421,0.0741,0.0111
PUN-PU0094,Pune,2024-11-21,11,Winter,0.0,18.1,116.2,131.6,0,3,0.2187,0.0824,0.0
CHE-CH0134,Chennai,2026-01-21,1,Winter,3.81,19.0,112.0,155.2,0,1,0.0988,0.1242,0.0163
BEN-BE0152,Bengaluru,2025-05-06,5,Summer,6.29,32.7,98.6,119.0,0,3,0.0745,0.0153,0.1251
BEN-BE0014,Bengaluru,2025-05-04,5,Summer,0.0,34.8,38.7,50.0,0,4,0.0016,0.0633,0.0743
CHE-CH0087,Chennai,2025-07-29,7,Monsoon,0.97,25.4,57.2,73.3,0,4,0.2444,0.0,0.0129
DEL-DE0060,Delhi,2024-04-23,4,Summer,0.0,25.2,51.4,94.4,0,4,0.2466,0.0436,0.0036
MUM-MU0065,Mumbai,2025-12-29,12,Winter,0.58,15.0,69.6,105.5,0,1,0.0835,0.0559,0.0333
AHM-AH0017,Ahmedabad,2024-11-20,11,Winter,0.0,17.7,132.3,151.4,0,5,0.0092,0.0804,0.1045
HYD-HY0164,Hyderabad,2025-04-14,4,Summer,0.55,48.0,122.3,165.4,0,2,0.5519,0.0682,0.1276
MUM-MU0122,Mumbai,2025-09-18,9,Monsoon,35.92,29.6,141.9,181.2,0,2,0.4438,0.1257,0.1
BEN-BE0174,Bengaluru,2024-11-27,11,Winter,1.92,23.1,112.6,135.3,0,1,0.0819,0.0516,0.0
DEL-DE0027,Delhi,2024-06-03,6,Monsoon,39.88,31.6,118.6,156.3,0,4,0.4867,0.0,0.0084
KOL-KO0153,Kolkata,2026-03-11,3,Summer,10.65,31.2,151.2,182.3,0,2,0.0928,0.0568,0.1933
KOL-KO0139,Kolkata,2024-07-16,7,Monsoon,2.13,23.6,155.6,169.8,0,1,0.1351,0.0005,0.1995
KOL-KO0056,Kolkata,2025-11-03,11,Winter,3.46,22.7,134.6,170.6,0,3,0.1173,0.0455,0.0827
DEL-DE0150,Delhi,2026-01-28,1,Winter,2.46,29.4,323.2,371.7,1,4,0.2134,0.1711,0.6203
AHM-AH0157,Ahmedabad,2026-03-28,3,Summer,23.48,38.7,169.6,214.2,0,3,0.4049,0.0793,0.1682
CHE-CH0103,Chennai,2025-11-05,11,Winter,0.0,30.5,150.2,173.6,0,3,0.1196,0.0472,0.158
BEN-BE0050,Bengaluru,2025-08-10,8,Monsoon,0.0,19.0,72.1,82.3,0,4,0.1217,0.014,0.083
CHE-CH0004,Chennai,2026-02-15,2,Winter,4.0,33.1,108.9,138.1,0,3,0.1975,0.0739,0.0001
PUN-PU0036,Pune,2024-10-31,10,Winter,0.0,20.4,57.8,101.7,0,1,0.07,0.0593,0.0207
DEL-DE0121,Delhi,2024-10-01,10,Winter,0.0,22.6,474.0,522.0,0,5,0.1748,0.0,0.9218
PUN-PU0106,Pune,2024-09-23,9,Monsoon,35.45,30.8,78.6,114.7,0,5,0.4475,0.062,0.0428
PUN-PU0052,Pune,2026-02-10,2,Winter,7.01,21.1,125.8,172.4,0,4,0.2019,0.0499,0.0632
DEL-DE0148,Delhi,2025-06-23,6,Monsoon,30.7,31.7,127.1,139.5,0,4,0.4086,0.0381,0.0904
HYD-HY0183,Hyderabad,2025-05-31,5,Summer,9.27,34.1,115.4,143.4,0,2,0.0119,0.0523,0.1198
HYD-HY0132,Hyderabad,2025-01-13,1,Winter,2.18,15.1,90.7,107.1,0,3,0.1063,0.053,0.0
BEN-BE0070,Bengaluru,2025-10-24,10,Winter,3.67,21.9,156.2,177.9,0,2,0.0921,0.1244,0.2487
MUM-MU0177,Mumbai,2026-02-21,2,Winter,3.51,15.0,113.3,145.4,0,5,0.1656,0.0617,0.0335
KOL-KO0043,Kolkata,2025-12-24,12,Winter,0.0,26.4,141.4,171.6,0,3,0.0386,0.0,0.1846
HYD-HY0068,Hyderabad,2025-02-28,2,Winter,4.07,15.0,121.0,164.0,0,3,0.2024,0.0,0.0539
HYD-HY0001,Hyderabad,2025-12-22,12,Winter,2.88,16.4,131.3,174.3,0,2,0.1984,0.0,0.0469
BEN-BE0043,Bengaluru,2025-11-06,11,Winter,0.0,20.0,108.5,147.4,0,2,0.0027,0.0333,0.0724
PUN-PU0011,Pune,2024-12-23,12,Winter,3.97,28.5,104.1,143.7,0,1,0.1112,0.0843,0.0244
KOL-KO0169,Kolkata,2026-03-05,3,Summer,6.46,34.4,163.1,184.0,0,4,0.103,0.0202,0.2
KOL-KO0147,Kolkata,2025-08-21,8,Monsoon,12.53,22.4,158.1,191.0,0,2,0.1302,0.1499,0.1818
BEN-BE0171,Bengaluru,2024-12-24,12,Winter,11.97,15.0,67.8,106.6,0,3,0.0,0.059,0.0273
MUM-MU0029,Mumbai,2024-09-04,9,Monsoon,28.25,32.1,104.1,150.4,0,2,0.4787,0.0377,0.0412
AHM-AH0095,Ahmedabad,2025-11-05,11,Winter,0.0,23.0,80.1,103.9,1,3,0.1219,0.1895,0.0
KOL-KO0076,Kolkata,2025-12-26,12,Winter,0.56,21.2,182.9,226.2,0,1,0.2208,0.0118,0.2815
AHM-AH0107,Ahmedabad,2026-01-06,1,Winter,0.0,24.4,103.2,128.1,0,3,0.1374,0.0,0.004
BEN-BE0105,Bengaluru,2025-12-30,12,Winter,0.69,20.9,57.7,75.2,0,4,0.1738,0.0843,0.0
BEN-BE0107,Bengaluru,2024-05-28,5,Summer,2.39,31.3,30.0,60.0,0,4,0.0237,0.0665,0.0491
CHE-CH0070,Chennai,2025-11-18,11,Winter,0.0,24.4,110.5,136.3,0,3,0.1186,0.114,0.0027
KOL-KO0089,Kolkata,2024-12-16,12,Winter,0.0,33.2,78.7,128.5,0,2,0.1022,0.0848,0.0102
HYD-HY0186,Hyderabad,2025-10-02,10,Winter,12.14,15.0,76.4,93.8,0,1,0.0196,0.0,0.0247
BEN-BE0055,Bengaluru,2024-08-12,8,Monsoon,14.46,31.0,116.6,138.6,0,3,0.0402,0.0142,0.0657
PUN-PU0011,Pune,2024-04-24,4,Summer,0.0,28.9,101.1,146.5,0,4,0.2446,0.0963,0.0479
DEL-DE0105,Delhi,2025-09-28,9,Monsoon,5.61,29.5,142.8,163.3,0,2,0.0274,0.0113,0.1312
HYD-HY0174,Hyderabad,2025-09-20,9,Monsoon,33.0,30.3,78.0,96.8,0,1,0.4049,0.0367,0.0
MUM-MU0010,Mumbai,2024-04-18,4,Summer,8.51,38.2,119.9,145.1,0,5,0.1186,0.0563,0.0332
KOL-KO0055,Kolkata,2025-08-16,8,Monsoon,13.97,33.5,135.6,166.5,0,3,0.2652,0.0939,0.1782
MUM-MU0090,Mumbai,2024-05-15,5,Summer,3.82,35.2,138.0,168.3,1,3,0.1312,0.1752,0.1117
MUM-MU0082,Mumbai,2024-12-08,12,Winter,0.0,25.6,135.1,168.4,0,2,0.078,0.0,0.1211
KOL-KO0163,Kolkata,2025-10-06,10,Winter,9.95,20.8,125.3,144.3,0,3,0.1011,0.0629,0.1037
AHM-AH0102,Ahmedabad,2024-08-12,8,Monsoon,0.0,33.0,166.0,200.8,1,3,0.1185,0.2613,0.1538
AHM-AH0174,Ahmedabad,2025-01-05,1,Winter,2.7,17.2,118.2,148.0,0,3,0.0084,0.0163,0.0485
HYD-HY0032,Hyderabad,2025-07-20,7,Monsoon,1.95,30.5,65.2,89.2,0,3,0.1335,0.0053,0.0929
MUM-MU0068,Mumbai,2026-01-02,1,Winter,5.99,16.3,157.2,183.2,0,2,0.1805,0.0287,0.1408
KOL-KO0071,Kolkata,2024-06-04,6,Monsoon,29.87,34.2,209.9,257.1,0,1,0.5365,0.05,0.2867
HYD-HY0087,Hyderabad,2026-02-05,2,Winter,4.82,30.4,131.2,142.6,1,3,0.1285,0.1375,0.102
KOL-KO0007,Kolkata,2025-11-11,11,Winter,0.0,33.1,277.9,300.5,0,3,0.0,0.0655,0.4558
KOL-KO0181,Kolkata,2025-09-29,9,Monsoon,0.0,24.6,164.7,192.2,0,1,0.0794,0.0624,0.3034
AHM-AH0026,Ahmedabad,2025-11-28,11,Winter,5.55,23.8,54.5,96.0,0,1,0.1081,0.1172,0.0055
DEL-DE0000,Delhi,2025-12-19,12,Winter,3.57,30.1,423.7,443.2,0,4,0.1401,0.1094,0.8296
KOL-KO0126,Kolkata,2024-11-13,11,Winter,3.47,25.7,105.4,144.4,0,2,0.1053,0.0058,0.0097
HYD-HY0014,Hyderabad,2025-07-22,7,Monsoon,9.83,25.0,60.5,74.6,0,1,0.1375,0.0271,0.0143
BEN-BE0092,Bengaluru,2025-09-11,9,Monsoon,27.72,17.2,57.2,94.2,0,2,0.3942,0.0447,0.0
MUM-MU0170,Mumbai,2025-10-01,10,Winter,9.59,21.2,65.8,110.5,1,5,0.1149,0.1795,0.0373
HYD-HY0143,Hyderabad,2025-02-07,2,Winter,0.0,29.7,61.2,100.7,0,3,0.1856,0.0459,0.0321
AHM-AH0142,Ahmedabad,2024-04-07,4,Summer,0.0,48.0,131.9,171.7,0,4,0.3949,0.0232,0.0633
MUM-MU0025,Mumbai,2024-07-15,7,Monsoon,11.29,25.4,147.3,190.2,0,1,0.0,0.1194,0.1142
AHM-AH0019,Ahmedabad,2024-10-08,10,Winter,4.99,23.1,90.5,127.1,0,3,0.1414,0.0417,0.0091
AHM-AH0098,Ahmedabad,2026-02-09,2,Winter,6.44,30.7,125.3,156.9,0,4,0.1366,0.127,0.129
KOL-KO0032,Kolkata,2024-09-15,9,Monsoon,0.0,25.9,178.9,199.7,0,1,0.0909,0.0765,0.2359
BEN-BE0046,Bengaluru,2024-05-05,5,Summer,11.14,42.6,172.7,201.4,1,1,0.145,0.2017,0.2767
DEL-DE0071,Delhi,2024-07-02,7,Monsoon,11.71,31.1,96.8,119.8,0,2,0.0435,0.0377,0.0
CHE-CH0134,Chennai,2024-09-09,9,Monsoon,48.91,37.9,128.4,163.4,0,4,0.6021,0.0666,0.0642
CHE-CH0005,Chennai,2024-08-04,8,Monsoon,43.5,36.8,110.2,123.4,0,4,0.5863,0.1037,0.1403
BEN-BE0089,Bengaluru,2024-12-14,12,Winter,3.22,18.2,79.9,104.6,2,4,0.0375,0.3385,0.0825
PUN-PU0126,Pune,2024-04-02,4,Summer,5.53,39.4,99.4,129.6,1,3,0.1119,0.2331,0.0
MUM-MU0185,Mumbai,2024-12-07,12,Winter,0.0,21.0,152.9,201.2,0,5,0.1091,0.0735,0.1488
MUM-MU0032,Mumbai,2024-11-06,11,Winter,2.1,15.0,112.1,123.2,0,3,0.0,0.0,0.0359
KOL-KO0182,Kolkata,2024-09-21,9,Monsoon,12.75,32.2,178.8,214.8,0,3,0.0,0.1225,0.218
PUN-PU0170,Pune,2025-12-06,12,Winter,0.0,25.6,118.3,146.3,0,1,0.1677,0.0353,0.099
CHE-CH0024,Chennai,2024-10-11,10,Winter,0.0,20.2,97.1,126.3,0,5,0.0375,0.0298,0.0
DEL-DE0131,Delhi,2025-06-17,6,Monsoon,38.97,32.4,93.9,134.6,0,3,0.3991,0.0669,0.0616
AHM-AH0040,Ahmedabad,2026-03-26,3,Summer,2.48,40.0,127.9,175.4,0,1,0.1311,0.0282,0.0484
KOL-KO0140,Kolkata,2025-01-22,1,Winter,3.93,25.5,234.2,261.4,0,3,0.265,0.0635,0.4157
HYD-HY0168,Hyderabad,2026-03-06,3,Summer,15.55,41.2,121.8,135.6,0,2,0.0,0.0185,0.0704
AHM-AH0130,Ahmedabad,2024-07-30,7,Monsoon,34.51,33.9,74.8,100.2,0,3,0.3824,0.0276,0.0009
HYD-HY0195,Hyderabad,2025-01-23,1,Winter,6.53,15.0,93.0,118.1,0,3,0.2127,0.0528,0.1099
MUM-MU0049,Mumbai,2024-12-30,12,Winter,1.88,21.6,96.6,118.2,1,1,0.0,0.1552,0.0831
KOL-KO0131,Kolkata,2024-06-09,6,Monsoon,21.58,26.6,110.7,160.3,0,5,0.3454,0.0,0.0502
KOL-KO0149,Kolkata,2026-02-05,2,Winter,0.6,15.0,138.8,178.5,0,1,0.0244,0.0399,0.0871
AHM-AH0180,Ahmedabad,2025-05-05,5,Summer,7.53,35.7,131.1,173.2,0,1,0.0,0.0969,0.0843
DEL-DE0083,Delhi,2024-07-20,7,Monsoon,9.42,36.6,67.6,110.5,0,1,0.2196,0.0013,0.0
AHM-AH0040,Ahmedabad,2026-02-23,2,Winter,0.0,24.6,90.0,127.6,0,3,0.0882,0.1258,0.0047
KOL-KO0030,Kolkata,2024-10-21,10,Winter,0.0,15.0,226.6,249.7,0,5,0.1917,0.0,0.368
DEL-DE0178,Delhi,2025-06-22,6,Monsoon,12.23,38.7,38.6,81.5,1,4,0.1238,0.2244,0.0347
CHE-CH0158,Chennai,2025-09-27,9,Monsoon,27.55,34.4,121.4,142.8,0,2,0.4097,0.0607,0.1112
PUN-PU0083,Pune,2024-08-15,8,Monsoon,62.68,29.8,145.2,193.0,0,4,0.7755,0.0379,0.1601
KOL-KO0150,Kolkata,2026-01-31,1,Winter,2.77,21.9,194.4,237.2,1,5,0.0984,0.2359,0.2708
AHM-AH0041,Ahmedabad,2026-03-07,3,Summer,7.38,43.8,133.1,180.2,0,3,0.3279,0.0,0.0966
PUN-PU0097,Pune,2025-01-05,1,Winter,0.0,15.7,147.0,195.2,0,1,0.1173,0.0396,0.0655
MUM-MU0002,Mumbai,2025-04-18,4,Summer,31.97,33.7,199.7,244.0,3,1,0.394,0.5617,0.2682
PUN-PU0084,Pune,2025-09-15,9,Monsoon,9.08,31.5,96.1,133.6,0,3,0.1337,0.1062,0.0203
MUM-MU0144,Mumbai,2026-01-09,1,Winter,5.33,21.1,122.5,157.1,2,4,0.0,0.4215,0.0358
CHE-CH0188,Chennai,2025-09-10,9,Monsoon,19.11,26.7,86.9,105.7,0,4,0.1238,0.0225,0.1063
AHM-AH0014,Ahmedabad,2024-08-05,8,Monsoon,4.89,40.0,44.6,76.7,0,3,0.1473,0.0585,0.0128
CHE-CH0081,Chennai,2024-11-26,11,Winter,0.0,24.7,80.1,96.0,1,3,0.1476,0.1311,0.08
HYD-HY0087,Hyderabad,2024-11-24,11,Winter,0.95,15.8,75.6,105.9,0,3,0.1414,0.0524,0.0324
MUM-MU0066,Mumbai,2024-04-04,4,Summer,2.37,36.0,120.3,148.4,0,5,0.0264,0.0311,0.0961
CHE-CH0007,Chennai,2024-10-09,10,Winter,6.37,28.3,119.7,143.9,0,3,0.1321,0.0295,0.017
KOL-KO0072,Kolkata,2024-07-11,7,Monsoon,56.19,32.9,158.8,186.5,0,3,0.6175,0.1012,0.0916
AHM-AH0141,Ahmedabad,2024-04-17,4,Summer,0.0,38.1,57.3,94.2,0,4,0.2235,0.1076,0.0
BEN-BE0152,Bengaluru,2024-07-20,7,Monsoon,24.89,26.7,65.0,78.1,0,1,0.3616,0.0179,0.0291
AHM-AH0029,Ahmedabad,2024-07-03,7,Monsoon,14.29,27.9,104.7,129.4,0,3,0.0686,0.1276,0.1148
PUN-PU0054,Pune,2026-01-17,1,Winter,1.51,15.3,77.6,121.1,0,4,0.0923,0.0002,0.065
HYD-HY0110,Hyderabad,2025-10-01,10,Winter,5.13,27.0,127.9,158.3,0,1,0.1046,0.0683,0.0586
HYD-HY0178,Hyderabad,2024-06-11,6,Monsoon,6.54,21.5,72.9,114.3,0,1,0.1306,0.0427,0.0239
BEN-BE0024,Bengaluru,2025-09-24,9,Monsoon,0.47,24.7,74.0,115.7,0,3,0.0665,0.0,0.0
AHM-AH0002,Ahmedabad,2025-08-04,8,Monsoon,31.29,41.9,132.4,155.4,0,2,0.4,0.065,0.127
MUM-MU0165,Mumbai,2025-12-27,12,Winter,4.78,16.0,109.5,148.1,0,4,0.1068,0.0,0.0591
PUN-PU0070,Pune,2024-10-04,10,Winter,0.0,30.7,93.9,109.5,0,3,0.0909,0.0,0.0072
AHM-AH0106,Ahmedabad,2024-11-22,11,Winter,12.99,18.2,72.4,93.7,1,2,0.0,0.222,0.0208
MUM-MU0112,Mumbai,2024-10-23,10,Winter,6.07,15.0,120.3,133.5,0,3,0.1146,0.0139,0.0678
HYD-HY0054,Hyderabad,2025-06-03,6,Monsoon,33.5,21.8,59.6,86.4,0,2,0.4047,0.0378,0.0
PUN-PU0181,Pune,2025-10-07,10,Winter,0.75,16.4,91.2,123.7,0,3,0.0676,0.073,0.048
CHE-CH0145,Chennai,2026-03-06,3,Summer,2.26,40.3,42.2,73.5,1,3,0.202,0.2094,0.0488
MUM-MU0105,Mumbai,2025-12-21,12,Winter,0.0,27.6,213.8,232.6,0,4,0.0,0.0474,0.3078
DEL-DE0027,Delhi,2025-10-03,10,Winter,1.08,23.7,387.7,409.2,0,4,0.0879,0.0118,0.783
CHE-CH0184,Chennai,2025-02-08,2,Winter,0.0,19.4,98.1,125.0,0,2,0.1855,0.0108,0.0
CHE-CH0148,Chennai,2025-02-20,2,Winter,1.61,28.1,111.0,160.8,0,2,0.0304,0.1339,0.0
KOL-KO0153,Kolkata,2024-09-07,9,Monsoon,18.11,16.1,178.2,199.7,0,3,0.0637,0.0932,0.2081
PUN-PU0067,Pune,2024-05-29,5,Summer,0.0,37.1,117.0,165.7,1,5,0.0785,0.2778,0.1112
MUM-MU0083,Mumbai,2024-09-08,9,Monsoon,14.54,29.3,103.2,121.9,0,2,0.1031,0.1068,0.0629
CHE-CH0148,Chennai,2025-01-10,1,Winter,6.89,17.2,107.5,149.8,0,1,0.0484,0.0,0.1323
CHE-CH0150,Chennai,2024-07-23,7,Monsoon,93.75,32.7,79.6,121.3,0,5,0.9417,0.084,0.0174
DEL-DE0158,Delhi,2025-06-11,6,Monsoon,41.02,28.0,109.2,132.7,0,2,0.4977,0.0375,0.018
PUN-PU0127,Pune,2024-08-16,8,Monsoon,12.4,20.4,169.5,180.2,0,4,0.0246,0.0706,0.1707
HYD-HY0144,Hyderabad,2025-01-15,1,Winter,2.29,28.0,78.6,90.9,1,1,0.0661,0.1741,0.0014
AHM-AH0043,Ahmedabad,2026-02-08,2,Winter,4.74,27.5,110.8,147.5,0,2,0.1503,0.0788,0.0918
MUM-MU0137,Mumbai,2025-01-01,1,Winter,5.42,25.7,111.5,148.8,0,2,0.0196,0.0,0.0201
HYD-HY0148,Hyderabad,2024-09-30,9,Monsoon,21.49,27.4,66.3,108.7,0,1,0.337,0.0547,0.1061
AHM-AH0052,Ahmedabad,2024-06-10,6,Monsoon,25.22,33.4,133.8,171.5,0,3,0.393,0.0439,0.0973
AHM-AH0184,Ahmedabad,2024-10-20,10,Winter,4.1,23.8,84.6,118.2,0,5,0.0746,0.0633,0.0
BEN-BE0019,Bengaluru,2025-07-02,7,Monsoon,21.65,25.1,121.7,131.8,0,4,0.2559,0.0,0.0635
DEL-DE0083,Delhi,2024-12-28,12,Winter,7.82,20.7,395.3,425.3,1,1,0.2745,0.1763,0.7765
CHE-CH0085,Chennai,2025-02-16,2,Winter,12.34,22.0,61.8,82.9,0,3,0.0,0.0094,0.0348
BEN-BE0088,Bengaluru,2025-08-08,8,Monsoon,0.0,25.9,87.4,132.1,0,3,0.0937,0.1179,0.093
HYD-HY0105,Hyderabad,2025-09-19,9,Monsoon,32.42,26.7,124.8,152.4,0,3,0.4326,0.0789,0.0934
DEL-DE0032,Delhi,2024-08-10,8,Monsoon,36.37,38.7,137.9,155.0,0,5,0.4115,0.0694,0.0662
PUN-PU0129,Pune,2026-03-17,3,Summer,0.0,32.2,68.1,85.4,0,2,0.1016,0.1439,0.0318
KOL-KO0179,Kolkata,2025-07-13,7,Monsoon,33.22,36.1,85.1,96.1,0,1,0.4427,0.0941,0.0
AHM-AH0110,Ahmedabad,2024-11-04,11,Winter,2.39,29.7,123.8,161.9,0,1,0.169,0.0995,0.1241
AHM-AH0140,Ahmedabad,2024-10-14,10,Winter,1.83,34.6,89.8,107.9,1,4,0.0552,0.2472,0.0203
HYD-HY0188,Hyderabad,2025-09-08,9,Monsoon,13.25,42.1,128.4,158.5,0,2,0.1175,0.1151,0.07
AHM-AH0039,Ahmedabad,2024-05-02,5,Summer,12.53,30.2,40.6,74.3,0,3,0.0307,0.0044,0.0654
BEN-BE0029,Bengaluru,2026-03-23,3,Summer,11.73,29.3,86.4,116.1,0,3,0.0,0.0236,0.0038
AHM-AH0142,Ahmedabad,2025-07-11,7,Monsoon,49.7,32.3,135.0,147.6,1,2,0.6406,0.2228,0.1517
AHM-AH0125,Ahmedabad,2026-01-21,1,Winter,5.04,17.9,62.9,84.4,0,2,0.0605,0.0675,0.0
AHM-AH0158,Ahmedabad,2026-02-06,2,Winter,11.17,24.2,59.1,83.1,0,2,0.0215,0.013,0.0
BEN-BE0061,Bengaluru,2025-08-07,8,Monsoon,10.25,26.0,83.2,125.6,0,3,0.0324,0.0437,0.0381
CHE-CH0056,Chennai,2024-10-31,10,Winter,2.11,20.8,147.8,195.2,0,1,0.0846,0.0523,0.1485
CHE-CH0122,Chennai,2024-12-09,12,Winter,0.0,19.1,133.9,181.6,0,3,0.1033,0.049,0.109
BEN-BE0147,Bengaluru,2025-11-19,11,Winter,0.56,30.5,72.0,88.5,1,1,0.1126,0.2276,0.0855
HYD-HY0031,Hyderabad,2024-04-21,4,Summer,0.74,32.4,125.0,136.3,0,2,0.2438,0.0987,0.0712
PUN-PU0193,Pune,2025-05-07,5,Summer,8.12,44.5,71.1,93.4,0,3,0.395,0.1121,0.0075
KOL-KO0066,Kolkata,2025-10-18,10,Winter,3.73,22.9,84.0,99.6,0,3,0.0186,0.1134,0.0
BEN-BE0167,Bengaluru,2026-03-22,3,Summer,0.0,38.5,30.6,70.6,0,3,0.1277,0.1244,0.0
MUM-MU0111,Mumbai,2025-03-18,3,Summer,5.56,43.2,100.4,127.6,0,3,0.2995,0.0784,0.0023
MUM-MU0129,Mumbai,2024-12-07,12,Winter,15.64,20.3,133.8,157.2,0,3,0.1625,0.0,0.1489
CHE-CH0163,Chennai,2025-06-26,6,Monsoon,6.03,34.3,72.4,99.0,0,1,0.1505,0.0628,0.0367
CHE-CH0107,Chennai,2025-12-23,12,Winter,5.31,16.9,104.3,139.7,0,4,0.0,0.0602,0.018
KOL-KO0126,Kolkata,2024-11-03,11,Winter,5.6,15.6,152.7,197.1,0,3,0.1961,0.0131,0.1398
KOL-KO0195,Kolkata,2025-04-10,4,Summer,8.61,48.0,181.5,219.9,0,4,0.4945,0.0362,0.2371
HYD-HY0026,Hyderabad,2025-04-14,4,Summer,12.26,48.0,97.8,128.0,0,4,0.51,0.1033,0.1164
DEL-DE0051,Delhi,2026-02-26,2,Winter,0.0,19.7,162.0,197.1,0,3,0.0695,0.0681,0.193
KOL-KO0162,Kolkata,2025-09-11,9,Monsoon,3.83,28.7,132.9,179.2,0,5,0.1857,0.105,0.1489
AHM-AH0053,Ahmedabad,2025-03-07,3,Summer,0.0,32.3,163.6,184.1,0,2,0.0493,0.051,0.166
HYD-HY0089,Hyderabad,2025-09-22,9,Monsoon,7.4,30.7,90.4,131.7,0,3,0.1687,0.0267,0.0597
PUN-PU0189,Pune,2024-12-01,12,Winter,2.84,15.8,30.0,59.9,0,3,0.0782,0.0714,0.0
HYD-HY0091,Hyderabad,2025-04-07,4,Summer,11.73,43.6,91.4,115.0,0,1,0.2622,0.019,0.0
BEN-BE0198,Bengaluru,2026-03-20,3,Summer,5.49,43.7,34.6,50.5,0,3,0.2339,0.0599,0.0
KOL-KO0125,Kolkata,2026-01-01,1,Winter,0.0,19.2,86.6,107.4,0,2,0.0,0.0301,0.0
PUN-PU0071,Pune,2024-09-04,9,Monsoon,24.33,29.2,122.0,143.3,0,5,0.4201,0.11,0.0914
CHE-CH0153,Chennai,2025-04-16,4,Summer,1.77,37.3,59.7,90.2,1,2,0.198,0.2137,0.0874
PUN-PU0178,Pune,2025-01-28,1,Winter,0.0,21.6,129.2,154.1,0,4,0.0725,0.0524,0.0681
AHM-AH0019,Ahmedabad,2025-12-10,12,Winter,2.08,30.1,71.4,88.8,0,2,0.1713,0.0692,0.0
MUM-MU0134,Mumbai,2026-01-22,1,Winter,12.91,22.2,152.1,194.8,0,4,0.0,0.0355,0.1539
DEL-DE0185,Delhi,2025-09-30,9,Monsoon,17.02,38.6,66.4,108.4,0,1,0.0585,0.0228,0.007
KOL-KO0137,Kolkata,2025-03-19,3,Summer,3.79,17.8,156.0,184.2,0,3,0.1351,0.1497,0.1965
MUM-MU0178,Mumbai,2024-05-31,5,Summer,2.14,38.2,81.7,112.8,0,1,0.0636,0.0273,0.0
MUM-MU0164,Mumbai,2026-03-05,3,Summer,0.0,33.7,121.7,158.6,0,3,0.1187,0.093,0.0295
KOL-KO0000,Kolkata,2024-04-23,4,Summer,11.75,31.3,153.4,200.6,0,2,0.2338,0.0666,0.2419
DEL-DE0166,Delhi,2025-11-21,11,Winter,0.0,23.2,471.6,516.0,0,4,0.1835,0.1205,0.9699
BEN-BE0190,Bengaluru,2025-04-22,4,Summer,3.76,39.8,125.9,163.3,0,1,0.0927,0.0918,0.1278
MUM-MU0157,Mumbai,2024-08-26,8,Monsoon,10.87,33.3,138.1,173.6,0,2,0.124,0.0511,0.2082
DEL-DE0023,Delhi,2025-04-06,4,Summer,3.7,47.5,72.0,95.5,0,1,0.4953,0.0743,0.0239
DEL-DE0137,Delhi,2026-01-25,1,Winter,0.0,19.6,327.8,374.1,0,2,0.1964,0.0,0.5977
BEN-BE0165,Bengaluru,2026-02-18,2,Winter,1.2,18.7,96.8,112.1,0,2,0.1288,0.0525,0.0
DEL-DE0029,Delhi,2026-03-19,3,Summer,7.27,47.6,53.5,80.4,1,3,0.4984,0.1567,0.0137
AHM-AH0027,Ahmedabad,2026-02-26,2,Winter,5.7,28.2,135.9,182.0,1,5,0.1664,0.1549,0.0892
DEL-DE0103,Delhi,2025-02-22,2,Winter,0.0,29.9,370.1,407.7,0,1,0.1529,0.0803,0.707
HYD-HY0016,Hyderabad,2025-12-01,12,Winter,6.16,24.0,114.7,157.4,0,5,0.0814,0.0071,0.0171
DEL-DE0108,Delhi,2026-02-16,2,Winter,0.0,30.7,293.6,304.1,0,2,0.0354,0.1052,0.511
BEN-BE0018,Bengaluru,2025-07-27,7,Monsoon,24.68,27.7,91.4,114.8,0,1,0.3666,0.0898,0.0148
HYD-HY0066,Hyderabad,2025-01-11,1,Winter,3.5,23.6,77.6,88.7,0,4,0.1047,0.0384,0.0458
PUN-PU0084,Pune,2025-07-19,7,Monsoon,5.4,24.3,78.5,92.3,0,3,0.0,0.0662,0.0523
MUM-MU0046,Mumbai,2024-07-08,7,Monsoon,46.81,30.7,165.0,190.9,0,1,0.5083,0.1054,0.212
CHE-CH0000,Chennai,2025-03-20,3,Summer,7.02,37.6,98.7,122.5,0,3,0.1664,0.03,0.0
KOL-KO0053,Kolkata,2024-07-27,7,Monsoon,23.29,26.1,104.5,149.9,0,1,0.278,0.0135,0.0
PUN-PU0197,Pune,2024-07-21,7,Monsoon,11.12,27.9,55.5,76.7,0,3,0.1064,0.1107,0.0562
HYD-HY0108,Hyderabad,2024-04-30,4,Summer,3.64,36.1,82.1,130.7,0,3,0.1513,0.0182,0.0
DEL-DE0070,Delhi,2024-05-07,5,Summer,6.5,48.0,90.0,115.9,0,2,0.5307,0.0113,0.034
KOL-KO0170,Kolkata,2025-09-30,9,Monsoon,33.2,36.3,131.0,174.5,0,3,0.358,0.0115,0.0988
CHE-CH0110,Chennai,2025-07-02,7,Monsoon,9.01,26.2,63.9,109.6,0,1,0.0,0.0,0.0
KOL-KO0060,Kolkata,2025-10-22,10,Winter,10.01,21.5,95.8,120.2,1,4,0.0637,0.1438,0.0594
KOL-KO0109,Kolkata,2024-04-11,4,Summer,1.12,36.8,180.3,219.7,0,4,0.1983,0.0,0.3051
AHM-AH0110,Ahmedabad,2025-08-10,8,Monsoon,13.77,36.6,79.0,114.2,0,1,0.1702,0.0435,0.0381
PUN-PU0120,Pune,2024-07-17,7,Monsoon,10.39,29.1,169.4,184.0,0,5,0.0032,0.0,0.2642
MUM-MU0043,Mumbai,2025-01-16,1,Winter,0.73,27.2,180.4,194.2,0,3,0.0527,0.1414,0.2262
BEN-BE0197,Bengaluru,2024-12-05,12,Winter,4.02,21.8,99.1,109.1,0,3,0.0,0.0232,0.0
DEL-DE0187,Delhi,2024-04-11,4,Summer,4.81,35.0,77.4,112.1,0,4,0.0691,0.0221,0.1054
MUM-MU0128,Mumbai,2025-10-21,10,Winter,4.65,16.7,178.4,203.9,0,2,0.0623,0.1038,0.2079
MUM-MU0045,Mumbai,2025-10-06,10,Winter,10.16,18.6,119.8,166.2,0,3,0.0,0.0218,0.1333
BEN-BE0075,Bengaluru,2025-07-09,7,Monsoon,18.37,26.6,136.7,165.5,0,2,0.1815,0.104,0.063
HYD-HY0064,Hyderabad,2025-04-14,4,Summer,10.64,38.7,160.2,201.2,0,1,0.0382,0.0387,0.1704
PUN-PU0120,Pune,2025-02-09,2,Winter,0.0,29.9,112.8,128.7,0,2,0.1451,0.0,0.0835
CHE-CH0087,Chennai,2025-08-17,8,Monsoon,7.9,35.9,105.3,152.3,0,4,0.0,0.0701,0.0
KOL-KO0043,Kolkata,2026-02-10,2,Winter,4.82,21.3,126.6,137.0,0,3,0.138,0.0491,0.0502
HYD-HY0185,Hyderabad,2025-07-22,7,Monsoon,2.44,27.8,127.2,141.9,0,5,0.106,0.0317,0.0925
CHE-CH0102,Chennai,2024-12-31,12,Winter,7.51,16.0,83.9,105.1,0,1,0.3086,0.032,0.0
PUN-PU0142,Pune,2025-02-17,2,Winter,4.64,23.9,105.6,138.3,1,4,0.2542,0.1779,0.1497
PUN-PU0123,Pune,2025-07-13,7,Monsoon,35.71,19.1,105.6,133.2,1,3,0.4736,0.2047,0.0
CHE-CH0068,Chennai,2026-03-28,3,Summer,35.93,43.3,64.1,104.6,0,3,0.5476,0.0272,0.0
KOL-KO0195,Kolkata,2025-11-09,11,Winter,0.0,21.8,134.0,173.3,0,1,0.0,0.0,0.1117
PUN-PU0015,Pune,2025-01-13,1,Winter,0.19,17.7,86.0,117.4,0,1,0.02,0.0862,0.0879
PUN-PU0163,Pune,2024-09-11,9,Monsoon,30.53,24.5,87.6,133.7,0,1,0.3324,0.0305,0.0158
AHM-AH0027,Ahmedabad,2024-05-22,5,Summer,0.0,40.6,30.0,64.4,0,4,0.1082,0.0003,0.0
HYD-HY0085,Hyderabad,2025-11-07,11,Winter,8.64,26.4,81.6,130.6,0,2,0.1324,0.0384,0.0
HYD-HY0123,Hyderabad,2025-07-03,7,Monsoon,4.53,20.8,84.1,119.1,0,5,0.0859,0.0,0.0622
KOL-KO0111,Kolkata,2024-05-19,5,Summer,4.48,34.3,144.2,177.5,0,4,0.0648,0.0984,0.1659
KOL-KO0137,Kolkata,2025-02-10,2,Winter,4.96,21.9,159.1,186.2,0,4,0.1241,0.0544,0.1999
CHE-CH0022,Chennai,2026-01-12,1,Winter,0.0,24.3,48.3,62.6,0,3,0.0,0.0271,0.0436
HYD-HY0161,Hyderabad,2025-05-29,5,Summer,20.57,42.2,114.1,150.5,0,2,0.2208,0.0,0.0622
DEL-DE0070,Delhi,2024-09-13,9,Monsoon,16.39,31.5,154.0,177.1,0,5,0.0957,0.0423,0.1091
CHE-CH0027,Chennai,2025-03-21,3,Summer,7.56,35.5,84.8,130.7,0,1,0.1529,0.1328,0.0385
DEL-DE0151,Delhi,2024-09-09,9,Monsoon,23.54,36.9,90.7,137.8,0,2,0.3852,0.0547,0.0637
BEN-BE0132,Bengaluru,2025-04-17,4,Summer,0.0,47.1,87.8,101.4,0,2,0.4636,0.0003,0.077
BEN-BE0064,Bengaluru,2024-08-14,8,Monsoon,30.58,21.5,119.1,137.7,0,4,0.4601,0.064,0.1571
KOL-KO0191,Kolkata,2025-02-13,2,Winter,0.17,24.4,168.9,207.3,0,4,0.0968,0.0245,0.1811
CHE-CH0161,Chennai,2025-05-29,5,Summer,5.61,38.4,80.1,118.5,0,2,0.0,0.0729,0.0
BEN-BE0190,Bengaluru,2025-03-13,3,Summer,26.82,31.1,113.3,139.3,0,2,0.3853,0.0874,0.0674
AHM-AH0176,Ahmedabad,2024-12-22,12,Winter,0.39,24.3,74.3,122.6,0,3,0.1734,0.1211,0.0
MUM-MU0096,Mumbai,2025-06-01,6,Monsoon,10.22,30.7,66.9,99.8,0,3,0.1506,0.0787,0.0211
DEL-DE0103,Delhi,2024-10-21,10,Winter,5.64,15.9,351.9,382.3,0,4,0.2306,0.1061,0.6111
CHE-CH0123,Chennai,2024-10-13,10,Winter,0.0,22.9,115.2,136.1,0,1,0.0231,0.0734,0.1005
BEN-BE0182,Bengaluru,2025-02-15,2,Winter,0.0,16.6,101.8,148.1,0,2,0.0756,0.0767,0.001
KOL-KO0133,Kolkata,2025-09-02,9,Monsoon,13.41,35.8,140.8,185.5,0,3,0.0351,0.0,0.1393
DEL-DE0140,Delhi,2025-04-18,4,Summer,10.65,37.8,64.4,82.4,0,1,0.1706,0.0135,0.0
PUN-PU0066,Pune,2026-03-15,3,Summer,9.11,26.1,139.5,167.3,0,2,0.0358,0.1016,0.0979
DEL-DE0129,Delhi,2025-03-21,3,Summer,8.08,44.9,89.8,126.7,0,3,0.3369,0.0132,0.0435
AHM-AH0057,Ahmedabad,2026-01-24,1,Winter,3.67,28.8,155.5,192.0,1,1,0.0517,0.1359,0.2879
HYD-HY0096,Hyderabad,2024-09-29,9,Monsoon,4.12,28.9,150.4,199.3,0,3,0.0557,0.0,0.1349
BEN-BE0184,Bengaluru,2024-04-09,4,Summer,5.87,27.5,54.7,92.9,1,3,0.0979,0.2468,0.0185
DEL-DE0173,Delhi,2024-10-14,10,Winter,0.0,25.6,500.0,514.5,0,1,0.087,0.0447,0.9011
DEL-DE0159,Delhi,2025-05-07,5,Summer,0.0,42.9,111.7,140.7,0,3,0.289,0.0527,0.0699
AHM-AH0050,Ahmedabad,2026-04-01,4,Summer,0.0,35.3,76.3,117.4,0,3,0.0,0.0764,0.0756
AHM-AH0018,Ahmedabad,2024-10-15,10,Winter,13.93,27.7,123.3,158.1,0,4,0.0923,0.0202,0.1338
PUN-PU0164,Pune,2024-08-07,8,Monsoon,16.51,33.1,66.0,105.1,1,3,0.2601,0.1478,0.0496
DEL-DE0114,Delhi,2026-01-11,1,Winter,12.3,21.8,259.7,303.8,0,4,0.0006,0.0464,0.4862
DEL-DE0130,Delhi,2024-06-05,6,Monsoon,12.07,28.0,68.6,83.7,0,2,0.1602,0.1065,0.0331
BEN-BE0087,Bengaluru,2025-12-24,12,Winter,0.0,18.9,80.3,97.1,0,4,0.1499,0.1227,0.0
DEL-DE0039,Delhi,2025-07-25,7,Monsoon,37.72,34.3,63.8,79.4,0,4,0.4663,0.0857,0.0
MUM-MU0084,Mumbai,2024-07-12,7,Monsoon,10.16,29.0,45.2,74.9,0,2,0.1329,0.0916,0.0893
CHE-CH0048,Chennai,2025-10-15,10,Winter,0.0,20.3,95.2,111.3,0,2,0.2522,0.0,0.0
HYD-HY0176,Hyderabad,2024-10-03,10,Winter,1.35,20.0,51.1,86.5,1,4,0.0,0.1649,0.0
DEL-DE0059,Delhi,2024-04-12,4,Summer,0.0,36.9,33.6,75.7,0,3,0.1672,0.0389,0.0544
KOL-KO0102,Kolkata,2025-07-07,7,Monsoon,46.47,24.0,212.5,227.7,0,1,0.6154,0.0675,0.2966
BEN-BE0133,Bengaluru,2025-11-07,11,Winter,0.0,17.3,101.5,137.3,1,3,0.1357,0.2629,0.0196
CHE-CH0157,Chennai,2026-01-10,1,Winter,11.59,27.8,65.1,115.1,0,1,0.191,0.103,0.0977
DEL-DE0177,Delhi,2024-04-20,4,Summer,8.82,43.3,101.9,118.2,0,2,0.2805,0.0615,0.0494
BEN-BE0020,Bengaluru,2025-07-11,7,Monsoon,7.47,24.8,116.4,157.1,0,3,0.1382,0.0508,0.012
HYD-HY0151,Hyderabad,2025-04-22,4,Summer,11.48,39.0,100.6,113.8,0,2,0.0184,0.0,0.0
AHM-AH0048,Ahmedabad,2024-12-26,12,Winter,0.0,17.0,85.1,112.6,0,3,0.0101,0.1388,0.042
MUM-MU0071,Mumbai,2024-07-31,7,Monsoon,32.07,29.0,96.5,134.9,0,4,0.4046,0.0704,0.0177
PUN-PU0163,Pune,2025-10-30,10,Winter,3.89,15.0,59.0,73.4,0,3,0.0906,0.0354,0.0139
CHE-CH0049,Chennai,2024-09-02,9,Monsoon,10.4,33.6,124.7,166.7,0,3,0.0,0.0,0.019
CHE-CH0104,Chennai,2025-07-04,7,Monsoon,51.41,25.8,129.4,158.2,0,2,0.6877,0.0495,0.1086
DEL-DE0102,Delhi,2024-10-31,10,Winter,5.85,24.0,291.6,336.8,0,3,0.113,0.1083,0.4475
CHE-CH0163,Chennai,2025-04-15,4,Summer,1.56,36.4,134.3,158.1,0,5,0.126,0.069,0.0945
KOL-KO0118,Kolkata,2024-11-05,11,Winter,0.0,25.3,162.3,211.7,0,4,0.1682,0.0446,0.1749
HYD-HY0105,Hyderabad,2025-02-26,2,Winter,0.0,24.6,131.8,161.3,0,3,0.0817,0.0434,0.1756
DEL-DE0132,Delhi,2024-05-11,5,Summer,15.57,27.6,67.7,96.6,0,3,0.0989,0.0674,0.0083
HYD-HY0092,Hyderabad,2025-02-07,2,Winter,10.6,20.6,117.5,161.6,0,2,0.0418,0.0381,0.0309
CHE-CH0017,Chennai,2024-04-13,4,Summer,6.42,38.1,121.7,168.6,0,4,0.2052,0.0392,0.0547
DEL-DE0048,Delhi,2025-11-03,11,Winter,0.0,32.2,237.4,281.5,0,5,0.1389,0.0601,0.3442
MUM-MU0051,Mumbai,2024-07-07,7,Monsoon,38.87,29.7,84.5,95.3,0,2,0.4851,0.0135,0.0571
KOL-KO0028,Kolkata,2024-07-18,7,Monsoon,51.0,35.9,194.3,212.4,0,2,0.6097,0.0476,0.1942
HYD-HY0022,Hyderabad,2025-02-12,2,Winter,4.3,15.0,95.9,144.3,0,4,0.0215,0.0958,0.0889
AHM-AH0173,Ahmedabad,2025-10-16,10,Winter,5.42,17.3,100.5,131.8,0,3,0.0,0.0719,0.0357
DEL-DE0097,Delhi,2024-07-16,7,Monsoon,22.08,37.3,90.5,135.0,0,4,0.2967,0.0824,0.0405
KOL-KO0138,Kolkata,2025-07-24,7,Monsoon,5.64,33.2,97.8,115.5,0,1,0.1493,0.0244,0.0568
CHE-CH0055,Chennai,2024-05-26,5,Summer,5.94,36.0,139.2,157.9,1,2,0.1469,0.1525,0.0971
DEL-DE0119,Delhi,2024-12-11,12,Winter,0.0,34.1,391.9,441.0,0,3,0.0,0.0811,0.7421
MUM-MU0008,Mumbai,2024-04-24,4,Summer,0.73,36.7,73.6,119.0,0,3,0.0,0.0,0.0219
AHM-AH0112,Ahmedabad,2026-02-21,2,Winter,5.44,21.3,132.5,158.8,0,1,0.0819,0.0973,0.0774
HYD-HY0118,Hyderabad,2024-06-18,6,Monsoon,19.78,23.4,112.2,146.1,0,2,0.185,0.0101,0.0521
HYD-HY0039,Hyderabad,2025-10-14,10,Winter,0.0,19.2,137.5,168.6,1,2,0.1096,0.2289,0.1342
CHE-CH0078,Chennai,2024-11-10,11,Winter,0.61,32.0,165.9,212.6,0,3,0.114,0.1101,0.1491
PUN-PU0125,Pune,2025-06-19,6,Monsoon,9.38,22.1,129.3,142.0,0,2,0.1551,0.1081,0.1505
AHM-AH0044,Ahmedabad,2025-12-23,12,Winter,0.0,26.8,116.4,137.8,0,4,0.0289,0.0375,0.0
CHE-CH0005,Chennai,2025-06-15,6,Monsoon,19.86,33.5,117.2,133.6,0,2,0.1957,0.0624,0.0167
KOL-KO0170,Kolkata,2026-03-11,3,Summer,8.89,45.5,151.1,195.7,0,4,0.3753,0.115,0.2439
BEN-BE0193,Bengaluru,2024-09-17,9,Monsoon,11.94,33.5,90.4,137.3,0,3,0.2816,0.0641,0.0229
AHM-AH0144,Ahmedabad,2024-04-17,4,Summer,6.6,35.6,129.2,144.3,0,3,0.0543,0.1248,0.1109
HYD-HY0174,Hyderabad,2026-01-24,1,Winter,3.28,15.0,101.2,134.2,0,3,0.2454,0.0501,0.0362
PUN-PU0165,Pune,2025-12-26,12,Winter,3.38,21.1,127.2,137.2,0,5,0.1905,0.0669,0.1102
DEL-DE0101,Delhi,2026-02-04,2,Winter,0.0,24.5,432.7,482.3,1,4,0.165,0.2484,0.8924
HYD-HY0157,Hyderabad,2025-06-23,6,Monsoon,29.0,29.4,90.8,102.2,0,3,0.4407,0.1032,0.0246
AHM-AH0092,Ahmedabad,2025-02-07,2,Winter,2.85,29.0,99.1,129.7,0,5,0.0,0.0805,0.0297
KOL-KO0105,Kolkata,2024-08-24,8,Monsoon,12.35,31.6,195.7,245.3,0,3,0.0167,0.0,0.213
CHE-CH0093,Chennai,2024-12-18,12,Winter,0.0,22.8,128.5,141.6,0,4,0.2264,0.0589,0.1079
AHM-AH0011,Ahmedabad,2024-06-15,6,Monsoon,13.24,35.4,72.7,121.8,0,3,0.0583,0.0,0.0328
DEL-DE0030,Delhi,2025-05-21,5,Summer,15.5,45.3,73.4,103.6,0,1,0.2927,0.0874,0.0
AHM-AH0098,Ahmedabad,2026-02-16,2,Winter,0.0,18.3,114.6,153.0,0,2,0.092,0.0666,0.0
KOL-KO0180,Kolkata,2024-12-08,12,Winter,5.94,21.6,159.9,185.9,1,3,0.158,0.2754,0.1359
MUM-MU0082,Mumbai,2025-09-15,9,Monsoon,16.33,32.2,142.8,162.5,0,3,0.1279,0.0662,0.0728
DEL-DE0085,Delhi,2024-04-24,4,Summer,7.91,38.3,166.5,192.4,0,5,0.1769,0.0511,0.1826
PUN-PU0188,Pune,2025-02-28,2,Winter,0.0,15.0,65.6,101.2,0,1,0.1602,0.0159,0.0
HYD-HY0128,Hyderabad,2024-05-02,5,Summer,5.2,28.3,105.3,137.3,0,1,0.1647,0.0,0.0689
DEL-DE0039,Delhi,2025-08-27,8,Monsoon,33.67,40.3,83.7,104.6,0,1,0.5092,0.0665,0.0
CHE-CH0030,Chennai,2025-01-13,1,Winter,7.04,15.0,86.6,129.4,0,2,0.2081,0.069,0.0984
MUM-MU0050,Mumbai,2026-03-18,3,Summer,8.55,48.0,189.9,221.0,0,3,0.5281,0.1123,0.2375
KOL-KO0022,Kolkata,2025-11-21,11,Winter,0.0,24.7,255.8,283.4,0,3,0.2045,0.0795,0.3556
PUN-PU0064,Pune,2024-04-30,4,Summer,2.08,30.2,80.6,101.1,0,3,0.1035,0.0074,0.0
BEN-BE0051,Bengaluru,2024-10-13,10,Winter,3.62,15.6,130.8,152.2,0,4,0.0,0.0,0.0705
KOL-KO0113,Kolkata,2025-07-01,7,Monsoon,12.83,30.1,122.3,135.5,0,1,0.0177,0.0475,0.149
CHE-CH0131,Chennai,2025-09-25,9,Monsoon,24.68,31.6,30.0,65.8,1,2,0.3602,0.261,0.0664
MUM-MU0189,Mumbai,2024-12-20,12,Winter,1.9,23.1,63.1,99.3,0,3,0.1552,0.067,0.0534
CHE-CH0068,Chennai,2025-08-04,8,Monsoon,42.13,24.0,174.9,220.7,0,2,0.5036,0.0098,0.2626
MUM-MU0112,Mumbai,2025-12-30,12,Winter,5.62,22.3,183.5,203.6,0,2,0.1939,0.0,0.1707
PUN-PU0045,Pune,2025-11-19,11,Winter,2.47,18.5,97.0,109.7,0,3,0.0786,0.1251,0.0338
PUN-PU0113,Pune,2024-04-07,4,Summer,3.75,37.0,159.9,201.2,0,4,0.0309,0.0439,0.1781
DEL-DE0199,Delhi,2024-07-09,7,Monsoon,13.72,31.5,92.9,138.4,0,3,0.0531,0.0152,0.0
HYD-HY0194,Hyderabad,2026-01-28,1,Winter,3.93,17.5,110.4,157.3,1,3,0.2632,0.2294,0.0991
HYD-HY0078,Hyderabad,2025-01-02,1,Winter,1.94,21.9,104.0,126.6,0,3,0.1812,0.0154,0.0214
BEN-BE0054,Bengaluru,2025-05-29,5,Summer,0.0,31.4,62.1,108.8,0,5,0.1161,0.1403,0.0
AHM-AH0171,Ahmedabad,2026-01-17,1,Winter,0.0,15.9,165.5,196.9,0,1,0.1411,0.1308,0.174
BEN-BE0169,Bengaluru,2024-08-12,8,Monsoon,7.69,31.3,104.6,142.9,0,5,0.0,0.0038,0.058
BEN-BE0000,Bengaluru,2024-08-01,8,Monsoon,27.15,21.8,79.0,117.9,0,2,0.4095,0.1429,0.0586
MUM-MU0046,Mumbai,2024-09-20,9,Monsoon,56.4,34.5,159.9,185.6,0,3,0.7291,0.0367,0.1658
MUM-MU0171,Mumbai,2025-07-09,7,Monsoon,31.19,24.6,35.0,51.3,0,4,0.4518,0.1297,0.021
HYD-HY0102,Hyderabad,2024-09-02,9,Monsoon,22.74,22.9,100.1,114.7,0,3,0.3633,0.0673,0.0535
KOL-KO0112,Kolkata,2024-12-01,12,Winter,4.2,26.3,109.4,134.7,0,2,0.1295,0.0147,0.1038
PUN-PU0186,Pune,2025-04-18,4,Summer,12.27,33.2,74.6,92.1,0,1,0.1514,0.0824,0.0295
PUN-PU0175,Pune,2025-12-03,12,Winter,2.79,15.6,105.1,129.5,0,2,0.0148,0.0314,0.0458
MUM-MU0178,Mumbai,2025-07-29,7,Monsoon,21.97,28.5,141.8,170.4,0,3,0.4046,0.0609,0.1031
HYD-HY0048,Hyderabad,2025-04-22,4,Summer,0.17,39.7,61.4,100.7,0,4,0.2272,0.0684,0.0071
KOL-KO0007,Kolkata,2025-06-02,6,Monsoon,46.46,30.8,184.7,216.8,0,3,0.568,0.0,0.2127
DEL-DE0198,Delhi,2024-09-11,9,Monsoon,30.45,34.9,96.7,111.2,0,5,0.4745,0.0445,0.0942
HYD-HY0004,Hyderabad,2025-09-30,9,Monsoon,9.12,32.6,79.1,107.7,0,2,0.1699,0.0564,0.0
CHE-CH0050,Chennai,2025-10-26,10,Winter,3.84,33.0,30.0,40.9,0,4,0.0522,0.0869,0.0693
PUN-PU0035,Pune,2025-03-13,3,Summer,0.83,34.6,140.4,179.7,0,4,0.1139,0.0,0.0879
PUN-PU0039,Pune,2025-04-26,4,Summer,8.29,34.4,72.4,107.2,0,1,0.2005,0.0413,0.0025
HYD-HY0047,Hyderabad,2024-10-31,10,Winter,9.11,23.3,123.0,141.7,1,4,0.1374,0.1753,0.0814
MUM-MU0114,Mumbai,2024-11-13,11,Winter,0.0,24.7,93.4,112.8,0,3,0.1737,0.0049,0.0583
PUN-PU0165,Pune,2024-10-27,10,Winter,0.0,15.0,81.7,125.0,0,2,0.1147,0.0436,0.0661
CHE-CH0139,Chennai,2025-03-26,3,Summer,6.94,41.0,85.2,100.3,0,2,0.149,0.0559,0.0
KOL-KO0014,Kolkata,2024-04-05,4,Summer,7.3,45.2,131.7,172.4,0,1,0.423,0.0289,0.1769
DEL-DE0102,Delhi,2025-10-08,10,Winter,8.06,22.0,489.7,502.1,0,1,0.1122,0.0,0.9793
AHM-AH0066,Ahmedabad,2025-01-23,1,Winter,5.3,31.4,122.6,147.0,0,1,0.0839,0.0,0.0772
KOL-KO0075,Kolkata,2025-03-10,3,Summer,2.64,41.9,100.4,144.3,0,3,0.0924,0.036,0.1042
CHE-CH0157,Chennai,2025-02-22,2,Winter,0.0,25.9,105.3,118.2,0,3,0.0358,0.0716,0.0
CHE-CH0190,Chennai,2024-10-30,10,Winter,1.4,21.4,136.6,167.7,0,1,0.0962,0.0,0.1413
CHE-CH0163,Chennai,2025-04-01,4,Summer,15.54,39.6,81.6,94.6,0,1,0.1224,0.0,0.0
MUM-MU0024,Mumbai,2026-02-02,2,Winter,0.43,21.0,122.4,143.9,0,3,0.1646,0.0325,0.0
BEN-BE0182,Bengaluru,2025-05-18,5,Summer,24.7,41.3,117.6,136.6,0,2,0.3834,0.068,0.078
CHE-CH0106,Chennai,2025-08-20,8,Monsoon,30.58,33.7,102.8,145.6,0,1,0.4007,0.0984,0.0421
CHE-CH0119,Chennai,2025-08-25,8,Monsoon,34.99,28.1,127.5,173.2,1,4,0.5012,0.147,0.0559
CHE-CH0030,Chennai,2025-04-13,4,Summer,10.46,35.3,77.4,99.2,1,1,0.1284,0.0582,0.0245
KOL-KO0112,Kolkata,2026-03-07,3,Summer,0.0,39.5,165.7,192.1,2,2,0.132,0.4146,0.1596
HYD-HY0148,Hyderabad,2024-09-14,9,Monsoon,5.07,29.0,174.5,219.6,0,2,0.0753,0.1233,0.165
MUM-MU0179,Mumbai,2024-04-18,4,Summer,5.47,40.0,111.8,151.7,1,3,0.0475,0.188,0.0789
BEN-BE0041,Bengaluru,2024-08-01,8,Monsoon,2.16,33.8,104.4,143.6,0,4,0.2251,0.0,0.0544
AHM-AH0090,Ahmedabad,2025-07-22,7,Monsoon,1.39,30.4,130.9,179.6,0,5,0.0429,0.0667,0.0945
KOL-KO0109,Kolkata,2025-07-21,7,Monsoon,18.67,33.5,151.6,189.7,0,2,0.1591,0.0813,0.1301
AHM-AH0118,Ahmedabad,2025-11-18,11,Winter,3.38,27.3,63.5,99.9,0,1,0.1552,0.0,0.0
KOL-KO0051,Kolkata,2024-08-20,8,Monsoon,11.43,29.6,206.4,223.7,0,3,0.1705,0.1231,0.2688
KOL-KO0106,Kolkata,2025-06-22,6,Monsoon,18.62,27.1,207.9,251.5,0,1,0.1364,0.0678,0.3002
BEN-BE0191,Bengaluru,2025-09-12,9,Monsoon,23.26,23.1,83.0,111.8,1,2,0.3186,0.2178,0.0309
DEL-DE0135,Delhi,2025-05-11,5,Summer,11.61,42.3,135.1,146.6,0,2,0.1545,0.0588,0.1811
AHM-AH0090,Ahmedabad,2025-01-01,1,Winter,0.0,22.3,89.0,102.9,0,2,0.0732,0.0941,0.0966
KOL-KO0068,Kolkata,2025-06-17,6,Monsoon,25.33,31.9,81.0,109.9,0,1,0.3574,0.0057,0.0644
AHM-AH0092,Ahmedabad,2025-01-12,1,Winter,1.03,35.2,113.2,147.0,0,5,0.2651,0.0244,0.0519
KOL-KO0048,Kolkata,2024-11-28,11,Winter,3.15,19.4,108.5,125.0,0,3,0.1395,0.0,0.0131
DEL-DE0085,Delhi,2025-05-01,5,Summer,9.95,45.9,120.9,158.6,2,3,0.421,0.215,0.0186
PUN-PU0002,Pune,2024-09-20,9,Monsoon,14.62,23.3,80.5,122.0,0,1,0.1613,0.1084,0.0
PUN-PU0024,Pune,2025-09-26,9,Monsoon,5.7,29.7,132.6,179.3,0,4,0.0743,0.0248,0.0707
MUM-MU0176,Mumbai,2025-07-27,7,Monsoon,16.82,29.1,30.0,49.7,0,2,0.0742,0.0427,0.0
DEL-DE0094,Delhi,2024-12-25,12,Winter,0.31,18.6,447.3,477.0,0,5,0.1976,0.1328,0.8839
BEN-BE0025,Bengaluru,2025-02-15,2,Winter,13.93,19.2,54.2,102.0,0,3,0.0425,0.1079,0.0435
CHE-CH0021,Chennai,2024-05-29,5,Summer,6.51,35.6,80.5,110.9,1,3,0.0178,0.2042,0.0
KOL-KO0172,Kolkata,2025-12-19,12,Winter,0.0,21.0,149.0,190.8,0,4,0.0686,0.0629,0.1227
HYD-HY0075,Hyderabad,2024-05-14,5,Summer,2.32,40.5,77.9,103.5,0,1,0.1006,0.0647,0.0435
CHE-CH0086,Chennai,2025-05-30,5,Summer,3.08,39.0,118.0,154.0,1,1,0.004,0.2404,0.061
MUM-MU0135,Mumbai,2024-04-04,4,Summer,9.76,29.5,94.9,139.0,0,3,0.018,0.0478,0.0364
PUN-PU0009,Pune,2024-10-11,10,Winter,0.59,18.8,136.0,181.9,0,4,0.0997,0.1235,0.1352
AHM-AH0148,Ahmedabad,2025-05-26,5,Summer,7.35,47.0,95.2,132.8,0,2,0.4576,0.0153,0.0
CHE-CH0169,Chennai,2024-12-24,12,Winter,0.0,25.6,86.0,121.4,1,2,0.0255,0.2613,0.0
MUM-MU0181,Mumbai,2025-02-01,2,Winter,7.27,20.0,106.9,129.9,0,2,0.062,0.0408,0.0653
MUM-MU0013,Mumbai,2025-06-25,6,Monsoon,7.95,27.3,111.0,142.6,0,3,0.1247,0.0437,0.0285
KOL-KO0038,Kolkata,2024-12-31,12,Winter,14.21,20.6,137.1,183.0,0,2,0.0,0.0,0.0933
BEN-BE0159,Bengaluru,2025-05-24,5,Summer,2.3,27.2,142.9,163.9,1,3,0.2545,0.2518,0.1842
KOL-KO0048,Kolkata,2025-06-28,6,Monsoon,5.77,30.7,178.2,224.5,0,1,0.105,0.1019,0.1768
DEL-DE0158,Delhi,2025-09-10,9,Monsoon,22.95,32.3,109.4,136.0,0,3,0.3575,0.0882,0.0075
HYD-HY0138,Hyderabad,2025-06-16,6,Monsoon,19.14,27.0,119.2,143.9,0,1,0.0311,0.0354,0.1271
KOL-KO0146,Kolkata,2026-03-26,3,Summer,0.0,36.0,180.7,212.8,0,3,0.1615,0.0,0.2082
AHM-AH0054,Ahmedabad,2025-03-31,3,Summer,5.87,36.2,85.0,124.3,0,1,0.0,0.0687,0.144
HYD-HY0163,Hyderabad,2024-10-17,10,Winter,0.0,28.7,48.2,68.2,0,5,0.0,0.0964,0.0375
AHM-AH0146,Ahmedabad,2025-10-11,10,Winter,3.2,25.8,102.4,119.3,1,2,0.065,0.272,0.0
DEL-DE0080,Delhi,2026-03-25,3,Summer,3.12,48.0,90.6,126.9,0,1,0.4442,0.0,0.0076
BEN-BE0008,Bengaluru,2025-09-16,9,Monsoon,9.55,28.6,113.8,158.1,0,1,0.1643,0.1098,0.0975
DEL-DE0180,Delhi,2024-06-16,6,Monsoon,11.43,29.5,35.2,63.9,0,5,0.0798,0.0521,0.0248
CHE-CH0181,Chennai,2024-04-04,4,Summer,0.0,37.5,119.1,152.6,0,3,0.0753,0.1243,0.0669
BEN-BE0192,Bengaluru,2025-05-22,5,Summer,6.85,48.0,119.4,147.9,1,4,0.5504,0.2253,0.0814
HYD-HY0134,Hyderabad,2025-07-24,7,Monsoon,4.08,31.2,101.6,131.9,0,4,0.0862,0.0616,0.0619
HYD-HY0004,Hyderabad,2024-07-27,7,Monsoon,8.66,35.1,30.0,76.0,0,2,0.1699,0.0503,0.0844
MUM-MU0086,Mumbai,2025-02-04,2,Winter,0.0,30.6,79.5,99.3,1,2,0.2327,0.1671,0.0394
CHE-CH0018,Chennai,2024-08-17,8,Monsoon,12.65,21.8,111.2,151.2,1,3,0.0493,0.2584,0.0614
HYD-HY0198,Hyderabad,2024-04-13,4,Summer,0.31,30.5,36.9,50.7,0,3,0.127,0.0171,0.0098
CHE-CH0022,Chennai,2025-06-11,6,Monsoon,22.25,32.3,87.5,132.3,0,2,0.1776,0.0828,0.0317
HYD-HY0011,Hyderabad,2025-09-30,9,Monsoon,8.99,29.6,76.5,98.7,0,3,0.1009,0.0,0.0355
HYD-HY0145,Hyderabad,2024-04-30,4,Summer,8.31,38.9,155.5,194.0,0,1,0.1158,0.1463,0.2132
AHM-AH0115,Ahmedabad,2025-05-26,5,Summer,3.84,48.0,160.4,178.7,0,2,0.5475,0.0,0.1733
KOL-KO0149,Kolkata,2026-02-22,2,Winter,0.0,25.6,191.4,216.5,0,3,0.0968,0.0949,0.3304
BEN-BE0059,Bengaluru,2024-08-20,8,Monsoon,26.29,31.2,112.3,122.8,0,4,0.3899,0.1005,0.0468
MUM-MU0054,Mumbai,2026-03-02,3,Summer,1.31,48.0,146.2,162.7,0,2,0.5691,0.0,0.122
MUM-MU0005,Mumbai,2025-04-06,4,Summer,32.21,34.8,104.5,144.9,0,3,0.4685,0.0961,0.0111
DEL-DE0115,Delhi,2026-03-19,3,Summer,2.77,46.7,99.1,143.2,0,5,0.4852,0.0,0.0
BEN-BE0137,Bengaluru,2024-05-21,5,Summer,0.0,27.5,79.6,110.1,0,5,0.0497,0.0,0.0076
CHE-CH0014,Chennai,2025-05-20,5,Summer,12.46,28.6,151.9,166.9,0,5,0.2454,0.109,0.1163
PUN-PU0111,Pune,2025-11-10,11,Winter,2.87,18.4,88.0,114.4,0,3,0.1806,0.0181,0.0225
PUN-PU0103,Pune,2025-03-24,3,Summer,15.29,30.2,103.7,126.9,0,4,0.172,0.0363,0.0
KOL-KO0167,Kolkata,2025-10-25,10,Winter,14.37,31.3,215.6,247.8,0,5,0.1898,0.0468,0.3017
DEL-DE0054,Delhi,2024-10-15,10,Winter,10.89,20.8,500.0,547.3,0,5,0.0213,0.0329,0.8646
PUN-PU0139,Pune,2025-01-19,1,Winter,0.65,16.5,86.4,112.2,1,3,0.0368,0.1155,0.0575
PUN-PU0163,Pune,2026-01-10,1,Winter,0.0,19.8,87.6,105.1,0,4,0.0045,0.065,0.0388
BEN-BE0189,Bengaluru,2024-10-29,10,Winter,4.25,15.0,158.7,195.4,0,4,0.1724,0.0673,0.0976
KOL-KO0054,Kolkata,2026-01-24,1,Winter,0.0,31.0,88.4,137.3,0,3,0.1075,0.1267,0.0601
DEL-DE0167,Delhi,2024-10-22,10,Winter,6.1,24.0,291.9,307.1,0,2,0.1988,0.0675,0.432
HYD-HY0007,Hyderabad,2024-06-07,6,Monsoon,5.65,32.4,118.5,156.3,0,1,0.0,0.0,0.1494
AHM-AH0008,Ahmedabad,2024-06-04,6,Monsoon,17.42,36.7,133.5,176.4,0,1,0.2224,0.0887,0.1191
PUN-PU0120,Pune,2025-08-16,8,Monsoon,21.83,22.3,116.2,160.5,0,3,0.3472,0.0018,0.0924
BEN-BE0101,Bengaluru,2026-01-24,1,Winter,3.98,27.3,127.0,173.1,0,3,0.1834,0.0432,0.0586
MUM-MU0058,Mumbai,2025-01-28,1,Winter,9.11,16.9,239.2,254.9,0,5,0.1134,0.0215,0.3359
DEL-DE0044,Delhi,2025-09-09,9,Monsoon,21.36,35.1,92.0,110.1,0,3,0.2929,0.0424,0.0
AHM-AH0166,Ahmedabad,2024-12-19,12,Winter,4.16,19.6,72.4,119.9,0,4,0.0,0.0078,0.0
BEN-BE0167,Bengaluru,2025-10-15,10,Winter,11.07,17.8,90.5,120.0,0,1,0.0797,0.0969,0.0321
HYD-HY0009,Hyderabad,2024-07-03,7,Monsoon,18.85,26.3,71.7,104.9,0,1,0.1049,0.0669,0.0154
MUM-MU0136,Mumbai,2025-04-02,4,Summer,0.0,37.3,163.2,189.0,0,5,0.1988,0.0338,0.1395
PUN-PU0026,Pune,2024-09-16,9,Monsoon,23.98,30.8,89.3,101.6,0,1,0.2921,0.0296,0.0
AHM-AH0126,Ahmedabad,2024-05-09,5,Summer,1.75,38.6,63.0,97.2,0,4,0.2368,0.1266,0.051
CHE-CH0140,Chennai,2024-08-11,8,Monsoon,3.3,29.1,142.9,167.3,0,2,0.1039,0.0139,0.1815
HYD-HY0190,Hyderabad,2024-05-11,5,Summer,2.75,44.3,142.6,183.1,1,3,0.2963,0.2587,0.162
KOL-KO0184,Kolkata,2025-01-29,1,Winter,0.0,23.6,101.9,148.1,0,2,0.1351,0.0,0.0235
HYD-HY0158,Hyderabad,2024-09-07,9,Monsoon,0.0,35.8,55.5,73.1,0,2,0.2218,0.0383,0.0195
KOL-KO0093,Kolkata,2025-08-14,8,Monsoon,22.88,30.8,193.9,226.1,0,4,0.328,0.0537,0.2084
BEN-BE0128,Bengaluru,2024-06-25,6,Monsoon,29.51,25.9,134.1,168.6,0,2,0.4562,0.1024,0.1439
PUN-PU0086,Pune,2025-09-20,9,Monsoon,66.65,26.2,118.6,147.5,0,2,0.7714,0.0738,0.057
AHM-AH0004,Ahmedabad,2024-08-17,8,Monsoon,32.69,32.4,99.8,112.6,0,3,0.4372,0.084,0.0
KOL-KO0174,Kolkata,2025-12-14,12,Winter,2.18,27.5,163.0,180.0,0,3,0.1222,0.152,0.2052
AHM-AH0021,Ahmedabad,2024-08-21,8,Monsoon,13.58,45.4,91.2,106.5,0,5,0.3419,0.0381,0.0151
DEL-DE0044,Delhi,2026-02-19,2,Winter,7.59,25.2,311.3,337.1,0,1,0.0,0.0069,0.5149
CHE-CH0164,Chennai,2025-12-25,12,Winter,6.08,28.8,111.9,132.0,0,3,0.1237,0.059,0.0154
HYD-HY0049,Hyderabad,2026-01-16,1,Winter,0.94,22.2,131.8,153.2,0,1,0.201,0.0621,0.0192
AHM-AH0101,Ahmedabad,2025-11-02,11,Winter,0.3,25.2,96.0,110.3,1,1,0.0,0.1973,0.0
HYD-HY0178,Hyderabad,2024-09-19,9,Monsoon,11.04,26.6,71.6,91.5,0,1,0.0,0.1023,0.0
MUM-MU0035,Mumbai,2024-04-11,4,Summer,3.49,37.7,139.8,184.9,0,1,0.0406,0.0012,0.1296
BEN-BE0131,Bengaluru,2025-04-15,4,Summer,0.0,32.9,138.9,156.9,0,2,0.123,0.0948,0.063
DEL-DE0133,Delhi,2025-09-04,9,Monsoon,34.16,27.1,106.9,129.1,0,1,0.4844,0.0153,0.0
HYD-HY0191,Hyderabad,2025-10-16,10,Winter,1.09,19.3,117.5,161.0,0,3,0.1279,0.07,0.0914
MUM-MU0119,Mumbai,2024-07-17,7,Monsoon,24.82,34.7,129.7,160.9,0,1,0.4409,0.0,0.1915
DEL-DE0099,Delhi,2025-10-12,10,Winter,13.33,26.6,492.7,516.7,0,2,0.1963,0.0,0.8187
CHE-CH0054,Chennai,2025-06-10,6,Monsoon,44.95,24.4,80.7,99.4,0,1,0.4888,0.0406,0.0352
KOL-KO0144,Kolkata,2025-10-20,10,Winter,2.77,16.5,113.7,125.4,1,2,0.0559,0.2449,0.0698
AHM-AH0019,Ahmedabad,2026-01-23,1,Winter,1.37,27.9,84.6,98.9,0,1,0.0526,0.067,0.068
DEL-DE0077,Delhi,2024-09-23,9,Monsoon,34.13,32.4,114.5,145.1,1,5,0.4227,0.2064,0.1661
CHE-CH0131,Chennai,2025-06-28,6,Monsoon,22.13,27.7,142.7,185.2,0,1,0.3521,0.058,0.2415
DEL-DE0134,Delhi,2025-10-26,10,Winter,0.0,24.9,208.6,228.9,1,1,0.1111,0.1969,0.2963
MUM-MU0108,Mumbai,2024-04-13,4,Summer,17.31,34.2,194.2,205.9,0,4,0.0876,0.0142,0.3108
BEN-BE0158,Bengaluru,2026-03-16,3,Summer,0.0,42.3,88.8,122.3,0,3,0.1982,0.1119,0.0
CHE-CH0139,Chennai,2026-01-21,1,Winter,0.0,26.6,62.8,106.3,0,4,0.2621,0.0446,0.021
KOL-KO0059,Kolkata,2025-05-10,5,Summer,6.67,39.6,88.2,131.3,0,2,0.1807,0.0213,0.021
PUN-PU0103,Pune,2025-03-09,3,Summer,12.76,32.4,73.2,84.6,0,1,0.168,0.0,0.0
CHE-CH0129,Chennai,2024-10-15,10,Winter,7.48,22.0,135.1,147.6,0,2,0.132,0.0559,0.1574
MUM-MU0099,Mumbai,2025-03-04,3,Summer,33.6,29.5,169.7,207.9,0,3,0.3675,0.069,0.2065
BEN-BE0193,Bengaluru,2024-12-05,12,Winter,7.05,15.1,42.0,66.5,1,1,0.1325,0.2237,0.0416
BEN-BE0197,Bengaluru,2024-05-11,5,Summer,0.0,30.0,67.0,105.0,0,2,0.1499,0.0335,0.0746
HYD-HY0084,Hyderabad,2025-02-02,2,Winter,9.66,26.9,119.0,142.6,0,1,0.0768,0.062,0.0829
PUN-PU0108,Pune,2025-07-11,7,Monsoon,0.0,24.7,42.8,74.2,0,2,0.1455,0.0052,0.0511
MUM-MU0157,Mumbai,2024-10-06,10,Winter,7.06,35.0,42.0,84.4,0,2,0.0791,0.0289,0.0082
HYD-HY0052,Hyderabad,2024-05-01,5,Summer,13.19,39.6,125.9,150.0,0,1,0.057,0.0158,0.1004
DEL-DE0196,Delhi,2025-10-22,10,Winter,2.09,20.4,500.0,539.9,1,3,0.2295,0.1798,0.9195
AHM-AH0169,Ahmedabad,2025-01-15,1,Winter,2.44,25.4,149.7,172.4,0,2,0.0404,0.0,0.1365
PUN-PU0086,Pune,2026-01-07,1,Winter,0.0,20.9,132.1,178.1,0,3,0.0323,0.0458,0.1383
DEL-DE0175,Delhi,2024-06-26,6,Monsoon,33.79,28.4,58.5,81.3,0,3,0.4433,0.0254,0.0559
AHM-AH0166,Ahmedabad,2024-07-03,7,Monsoon,20.04,32.3,74.6,86.9,0,5,0.3113,0.0929,0.0611
MUM-MU0193,Mumbai,2025-08-20,8,Monsoon,12.35,34.9,65.7,97.9,0,2,0.119,0.0766,0.0021
PUN-PU0026,Pune,2024-12-07,12,Winter,0.0,24.5,114.4,140.0,0,4,0.0628,0.0522,0.062
AHM-AH0141,Ahmedabad,2026-03-06,3,Summer,0.0,35.8,124.2,174.1,0,1,0.0459,0.0,0.1079
DEL-DE0142,Delhi,2026-04-01,4,Summer,11.53,37.7,101.0,112.0,0,1,0.0,0.1002,0.0565
HYD-HY0113,Hyderabad,2025-04-08,4,Summer,3.55,39.7,128.7,151.4,2,3,0.1567,0.3878,0.1856
CHE-CH0060,Chennai,2024-12-23,12,Winter,8.08,27.5,99.4,144.3,0,2,0.0205,0.0082,0.0556
CHE-CH0047,Chennai,2025-08-01,8,Monsoon,48.13,41.2,100.5,112.6,0,1,0.5957,0.0165,0.0298
AHM-AH0002,Ahmedabad,2024-10-24,10,Winter,0.0,24.1,77.9,108.5,0,3,0.1348,0.0,0.0
CHE-CH0016,Chennai,2024-07-08,7,Monsoon,64.89,26.5,129.8,151.8,0,1,0.8242,0.0753,0.0217
BEN-BE0155,Bengaluru,2024-07-01,7,Monsoon,2.06,26.7,110.5,146.3,0,1,0.0797,0.1186,0.0352
AHM-AH0003,Ahmedabad,2025-07-16,7,Monsoon,16.41,32.3,145.3,175.6,0,3,0.0884,0.089,0.134
AHM-AH0029,Ahmedabad,2024-10-02,10,Winter,4.67,25.1,116.2,136.9,1,2,0.0587,0.2397,0.0718
AHM-AH0009,Ahmedabad,2025-02-03,2,Winter,7.59,18.7,112.8,148.2,0,3,0.1135,0.0474,0.1133
CHE-CH0142,Chennai,2025-05-24,5,Summer,9.59,48.0,115.6,130.5,0,1,0.4521,0.0916,0.092
MUM-MU0196,Mumbai,2026-02-05,2,Winter,0.0,22.7,139.4,161.6,2,5,0.1803,0.3835,0.0802
HYD-HY0094,Hyderabad,2024-11-21,11,Winter,8.09,29.7,56.4,78.2,2,5,0.2121,0.3249,0.0527
HYD-HY0187,Hyderabad,2024-05-25,5,Summer,7.14,36.0,102.6,130.6,0,1,0.0,0.1556,0.0798
CHE-CH0120,Chennai,2024-09-30,9,Monsoon,26.98,25.3,98.0,109.4,0,3,0.3015,0.0617,0.0
DEL-DE0094,Delhi,2024-09-20,9,Monsoon,15.29,24.7,175.9,188.6,0,2,0.0,0.0665,0.133
MUM-MU0026,Mumbai,2025-09-20,9,Monsoon,20.47,41.3,106.2,142.6,0,5,0.3279,0.0661,0.0
DEL-DE0080,Delhi,2025-07-08,7,Monsoon,0.0,25.2,119.0,150.0,0,4,0.0555,0.0706,0.0671
HYD-HY0061,Hyderabad,2025-10-12,10,Winter,0.0,27.8,130.2,157.8,1,3,0.0047,0.2338,0.1565
BEN-BE0176,Bengaluru,2024-11-03,11,Winter,0.38,15.6,137.9,174.7,0,3,0.1125,0.089,0.0651
CHE-CH0163,Chennai,2025-04-14,4,Summer,0.0,28.6,62.3,79.7,0,2,0.0197,0.0259,0.0229
AHM-AH0194,Ahmedabad,2025-12-06,12,Winter,0.0,23.5,88.4,136.6,0,4,0.2087,0.0242,0.0
KOL-KO0193,Kolkata,2024-09-10,9,Monsoon,10.07,25.8,183.9,197.1,0,5,0.0205,0.0587,0.1785
KOL-KO0043,Kolkata,2025-08-08,8,Monsoon,21.57,25.8,141.7,170.6,0,2,0.3228,0.0037,0.1234
CHE-CH0096,Chennai,2025-02-17,2,Winter,15.89,26.7,73.1,103.6,0,3,0.1558,0.0347,0.0
DEL-DE0133,Delhi,2024-09-12,9,Monsoon,14.19,32.9,128.8,159.4,0,5,0.0233,0.0198,0.1355
DEL-DE0009,Delhi,2024-11-11,11,Winter,0.88,20.6,269.6,300.6,0,2,0.148,0.0196,0.4049
BEN-BE0046,Bengaluru,2024-06-01,6,Monsoon,17.59,28.8,79.5,111.0,0,3,0.1221,0.0803,0.0939
DEL-DE0116,Delhi,2024-10-31,10,Winter,0.0,26.1,370.2,381.5,0,5,0.1312,0.0,0.6798
HYD-HY0030,Hyderabad,2025-02-16,2,Winter,11.68,21.6,104.4,131.8,0,3,0.0707,0.0179,0.057
BEN-BE0052,Bengaluru,2025-02-22,2,Winter,0.43,26.9,40.0,83.5,1,1,0.0011,0.2441,0.0197
DEL-DE0185,Delhi,2025-06-09,6,Monsoon,14.52,39.1,155.7,189.3,0,3,0.2513,0.0567,0.2263
HYD-HY0144,Hyderabad,2025-03-01,3,Summer,0.03,47.0,84.3,124.0,0,2,0.3921,0.1085,0.0537
PUN-PU0056,Pune,2024-05-21,5,Summer,5.93,36.1,92.4,138.9,0,3,0.1263,0.0,0.0094
AHM-AH0012,Ahmedabad,2025-02-04,2,Winter,2.25,30.1,63.8,86.6,1,4,0.0085,0.1958,0.0
HYD-HY0076,Hyderabad,2025-09-17,9,Monsoon,5.26,28.1,75.2,85.9,0,2,0.1087,0.0879,0.0
HYD-HY0089,Hyderabad,2024-11-24,11,Winter,0.0,15.0,110.6,152.6,0,4,0.1327,0.057,0.1122
AHM-AH0059,Ahmedabad,2024-09-13,9,Monsoon,39.58,32.7,120.8,162.3,0,3,0.5332,0.0969,0.0421
HYD-HY0128,Hyderabad,2025-03-09,3,Summer,3.25,26.5,30.0,73.3,0,3,0.0296,0.0671,0.0
AHM-AH0038,Ahmedabad,2024-05-07,5,Summer,1.98,48.0,114.9,151.6,0,1,0.4536,0.0108,0.0751
AHM-AH0148,Ahmedabad,2024-09-27,9,Monsoon,11.44,28.8,111.0,136.8,0,3,0.0835,0.1213,0.0
DEL-DE0033,Delhi,2024-09-24,9,Monsoon,34.1,34.9,57.2,76.9,0,3,0.4388,0.0632,0.0627
KOL-KO0054,Kolkata,2025-09-23,9,Monsoon,33.28,32.8,84.3,117.4,0,3,0.3441,0.1215,0.0757
KOL-KO0143,Kolkata,2025-09-02,9,Monsoon,22.81,21.1,118.8,145.2,0,3,0.345,0.0014,0.0438
MUM-MU0156,Mumbai,2026-03-22,3,Summer,17.4,20.2,101.2,131.0,0,2,0.0832,0.0703,0.0496
DEL-DE0038,Delhi,2026-02-21,2,Winter,8.51,15.0,471.9,503.2,0,1,0.0,0.0728,0.9688
DEL-DE0068,Delhi,2024-09-03,9,Monsoon,4.27,34.8,95.3,128.5,0,2,0.1188,0.0313,0.0028
MUM-MU0035,Mumbai,2026-03-13,3,Summer,22.86,48.0,102.9,151.7,0,4,0.3579,0.0972,0.0404
KOL-KO0182,Kolkata,2025-01-26,1,Winter,3.57,27.6,178.2,212.2,1,3,0.2507,0.2718,0.1928
CHE-CH0113,Chennai,2025-07-30,7,Monsoon,35.3,25.7,88.1,116.2,0,4,0.4435,0.0,0.0
CHE-CH0038,Chennai,2026-03-30,3,Summer,19.15,35.7,110.8,126.7,0,1,0.1567,0.0141,0.037
AHM-AH0015,Ahmedabad,2026-01-06,1,Winter,9.59,15.0,76.6,118.2,0,3,0.0906,0.0653,0.0
CHE-CH0142,Chennai,2024-11-04,11,Winter,5.18,19.0,49.5,71.0,0,3,0.0296,0.0564,0.0594
DEL-DE0084,Delhi,2026-02-01,2,Winter,0.0,30.2,500.0,518.5,0,4,0.076,0.079,0.8802
KOL-KO0105,Kolkata,2026-03-06,3,Summer,5.48,40.3,171.3,198.0,0,4,0.0,0.0766,0.2116
PUN-PU0023,Pune,2024-11-05,11,Winter,0.0,16.5,113.5,156.9,0,3,0.0173,0.0,0.0985
HYD-HY0071,Hyderabad,2024-10-15,10,Winter,9.81,17.4,144.5,169.0,0,4,0.1733,0.0133,0.1026
AHM-AH0163,Ahmedabad,2026-03-14,3,Summer,20.71,44.9,93.0,139.3,0,4,0.3838,0.0383,0.0
CHE-CH0100,Chennai,2025-03-16,3,Summer,0.0,40.4,84.4,119.2,0,4,0.0,0.0,0.0248
DEL-DE0152,Delhi,2024-11-17,11,Winter,0.0,20.7,222.5,237.6,0,2,0.0734,0.0474,0.2822
AHM-AH0053,Ahmedabad,2024-09-12,9,Monsoon,29.49,28.2,83.9,94.8,0,3,0.327,0.0795,0.0448
CHE-CH0023,Chennai,2024-08-14,8,Monsoon,15.97,28.4,110.2,159.1,0,4,0.0718,0.0879,0.0346
MUM-MU0058,Mumbai,2024-09-01,9,Monsoon,13.67,28.4,112.8,140.5,0,4,0.1879,0.0506,0.0675
AHM-AH0124,Ahmedabad,2026-02-04,2,Winter,9.74,28.0,103.9,147.3,0,1,0.0496,0.0309,0.0004
DEL-DE0042,Delhi,2025-07-07,7,Monsoon,22.1,34.2,179.4,227.5,0,2,0.2834,0.0743,0.2555
BEN-BE0055,Bengaluru,2024-12-25,12,Winter,0.0,16.5,146.9,164.1,0,2,0.0684,0.0234,0.1344
DEL-DE0063,Delhi,2025-12-11,12,Winter,4.9,25.4,308.6,320.4,0,3,0.1448,0.0355,0.5334
AHM-AH0021,Ahmedabad,2025-10-11,10,Winter,1.36,23.1,162.6,200.0,0,5,0.1254,0.0938,0.2064
DEL-DE0091,Delhi,2025-06-19,6,Monsoon,29.72,31.3,114.6,125.4,0,4,0.3092,0.0845,0.1558
AHM-AH0009,Ahmedabad,2025-09-17,9,Monsoon,0.0,38.3,115.2,163.2,0,4,0.2734,0.0,0.0977
BEN-BE0064,Bengaluru,2024-08-05,8,Monsoon,56.53,28.5,127.0,158.7,0,3,0.6429,0.0878,0.0928
CHE-CH0029,Chennai,2025-09-16,9,Monsoon,32.73,26.3,81.4,113.9,0,2,0.3789,0.0884,0.0073
DEL-DE0056,Delhi,2026-02-17,2,Winter,3.95,20.9,311.9,324.9,1,2,0.0184,0.2513,0.5876
BEN-BE0029,Bengaluru,2025-08-19,8,Monsoon,13.53,32.2,137.7,166.3,0,2,0.1573,0.0301,0.1774
DEL-DE0066,Delhi,2025-09-11,9,Monsoon,23.39,36.0,81.6,101.6,0,1,0.3189,0.0772,0.0064
MUM-MU0160,Mumbai,2025-01-11,1,Winter,28.04,17.6,103.8,152.1,0,3,0.2952,0.0424,0.0044
AHM-AH0014,Ahmedabad,2024-12-08,12,Winter,4.44,23.8,30.0,68.7,0,3,0.1268,0.084,0.0
AHM-AH0162,Ahmedabad,2025-08-25,8,Monsoon,28.56,40.3,103.4,120.6,0,5,0.4046,0.0056,0.0
DEL-DE0028,Delhi,2026-03-04,3,Summer,0.0,33.5,75.7,111.2,0,2,0.0,0.0279,0.0663
MUM-MU0159,Mumbai,2025-07-14,7,Monsoon,58.4,31.7,94.4,116.0,0,2,0.5974,0.0227,0.0382
MUM-MU0038,Mumbai,2024-09-17,9,Monsoon,44.32,24.5,125.1,144.8,0,3,0.5458,0.0483,0.1338
AHM-AH0186,Ahmedabad,2025-09-23,9,Monsoon,0.0,33.9,116.9,162.6,0,3,0.1128,0.0314,0.0087
KOL-KO0191,Kolkata,2025-09-05,9,Monsoon,18.25,34.3,150.7,190.5,0,2,0.0285,0.0162,0.0501
AHM-AH0151,Ahmedabad,2024-09-20,9,Monsoon,5.42,31.7,55.3,65.9,0,4,0.1268,0.091,0.0609
KOL-KO0083,Kolkata,2024-12-25,12,Winter,0.81,19.9,170.3,198.2,2,3,0.071,0.304,0.1476
MUM-MU0087,Mumbai,2025-05-16,5,Summer,5.44,45.5,194.9,241.6,0,2,0.3874,0.0116,0.2211
BEN-BE0002,Bengaluru,2026-01-09,1,Winter,9.61,17.2,95.8,115.7,2,1,0.0875,0.3152,0.0938
DEL-DE0020,Delhi,2025-10-01,10,Winter,2.1,26.5,376.1,416.2,1,5,0.0585,0.1541,0.7602
MUM-MU0067,Mumbai,2024-05-18,5,Summer,9.57,33.5,111.2,128.2,0,3,0.1211,0.0486,0.0297
PUN-PU0151,Pune,2024-08-15,8,Monsoon,0.15,34.3,46.0,80.1,0,3,0.0391,0.009,0.0801
HYD-HY0051,Hyderabad,2024-06-04,6,Monsoon,22.87,27.2,45.9,62.7,0,3,0.3351,0.0215,0.1011
PUN-PU0014,Pune,2024-07-18,7,Monsoon,8.17,30.2,64.1,88.0,0,2,0.0,0.0651,0.0
MUM-MU0121,Mumbai,2025-01-26,1,Winter,12.14,20.3,129.4,165.0,0,4,0.0402,0.0117,0.1821
KOL-KO0160,Kolkata,2024-04-09,4,Summer,0.0,26.6,196.1,220.0,0,2,0.1171,0.0606,0.2557
DEL-DE0043,Delhi,2026-01-16,1,Winter,6.56,19.4,381.7,405.9,0,3,0.2177,0.0,0.7345
BEN-BE0118,Bengaluru,2024-08-07,8,Monsoon,28.28,24.9,119.4,162.5,0,3,0.3557,0.1125,0.0014
MUM-MU0088,Mumbai,2024-07-14,7,Monsoon,7.55,28.9,139.5,157.5,0,5,0.1259,0.0441,0.0641
MUM-MU0135,Mumbai,2025-02-12,2,Winter,0.0,25.7,188.9,205.7,1,3,0.1454,0.1844,0.2641
CHE-CH0017,Chennai,2024-08-22,8,Monsoon,8.73,30.2,112.6,127.8,0,4,0.0,0.0844,0.117
PUN-PU0167,Pune,2024-08-05,8,Monsoon,6.78,24.8,81.9,104.7,0,3,0.0045,0.0928,0.0
MUM-MU0021,Mumbai,2024-12-17,12,Winter,11.67,16.1,222.9,251.7,0,4,0.0154,0.0,0.3494
AHM-AH0145,Ahmedabad,2024-08-24,8,Monsoon,12.7,25.1,82.8,109.0,0,4,0.0657,0.0483,0.0
MUM-MU0197,Mumbai,2024-09-01,9,Monsoon,26.99,31.7,85.4,106.1,0,1,0.3369,0.0562,0.0
DEL-DE0053,Delhi,2026-02-03,2,Winter,0.0,27.2,378.8,390.7,0,4,0.089,0.1007,0.6679
PUN-PU0032,Pune,2025-11-27,11,Winter,1.89,15.0,30.0,55.5,0,3,0.0,0.0361,0.0732
BEN-BE0020,Bengaluru,2024-05-25,5,Summer,6.8,29.1,140.9,156.9,0,2,0.1348,0.067,0.1714
PUN-PU0003,Pune,2025-08-31,8,Monsoon,2.8,34.0,61.0,77.6,0,1,0.0036,0.0402,0.0499
BEN-BE0009,Bengaluru,2024-05-28,5,Summer,7.47,42.9,85.8,101.1,0,1,0.2469,0.0496,0.0422
DEL-DE0178,Delhi,2024-04-06,4,Summer,8.39,48.0,115.0,130.9,1,2,0.5774,0.2162,0.0787
PUN-PU0173,Pune,2026-03-10,3,Summer,20.09,45.2,87.4,134.1,0,5,0.3002,0.0663,0.0
CHE-CH0119,Chennai,2025-01-30,1,Winter,0.69,35.0,53.2,101.7,0,4,0.1422,0.1158,0.0572
MUM-MU0059,Mumbai,2025-10-29,10,Winter,0.0,16.7,106.1,133.5,0,3,0.0162,0.0,0.0898
MUM-MU0185,Mumbai,2025-08-20,8,Monsoon,51.65,28.5,150.9,194.3,0,3,0.576,0.0931,0.0934
DEL-DE0098,Delhi,2024-07-10,7,Monsoon,25.24,26.3,121.5,134.8,0,2,0.3682,0.0415,0.0712
AHM-AH0128,Ahmedabad,2025-11-22,11,Winter,0.23,21.1,117.0,151.7,0,3,0.1696,0.0394,0.0042
BEN-BE0168,Bengaluru,2025-08-31,8,Monsoon,32.82,29.3,62.2,80.1,0,3,0.4477,0.0278,0.0238
HYD-HY0187,Hyderabad,2024-12-04,12,Winter,5.1,23.5,118.2,163.6,0,3,0.1942,0.0629,0.0
CHE-CH0112,Chennai,2025-03-17,3,Summer,11.5,24.8,120.6,145.9,0,4,0.0933,0.0547,0.1349
CHE-CH0121,Chennai,2024-10-12,10,Winter,0.99,20.2,93.9,117.1,0,1,0.1248,0.1028,0.0
DEL-DE0128,Delhi,2026-01-10,1,Winter,12.62,26.7,280.3,292.5,1,1,0.0889,0.1846,0.4947
HYD-HY0025,Hyderabad,2024-12-21,12,Winter,0.9,16.1,83.2,114.8,0,3,0.1112,0.0729,0.0
AHM-AH0199,Ahmedabad,2025-04-04,4,Summer,0.0,43.5,56.6,76.0,0,3,0.3211,0.0798,0.0903
AHM-AH0092,Ahmedabad,2025-11-03,11,Winter,3.17,27.2,85.7,128.3,0,3,0.1403,0.0718,0.0253
PUN-PU0055,Pune,2024-06-09,6,Monsoon,5.62,23.4,175.3,205.1,0,3,0.013,0.0238,0.1544
BEN-BE0095,Bengaluru,2024-11-05,11,Winter,0.0,15.0,164.1,190.3,0,3,0.1735,0.0,0.1642
HYD-HY0034,Hyderabad,2025-09-29,9,Monsoon,16.35,26.7,175.7,218.4,0,5,0.0678,0.0487,0.3135
HYD-HY0167,Hyderabad,2025-04-08,4,Summer,9.65,41.5,68.7,115.4,1,4,0.0498,0.1967,0.064
MUM-MU0139,Mumbai,2025-01-29,1,Winter,2.0,20.0,95.7,133.9,0,4,0.0232,0.1082,0.0716
DEL-DE0002,Delhi,2025-07-12,7,Monsoon,12.21,35.2,93.6,127.1,0,3,0.0,0.0,0.0585
HYD-HY0184,Hyderabad,2026-03-09,3,Summer,20.92,41.6,108.9,147.2,0,2,0.3214,0.0276,0.0664
AHM-AH0163,Ahmedabad,2025-04-29,4,Summer,2.21,36.4,125.5,141.3,0,1,0.0,0.0877,0.089
MUM-MU0028,Mumbai,2025-03-01,3,Summer,9.41,28.8,63.6,92.2,1,1,0.083,0.1501,0.0
HYD-HY0083,Hyderabad,2026-01-18,1,Winter,0.0,20.7,80.1,101.7,0,3,0.0,0.087,0.1005
BEN-BE0044,Bengaluru,2026-02-08,2,Winter,5.08,15.0,97.6,136.2,0,1,0.1185,0.0,0.0637
AHM-AH0065,Ahmedabad,2025-12-04,12,Winter,0.0,19.0,122.3,146.1,0,3,0.0,0.042,0.0691
DEL-DE0192,Delhi,2026-01-10,1,Winter,0.0,18.5,392.5,429.4,1,1,0.0557,0.1859,0.7056
BEN-BE0177,Bengaluru,2025-05-25,5,Summer,9.6,36.5,53.4,99.4,0,5,0.0952,0.1148,0.0175
DEL-DE0151,Delhi,2025-07-31,7,Monsoon,0.0,34.9,159.3,191.5,0,1,0.0646,0.0329,0.213
AHM-AH0144,Ahmedabad,2025-12-03,12,Winter,4.66,34.8,116.5,142.7,0,5,0.2337,0.1087,0.0064
HYD-HY0100,Hyderabad,2024-11-07,11,Winter,4.47,23.8,30.0,50.5,1,2,0.1303,0.1833,0.0271
MUM-MU0008,Mumbai,2026-01-26,1,Winter,1.68,27.9,127.9,147.9,0,2,0.2016,0.0538,0.0865
AHM-AH0085,Ahmedabad,2025-06-07,6,Monsoon,17.35,28.3,121.3,139.7,0,2,0.0661,0.0,0.1035
DEL-DE0002,Delhi,2024-05-20,5,Summer,13.81,39.6,39.7,58.6,0,4,0.0617,0.0595,0.0
BEN-BE0038,Bengaluru,2025-12-22,12,Winter,4.83,15.0,118.2,144.1,1,3,0.0386,0.2138,0.1016
HYD-HY0032,Hyderabad,2026-01-10,1,Winter,2.41,23.8,107.4,143.5,0,3,0.1047,0.117,0.0495
AHM-AH0049,Ahmedabad,2026-02-15,2,Winter,1.72,19.3,111.5,146.3,0,1,0.2257,0.1111,0.0371
KOL-KO0172,Kolkata,2025-05-19,5,Summer,16.1,45.2,101.5,112.9,0,2,0.3179,0.0598,0.0702
CHE-CH0150,Chennai,2024-12-17,12,Winter,0.0,24.0,92.1,141.2,1,3,0.0648,0.2617,0.084
AHM-AH0029,Ahmedabad,2025-08-17,8,Monsoon,21.46,29.3,63.6,98.9,0,3,0.269,0.0464,0.0
PUN-PU0007,Pune,2024-07-15,7,Monsoon,38.47,32.1,95.5,113.1,0,3,0.4421,0.0,0.0108
DEL-DE0179,Delhi,2026-03-30,3,Summer,11.8,47.6,100.4,128.2,0,3,0.4636,0.0727,0.0372
KOL-KO0100,Kolkata,2025-02-01,2,Winter,6.23,19.5,236.3,247.6,0,3,0.0849,0.1288,0.4113
PUN-PU0179,Pune,2024-04-02,4,Summer,6.05,33.2,152.5,165.1,1,3,0.1937,0.16,0.1808
DEL-DE0019,Delhi,2026-02-11,2,Winter,2.67,27.9,406.2,455.9,0,3,0.2263,0.0,0.7735
DEL-DE0170,Delhi,2024-09-21,9,Monsoon,24.24,37.3,76.6,100.6,0,3,0.3506,0.0781,0.0224
CHE-CH0126,Chennai,2024-12-26,12,Winter,4.91,16.9,124.4,161.4,0,2,0.1647,0.0117,0.0738
CHE-CH0177,Chennai,2025-01-31,1,Winter,0.72,31.1,56.0,100.9,0,4,0.0041,0.0254,0.0
KOL-KO0068,Kolkata,2024-12-24,12,Winter,0.0,23.0,75.1,88.2,0,2,0.1622,0.0344,0.0193
BEN-BE0038,Bengaluru,2024-09-01,9,Monsoon,24.9,21.0,147.7,185.2,0,3,0.3883,0.0392,0.234
HYD-HY0053,Hyderabad,2026-03-02,3,Summer,12.14,30.2,121.9,140.8,3,3,0.1998,0.5098,0.029
BEN-BE0066,Bengaluru,2026-03-14,3,Summer,0.0,28.7,106.4,124.1,0,2,0.0441,0.0184,0.025
KOL-KO0034,Kolkata,2026-02-15,2,Winter,10.24,15.4,161.1,171.2,0,3,0.1654,0.0624,0.1815
DEL-DE0031,Delhi,2025-02-20,2,Winter,5.81,22.4,419.4,458.9,0,3,0.0375,0.1216,0.8556
AHM-AH0159,Ahmedabad,2025-02-11,2,Winter,8.17,21.8,70.6,107.2,0,3,0.2346,0.0016,0.0613
CHE-CH0043,Chennai,2025-11-12,11,Winter,7.94,15.0,78.7,101.2,1,4,0.1685,0.0787,0.0119
DEL-DE0053,Delhi,2026-01-20,1,Winter,0.0,19.0,419.6,439.6,0,1,0.1495,0.0273,0.7641
KOL-KO0154,Kolkata,2026-02-13,2,Winter,2.22,20.2,199.3,227.4,0,1,0.2083,0.0674,0.3474
DEL-DE0025,Delhi,2025-02-27,2,Winter,2.41,33.3,265.8,308.0,0,4,0.0256,0.0733,0.4068
HYD-HY0064,Hyderabad,2025-09-15,9,Monsoon,9.83,32.5,77.2,103.9,0,5,0.1267,0.061,0.0068
DEL-DE0078,Delhi,2025-06-27,6,Monsoon,16.21,31.2,125.7,159.0,0,3,0.0,0.0597,0.1007
HYD-HY0015,Hyderabad,2025-05-26,5,Summer,12.74,40.6,103.7,128.9,0,2,0.0561,0.009,0.0083
AHM-AH0161,Ahmedabad,2024-09-17,9,Monsoon,10.15,35.1,70.7,114.5,0,2,0.0513,0.1378,0.0206
CHE-CH0139,Chennai,2026-02-14,2,Winter,0.0,23.9,31.4,52.6,0,3,0.0904,0.0448,0.038
AHM-AH0043,Ahmedabad,2024-09-26,9,Monsoon,36.62,31.8,110.3,125.3,0,4,0.4964,0.0,0.0912
BEN-BE0190,Bengaluru,2024-05-30,5,Summer,21.03,24.5,76.1,116.8,0,2,0.3106,0.0761,0.0628
HYD-HY0141,Hyderabad,2025-08-31,8,Monsoon,30.09,35.3,133.4,158.7,0,3,0.4347,0.0647,0.0991
AHM-AH0078,Ahmedabad,2026-01-29,1,Winter,4.5,19.5,70.5,103.3,0,3,0.0397,0.1191,0.0013
MUM-MU0083,Mumbai,2025-09-09,9,Monsoon,31.48,26.2,140.7,178.1,0,3,0.4234,0.0777,0.1056
MUM-MU0168,Mumbai,2025-07-14,7,Monsoon,10.29,36.1,78.7,116.5,0,1,0.0927,0.0657,0.0026
CHE-CH0071,Chennai,2024-07-05,7,Monsoon,23.18,35.8,67.5,82.9,0,2,0.3242,0.0666,0.0
HYD-HY0011,Hyderabad,2025-05-11,5,Summer,2.9,48.0,36.0,69.0,0,3,0.4833,0.0866,0.0118
DEL-DE0036,Delhi,2024-06-12,6,Monsoon,31.61,34.8,107.4,128.3,0,5,0.4381,0.0658,0.0809
CHE-CH0188,Chennai,2025-11-01,11,Winter,5.42,21.9,96.1,128.0,1,1,0.1859,0.16,0.0478
BEN-BE0180,Bengaluru,2026-03-02,3,Summer,2.48,27.8,93.3,134.1,0,3,0.1161,0.0,0.0709
KOL-KO0135,Kolkata,2025-10-25,10,Winter,0.0,20.5,146.8,186.4,1,1,0.2283,0.205,0.115
PUN-PU0029,Pune,2025-01-09,1,Winter,12.8,32.6,121.5,150.8,0,1,0.0646,0.0,0.086
AHM-AH0107,Ahmedabad,2026-01-30,1,Winter,0.0,24.7,163.9,194.4,0,5,0.0526,0.0326,0.2112
CHE-CH0038,Chennai,2025-02-17,2,Winter,9.87,15.0,121.2,154.2,0,3,0.0933,0.1039,0.0396
AHM-AH0007,Ahmedabad,2025-04-09,4,Summer,0.0,44.0,38.8,65.5,0,3,0.3085,0.0654,0.005
KOL-KO0109,Kolkata,2026-02-13,2,Winter,5.92,15.0,119.6,168.3,0,4,0.0973,0.1162,0.154
BEN-BE0062,Bengaluru,2024-05-14,5,Summer,8.47,36.6,130.8,144.2,0,3,0.0,0.0493,0.0902
HYD-HY0134,Hyderabad,2024-12-11,12,Winter,0.0,17.6,131.0,161.6,1,2,0.0761,0.1809,0.1467
KOL-KO0034,Kolkata,2024-10-26,10,Winter,0.0,20.0,163.3,199.1,0,2,0.1685,0.1117,0.2347
BEN-BE0195,Bengaluru,2025-08-25,8,Monsoon,8.92,28.0,82.9,100.9,0,3,0.0897,0.1075,0.0339
KOL-KO0076,Kolkata,2024-07-23,7,Monsoon,4.48,29.8,164.4,195.4,0,2,0.0867,0.1084,0.1814
DEL-DE0186,Delhi,2025-09-28,9,Monsoon,50.41,31.4,113.2,153.2,0,4,0.6246,0.0,0.0715
MUM-MU0142,Mumbai,2025-04-24,4,Summer,16.7,37.2,224.0,255.4,0,3,0.1209,0.0666,0.368
KOL-KO0174,Kolkata,2024-04-09,4,Summer,12.08,30.9,195.8,212.6,0,1,0.0911,0.1118,0.2342
PUN-PU0190,Pune,2024-05-30,5,Summer,0.0,34.0,81.0,101.5,0,5,0.0181,0.0,0.0531
CHE-CH0152,Chennai,2025-04-21,4,Summer,7.06,42.8,108.2,119.5,0,2,0.2049,0.0686,0.0591
DEL-DE0167,Delhi,2026-03-20,3,Summer,0.0,39.4,93.9,135.5,0,3,0.1998,0.1028,0.0119
MUM-MU0026,Mumbai,2026-03-16,3,Summer,0.0,39.2,181.0,197.8,0,1,0.1445,0.0325,0.3113
PUN-PU0180,Pune,2024-07-17,7,Monsoon,24.89,21.6,110.3,134.1,0,1,0.3388,0.0516,0.0554
HYD-HY0006,Hyderabad,2024-06-19,6,Monsoon,8.06,31.3,156.5,190.1,0,4,0.0242,0.0958,0.1451
PUN-PU0176,Pune,2024-12-17,12,Winter,9.51,26.2,87.4,100.4,1,1,0.0915,0.2683,0.0
DEL-DE0015,Delhi,2025-09-15,9,Monsoon,50.13,33.1,68.0,94.5,0,4,0.6335,0.0781,0.0519
KOL-KO0011,Kolkata,2025-01-10,1,Winter,0.8,27.2,69.3,95.0,0,3,0.1924,0.091,0.0072
KOL-KO0097,Kolkata,2025-11-16,11,Winter,11.57,24.0,153.0,174.8,0,1,0.1262,0.0549,0.1583
HYD-HY0070,Hyderabad,2026-03-22,3,Summer,0.0,44.4,69.1,117.8,0,2,0.2111,0.0641,0.0059
PUN-PU0148,Pune,2024-10-11,10,Winter,0.0,22.9,102.3,122.6,0,4,0.1514,0.0997,0.0307
PUN-PU0185,Pune,2025-02-25,2,Winter,5.2,17.3,99.4,130.7,0,2,0.0311,0.0927,0.0
MUM-MU0174,Mumbai,2024-12-26,12,Winter,4.53,28.0,106.5,133.5,0,2,0.2447,0.0,0.0374
DEL-DE0044,Delhi,2025-09-12,9,Monsoon,15.75,30.1,69.6,117.1,0,3,0.0049,0.0468,0.0968
DEL-DE0093,Delhi,2025-12-26,12,Winter,3.91,22.2,243.8,285.8,0,3,0.133,0.0751,0.338
KOL-KO0008,Kolkata,2025-03-19,3,Summer,8.43,38.5,136.8,174.2,0,4,0.0078,0.0617,0.0972
KOL-KO0020,Kolkata,2025-10-29,10,Winter,0.0,24.0,159.7,205.8,0,3,0.1796,0.019,0.2367
AHM-AH0023,Ahmedabad,2025-02-26,2,Winter,0.13,25.9,100.9,125.6,0,1,0.1651,0.0166,0.0019
PUN-PU0009,Pune,2024-05-23,5,Summer,0.0,38.4,115.0,141.2,0,2,0.2024,0.124,0.0838
DEL-DE0008,Delhi,2024-06-21,6,Monsoon,21.6,28.6,121.2,150.5,0,3,0.3609,0.1012,0.0
AHM-AH0118,Ahmedabad,2025-04-02,4,Summer,5.53,26.7,115.5,131.8,0,5,0.1467,0.0126,0.0509
DEL-DE0145,Delhi,2025-10-07,10,Winter,11.57,26.3,233.4,262.5,0,4,0.1655,0.012,0.4986
MUM-MU0132,Mumbai,2025-10-17,10,Winter,2.72,25.3,148.5,180.7,0,3,0.037,0.143,0.1333
CHE-CH0144,Chennai,2026-03-26,3,Summer,0.0,39.5,64.1,111.4,0,1,0.1254,0.1062,0.0772
BEN-BE0007,Bengaluru,2025-02-11,2,Winter,0.0,21.7,123.7,149.3,1,4,0.1426,0.1792,0.0996
CHE-CH0093,Chennai,2024-07-16,7,Monsoon,4.28,38.6,40.2,79.7,0,1,0.131,0.1101,0.0
BEN-BE0010,Bengaluru,2025-05-03,5,Summer,0.0,27.4,89.9,132.0,1,4,0.0512,0.2041,0.1396
PUN-PU0018,Pune,2025-12-28,12,Winter,0.0,15.0,80.8,122.3,0,2,0.0583,0.0559,0.0
KOL-KO0027,Kolkata,2024-08-15,8,Monsoon,44.14,31.1,185.1,201.2,0,2,0.5743,0.0397,0.2155
DEL-DE0051,Delhi,2025-01-04,1,Winter,9.05,22.2,395.1,416.5,1,2,0.0255,0.253,0.731
BEN-BE0076,Bengaluru,2025-10-30,10,Winter,0.0,29.8,80.3,93.6,0,2,0.0662,0.074,0.0251
KOL-KO0069,Kolkata,2025-01-18,1,Winter,7.56,24.4,51.7,69.6,0,3,0.0662,0.102,0.036
AHM-AH0085,Ahmedabad,2025-01-04,1,Winter,3.99,21.4,134.5,164.2,0,2,0.0,0.004,0.0836
HYD-HY0022,Hyderabad,2025-04-17,4,Summer,14.1,48.0,66.0,103.3,0,5,0.4889,0.0183,0.0738
BEN-BE0170,Bengaluru,2024-11-10,11,Winter,6.09,18.4,94.9,111.7,0,3,0.3032,0.0165,0.0652
AHM-AH0166,Ahmedabad,2025-01-14,1,Winter,0.0,21.0,85.7,101.9,0,3,0.221,0.0335,0.0501
AHM-AH0061,Ahmedabad,2026-02-25,2,Winter,0.0,19.9,71.3,94.3,0,5,0.0434,0.025,0.0251
AHM-AH0168,Ahmedabad,2024-10-24,10,Winter,3.75,26.5,106.4,122.0,0,2,0.094,0.1025,0.1287
HYD-HY0191,Hyderabad,2024-10-15,10,Winter,5.5,15.0,108.4,154.5,0,4,0.0072,0.0191,0.0391
PUN-PU0015,Pune,2024-06-27,6,Monsoon,19.07,40.8,82.3,116.7,0,3,0.1863,0.1101,0.0334
BEN-BE0159,Bengaluru,2025-06-13,6,Monsoon,7.06,30.3,146.9,174.9,0,4,0.0994,0.0386,0.1272
AHM-AH0148,Ahmedabad,2025-07-10,7,Monsoon,5.3,37.1,86.6,124.3,0,3,0.1496,0.1068,0.0187
PUN-PU0118,Pune,2025-03-14,3,Summer,6.51,48.0,95.1,137.2,0,2,0.3904,0.0169,0.0268
KOL-KO0019,Kolkata,2024-12-04,12,Winter,3.93,19.6,73.3,122.4,0,4,0.0439,0.0,0.0581
CHE-CH0129,Chennai,2024-08-10,8,Monsoon,10.36,31.5,105.6,122.3,0,3,0.2056,0.0405,0.1232
KOL-KO0174,Kolkata,2024-12-08,12,Winter,12.08,19.8,184.5,214.9,0,3,0.0565,0.0236,0.2038
PUN-PU0165,Pune,2024-06-30,6,Monsoon,16.66,21.3,135.5,184.8,0,2,0.0478,0.0841,0.089
PUN-PU0035,Pune,2025-06-26,6,Monsoon,8.51,29.0,97.3,123.3,0,2,0.0,0.0651,0.0776
KOL-KO0028,Kolkata,2025-09-08,9,Monsoon,11.3,30.0,139.5,182.7,0,2,0.1512,0.0758,0.0811
KOL-KO0192,Kolkata,2026-02-10,2,Winter,0.0,25.4,161.1,206.7,0,3,0.0,0.0877,0.2149
HYD-HY0047,Hyderabad,2024-04-02,4,Summer,3.52,31.1,183.9,198.5,0,3,0.0464,0.0,0.1974
BEN-BE0171,Bengaluru,2025-07-09,7,Monsoon,13.1,20.7,178.3,195.4,0,3,0.1136,0.0758,0.2134
DEL-DE0101,Delhi,2025-02-02,2,Winter,7.52,22.3,415.5,452.7,2,5,0.2355,0.2958,0.8754
AHM-AH0172,Ahmedabad,2024-06-19,6,Monsoon,2.93,34.6,89.7,120.4,0,3,0.1007,0.0085,0.0
KOL-KO0131,Kolkata,2025-07-21,7,Monsoon,13.0,37.3,80.4,113.3,0,1,0.2568,0.0,0.0685
DEL-DE0021,Delhi,2025-02-07,2,Winter,4.44,24.6,192.3,238.1,0,2,0.1256,0.0942,0.1929
DEL-DE0050,Delhi,2025-07-09,7,Monsoon,17.68,32.0,56.6,90.9,0,1,0.0314,0.0938,0.0
BEN-BE0113,Bengaluru,2025-06-07,6,Monsoon,22.54,26.9,96.3,123.4,1,3,0.2934,0.1505,0.0
HYD-HY0002,Hyderabad,2025-11-30,11,Winter,4.12,33.4,94.2,110.2,0,1,0.077,0.0034,0.0668
HYD-HY0018,Hyderabad,2025-04-18,4,Summer,10.89,37.8,70.0,113.0,0,1,0.1127,0.0961,0.0164
BEN-BE0072,Bengaluru,2024-12-27,12,Winter,2.24,15.0,84.0,97.8,0,3,0.2446,0.0828,0.0688
PUN-PU0086,Pune,2025-03-22,3,Summer,0.0,33.8,108.6,153.6,0,2,0.1701,0.0,0.0552
DEL-DE0075,Delhi,2024-10-23,10,Winter,0.0,25.2,352.7,368.5,0,1,0.0376,0.0658,0.6014
MUM-MU0060,Mumbai,2025-05-16,5,Summer,8.21,42.1,146.1,186.6,1,2,0.1234,0.1472,0.136
DEL-DE0003,Delhi,2025-11-23,11,Winter,0.28,27.7,235.5,283.4,0,1,0.0375,0.1081,0.3685
AHM-AH0111,Ahmedabad,2025-07-03,7,Monsoon,25.19,32.2,58.3,92.9,0,5,0.3474,0.1088,0.0723
MUM-MU0108,Mumbai,2025-04-22,4,Summer,0.0,48.0,172.6,199.1,0,3,0.4963,0.0016,0.1982
MUM-MU0139,Mumbai,2025-12-25,12,Winter,0.0,27.7,147.2,178.7,0,2,0.0377,0.0,0.1058
HYD-HY0020,Hyderabad,2024-09-16,9,Monsoon,23.73,35.0,119.3,136.3,0,2,0.4943,0.0,0.077
PUN-PU0188,Pune,2026-02-27,2,Winter,7.91,18.8,128.9,178.2,0,1,0.0228,0.0758,0.0835
MUM-MU0054,Mumbai,2026-01-29,1,Winter,0.0,23.6,106.1,154.4,1,3,0.0276,0.1733,0.0344
DEL-DE0166,Delhi,2025-12-21,12,Winter,0.0,21.8,213.5,253.4,0,3,0.1202,0.0056,0.2907
CHE-CH0183,Chennai,2025-01-15,1,Winter,0.0,19.6,92.5,127.5,0,1,0.1257,0.0,0.0412
PUN-PU0038,Pune,2024-07-29,7,Monsoon,23.24,22.5,121.4,141.7,0,5,0.3126,0.0579,0.0619
PUN-PU0191,Pune,2025-06-22,6,Monsoon,37.07,17.3,56.8,70.6,0,1,0.414,0.0397,0.0
CHE-CH0069,Chennai,2025-04-23,4,Summer,5.31,37.5,38.5,73.8,0,1,0.1008,0.057,0.0464
DEL-DE0112,Delhi,2025-07-20,7,Monsoon,6.53,29.8,123.9,139.2,0,4,0.173,0.0949,0.0725
CHE-CH0020,Chennai,2025-04-29,4,Summer,0.0,48.0,35.8,78.8,0,4,0.433,0.0903,0.0064
PUN-PU0073,Pune,2025-07-26,7,Monsoon,10.7,39.5,115.5,162.2,0,3,0.1265,0.0983,0.0588
PUN-PU0076,Pune,2025-01-15,1,Winter,0.0,15.0,90.0,112.7,0,1,0.2119,0.0,0.0543
MUM-MU0197,Mumbai,2025-08-16,8,Monsoon,12.99,26.3,58.0,94.4,0,3,0.0484,0.0554,0.0259
AHM-AH0156,Ahmedabad,2025-09-15,9,Monsoon,7.34,31.3,87.7,131.8,0,3,0.1299,0.0364,0.0534
MUM-MU0156,Mumbai,2025-01-07,1,Winter,8.77,22.0,54.2,78.5,0,5,0.0972,0.1327,0.0033
PUN-PU0153,Pune,2025-09-27,9,Monsoon,29.53,29.9,190.3,213.5,0,2,0.4336,0.0,0.3441
AHM-AH0139,Ahmedabad,2024-12-06,12,Winter,0.0,17.8,146.8,164.3,0,4,0.1494,0.0548,0.1992
HYD-HY0064,Hyderabad,2026-03-24,3,Summer,11.26,38.3,50.0,68.9,0,3,0.1825,0.0,0.0151
AHM-AH0171,Ahmedabad,2025-12-08,12,Winter,4.41,29.4,30.0,73.0,0,3,0.0995,0.073,0.0324
HYD-HY0008,Hyderabad,2024-09-25,9,Monsoon,24.38,31.3,115.2,126.4,0,3,0.3657,0.1044,0.0823
KOL-KO0154,Kolkata,2025-10-19,10,Winter,0.0,25.0,159.1,177.6,0,3,0.1306,0.0265,0.2544
BEN-BE0013,Bengaluru,2024-08-09,8,Monsoon,26.08,30.5,80.5,126.9,0,1,0.3437,0.1366,0.0
CHE-CH0001,Chennai,2025-03-20,3,Summer,10.08,40.8,147.1,187.3,1,3,0.1443,0.1612,0.1664
PUN-PU0155,Pune,2026-02-06,2,Winter,0.0,22.3,121.4,150.7,0,5,0.2037,0.0,0.0732
HYD-HY0019,Hyderabad,2024-06-06,6,Monsoon,11.18,38.2,105.6,153.0,0,3,0.0842,0.0818,0.075
HYD-HY0004,Hyderabad,2025-06-24,6,Monsoon,18.8,37.2,106.1,133.6,0,3,0.041,0.0135,0.0307
HYD-HY0033,Hyderabad,2024-12-29,12,Winter,1.1,18.8,113.4,151.6,0,4,0.1731,0.082,0.1418
BEN-BE0135,Bengaluru,2026-03-14,3,Summer,3.04,40.0,133.7,163.8,0,1,0.1425,0.0164,0.0709
HYD-HY0110,Hyderabad,2025-06-09,6,Monsoon,45.06,28.1,145.7,170.6,1,1,0.5385,0.1958,0.1089
CHE-CH0103,Chennai,2025-12-21,12,Winter,4.44,15.0,131.3,165.0,0,1,0.0,0.0,0.1464
HYD-HY0107,Hyderabad,2025-09-11,9,Monsoon,31.3,26.2,45.1,81.7,0,3,0.4731,0.0207,0.0547
HYD-HY0119,Hyderabad,2026-02-19,2,Winter,4.52,27.9,42.6,66.9,0,1,0.1486,0.0468,0.0
MUM-MU0036,Mumbai,2025-03-17,3,Summer,7.15,42.0,190.8,228.5,0,3,0.0594,0.1292,0.2196
AHM-AH0164,Ahmedabad,2025-10-09,10,Winter,9.68,19.1,77.0,114.0,1,5,0.1436,0.2165,0.084
MUM-MU0064,Mumbai,2026-02-27,2,Winter,1.99,20.8,60.0,105.4,0,2,0.0718,0.0,0.0
KOL-KO0081,Kolkata,2025-03-06,3,Summer,12.99,42.6,228.4,274.8,0,1,0.2532,0.0396,0.3576
DEL-DE0043,Delhi,2025-02-11,2,Winter,0.0,28.8,413.4,436.0,0,4,0.017,0.0,0.8173
CHE-CH0185,Chennai,2025-11-13,11,Winter,7.81,28.4,137.7,172.1,0,1,0.0541,0.0074,0.1583
KOL-KO0121,Kolkata,2026-03-15,3,Summer,0.0,29.6,229.8,241.3,0,3,0.0,0.0396,0.4295
CHE-CH0044,Chennai,2024-05-03,5,Summer,19.22,43.2,81.2,124.3,0,2,0.311,0.0555,0.0225
CHE-CH0170,Chennai,2024-05-05,5,Summer,4.82,36.3,85.5,122.8,1,2,0.15,0.2333,0.1027
KOL-KO0106,Kolkata,2025-07-22,7,Monsoon,34.82,32.0,215.4,234.2,0,1,0.5279,0.1018,0.2875
KOL-KO0141,Kolkata,2025-07-27,7,Monsoon,36.65,30.2,42.2,76.0,0,4,0.4708,0.0506,0.0
MUM-MU0073,Mumbai,2024-11-07,11,Winter,6.7,21.1,100.8,123.0,0,5,0.2345,0.0,0.0
MUM-MU0067,Mumbai,2024-04-29,4,Summer,0.0,33.5,123.2,158.4,0,5,0.0618,0.1017,0.0764
DEL-DE0162,Delhi,2025-08-05,8,Monsoon,0.0,36.8,128.3,150.3,0,3,0.017,0.0496,0.1239
HYD-HY0140,Hyderabad,2024-10-09,10,Winter,4.23,37.1,65.5,84.2,0,2,0.1183,0.1118,0.0014
PUN-PU0150,Pune,2025-10-28,10,Winter,2.77,20.6,101.9,124.5,0,1,0.0788,0.0657,0.0054
AHM-AH0196,Ahmedabad,2025-05-01,5,Summer,12.76,42.3,90.4,110.4,0,2,0.272,0.0603,0.0583
AHM-AH0046,Ahmedabad,2025-07-09,7,Monsoon,7.04,33.0,149.0,176.9,0,3,0.1526,0.0666,0.2168
DEL-DE0136,Delhi,2026-01-22,1,Winter,4.24,29.7,395.1,424.7,0,1,0.0,0.0,0.8118
HYD-HY0006,Hyderabad,2024-05-11,5,Summer,6.72,40.0,75.1,108.2,0,4,0.1897,0.0668,0.0
KOL-KO0082,Kolkata,2025-09-29,9,Monsoon,27.48,24.4,104.0,145.9,0,1,0.4201,0.076,0.0424
DEL-DE0075,Delhi,2025-04-11,4,Summer,15.02,41.9,103.4,134.2,0,4,0.0136,0.0803,0.1008
CHE-CH0039,Chennai,2025-04-03,4,Summer,5.73,42.9,96.5,146.2,0,4,0.2644,0.0,0.1066
AHM-AH0065,Ahmedabad,2024-10-25,10,Winter,0.0,25.7,111.6,148.2,1,2,0.1906,0.111,0.0737
CHE-CH0196,Chennai,2025-12-29,12,Winter,0.0,27.2,62.1,104.6,0,2,0.1353,0.0403,0.0
KOL-KO0198,Kolkata,2024-08-23,8,Monsoon,13.11,26.2,100.8,123.2,0,1,0.0135,0.0754,0.064
AHM-AH0164,Ahmedabad,2025-01-18,1,Winter,0.0,27.7,79.1,94.6,0,1,0.0794,0.1239,0.0094
DEL-DE0024,Delhi,2024-05-01,5,Summer,2.91,43.1,107.7,147.1,1,3,0.2936,0.1865,0.0532
HYD-HY0165,Hyderabad,2025-05-31,5,Summer,16.65,40.3,109.3,151.7,0,1,0.0611,0.0892,0.0354
PUN-PU0182,Pune,2024-04-29,4,Summer,4.15,39.7,63.2,87.6,0,2,0.0,0.0636,0.0531
HYD-HY0004,Hyderabad,2026-02-25,2,Winter,0.0,15.0,145.4,183.4,0,1,0.0453,0.1086,0.1898
PUN-PU0151,Pune,2025-08-09,8,Monsoon,33.87,26.8,42.8,91.9,0,2,0.478,0.0355,0.0578
HYD-HY0134,Hyderabad,2024-07-23,7,Monsoon,21.42,36.4,163.3,183.7,0,1,0.3508,0.0034,0.206
AHM-AH0003,Ahmedabad,2025-11-11,11,Winter,1.62,21.2,88.3,123.7,0,1,0.2166,0.0401,0.0359
HYD-HY0104,Hyderabad,2024-12-11,12,Winter,0.0,29.2,98.9,115.0,0,2,0.0225,0.1255,0.0
HYD-HY0171,Hyderabad,2024-11-05,11,Winter,14.51,22.3,62.4,75.0,0,2,0.1469,0.0217,0.0138
KOL-KO0162,Kolkata,2024-05-24,5,Summer,0.0,47.1,158.5,195.6,0,3,0.4465,0.0,0.1492
KOL-KO0174,Kolkata,2024-06-05,6,Monsoon,7.55,29.0,139.7,172.9,0,3,0.1951,0.0629,0.1239
HYD-HY0151,Hyderabad,2025-05-20,5,Summer,16.77,33.0,93.5,106.5,0,5,0.022,0.0318,0.0
DEL-DE0120,Delhi,2026-02-12,2,Winter,0.0,23.7,413.7,442.7,0,3,0.1589,0.0534,0.7814
HYD-HY0037,Hyderabad,2026-01-01,1,Winter,7.47,23.8,51.5,96.7,0,4,0.2686,0.0,0.0807
MUM-MU0114,Mumbai,2024-08-17,8,Monsoon,23.12,29.7,104.8,135.2,0,3,0.3089,0.0,0.0
KOL-KO0001,Kolkata,2025-04-01,4,Summer,4.6,39.4,154.3,176.4,0,1,0.1247,0.0958,0.0579
BEN-BE0139,Bengaluru,2025-07-07,7,Monsoon,12.53,31.1,57.1,74.0,0,3,0.0494,0.0,0.0
HYD-HY0013,Hyderabad,2024-04-27,4,Summer,13.8,42.8,112.6,134.7,0,1,0.1775,0.0466,0.0541
PUN-PU0010,Pune,2024-07-13,7,Monsoon,11.86,26.5,75.8,112.8,0,4,0.053,0.06,0.0316
CHE-CH0173,Chennai,2024-11-21,11,Winter,0.0,21.8,129.2,174.8,0,3,0.1614,0.0,0.1413
PUN-PU0063,Pune,2025-01-13,1,Winter,8.96,18.4,85.7,116.3,1,2,0.1214,0.1632,0.0157
PUN-PU0185,Pune,2025-04-21,4,Summer,0.0,48.0,111.5,129.9,0,2,0.4944,0.0673,0.0905
CHE-CH0122,Chennai,2024-12-21,12,Winter,0.16,21.8,92.8,139.3,1,3,0.135,0.1422,0.0519
AHM-AH0169,Ahmedabad,2025-02-09,2,Winter,0.0,32.4,59.1,74.2,0,3,0.1348,0.0263,0.0
BEN-BE0182,Bengaluru,2024-11-04,11,Winter,0.0,15.0,86.5,118.9,0,4,0.0572,0.0041,0.0
CHE-CH0056,Chennai,2025-11-01,11,Winter,8.71,15.7,66.2,81.4,0,1,0.1305,0.0481,0.0495
MUM-MU0125,Mumbai,2025-04-10,4,Summer,20.57,48.0,106.5,155.7,0,3,0.3207,0.1133,0.1076
MUM-MU0057,Mumbai,2026-03-27,3,Summer,0.0,40.0,219.0,240.2,0,4,0.2162,0.0507,0.3286
PUN-PU0009,Pune,2024-07-27,7,Monsoon,12.72,27.7,79.4,89.7,0,4,0.0907,0.0611,0.0
MUM-MU0092,Mumbai,2025-01-11,1,Winter,3.63,22.4,146.2,167.7,0,4,0.1313,0.104,0.0618
DEL-DE0062,Delhi,2024-08-25,8,Monsoon,16.6,26.5,45.2,74.1,1,2,0.0355,0.1585,0.0672
CHE-CH0150,Chennai,2025-01-11,1,Winter,0.0,19.8,67.6,84.4,0,3,0.0308,0.0306,0.0
CHE-CH0114,Chennai,2025-09-30,9,Monsoon,27.78,38.0,92.6,133.0,0,1,0.3431,0.0,0.0588
AHM-AH0119,Ahmedabad,2024-06-09,6,Monsoon,19.49,32.1,75.8,109.4,0,3,0.1835,0.0845,0.1141
HYD-HY0195,Hyderabad,2024-07-20,7,Monsoon,12.66,34.7,109.6,122.7,0,3,0.2867,0.0861,0.035
MUM-MU0055,Mumbai,2025-08-19,8,Monsoon,1.63,28.6,84.8,117.5,0,2,0.2423,0.0447,0.0741
AHM-AH0167,Ahmedabad,2024-06-09,6,Monsoon,15.31,39.5,139.9,167.1,0,3,0.0595,0.0974,0.1689
PUN-PU0080,Pune,2025-07-29,7,Monsoon,25.62,23.3,145.4,163.3,0,1,0.276,0.067,0.1492
CHE-CH0098,Chennai,2024-05-04,5,Summer,18.53,47.0,161.2,192.6,0,1,0.4289,0.0951,0.2598
CHE-CH0179,Chennai,2025-08-27,8,Monsoon,6.4,32.7,73.1,104.3,0,5,0.1537,0.0804,0.0
MUM-MU0199,Mumbai,2024-11-10,11,Winter,2.5,23.9,137.9,183.8,0,2,0.2372,0.0977,0.1309
KOL-KO0076,Kolkata,2024-04-09,4,Summer,7.32,42.3,225.1,252.4,0,2,0.2576,0.0157,0.3703
CHE-CH0106,Chennai,2024-10-21,10,Winter,0.0,17.9,52.1,64.9,0,3,0.0446,0.0601,0.047
CHE-CH0131,Chennai,2024-06-14,6,Monsoon,36.7,31.2,149.7,176.3,0,1,0.4275,0.0537,0.0839
KOL-KO0043,Kolkata,2024-10-13,10,Winter,5.63,27.5,133.3,145.8,0,3,0.165,0.0696,0.151
CHE-CH0119,Chennai,2025-07-05,7,Monsoon,37.21,29.0,95.1,107.8,0,2,0.4311,0.1176,0.1162
MUM-MU0115,Mumbai,2026-04-02,4,Summer,11.02,42.5,112.1,149.0,0,3,0.246,0.0125,0.0413
PUN-PU0154,Pune,2024-12-22,12,Winter,8.71,15.0,110.2,145.3,0,1,0.0734,0.0837,0.0927
BEN-BE0100,Bengaluru,2025-05-02,5,Summer,0.6,47.4,129.5,142.8,1,4,0.4616,0.1554,0.1119
BEN-BE0107,Bengaluru,2024-05-02,5,Summer,11.69,36.0,153.9,192.5,0,3,0.1678,0.0362,0.1356
BEN-BE0080,Bengaluru,2025-07-17,7,Monsoon,9.99,28.7,161.6,208.5,0,1,0.2248,0.0822,0.0902
PUN-PU0127,Pune,2024-09-12,9,Monsoon,0.0,31.9,77.9,99.1,0,2,0.1309,0.0573,0.0187
CHE-CH0039,Chennai,2025-06-28,6,Monsoon,52.13,21.7,162.3,179.7,0,4,0.5777,0.0353,0.1481
PUN-PU0013,Pune,2025-05-14,5,Summer,10.34,32.9,116.3,145.1,0,5,0.0675,0.0,0.0941
MUM-MU0173,Mumbai,2024-12-23,12,Winter,0.0,31.2,40.9,65.3,1,4,0.0566,0.2313,0.0
AHM-AH0009,Ahmedabad,2024-04-12,4,Summer,2.16,38.5,97.9,124.7,1,3,0.1815,0.2428,0.0
MUM-MU0134,Mumbai,2025-08-24,8,Monsoon,9.21,33.2,188.2,211.9,0,4,0.0128,0.0902,0.232
CHE-CH0024,Chennai,2024-04-07,4,Summer,1.45,38.2,117.5,150.7,0,4,0.0714,0.0451,0.0435
DEL-DE0034,Delhi,2025-12-30,12,Winter,3.98,16.2,231.1,276.5,0,2,0.0,0.062,0.3272
CHE-CH0091,Chennai,2024-06-14,6,Monsoon,5.63,23.6,72.1,87.0,0,2,0.1709,0.0153,0.0146
DEL-DE0147,Delhi,2026-02-14,2,Winter,0.0,30.9,376.4,415.7,0,1,0.0,0.0444,0.7485
MUM-MU0040,Mumbai,2024-09-08,9,Monsoon,38.9,28.4,80.4,126.5,0,1,0.4593,0.0,0.0083
HYD-HY0102,Hyderabad,2025-05-07,5,Summer,0.0,48.0,118.3,138.3,1,3,0.4866,0.1909,0.0508
CHE-CH0067,Chennai,2024-11-27,11,Winter,0.0,27.8,158.2,203.1,1,1,0.1818,0.1869,0.1665
MUM-MU0076,Mumbai,2025-07-22,7,Monsoon,47.57,33.8,135.5,175.3,0,5,0.6506,0.1096,0.1486
KOL-KO0143,Kolkata,2024-08-14,8,Monsoon,24.54,32.9,235.0,282.2,0,4,0.3946,0.0774,0.4167
PUN-PU0147,Pune,2025-04-13,4,Summer,1.89,35.4,92.5,141.3,0,3,0.2624,0.1123,0.0
KOL-KO0065,Kolkata,2024-08-20,8,Monsoon,18.86,31.6,153.5,191.8,0,1,0.1603,0.0371,0.1608
HYD-HY0163,Hyderabad,2025-09-28,9,Monsoon,15.98,31.7,70.5,102.0,0,5,0.2189,0.1086,0.0031
HYD-HY0054,Hyderabad,2025-08-13,8,Monsoon,42.35,37.7,112.9,135.7,0,3,0.5127,0.0453,0.0682
KOL-KO0062,Kolkata,2024-06-04,6,Monsoon,33.78,31.1,63.1,90.0,0,5,0.4164,0.0429,0.0504
BEN-BE0146,Bengaluru,2025-08-24,8,Monsoon,6.88,30.0,98.3,112.0,0,4,0.0633,0.0771,0.0
MUM-MU0041,Mumbai,2024-04-02,4,Summer,0.0,30.6,105.0,140.7,0,1,0.0213,0.0598,0.091
AHM-AH0025,Ahmedabad,2025-10-14,10,Winter,6.85,15.0,79.6,99.9,0,3,0.0842,0.0872,0.0
KOL-KO0161,Kolkata,2025-04-25,4,Summer,6.68,47.8,141.1,184.2,0,1,0.4786,0.0569,0.0767
PUN-PU0004,Pune,2024-08-11,8,Monsoon,33.73,20.3,108.8,138.2,0,1,0.3316,0.0571,0.0175
MUM-MU0045,Mumbai,2025-07-06,7,Monsoon,42.58,22.5,199.7,212.1,1,2,0.5889,0.1593,0.3246
CHE-CH0048,Chennai,2025-09-06,9,Monsoon,4.76,32.8,131.3,174.4,0,1,0.2697,0.1193,0.1793
CHE-CH0173,Chennai,2024-04-05,4,Summer,3.9,41.1,47.1,91.3,2,3,0.0,0.2825,0.0522
HYD-HY0168,Hyderabad,2024-11-30,11,Winter,5.4,20.8,123.9,165.4,0,5,0.0948,0.0801,0.1111
CHE-CH0199,Chennai,2026-01-19,1,Winter,1.71,19.7,155.5,177.9,1,2,0.088,0.2186,0.1085
CHE-CH0060,Chennai,2024-07-17,7,Monsoon,14.25,33.5,172.7,200.6,0,2,0.0285,0.0,0.237
HYD-HY0172,Hyderabad,2025-09-27,9,Monsoon,4.18,23.7,165.0,195.4,0,4,0.0946,0.0,0.1457
DEL-DE0000,Delhi,2024-06-16,6,Monsoon,29.29,26.5,133.5,162.3,0,3,0.4087,0.0857,0.1635
HYD-HY0000,Hyderabad,2024-07-12,7,Monsoon,1.95,30.1,30.0,49.8,0,4,0.2046,0.087,0.0692
DEL-DE0004,Delhi,2025-07-18,7,Monsoon,47.36,33.5,51.8,85.0,0,1,0.6658,0.0,0.1479
AHM-AH0014,Ahmedabad,2025-02-17,2,Winter,9.21,16.7,111.6,145.9,0,2,0.0346,0.0,0.1014
PUN-PU0182,Pune,2026-02-11,2,Winter,12.32,23.2,119.4,158.3,0,1,0.0362,0.0245,0.0088
BEN-BE0021,Bengaluru,2025-04-19,4,Summer,3.15,33.0,107.2,156.7,0,2,0.1535,0.0402,0.0466
CHE-CH0088,Chennai,2026-03-25,3,Summer,0.0,48.0,115.2,145.4,0,3,0.5401,0.0,0.0614
HYD-HY0017,Hyderabad,2024-11-08,11,Winter,0.0,18.1,84.1,130.8,1,3,0.0421,0.2984,0.0454
HYD-HY0029,Hyderabad,2025-05-17,5,Summer,18.74,20.7,112.6,128.3,1,3,0.0964,0.1848,0.0054
AHM-AH0166,Ahmedabad,2025-01-04,1,Winter,1.78,24.5,133.7,162.8,0,3,0.2402,0.1045,0.1219
PUN-PU0166,Pune,2026-01-09,1,Winter,0.0,21.4,67.7,104.2,0,4,0.1129,0.1069,0.0131
CHE-CH0095,Chennai,2024-12-22,12,Winter,2.57,17.7,108.0,148.4,0,3,0.1536,0.089,0.1189
DEL-DE0141,Delhi,2025-03-25,3,Summer,0.0,42.9,63.0,100.1,1,3,0.2414,0.1953,0.0176
PUN-PU0059,Pune,2024-05-02,5,Summer,2.21,29.6,91.5,125.5,1,3,0.1677,0.1805,0.1075
CHE-CH0013,Chennai,2025-11-08,11,Winter,0.0,27.5,76.0,109.4,0,5,0.1623,0.0145,0.0511
CHE-CH0144,Chennai,2024-04-02,4,Summer,3.52,35.8,118.7,132.7,0,2,0.0781,0.0,0.0025
KOL-KO0092,Kolkata,2025-04-29,4,Summer,6.62,36.7,100.4,143.5,0,5,0.0527,0.0613,0.0382
BEN-BE0013,Bengaluru,2025-09-19,9,Monsoon,23.55,25.5,208.6,226.0,0,2,0.256,0.0528,0.2583
HYD-HY0017,Hyderabad,2025-07-10,7,Monsoon,21.52,34.4,74.2,113.6,0,5,0.2644,0.0479,0.1228
PUN-PU0101,Pune,2025-04-20,4,Summer,13.13,27.6,38.0,83.6,1,3,0.1667,0.2137,0.0
MUM-MU0154,Mumbai,2025-03-28,3,Summer,3.86,37.2,35.6,76.2,0,3,0.0916,0.0995,0.0
HYD-HY0097,Hyderabad,2025-03-04,3,Summer,7.55,35.2,127.2,162.5,0,1,0.0229,0.0852,0.0852
BEN-BE0038,Bengaluru,2025-07-09,7,Monsoon,9.37,20.7,117.1,136.7,0,4,0.1588,0.0124,0.0263
BEN-BE0188,Bengaluru,2024-04-27,4,Summer,5.93,39.7,102.9,140.7,0,1,0.1021,0.0,0.0335
BEN-BE0143,Bengaluru,2024-05-03,5,Summer,1.71,35.0,109.0,127.1,0,3,0.2043,0.0722,0.0317
MUM-MU0097,Mumbai,2024-08-14,8,Monsoon,53.2,24.2,94.2,124.7,0,5,0.6755,0.0887,0.0
CHE-CH0008,Chennai,2024-11-09,11,Winter,7.79,26.4,140.2,178.3,0,2,0.119,0.074,0.0564
HYD-HY0174,Hyderabad,2025-02-16,2,Winter,7.1,27.2,132.8,179.5,1,3,0.0261,0.183,0.122
KOL-KO0023,Kolkata,2025-01-20,1,Winter,0.14,23.8,127.6,160.4,1,2,0.0,0.2466,0.0667
BEN-BE0062,Bengaluru,2025-09-20,9,Monsoon,12.59,24.0,134.8,153.0,0,3,0.1247,0.0075,0.0779
PUN-PU0079,Pune,2025-11-22,11,Winter,4.7,15.0,68.2,98.7,0,1,0.1867,0.192,0.0596
AHM-AH0121,Ahmedabad,2024-04-19,4,Summer,0.0,40.7,111.8,156.1,0,4,0.1237,0.0551,0.0834
MUM-MU0188,Mumbai,2026-02-24,2,Winter,5.84,24.6,144.1,154.6,1,1,0.0278,0.1565,0.1314
AHM-AH0069,Ahmedabad,2025-09-10,9,Monsoon,17.48,39.8,33.8,60.4,0,4,0.1053,0.0089,0.0173
HYD-HY0184,Hyderabad,2025-12-28,12,Winter,5.12,21.3,74.0,93.9,0,2,0.1776,0.0348,0.034
MUM-MU0194,Mumbai,2025-11-01,11,Winter,9.09,21.2,109.6,125.5,0,3,0.0,0.0776,0.0
PUN-PU0012,Pune,2025-12-01,12,Winter,0.0,18.3,58.3,72.4,0,4,0.0462,0.0793,0.0401
CHE-CH0089,Chennai,2025-01-20,1,Winter,0.0,20.5,140.2,185.7,0,4,0.0,0.0436,0.1018
BEN-BE0159,Bengaluru,2024-08-10,8,Monsoon,13.09,27.2,104.7,142.8,0,2,0.0,0.0805,0.1168
MUM-MU0137,Mumbai,2024-07-27,7,Monsoon,42.65,38.9,184.9,196.7,0,3,0.5246,0.0,0.3254
HYD-HY0160,Hyderabad,2024-07-12,7,Monsoon,54.73,15.7,105.7,119.2,0,3,0.6068,0.0167,0.0397
HYD-HY0087,Hyderabad,2024-04-14,4,Summer,1.13,36.7,164.6,208.6,2,3,0.0,0.3833,0.2071
KOL-KO0173,Kolkata,2024-11-08,11,Winter,0.0,23.8,164.7,189.6,0,5,0.2393,0.08,0.1969
KOL-KO0074,Kolkata,2024-06-05,6,Monsoon,13.33,25.4,197.7,220.9,0,3,0.0,0.0281,0.2626
BEN-BE0029,Bengaluru,2025-10-23,10,Winter,5.41,28.8,157.2,192.9,0,3,0.2065,0.084,0.1375
CHE-CH0111,Chennai,2024-07-02,7,Monsoon,42.13,24.9,103.4,121.9,0,5,0.4786,0.0224,0.0
MUM-MU0157,Mumbai,2025-02-10,2,Winter,3.95,16.8,109.6,137.4,0,1,0.1734,0.036,0.0
PUN-PU0134,Pune,2025-09-07,9,Monsoon,20.34,29.4,61.2,99.8,0,2,0.2369,0.0968,0.0253
CHE-CH0018,Chennai,2026-01-15,1,Winter,1.83,27.2,97.5,134.5,1,1,0.0711,0.189,0.0179
HYD-HY0033,Hyderabad,2026-02-27,2,Winter,14.6,25.4,114.0,138.0,0,3,0.1538,0.0072,0.1674
CHE-CH0014,Chennai,2024-10-26,10,Winter,6.09,23.8,115.0,151.4,0,4,0.0731,0.0399,0.0635
KOL-KO0086,Kolkata,2024-04-20,4,Summer,0.0,38.7,190.5,231.6,1,1,0.1416,0.2648,0.2441
PUN-PU0158,Pune,2025-11-08,11,Winter,6.35,15.0,117.5,128.5,0,4,0.1953,0.0651,0.0825
HYD-HY0105,Hyderabad,2024-06-01,6,Monsoon,9.02,37.0,79.1,102.3,0,2,0.1046,0.0846,0.0
CHE-CH0041,Chennai,2024-04-20,4,Summer,6.57,37.6,65.9,86.5,0,2,0.1539,0.0996,0.0262
BEN-BE0009,Bengaluru,2025-10-16,10,Winter,1.86,15.0,95.2,124.8,0,4,0.0,0.0235,0.0386
KOL-KO0048,Kolkata,2026-03-14,3,Summer,25.42,36.8,153.9,184.9,1,5,0.3488,0.2106,0.1836
KOL-KO0023,Kolkata,2025-01-19,1,Winter,0.0,17.3,114.9,160.5,0,2,0.1064,0.0085,0.0925
BEN-BE0114,Bengaluru,2025-02-08,2,Winter,1.39,16.6,133.3,148.6,1,3,0.0931,0.218,0.1875
PUN-PU0079,Pune,2024-08-23,8,Monsoon,11.14,27.2,94.2,104.3,0,2,0.2386,0.1085,0.0
HYD-HY0055,Hyderabad,2024-05-23,5,Summer,18.88,43.3,65.5,106.1,0,2,0.3407,0.0057,0.0301
KOL-KO0128,Kolkata,2024-04-19,4,Summer,0.28,46.4,93.4,138.5,0,3,0.4618,0.0541,0.0
PUN-PU0175,Pune,2024-11-29,11,Winter,0.0,22.6,107.3,139.3,0,4,0.1042,0.0027,0.022
AHM-AH0163,Ahmedabad,2025-02-28,2,Winter,0.0,31.9,108.2,122.3,0,1,0.1127,0.0649,0.0161
HYD-HY0121,Hyderabad,2025-10-27,10,Winter,1.54,15.0,162.8,199.1,0,3,0.0223,0.0105,0.2581
DEL-DE0169,Delhi,2024-04-19,4,Summer,0.0,42.7,117.0,151.2,1,5,0.2703,0.2143,0.0323
MUM-MU0038,Mumbai,2024-05-22,5,Summer,19.13,31.4,154.3,185.0,0,2,0.1577,0.0718,0.1988
PUN-PU0085,Pune,2026-01-12,1,Winter,0.0,21.8,154.5,171.0,0,1,0.0465,0.0587,0.1485
AHM-AH0040,Ahmedabad,2026-03-19,3,Summer,1.72,23.1,52.9,62.9,0,1,0.1211,0.0637,0.0
HYD-HY0057,Hyderabad,2025-02-19,2,Winter,0.0,24.3,132.2,156.2,0,1,0.0608,0.0198,0.0413
DEL-DE0182,Delhi,2026-02-17,2,Winter,4.46,17.4,403.8,417.3,0,3,0.1657,0.1043,0.8887
HYD-HY0181,Hyderabad,2025-11-29,11,Winter,7.87,16.0,134.5,162.7,0,5,0.0578,0.1111,0.1457
HYD-HY0022,Hyderabad,2024-09-23,9,Monsoon,14.74,30.8,89.9,117.8,0,3,0.0601,0.0312,0.0855
BEN-BE0036,Bengaluru,2024-10-24,10,Winter,3.93,18.0,113.2,141.4,0,5,0.0721,0.12,0.0
PUN-PU0153,Pune,2025-08-22,8,Monsoon,22.16,25.2,85.3,110.8,0,3,0.2487,0.0156,0.0
AHM-AH0120,Ahmedabad,2025-09-22,9,Monsoon,12.47,34.6,133.2,167.5,0,2,0.0,0.1209,0.1191
KOL-KO0157,Kolkata,2024-05-25,5,Summer,3.05,34.6,122.4,137.7,0,4,0.0843,0.0,0.0394
BEN-BE0148,Bengaluru,2026-03-21,3,Summer,38.64,43.4,85.4,98.5,0,5,0.4935,0.0579,0.0378
PUN-PU0106,Pune,2025-03-31,3,Summer,2.44,46.4,137.7,159.9,0,2,0.4377,0.0622,0.1845
HYD-HY0091,Hyderabad,2024-09-04,9,Monsoon,6.6,35.8,104.2,145.0,0,2,0.1225,0.0946,0.0302
PUN-PU0058,Pune,2025-06-05,6,Monsoon,3.58,23.7,96.4,132.0,1,3,0.0,0.2211,0.0508
AHM-AH0175,Ahmedabad,2024-12-03,12,Winter,1.99,27.8,127.9,162.6,0,3,0.0,0.0973,0.0495
KOL-KO0088,Kolkata,2025-12-07,12,Winter,2.6,19.6,192.8,208.1,0,2,0.197,0.0526,0.1652
HYD-HY0159,Hyderabad,2024-08-15,8,Monsoon,33.63,31.5,59.3,74.4,0,1,0.4145,0.0386,0.0087
AHM-AH0088,Ahmedabad,2026-03-14,3,Summer,0.0,47.1,129.2,174.1,0,3,0.4526,0.0877,0.1604
PUN-PU0083,Pune,2025-03-05,3,Summer,1.86,24.6,86.9,104.3,0,2,0.0309,0.082,0.0432
MUM-MU0122,Mumbai,2026-01-01,1,Winter,4.42,20.7,140.1,151.4,0,3,0.0531,0.0493,0.1465
HYD-HY0069,Hyderabad,2024-05-13,5,Summer,0.0,39.7,103.0,131.7,1,4,0.0866,0.2043,0.0276
BEN-BE0010,Bengaluru,2025-10-26,10,Winter,8.53,18.2,77.6,109.1,0,1,0.0791,0.0263,0.0216
CHE-CH0146,Chennai,2026-01-16,1,Winter,0.0,20.0,48.4,86.4,1,2,0.0,0.2543,0.0602
KOL-KO0147,Kolkata,2025-07-20,7,Monsoon,14.71,26.7,217.1,238.0,0,2,0.0741,0.0728,0.4066
DEL-DE0102,Delhi,2026-01-15,1,Winter,0.0,24.3,304.5,326.2,0,5,0.0327,0.0784,0.5434
BEN-BE0092,Bengaluru,2024-10-07,10,Winter,0.22,16.0,138.3,161.1,0,2,0.1672,0.118,0.1195
DEL-DE0108,Delhi,2025-02-04,2,Winter,4.03,17.2,207.2,251.7,0,2,0.1685,0.0167,0.2404
AHM-AH0128,Ahmedabad,2025-11-28,11,Winter,2.76,22.1,131.5,175.8,1,4,0.0895,0.1255,0.1496
AHM-AH0003,Ahmedabad,2025-03-26,3,Summer,12.36,43.3,92.0,128.4,1,2,0.2351,0.3407,0.039
AHM-AH0167,Ahmedabad,2025-09-29,9,Monsoon,3.44,29.7,55.1,90.8,0,5,0.0,0.0007,0.0
CHE-CH0014,Chennai,2024-09-04,9,Monsoon,41.96,31.8,136.3,185.2,0,4,0.4816,0.0241,0.1304
KOL-KO0091,Kolkata,2025-11-29,11,Winter,0.0,23.4,157.1,191.9,0,2,0.0484,0.0,0.2151
KOL-KO0040,Kolkata,2025-03-09,3,Summer,6.21,36.5,184.7,217.1,0,3,0.1057,0.1036,0.2342
CHE-CH0052,Chennai,2024-11-14,11,Winter,0.0,26.7,110.2,128.0,0,2,0.0891,0.0,0.0735
MUM-MU0131,Mumbai,2025-12-03,12,Winter,4.95,15.0,135.3,177.7,2,4,0.189,0.363,0.1241
PUN-PU0098,Pune,2025-04-07,4,Summer,10.74,34.2,65.2,79.5,0,5,0.1653,0.0451,0.0252
