zone_id,city,lat,lng,pin_code,flood_history_score,avg_annual_rainfall_mm,avg_aqi_annual,civic_incident_rate_annual,historical_claim_rate,avg_delivery_density
PUN-ZN00000,Pune,32.738849,87.684581,411016,0.582,16.0,133.9,0.0684,0.451,38.73
MUM-ZN00001,Mumbai,33.421295,70.656958,400064,0.497,84.5,184.9,0.1527,0.329,27.19
BEN-ZN00002,Bengaluru,31.701317,79.822376,560047,0.383,7.6,123.7,0.0245,0.397,30.13
BEN-ZN00003,Bengaluru,17.00096,83.623055,560034,0.203,11.6,124.7,0.0,0.436,40.15
BEN-ZN00004,Bengaluru,36.666537,82.443739,560017,0.999,25.9,100.5,0.0147,0.159,25.35
MUM-ZN00005,Mumbai,9.142533,68.997097,400095,0.654,11.5,120.4,0.1508,0.482,14.09
BEN-ZN00006,Bengaluru,8.602942,79.342566,560007,0.07,0.0,47.7,0.0065,0.036,28.54
KOL-ZN00007,Kolkata,27.329651,78.932719,700005,0.607,0.0,182.9,0.0,0.378,8.59
DEL-ZN00008,Delhi,25.08762,84.224872,110044,0.362,90.8,73.9,0.0266,0.315,46.32
CHE-ZN00009,Chennai,31.893144,82.369711,600030,0.337,38.0,130.6,0.0323,0.113,13.97
CHE-ZN00010,Chennai,29.159361,93.494139,600051,0.969,43.8,152.1,0.0353,0.236,35.3
HYD-ZN00011,Hyderabad,34.059413,92.505457,500028,0.572,46.3,82.9,0.0116,0.444,38.61
CHE-ZN00012,Chennai,31.542882,70.592866,600015,0.989,31.1,69.9,0.0,0.519,15.19
MUM-ZN00013,Mumbai,25.090654,83.263377,400077,1.0,56.2,132.7,0.0297,0.158,17.75
CHE-ZN00014,Chennai,9.913028,80.857651,600030,0.492,39.6,87.2,0.0268,0.168,10.76
MUM-ZN00015,Mumbai,31.476726,76.981955,400069,0.969,49.4,125.3,0.0,0.182,23.69
BEN-ZN00016,Bengaluru,23.275093,96.489519,560030,0.315,33.1,49.5,0.0326,0.608,27.75
KOL-ZN00017,Kolkata,9.8696,83.768899,700154,1.0,15.5,102.4,0.0222,0.199,60.24
MUM-ZN00018,Mumbai,26.027489,74.673339,400034,0.56,41.1,131.3,0.0597,0.285,34.65
CHE-ZN00019,Chennai,26.367359,80.097613,600023,0.991,44.1,93.2,0.0249,0.493,20.65
PUN-ZN00020,Pune,19.423335,83.479898,411042,0.189,24.9,35.9,0.0198,0.555,19.93
DEL-ZN00021,Delhi,12.069585,71.976056,110082,0.528,1.5,125.5,0.0826,0.308,29.0
DEL-ZN00022,Delhi,18.114914,96.54012,110074,0.124,57.2,79.6,0.0265,0.157,10.58
AHM-ZN00023,Ahmedabad,33.929755,96.460389,380050,0.21,10.0,161.6,0.0042,0.526,18.57
MUM-ZN00024,Mumbai,33.282633,94.429457,400029,0.233,96.7,88.6,0.0,0.555,13.03
DEL-ZN00025,Delhi,9.05374,78.116694,110071,0.654,57.9,30.0,0.0829,0.09,63.41
CHE-ZN00026,Chennai,8.242643,85.773315,600128,1.0,54.1,97.1,0.0,0.416,16.37
AHM-ZN00027,Ahmedabad,25.943282,76.416262,380009,0.567,31.9,129.2,0.0,0.072,26.13
DEL-ZN00028,Delhi,29.662885,72.057994,110055,0.519,0.0,266.9,0.0045,0.153,62.89
CHE-ZN00029,Chennai,21.756754,79.837565,600092,0.086,36.7,136.6,0.0022,0.016,11.39
MUM-ZN00030,Mumbai,29.966575,71.011528,400104,0.684,23.6,80.0,0.0179,0.061,18.86
PUN-ZN00031,Pune,21.88915,93.136444,411033,0.851,13.2,126.8,0.0697,0.087,14.05
AHM-ZN00032,Ahmedabad,19.545726,94.040317,380043,0.567,38.9,119.5,0.1461,0.376,56.55
CHE-ZN00033,Chennai,19.865844,74.849438,600092,0.014,27.3,95.6,0.0,0.059,36.43
DEL-ZN00034,Delhi,29.132582,79.498856,110082,0.744,10.3,73.8,0.0629,0.203,16.52
AHM-ZN00035,Ahmedabad,34.805234,72.985029,380011,0.094,1.3,93.4,0.0,0.677,12.81
PUN-ZN00036,Pune,20.535407,80.871744,411054,0.998,9.0,61.0,0.1806,0.448,17.37
MUM-ZN00037,Mumbai,24.526403,87.945811,400058,0.075,95.8,138.6,0.1961,0.087,26.36
PUN-ZN00038,Pune,10.483133,79.460032,411053,0.646,90.8,124.6,0.1573,0.19,32.88
BEN-ZN00039,Bengaluru,13.430578,94.586524,560078,0.444,20.8,113.3,0.0,0.314,28.31
MUM-ZN00040,Mumbai,21.450187,84.842625,400031,0.944,25.9,131.2,0.0,0.338,19.03
DEL-ZN00041,Delhi,11.931793,77.900554,110062,0.758,1.4,62.4,0.0311,0.186,23.37
AHM-ZN00042,Ahmedabad,12.416524,77.358766,380039,0.635,0.0,143.0,0.0689,0.394,13.32
PUN-ZN00043,Pune,16.595189,83.922294,411013,0.955,59.9,69.2,0.0208,0.456,17.4
HYD-ZN00044,Hyderabad,35.828168,83.433832,500041,0.625,17.7,50.2,0.0195,0.375,13.42
DEL-ZN00045,Delhi,34.635224,95.294521,110038,0.652,12.2,355.1,0.0748,0.071,11.69
AHM-ZN00046,Ahmedabad,11.171453,95.469511,380025,0.289,0.0,74.2,0.2078,0.305,14.19
AHM-ZN00047,Ahmedabad,23.991646,73.465659,380005,0.416,9.6,97.4,0.0636,0.213,38.4
HYD-ZN00048,Hyderabad,33.154674,78.176647,500012,0.843,5.9,65.2,0.0222,0.504,24.34
AHM-ZN00049,Ahmedabad,10.328085,71.310372,380063,0.056,30.9,118.0,0.0221,0.145,40.51
PUN-ZN00050,Pune,9.141956,93.318086,411024,0.38,16.5,98.4,0.062,0.463,32.32
MUM-ZN00051,Mumbai,28.83358,73.325434,400035,1.0,42.0,81.6,0.0,0.117,17.31
BEN-ZN00052,Bengaluru,23.162737,80.968966,560063,0.616,38.7,30.0,0.03,0.346,24.28
AHM-ZN00053,Ahmedabad,36.780123,86.167321,380042,0.318,29.7,79.9,0.0299,0.323,23.27
BEN-ZN00054,Bengaluru,25.099867,68.522518,560014,0.715,47.5,115.8,0.0312,0.622,19.16
BEN-ZN00055,Bengaluru,17.856967,68.38259,560083,0.571,34.7,99.4,0.0541,0.338,5.42
PUN-ZN00056,Pune,32.232782,69.047739,411018,0.089,26.4,90.6,0.031,0.217,11.93
MUM-ZN00057,Mumbai,19.643505,86.650711,400045,0.953,26.5,143.7,0.0204,0.6,22.28
BEN-ZN00058,Bengaluru,12.699477,92.67848,560053,0.182,20.9,30.4,0.0575,0.449,12.6
CHE-ZN00059,Chennai,31.804355,86.38565,600005,0.4,37.9,104.9,0.0959,0.456,15.3
BEN-ZN00060,Bengaluru,33.70663,68.395562,560064,0.135,28.4,86.9,0.0771,0.151,10.33
CHE-ZN00061,Chennai,8.574576,71.946944,600067,1.0,48.9,131.1,0.0547,0.02,15.02
PUN-ZN00062,Pune,26.88504,80.280762,411017,0.223,1.5,83.3,0.0477,0.245,17.37
AHM-ZN00063,Ahmedabad,18.540921,81.617633,380051,0.997,20.7,103.2,0.1363,0.561,19.16
KOL-ZN00064,Kolkata,36.830127,88.221299,700084,1.0,63.7,239.0,0.1043,0.119,26.24
DEL-ZN00065,Delhi,31.396029,90.116565,110040,0.614,0.0,80.6,0.0,0.105,14.08
HYD-ZN00066,Hyderabad,34.137452,87.670391,500064,0.041,43.9,127.7,0.0046,0.469,27.23
MUM-ZN00067,Mumbai,28.890472,83.739755,400064,0.432,81.9,89.8,0.0451,0.08,31.29
HYD-ZN00068,Hyderabad,26.732296,75.341409,500048,0.942,29.6,134.9,0.0202,0.172,20.41
KOL-ZN00069,Kolkata,17.578884,69.901921,700098,1.0,45.5,123.5,0.1326,0.351,26.7
PUN-ZN00070,Pune,33.99338,96.280311,411043,0.088,30.4,55.8,0.0031,0.439,12.34
HYD-ZN00071,Hyderabad,34.896875,82.909287,500086,0.312,114.6,70.0,0.0156,0.263,20.47
KOL-ZN00072,Kolkata,22.693619,90.809918,700144,0.06,7.9,59.7,0.0401,0.303,16.08
CHE-ZN00073,Chennai,27.179163,94.878043,600110,0.03,11.3,77.1,0.1238,0.186,17.92
BEN-ZN00074,Bengaluru,32.785604,92.131625,560028,0.099,29.1,111.5,0.0154,0.057,23.16
PUN-ZN00075,Pune,32.066241,83.009971,411016,0.267,44.9,101.9,0.1187,0.144,28.4
MUM-ZN00076,Mumbai,32.959624,91.530717,400061,0.903,56.9,160.7,0.0327,0.145,30.19
AHM-ZN00077,Ahmedabad,8.132687,82.728884,380039,0.534,11.1,70.2,0.0279,0.283,38.71
CHE-ZN00078,Chennai,12.612975,93.630831,600105,1.0,32.7,75.9,0.0889,0.235,5.56
CHE-ZN00079,Chennai,27.049729,86.816009,600077,0.877,28.2,123.3,0.101,0.243,21.84
PUN-ZN00080,Pune,36.907689,88.024756,411056,0.12,18.6,84.7,0.0916,0.645,13.9
MUM-ZN00081,Mumbai,18.324901,90.13161,400102,0.312,52.1,144.3,0.0518,0.098,10.0
HYD-ZN00082,Hyderabad,31.191586,78.474166,500093,0.441,56.5,112.9,0.0424,0.074,24.16
BEN-ZN00083,Bengaluru,23.428338,79.625898,560022,0.095,60.4,111.4,0.0537,0.468,21.14
MUM-ZN00084,Mumbai,9.482962,73.715138,400023,1.0,0.0,154.8,0.088,0.354,31.33
CHE-ZN00085,Chennai,24.447192,88.211346,600115,0.31,36.1,132.9,0.0249,0.314,12.08
AHM-ZN00086,Ahmedabad,34.302578,92.491554,380038,0.833,15.9,52.8,0.0104,0.365,13.73
KOL-ZN00087,Kolkata,26.41315,94.74049,700002,1.0,33.1,188.8,0.0471,0.319,18.36
MUM-ZN00088,Mumbai,9.839634,71.993511,400072,1.0,20.5,162.8,0.0216,0.228,42.77
DEL-ZN00089,Delhi,18.276073,87.620937,110089,0.515,8.7,221.7,0.0303,0.123,16.88
MUM-ZN00090,Mumbai,16.697024,77.961404,400085,0.164,80.7,91.5,0.0228,0.734,40.14
DEL-ZN00091,Delhi,17.037905,77.959113,110009,0.275,22.3,180.4,0.0539,0.278,25.63
AHM-ZN00092,Ahmedabad,25.302126,90.381582,380044,0.163,3.0,64.3,0.1309,0.336,16.71
CHE-ZN00093,Chennai,31.906561,89.767307,600085,1.0,29.6,164.6,0.0268,0.225,48.75
DEL-ZN00094,Delhi,31.12713,89.02162,110013,0.478,15.9,392.6,0.0104,0.372,23.06
BEN-ZN00095,Bengaluru,14.931018,78.225192,560004,0.313,5.8,153.5,0.056,0.256,22.47
BEN-ZN00096,Bengaluru,19.632045,73.354867,560059,0.718,0.0,112.8,0.0372,0.408,44.62
BEN-ZN00097,Bengaluru,23.989459,92.37429,560049,0.959,12.5,138.1,0.0619,0.298,29.15
HYD-ZN00098,Hyderabad,11.219275,69.482264,500047,0.163,0.0,79.1,0.0171,0.23,25.7
CHE-ZN00099,Chennai,23.327362,84.066209,600090,1.0,0.0,64.0,0.0874,0.337,7.91
KOL-ZN00100,Kolkata,17.924424,70.327163,700111,0.67,7.3,127.2,0.0685,0.388,33.08
DEL-ZN00101,Delhi,24.953409,77.401189,110011,0.587,30.6,109.2,0.1028,0.464,25.21
KOL-ZN00102,Kolkata,17.976581,78.366895,700057,0.252,32.8,154.0,0.0065,0.236,23.86
AHM-ZN00103,Ahmedabad,28.257591,94.790383,380027,0.298,8.4,156.9,0.0093,0.072,23.24
AHM-ZN00104,Ahmedabad,13.407832,92.510831,380027,0.884,4.2,68.6,0.0661,0.225,28.13
CHE-ZN00105,Chennai,15.176071,75.255214,600025,1.0,26.9,128.8,0.1983,0.664,18.1
DEL-ZN00106,Delhi,27.366222,92.083205,110048,0.968,34.6,116.2,0.0895,0.244,25.26
BEN-ZN00107,Bengaluru,30.070466,75.462516,560013,0.953,16.2,119.3,0.012,0.399,25.19
PUN-ZN00108,Pune,8.833673,75.468618,411008,0.894,62.1,101.1,0.0278,0.088,17.69
AHM-ZN00109,Ahmedabad,19.375394,68.409353,380040,0.133,41.9,104.3,0.0443,0.423,18.06
PUN-ZN00110,Pune,24.559578,70.431252,411054,0.704,44.0,41.3,0.0,0.229,17.04
CHE-ZN00111,Chennai,8.585151,92.478388,600087,0.32,29.0,98.8,0.0097,0.351,35.58
PUN-ZN00112,Pune,29.597217,95.289723,411020,0.151,11.2,146.3,0.0256,0.148,35.12
MUM-ZN00113,Mumbai,28.656031,88.912004,400076,0.92,51.8,135.8,0.0583,0.335,25.65
BEN-ZN00114,Bengaluru,34.612874,71.626238,560087,0.202,58.2,57.1,0.0,0.111,17.15
PUN-ZN00115,Pune,20.780683,87.624264,411007,0.631,127.5,86.3,0.0526,0.167,23.73
CHE-ZN00116,Chennai,16.131514,74.6454,600010,1.0,20.2,111.4,0.0179,0.218,10.57
HYD-ZN00117,Hyderabad,32.656063,70.623094,500038,0.353,47.0,58.6,0.0588,0.098,12.36
BEN-ZN00118,Bengaluru,9.658345,78.709623,560032,0.835,13.4,153.3,0.016,0.097,26.91
KOL-ZN00119,Kolkata,18.621766,92.911609,700038,0.767,19.9,173.8,0.1003,0.277,19.33
BEN-ZN00120,Bengaluru,30.777566,74.888846,560032,0.873,39.7,102.5,0.0363,0.078,21.15
BEN-ZN00121,Bengaluru,21.670039,90.246151,560057,0.929,27.7,161.5,0.0183,0.29,26.72
AHM-ZN00122,Ahmedabad,13.359355,85.679382,380008,0.18,45.5,79.5,0.0534,0.44,6.38
HYD-ZN00123,Hyderabad,16.491333,68.704203,500037,0.671,25.3,96.7,0.0635,0.326,22.88
KOL-ZN00124,Kolkata,13.628393,70.467346,700052,0.623,5.8,185.0,0.09,0.322,35.66
KOL-ZN00125,Kolkata,15.213216,93.60504,700096,0.175,6.5,110.3,0.0272,0.089,10.58
DEL-ZN00126,Delhi,33.71136,87.884604,110021,0.778,56.0,286.8,0.1108,0.238,22.28
AHM-ZN00127,Ahmedabad,22.02568,87.667906,380007,0.306,0.0,78.9,0.0591,0.269,49.15
MUM-ZN00128,Mumbai,19.832007,87.816278,400015,0.942,30.0,42.4,0.0287,0.512,21.36
AHM-ZN00129,Ahmedabad,25.543743,79.304979,380051,0.178,45.2,79.2,0.0533,0.305,16.11
DEL-ZN00130,Delhi,34.381357,74.195255,110021,0.669,6.6,69.5,0.0109,0.34,51.05
DEL-ZN00131,Delhi,32.413734,72.096383,110079,0.263,52.2,380.2,0.0257,0.146,16.31
MUM-ZN00132,Mumbai,29.203474,82.185982,400080,1.0,0.0,105.7,0.1211,0.275,18.83
BEN-ZN00133,Bengaluru,10.840557,83.948402,560051,0.986,30.2,99.4,0.0,0.128,17.47
DEL-ZN00134,Delhi,30.818541,80.836954,110087,0.771,11.8,106.5,0.0114,0.277,16.95
PUN-ZN00135,Pune,30.562407,71.303342,411002,0.535,13.4,111.3,0.0901,0.173,14.54
BEN-ZN00136,Bengaluru,24.381521,87.790895,560063,0.045,26.6,84.3,0.0,0.409,23.11
AHM-ZN00137,Ahmedabad,26.66061,78.041456,380039,0.129,16.3,85.9,0.2754,0.306,27.48
DEL-ZN00138,Delhi,18.821643,73.698406,110033,0.096,30.9,75.3,0.0798,0.146,12.02
HYD-ZN00139,Hyderabad,9.482435,91.457071,500023,0.893,13.4,65.7,0.1027,0.443,8.42
BEN-ZN00140,Bengaluru,30.507298,78.941228,560067,0.464,18.2,77.4,0.0148,0.291,15.29
AHM-ZN00141,Ahmedabad,24.093595,68.992239,380014,0.29,24.9,116.4,0.1174,0.127,18.58
KOL-ZN00142,Kolkata,26.500585,93.534435,700044,0.857,4.4,138.9,0.0134,0.275,19.14
HYD-ZN00143,Hyderabad,22.586969,81.125084,500051,0.162,47.8,110.8,0.0952,0.169,18.91
CHE-ZN00144,Chennai,26.808646,69.378198,600003,0.395,50.2,122.2,0.0105,0.438,16.55
CHE-ZN00145,Chennai,15.921133,87.860479,600118,0.737,65.6,118.8,0.071,0.063,11.81
HYD-ZN00146,Hyderabad,16.630326,69.995415,500092,0.01,3.7,106.9,0.0062,0.387,12.28
BEN-ZN00147,Bengaluru,14.962715,80.29496,560065,0.718,10.6,58.7,0.0686,0.54,48.55
MUM-ZN00148,Mumbai,10.189992,75.064021,400071,0.209,79.4,56.6,0.1002,0.094,49.55
BEN-ZN00149,Bengaluru,20.945809,70.078458,560097,0.72,29.4,127.9,0.0488,0.266,28.85
DEL-ZN00150,Delhi,15.066847,76.143701,110008,0.172,19.9,291.2,0.2238,0.498,31.18
KOL-ZN00151,Kolkata,12.630809,68.084738,700061,0.863,4.8,165.4,0.0638,0.405,47.89
BEN-ZN00152,Bengaluru,18.488199,74.845331,560005,0.33,12.5,70.7,0.0,0.29,20.24
CHE-ZN00153,Chennai,27.869098,70.227124,600100,1.0,35.4,129.5,0.0264,0.337,21.47
DEL-ZN00154,Delhi,28.98628,86.478072,110029,0.898,23.5,154.6,0.0004,0.104,16.49
MUM-ZN00155,Mumbai,14.889212,84.394868,400086,0.471,99.5,127.3,0.038,0.315,24.6
DEL-ZN00156,Delhi,26.806872,88.340999,110032,0.905,29.4,377.0,0.0696,0.198,22.53
PUN-ZN00157,Pune,25.406747,81.509842,411033,0.142,51.6,72.9,0.0732,0.282,39.19
KOL-ZN00158,Kolkata,26.792465,80.42391,700048,0.257,91.5,85.5,0.0521,0.265,38.53
MUM-ZN00159,Mumbai,8.670908,71.752645,400033,0.833,76.3,123.4,0.0,0.665,11.86
DEL-ZN00160,Delhi,30.635757,96.029184,110002,0.232,20.2,73.6,0.0499,0.049,23.45
DEL-ZN00161,Delhi,20.577347,75.800833,110047,0.262,20.6,500.0,0.0045,0.67,29.63
HYD-ZN00162,Hyderabad,11.021787,74.284056,500001,0.074,62.7,140.3,0.0189,0.456,30.42
HYD-ZN00163,Hyderabad,10.346882,71.193746,500075,0.459,27.5,57.2,0.019,0.278,21.08
KOL-ZN00164,Kolkata,31.157878,76.814034,700067,0.425,6.2,121.3,0.0346,0.135,20.9
PUN-ZN00165,Pune,25.55973,72.111275,411026,0.987,11.9,57.0,0.0124,0.285,18.31
HYD-ZN00166,Hyderabad,19.295074,71.331627,500024,0.594,4.8,135.0,0.0405,0.613,46.54
PUN-ZN00167,Pune,22.456973,74.853494,411029,0.084,2.5,113.8,0.1317,0.285,36.93
DEL-ZN00168,Delhi,27.954859,87.59616,110065,0.68,6.6,112.5,0.011,0.525,14.07
BEN-ZN00169,Bengaluru,32.547263,74.975013,560046,0.988,33.9,75.5,0.1156,0.22,18.3
DEL-ZN00170,Delhi,11.899688,79.650025,110049,0.687,36.5,92.0,0.0353,0.03,24.23
CHE-ZN00171,Chennai,35.258713,78.795403,600127,1.0,23.8,102.8,0.0,0.224,49.44
AHM-ZN00172,Ahmedabad,10.854922,83.789648,380055,0.684,8.7,99.7,0.1403,0.506,25.62
AHM-ZN00173,Ahmedabad,29.675752,91.871764,380003,0.1,77.7,117.8,0.0103,0.231,9.74
BEN-ZN00174,Bengaluru,14.305047,87.003026,560092,0.841,9.2,83.5,0.02,0.348,36.62
PUN-ZN00175,Pune,35.881029,76.755852,411051,0.547,31.9,103.6,0.004,0.405,14.77
PUN-ZN00176,Pune,13.101354,80.303625,411047,0.412,59.9,99.5,0.2665,0.225,25.77
MUM-ZN00177,Mumbai,16.608849,87.719325,400010,1.0,43.7,183.3,0.0012,0.328,6.78
PUN-ZN00178,Pune,30.594923,87.841736,411012,0.981,11.7,134.3,0.026,0.377,22.03
DEL-ZN00179,Delhi,18.863205,76.570126,110030,0.184,23.1,235.7,0.0924,0.385,19.86
PUN-ZN00180,Pune,36.720149,89.376537,411014,0.124,62.6,86.3,0.0391,0.048,12.53
KOL-ZN00181,Kolkata,21.896736,92.409849,700100,0.106,57.1,122.7,0.024,0.598,13.06
PUN-ZN00182,Pune,23.620787,84.395921,411038,0.119,37.3,87.1,0.0118,0.0,11.61
AHM-ZN00183,Ahmedabad,34.882207,74.277068,380036,0.72,54.4,126.6,0.0083,0.287,31.23
CHE-ZN00184,Chennai,8.086707,76.070814,600057,1.0,15.6,48.0,0.0409,0.253,24.77
CHE-ZN00185,Chennai,19.645372,74.583382,600021,0.726,12.8,133.9,0.0737,0.427,55.62
BEN-ZN00186,Bengaluru,29.657779,72.204039,560091,0.9,5.2,95.7,0.0171,0.055,9.68
DEL-ZN00187,Delhi,27.178299,72.862348,110008,0.14,0.0,105.2,0.0799,0.353,21.15
HYD-ZN00188,Hyderabad,25.350993,76.124627,500006,0.471,37.9,30.0,0.0168,0.094,21.77
MUM-ZN00189,Mumbai,18.936491,95.1626,400019,0.411,140.6,143.4,0.0178,0.004,35.2
DEL-ZN00190,Delhi,10.376724,81.098216,110017,0.49,13.1,126.8,0.0,0.35,45.83
BEN-ZN00191,Bengaluru,16.142209,71.598239,560025,0.19,47.5,133.4,0.0597,0.412,21.53
DEL-ZN00192,Delhi,23.557733,80.944151,110075,0.829,14.6,86.4,0.0243,0.219,29.64
MUM-ZN00193,Mumbai,32.591487,81.933296,400087,1.0,59.7,87.0,0.0287,0.145,15.7
KOL-ZN00194,Kolkata,32.146292,81.834865,700073,0.317,32.7,181.3,0.0171,0.359,20.37
AHM-ZN00195,Ahmedabad,26.104182,69.649526,380011,0.902,2.2,138.3,0.0407,0.403,19.34
DEL-ZN00196,Delhi,22.219643,71.200987,110070,0.282,28.9,140.6,0.0495,0.195,28.01
HYD-ZN00197,Hyderabad,36.647498,78.322438,500095,0.285,35.1,116.6,0.0116,0.406,17.29
DEL-ZN00198,Delhi,36.852126,93.85019,110002,0.13,30.4,61.4,0.0308,0.386,11.51
DEL-ZN00199,Delhi,22.282964,86.323434,110088,0.102,0.0,152.6,0.0,0.415,31.08
HYD-ZN00200,Hyderabad,19.785086,75.054366,500053,0.686,17.2,92.5,0.0611,0.377,11.87
DEL-ZN00201,Delhi,12.876726,81.368952,110047,0.598,18.6,120.4,0.1663,0.0,29.0
AHM-ZN00202,Ahmedabad,31.721307,89.600546,380049,0.532,1.6,131.7,0.0453,0.108,67.94
DEL-ZN00203,Delhi,20.13802,76.847561,110053,0.573,12.7,130.6,0.0502,0.268,15.13
AHM-ZN00204,Ahmedabad,34.501823,82.706381,380006,0.763,14.6,150.2,0.0205,0.462,13.48
CHE-ZN00205,Chennai,23.241116,88.002503,600014,0.64,33.0,57.6,0.0487,0.186,22.0
BEN-ZN00206,Bengaluru,28.233282,71.301031,560027,0.59,96.8,128.8,0.3798,0.473,31.18
MUM-ZN00207,Mumbai,22.488141,80.354529,400064,0.761,4.5,95.2,0.0362,0.19,26.62
CHE-ZN00208,Chennai,31.064994,88.172613,600030,1.0,20.3,107.1,0.1443,0.562,22.19
CHE-ZN00209,Chennai,31.271796,88.04054,600108,0.727,20.2,100.8,0.0003,0.357,34.24
CHE-ZN00210,Chennai,10.22957,85.803687,600085,0.754,16.7,69.2,0.0813,0.255,37.78
MUM-ZN00211,Mumbai,29.875076,69.316861,400089,1.0,70.5,137.6,0.0297,0.39,28.72
MUM-ZN00212,Mumbai,15.037506,87.504106,400077,1.0,115.2,144.9,0.0094,0.518,19.17
KOL-ZN00213,Kolkata,18.775574,90.519223,700129,0.445,17.6,115.7,0.0475,0.425,13.13
HYD-ZN00214,Hyderabad,28.150493,94.210356,500031,0.522,73.1,153.2,0.0274,0.459,17.81
DEL-ZN00215,Delhi,12.441309,92.667731,110094,0.728,0.0,131.3,0.1998,0.243,17.58
BEN-ZN00216,Bengaluru,12.219498,77.342543,560044,0.464,35.1,104.5,0.0349,0.106,23.12
AHM-ZN00217,Ahmedabad,31.452937,70.022456,380039,0.862,2.5,135.9,0.0,0.012,25.94
BEN-ZN00218,Bengaluru,17.357467,93.536954,560009,0.83,12.7,63.6,0.0801,0.17,12.99
KOL-ZN00219,Kolkata,32.130071,93.161743,700046,0.329,57.1,100.7,0.0,0.188,19.6
BEN-ZN00220,Bengaluru,28.493384,79.768666,560005,0.816,34.5,93.4,0.014,0.352,95.61
PUN-ZN00221,Pune,14.764858,85.34879,411023,0.654,76.8,41.1,0.039,0.24,21.02
DEL-ZN00222,Delhi,31.919624,88.976509,110072,0.568,15.4,113.5,0.0624,0.368,13.07
HYD-ZN00223,Hyderabad,14.778871,77.104587,500028,0.552,41.6,85.8,0.0038,0.372,42.16
CHE-ZN00224,Chennai,8.251632,90.382562,600121,1.0,18.9,35.3,0.0243,0.384,10.26
PUN-ZN00225,Pune,23.118177,89.369473,411050,0.038,35.2,148.5,0.0299,0.156,31.78
MUM-ZN00226,Mumbai,26.867753,80.430821,400085,0.651,0.0,113.4,0.0,0.196,9.48
HYD-ZN00227,Hyderabad,33.575949,84.799551,500060,0.252,43.0,127.6,0.052,0.208,39.12
KOL-ZN00228,Kolkata,34.525327,68.931203,700157,1.0,20.9,130.7,0.112,0.321,18.09
BEN-ZN00229,Bengaluru,28.375928,81.366165,560082,0.878,26.2,67.8,0.0539,0.353,20.95
HYD-ZN00230,Hyderabad,26.874664,90.052606,500012,0.236,21.3,102.0,0.0303,0.746,14.12
PUN-ZN00231,Pune,22.738446,69.929734,411014,0.805,114.6,104.4,0.0068,0.557,13.9
AHM-ZN00232,Ahmedabad,13.571175,80.434978,380002,0.926,7.6,147.2,0.0382,0.18,29.33
BEN-ZN00233,Bengaluru,11.509693,87.049007,560091,0.501,76.4,92.7,0.0,0.404,45.55
MUM-ZN00234,Mumbai,28.484069,73.227531,400017,0.931,95.2,70.3,0.0,0.345,27.11
BEN-ZN00235,Bengaluru,26.74384,89.314283,560035,0.972,23.0,125.4,0.0218,0.47,12.24
CHE-ZN00236,Chennai,31.511994,69.778596,600063,0.387,11.5,73.3,0.0683,0.153,24.44
CHE-ZN00237,Chennai,20.582506,76.947693,600004,0.892,26.2,116.4,0.0255,0.342,38.05
DEL-ZN00238,Delhi,26.815592,76.990113,110035,0.673,12.3,31.6,0.0654,0.362,15.3
KOL-ZN00239,Kolkata,30.062598,84.02966,700070,1.0,26.0,139.5,0.0209,0.52,41.98
MUM-ZN00240,Mumbai,12.562916,76.105807,400104,0.536,75.2,52.4,0.0812,0.515,32.7
MUM-ZN00241,Mumbai,28.233493,76.92186,400053,0.522,17.9,113.3,0.0403,0.334,14.45
DEL-ZN00242,Delhi,11.422445,89.33932,110055,0.704,5.7,374.1,0.064,0.319,14.26
DEL-ZN00243,Delhi,36.416367,80.079325,110036,0.643,31.1,312.0,0.0111,0.491,10.8
KOL-ZN00244,Kolkata,10.988454,82.354791,700050,0.002,3.3,159.9,0.0188,0.264,46.05
DEL-ZN00245,Delhi,34.020391,81.556285,110041,0.636,26.9,115.8,0.0144,0.26,17.18
BEN-ZN00246,Bengaluru,16.702376,77.41885,560012,0.908,30.6,78.3,0.0114,0.257,57.89
MUM-ZN00247,Mumbai,22.748555,91.914904,400050,0.846,62.3,53.8,0.0384,0.271,10.22
DEL-ZN00248,Delhi,8.78768,73.789386,110050,0.955,4.0,59.2,0.0305,0.16,21.97
KOL-ZN00249,Kolkata,13.255919,84.759309,700045,0.832,40.2,205.0,0.0833,0.32,21.65
BEN-ZN00250,Bengaluru,15.013996,79.084701,560049,0.722,10.0,37.4,0.0257,0.305,5.74
PUN-ZN00251,Pune,25.398503,90.485664,411037,0.73,94.6,87.6,0.1811,0.198,24.75
CHE-ZN00252,Chennai,14.719671,79.127978,600065,1.0,9.3,60.9,0.0837,0.166,23.31
DEL-ZN00253,Delhi,26.128263,83.711213,110025,0.921,8.0,500.0,0.0289,0.467,18.4
MUM-ZN00254,Mumbai,32.237465,90.998437,400101,1.0,84.5,169.8,0.0235,0.465,13.47
BEN-ZN00255,Bengaluru,16.132838,86.296857,560020,0.549,0.0,65.1,0.0368,0.269,20.71
MUM-ZN00256,Mumbai,18.977854,87.527079,400066,0.969,50.4,136.3,0.231,0.388,18.26
CHE-ZN00257,Chennai,15.834608,73.548148,600077,1.0,31.9,124.4,0.0229,0.245,32.02
CHE-ZN00258,Chennai,35.615887,75.463274,600121,0.737,20.8,100.2,0.0684,0.396,13.29
DEL-ZN00259,Delhi,35.233055,89.389751,110049,0.594,0.0,130.3,0.1687,0.109,28.69
KOL-ZN00260,Kolkata,29.217987,82.72418,700093,1.0,12.4,144.4,0.0556,0.423,34.53
BEN-ZN00261,Bengaluru,16.244085,89.096293,560023,0.447,28.4,96.6,0.0515,0.258,38.24
BEN-ZN00262,Bengaluru,24.080067,77.962237,560058,0.261,33.7,58.9,0.0046,0.218,32.67
CHE-ZN00263,Chennai,17.860749,92.153052,600089,0.198,21.6,119.6,0.0015,0.103,25.16
HYD-ZN00264,Hyderabad,25.65458,93.495,500062,0.773,5.6,86.7,0.043,0.089,19.72
MUM-ZN00265,Mumbai,15.213422,80.38068,400078,0.126,15.5,180.5,0.0142,0.495,18.53
KOL-ZN00266,Kolkata,17.476016,77.358762,700025,1.0,16.8,131.1,0.0196,0.447,14.2
PUN-ZN00267,Pune,17.515982,75.499814,411008,0.492,0.0,105.6,0.2363,0.188,18.33
CHE-ZN00268,Chennai,8.131376,90.098641,600088,0.749,19.6,109.8,0.0397,0.101,17.52
BEN-ZN00269,Bengaluru,23.963884,95.536659,560028,0.452,19.3,125.9,0.0108,0.124,34.14
KOL-ZN00270,Kolkata,29.447585,85.705098,700103,0.516,27.7,112.4,0.0548,0.302,9.14
PUN-ZN00271,Pune,22.973999,80.57551,411029,0.531,18.1,107.7,0.0202,0.452,14.62
KOL-ZN00272,Kolkata,21.252569,79.848907,700028,0.6,6.9,107.2,0.038,0.295,22.26
MUM-ZN00273,Mumbai,33.293295,93.129569,400056,1.0,36.4,63.2,0.0257,0.472,14.79
MUM-ZN00274,Mumbai,10.465102,75.565005,400057,1.0,162.0,155.0,0.0,0.408,29.26
DEL-ZN00275,Delhi,8.763189,90.002808,110068,0.338,24.0,79.8,0.1058,0.035,27.56
AHM-ZN00276,Ahmedabad,10.976242,79.373481,380054,0.994,32.0,59.9,0.0,0.068,12.43
PUN-ZN00277,Pune,20.531918,77.447979,411042,0.083,104.7,37.5,0.0213,0.228,17.63
DEL-ZN00278,Delhi,23.741767,82.650312,110003,0.915,0.0,500.0,0.0582,0.133,15.3
DEL-ZN00279,Delhi,19.146424,87.203405,110034,0.2,10.5,407.8,0.0,0.198,28.54
BEN-ZN00280,Bengaluru,13.927896,88.134533,560048,0.391,19.1,161.0,0.0206,0.17,39.07
PUN-ZN00281,Pune,24.689027,77.50232,411057,0.195,0.0,120.9,0.0042,0.142,15.49
HYD-ZN00282,Hyderabad,30.024595,68.482526,500043,0.069,63.5,133.1,0.0099,0.051,15.1
PUN-ZN00283,Pune,32.849292,84.72181,411061,0.909,43.2,84.1,0.0369,0.105,22.13
AHM-ZN00284,Ahmedabad,17.951515,69.321273,380053,0.275,0.0,68.5,0.0164,0.376,20.23
KOL-ZN00285,Kolkata,34.13599,91.066739,700112,0.91,10.3,106.7,0.0545,0.03,29.54
AHM-ZN00286,Ahmedabad,32.111725,83.574722,380011,0.747,17.6,69.4,0.0303,0.303,8.76
AHM-ZN00287,Ahmedabad,11.606777,95.810014,380055,0.176,26.2,189.2,0.0322,0.224,27.13
HYD-ZN00288,Hyderabad,9.615214,93.003926,500031,0.969,36.5,108.0,0.0,0.323,23.23
HYD-ZN00289,Hyderabad,33.267505,96.970767,500055,0.877,8.7,71.4,0.1144,0.513,19.11
BEN-ZN00290,Bengaluru,29.911527,93.361787,560039,0.378,50.9,119.8,0.1105,0.302,9.67
DEL-ZN00291,Delhi,26.246365,90.057143,110032,0.18,6.9,75.6,0.026,0.229,33.89
KOL-ZN00292,Kolkata,24.616137,90.003487,700105,0.446,142.3,164.7,0.0595,0.33,11.06
MUM-ZN00293,Mumbai,27.464022,73.680008,400066,0.45,126.0,164.5,0.0782,0.055,17.22
CHE-ZN00294,Chennai,8.549415,92.357056,600006,1.0,7.9,128.9,0.0607,0.185,23.28
BEN-ZN00295,Bengaluru,20.738974,84.765062,560077,0.348,13.2,124.0,0.0425,0.321,30.4
DEL-ZN00296,Delhi,36.038303,85.701307,110027,0.123,34.4,351.9,0.0677,0.54,8.18
KOL-ZN00297,Kolkata,26.638312,82.607738,700095,0.013,0.0,219.7,0.0359,0.406,23.05
AHM-ZN00298,Ahmedabad,21.330327,83.201245,380049,0.425,29.5,87.7,0.0133,0.286,12.32
MUM-ZN00299,Mumbai,33.854474,79.231446,400054,0.862,31.2,196.3,0.0754,0.424,19.02
MUM-ZN00300,Mumbai,35.41528,89.67338,400028,0.141,134.6,71.0,0.011,0.542,20.87
KOL-ZN00301,Kolkata,27.720082,74.12726,700153,0.485,39.2,198.6,0.1665,0.238,14.59
PUN-ZN00302,Pune,22.751431,85.334732,411048,0.777,0.0,98.0,0.0519,0.185,20.5
CHE-ZN00303,Chennai,14.746245,83.579292,600039,1.0,34.3,149.5,0.008,0.103,11.04
CHE-ZN00304,Chennai,18.75273,87.709198,600023,0.102,3.6,92.3,0.3668,0.354,13.81
MUM-ZN00305,Mumbai,21.006303,74.375385,400016,0.197,17.0,74.4,0.0032,0.431,27.96
KOL-ZN00306,Kolkata,16.118273,78.362513,700119,0.117,15.3,291.2,0.0167,0.392,15.63
BEN-ZN00307,Bengaluru,27.580859,93.815573,560050,0.189,34.5,147.3,0.0889,0.141,9.41
PUN-ZN00308,Pune,20.890389,77.08169,411003,0.781,12.3,118.3,0.0068,0.121,20.65
AHM-ZN00309,Ahmedabad,31.597802,75.684017,380032,0.214,17.3,118.1,0.0,0.084,23.45
KOL-ZN00310,Kolkata,27.840012,86.851834,700074,0.816,40.3,142.9,0.0169,0.294,32.72
HYD-ZN00311,Hyderabad,12.011782,78.270106,500025,0.718,3.8,118.7,0.0571,0.406,31.8
AHM-ZN00312,Ahmedabad,30.829133,93.467151,380056,0.636,16.4,113.7,0.0323,0.064,25.27
CHE-ZN00313,Chennai,21.809748,81.506197,600122,0.114,6.1,81.9,0.0077,0.39,13.83
MUM-ZN00314,Mumbai,15.689014,72.358632,400062,0.55,44.6,174.0,0.0131,0.521,23.19
AHM-ZN00315,Ahmedabad,18.286053,76.935636,380029,0.475,23.5,69.9,0.0144,0.214,17.68
CHE-ZN00316,Chennai,16.64338,70.204909,600121,0.295,32.0,120.6,0.034,0.044,43.85
CHE-ZN00317,Chennai,9.722454,85.062456,600009,0.086,98.2,30.0,0.0412,0.126,16.07
MUM-ZN00318,Mumbai,24.558286,76.055133,400005,1.0,27.4,116.6,0.0603,0.14,63.27
HYD-ZN00319,Hyderabad,19.554412,89.053203,500020,0.708,63.2,31.2,0.0008,0.24,16.94
KOL-ZN00320,Kolkata,28.948193,77.958753,700135,0.916,6.5,177.5,0.0744,0.47,22.16
PUN-ZN00321,Pune,18.598253,77.916738,411012,0.872,20.9,118.5,0.061,0.13,11.08
BEN-ZN00322,Bengaluru,35.303111,80.465282,560005,0.211,55.6,84.5,0.0082,0.235,17.02
MUM-ZN00323,Mumbai,32.989327,69.067756,400060,0.378,42.7,144.9,0.1149,0.207,22.54
DEL-ZN00324,Delhi,10.034048,89.332756,110040,0.731,4.9,500.0,0.0576,0.503,16.07
HYD-ZN00325,Hyderabad,31.909683,70.256102,500077,0.329,27.2,88.1,0.0551,0.079,17.05
PUN-ZN00326,Pune,32.172894,96.814935,411006,0.742,45.3,76.6,0.0635,0.285,11.09
DEL-ZN00327,Delhi,27.802571,77.230165,110028,0.142,19.3,389.8,0.0346,0.104,21.44
AHM-ZN00328,Ahmedabad,30.839107,76.023773,380028,0.426,29.2,114.7,0.1094,0.409,16.44
KOL-ZN00329,Kolkata,29.174821,81.641131,700109,0.259,60.0,107.8,0.0214,0.267,35.66
PUN-ZN00330,Pune,22.82253,87.398958,411018,0.275,0.0,42.2,0.0758,0.149,10.64
AHM-ZN00331,Ahmedabad,29.259252,79.936654,380043,0.119,6.1,109.0,0.0301,0.116,28.44
PUN-ZN00332,Pune,23.879243,72.270576,411040,0.174,30.9,127.0,0.0827,0.188,31.08
HYD-ZN00333,Hyderabad,28.648429,78.696943,500044,0.452,50.6,94.6,0.0,0.244,15.13
HYD-ZN00334,Hyderabad,8.4865,86.615212,500009,0.411,19.9,30.0,0.1422,0.004,28.74
BEN-ZN00335,Bengaluru,28.340125,88.058007,560001,0.042,0.0,98.1,0.0281,0.721,38.25
BEN-ZN00336,Bengaluru,24.653295,73.392139,560055,0.688,8.3,95.4,0.0179,0.259,29.24
MUM-ZN00337,Mumbai,17.150826,92.307101,400088,1.0,73.1,87.1,0.0,0.708,5.03
PUN-ZN00338,Pune,13.06732,72.511416,411017,0.946,33.9,113.6,0.0003,0.208,19.95
HYD-ZN00339,Hyderabad,9.949749,93.394447,500069,0.354,17.2,103.1,0.0251,0.197,43.33
PUN-ZN00340,Pune,8.934714,82.052051,411029,0.844,54.7,99.3,0.036,0.293,12.3
CHE-ZN00341,Chennai,24.001135,92.302246,600065,0.658,9.6,126.9,0.0881,0.135,13.79
HYD-ZN00342,Hyderabad,12.862129,81.201008,500039,0.675,15.8,48.1,0.0701,0.306,31.13
MUM-ZN00343,Mumbai,13.45135,85.565521,400037,0.456,45.9,133.9,0.0179,0.079,21.49
MUM-ZN00344,Mumbai,34.970668,89.642831,400087,1.0,36.9,102.5,0.0106,0.126,22.76
CHE-ZN00345,Chennai,30.70964,81.944674,600058,0.341,24.4,84.2,0.0387,0.253,33.76
DEL-ZN00346,Delhi,23.580846,89.683846,110090,0.061,13.1,145.2,0.2321,0.229,13.68
PUN-ZN00347,Pune,16.99272,93.144858,411032,0.6,46.2,138.0,0.0405,0.064,20.07
KOL-ZN00348,Kolkata,10.769849,70.615005,700053,0.28,38.2,226.5,0.0098,0.143,22.48
DEL-ZN00349,Delhi,22.658993,73.449056,110019,0.502,9.2,133.2,0.0346,0.289,36.44
HYD-ZN00350,Hyderabad,13.672266,94.120358,500054,0.455,21.7,101.1,0.0245,0.379,23.94
DEL-ZN00351,Delhi,18.128592,95.575122,110068,0.523,8.6,107.0,0.0535,0.095,29.27
HYD-ZN00352,Hyderabad,26.493168,88.119227,500063,0.689,22.4,148.9,0.0114,0.2,9.01
HYD-ZN00353,Hyderabad,17.968089,86.055916,500080,0.492,10.7,133.7,0.0226,0.292,26.38
KOL-ZN00354,Kolkata,28.470573,87.645083,700020,1.0,40.2,194.1,0.064,0.273,27.67
PUN-ZN00355,Pune,17.57847,91.421881,411054,0.597,27.9,70.1,0.0,0.081,26.96
PUN-ZN00356,Pune,21.360751,89.979053,411012,0.931,58.9,62.0,0.1053,0.36,19.12
CHE-ZN00357,Chennai,35.331457,70.815926,600057,1.0,1.1,92.4,0.0453,0.274,30.95
DEL-ZN00358,Delhi,23.884218,88.777827,110006,0.137,17.0,260.3,0.0044,0.258,21.74
MUM-ZN00359,Mumbai,36.789823,95.855003,400009,0.386,71.2,108.8,0.0152,0.287,24.16
PUN-ZN00360,Pune,13.483279,71.686923,411039,0.713,35.4,127.6,0.0967,0.519,21.56
KOL-ZN00361,Kolkata,34.527109,70.981094,700156,0.494,17.0,125.5,0.0,0.253,24.89
AHM-ZN00362,Ahmedabad,29.592322,75.022718,380049,0.638,0.0,58.6,0.0777,0.305,40.9
DEL-ZN00363,Delhi,13.028277,82.935302,110020,0.765,24.4,128.7,0.03,0.264,16.97
CHE-ZN00364,Chennai,16.560569,96.714241,600076,0.522,32.6,54.6,0.0542,0.057,10.59
PUN-ZN00365,Pune,10.555511,75.234299,411022,0.856,12.9,139.3,0.1335,0.32,15.52
HYD-ZN00366,Hyderabad,18.510853,92.620272,500009,0.486,6.2,65.6,0.0691,0.318,16.15
CHE-ZN00367,Chennai,9.130752,69.707696,600079,1.0,39.7,46.1,0.0,0.294,21.74
MUM-ZN00368,Mumbai,21.043627,83.451894,400086,0.612,45.2,149.6,0.2655,0.465,17.67
DEL-ZN00369,Delhi,33.917397,85.882528,110095,0.854,21.3,97.4,0.0471,0.317,10.92
HYD-ZN00370,Hyderabad,25.80343,76.789296,500041,0.057,38.0,104.3,0.0919,0.289,27.6
AHM-ZN00371,Ahmedabad,19.79654,92.342896,380028,0.533,21.5,105.1,0.0748,0.255,35.08
KOL-ZN00372,Kolkata,17.440553,93.704012,700031,0.874,33.0,161.3,0.0338,0.122,20.44
BEN-ZN00373,Bengaluru,25.33144,70.850135,560053,0.579,25.1,167.0,0.0477,0.365,22.3
KOL-ZN00374,Kolkata,17.896053,69.597215,700079,0.308,97.1,88.0,0.0549,0.348,40.41
DEL-ZN00375,Delhi,35.113133,94.603469,110014,0.648,65.3,353.5,0.0009,0.229,8.42
PUN-ZN00376,Pune,36.17927,94.613823,411048,0.403,47.8,124.8,0.1438,0.344,14.99
PUN-ZN00377,Pune,28.01063,70.70522,411004,0.364,14.7,97.5,0.0302,0.105,10.7
BEN-ZN00378,Bengaluru,12.641082,75.251703,560103,0.496,24.4,94.4,0.0271,0.326,18.14
DEL-ZN00379,Delhi,19.730437,72.100465,110065,0.223,14.5,87.8,0.0847,0.117,24.63
BEN-ZN00380,Bengaluru,27.923408,86.35177,560064,0.413,36.9,129.7,0.0052,0.063,15.56
PUN-ZN00381,Pune,12.944477,90.682754,411054,0.701,23.0,71.1,0.0665,0.172,45.01
PUN-ZN00382,Pune,35.6835,68.883833,411013,0.746,20.7,131.3,0.0149,0.297,23.13
KOL-ZN00383,Kolkata,22.400511,91.189298,700023,0.409,35.7,196.3,0.0343,0.236,38.2
MUM-ZN00384,Mumbai,8.32255,84.492389,400018,0.045,16.2,139.3,0.0278,0.421,36.77
HYD-ZN00385,Hyderabad,22.276022,90.041838,500071,0.846,57.4,87.8,0.0,0.158,12.98
AHM-ZN00386,Ahmedabad,9.425533,73.835865,380010,0.58,7.4,161.0,0.0165,0.319,16.27
MUM-ZN00387,Mumbai,35.84473,87.169237,400035,0.746,2.5,30.0,0.2264,0.298,12.48
HYD-ZN00388,Hyderabad,25.854853,89.315466,500033,0.237,20.4,125.1,0.0275,0.245,12.07
AHM-ZN00389,Ahmedabad,35.238993,72.197693,380023,0.717,31.6,101.8,0.0437,0.341,22.98
KOL-ZN00390,Kolkata,17.705636,94.12806,700012,0.68,11.0,185.7,0.0138,0.105,16.44
MUM-ZN00391,Mumbai,28.488414,72.275176,400081,0.113,35.4,153.0,0.0618,0.261,50.84
PUN-ZN00392,Pune,8.462132,79.022997,411019,0.439,26.5,85.2,0.023,0.294,25.05
MUM-ZN00393,Mumbai,13.031573,95.123782,400024,0.302,177.8,130.0,0.0054,0.185,23.29
MUM-ZN00394,Mumbai,20.136762,78.399753,400039,0.273,52.2,118.8,0.0467,0.311,38.46
KOL-ZN00395,Kolkata,21.0835,91.334665,700156,1.0,31.8,186.9,0.0278,0.151,11.43
MUM-ZN00396,Mumbai,28.822496,68.67552,400011,0.593,190.7,157.3,0.0806,0.29,16.3
HYD-ZN00397,Hyderabad,20.633896,95.925167,500034,0.509,28.7,99.5,0.0206,0.37,22.59
MUM-ZN00398,Mumbai,10.719282,79.278934,400081,0.379,32.2,150.3,0.0248,0.365,30.77
PUN-ZN00399,Pune,31.352515,74.39617,411036,0.775,3.2,88.1,0.2839,0.336,27.02
AHM-ZN00400,Ahmedabad,29.112152,79.046592,380028,0.125,14.4,77.3,0.0794,0.101,18.36
CHE-ZN00401,Chennai,10.147998,79.291232,600014,1.0,16.2,77.2,0.1878,0.228,17.55
BEN-ZN00402,Bengaluru,33.666423,72.00351,560076,0.312,9.0,102.6,0.0075,0.112,18.67
DEL-ZN00403,Delhi,36.776415,91.181567,110025,0.994,29.5,121.8,0.0462,0.165,19.15
PUN-ZN00404,Pune,8.264524,76.103824,411054,0.489,2.6,95.9,0.045,0.396,29.98
KOL-ZN00405,Kolkata,27.296865,80.969279,700021,0.178,51.8,228.2,0.2997,0.09,15.31
MUM-ZN00406,Mumbai,14.215253,68.483613,400043,0.851,17.0,194.1,0.0898,0.305,16.89
KOL-ZN00407,Kolkata,32.848299,83.110607,700083,0.366,0.0,132.5,0.0003,0.356,23.46
CHE-ZN00408,Chennai,24.243465,95.571414,600075,0.35,27.4,112.6,0.0044,0.435,22.81
DEL-ZN00409,Delhi,25.084519,89.851083,110034,0.923,8.7,80.8,0.0461,0.323,8.9
MUM-ZN00410,Mumbai,35.753962,74.767395,400057,1.0,37.6,124.6,0.1409,0.329,16.42
CHE-ZN00411,Chennai,25.067195,93.598444,600105,0.318,25.1,149.6,0.0,0.43,19.29
CHE-ZN00412,Chennai,26.548537,91.782131,600085,1.0,0.0,57.3,0.0037,0.464,24.68
CHE-ZN00413,Chennai,11.656743,89.174458,600127,1.0,8.5,52.1,0.0335,0.353,20.78
KOL-ZN00414,Kolkata,33.071413,90.015037,700104,0.77,17.2,174.4,0.0203,0.293,23.65
PUN-ZN00415,Pune,32.206681,77.620131,411045,0.113,15.7,56.8,0.1058,0.2,11.41
BEN-ZN00416,Bengaluru,25.197034,72.837171,560100,0.163,48.4,84.1,0.205,0.429,19.84
BEN-ZN00417,Bengaluru,33.306491,72.606658,560022,0.548,35.4,137.3,0.0563,0.079,47.72
MUM-ZN00418,Mumbai,30.04396,71.212709,400028,0.316,15.6,208.5,0.0683,0.272,30.14
CHE-ZN00419,Chennai,18.831982,69.210298,600088,1.0,83.7,66.5,0.0099,0.049,20.3
KOL-ZN00420,Kolkata,27.763742,92.122291,700125,0.005,36.3,202.6,0.1083,0.229,10.63
AHM-ZN00421,Ahmedabad,22.569073,85.713543,380026,0.017,14.3,106.6,0.0514,0.206,27.19
HYD-ZN00422,Hyderabad,31.249595,74.345516,500035,0.197,6.7,100.3,0.005,0.038,11.68
KOL-ZN00423,Kolkata,24.661431,92.097576,700122,1.0,82.9,54.9,0.103,0.143,18.54
BEN-ZN00424,Bengaluru,10.301133,78.365012,560026,0.73,37.7,93.7,0.2951,0.046,17.41
AHM-ZN00425,Ahmedabad,17.348939,77.993775,380051,0.178,24.4,126.0,0.0,0.196,7.77
HYD-ZN00426,Hyderabad,25.391308,72.600581,500065,0.729,30.8,41.0,0.0856,0.129,30.43
AHM-ZN00427,Ahmedabad,15.961602,88.547588,380062,0.908,27.2,66.6,0.0,0.473,31.01
DEL-ZN00428,Delhi,36.042071,69.86673,110082,0.588,32.6,87.7,0.0354,0.0,16.9
PUN-ZN00429,Pune,27.833222,96.500046,411011,0.792,51.8,95.0,0.0189,0.27,35.9
AHM-ZN00430,Ahmedabad,17.373686,71.48871,380048,0.863,0.0,127.8,0.057,0.483,35.04
DEL-ZN00431,Delhi,30.907359,85.94574,110055,0.002,25.2,147.8,0.0352,0.372,30.12
HYD-ZN00432,Hyderabad,14.496573,85.780728,500046,0.858,0.0,87.0,0.0074,0.385,70.85
DEL-ZN00433,Delhi,30.257591,90.580842,110056,0.102,0.0,96.4,0.0217,0.177,11.45
DEL-ZN00434,Delhi,25.729943,80.777392,110077,0.05,2.3,130.9,0.0543,0.515,13.59
CHE-ZN00435,Chennai,35.125594,68.230152,600013,1.0,62.1,47.6,0.0045,0.199,38.71
CHE-ZN00436,Chennai,18.17791,82.625188,600048,0.145,32.4,81.2,0.0193,0.174,24.18
DEL-ZN00437,Delhi,19.484075,73.558466,110005,0.631,31.8,392.4,0.0271,0.489,16.07
HYD-ZN00438,Hyderabad,24.692609,86.914023,500020,0.849,3.6,85.1,0.01,0.458,22.33
KOL-ZN00439,Kolkata,12.192922,83.20544,700139,1.0,31.2,106.6,0.0242,0.283,16.69
CHE-ZN00440,Chennai,16.85398,87.221737,600043,0.66,21.4,30.3,0.0142,0.224,15.82
PUN-ZN00441,Pune,19.896085,69.415776,411041,0.511,13.1,105.1,0.0,0.339,28.04
KOL-ZN00442,Kolkata,20.640924,88.130577,700022,0.049,37.8,126.2,0.0353,0.089,11.64
MUM-ZN00443,Mumbai,15.963235,91.015383,400026,0.109,119.3,143.3,0.0152,0.529,6.16
MUM-ZN00444,Mumbai,10.087695,92.775635,400029,0.357,15.8,130.1,0.0131,0.195,12.47
CHE-ZN00445,Chennai,18.867111,93.553184,600103,1.0,91.7,110.4,0.0095,0.197,21.81
AHM-ZN00446,Ahmedabad,11.025479,78.031696,380017,0.921,27.8,54.8,0.1196,0.194,18.7
PUN-ZN00447,Pune,33.541784,78.006459,411038,0.805,7.3,94.6,0.0,0.165,26.96
PUN-ZN00448,Pune,9.186184,93.825397,411032,0.656,35.8,45.0,0.04,0.182,13.2
PUN-ZN00449,Pune,26.35677,71.995798,411009,0.665,6.2,97.7,0.0794,0.548,14.7
HYD-ZN00450,Hyderabad,29.732217,79.457544,500090,0.459,35.6,103.3,0.022,0.033,20.12
DEL-ZN00451,Delhi,11.10548,88.035344,110091,0.202,12.8,133.8,0.0698,0.22,9.82
HYD-ZN00452,Hyderabad,19.854273,89.42769,500088,0.757,27.5,78.2,0.012,0.035,15.55
HYD-ZN00453,Hyderabad,29.398027,72.950662,500011,0.263,10.8,129.5,0.0305,0.232,17.0
HYD-ZN00454,Hyderabad,28.956991,92.643953,500084,0.284,6.3,163.9,0.015,0.529,29.2
CHE-ZN00455,Chennai,24.155401,92.965966,600128,0.772,22.4,85.6,0.12,0.307,17.12
HYD-ZN00456,Hyderabad,33.367804,83.921654,500012,0.093,66.7,117.9,0.0122,0.345,13.93
PUN-ZN00457,Pune,13.289397,75.534827,411061,0.879,15.7,113.3,0.0462,0.184,24.93
HYD-ZN00458,Hyderabad,19.532284,86.599084,500035,0.305,12.5,108.1,0.0458,0.09,22.91
PUN-ZN00459,Pune,8.073303,84.274181,411050,0.675,0.0,108.4,0.0208,0.263,17.06
AHM-ZN00460,Ahmedabad,32.073944,70.383396,380051,0.27,0.0,75.0,0.0223,0.364,29.15
DEL-ZN00461,Delhi,25.607346,69.875549,110062,0.655,32.1,64.2,0.2109,0.232,14.93
HYD-ZN00462,Hyderabad,9.987129,84.605012,500089,0.988,51.4,120.5,0.0327,0.014,6.95
KOL-ZN00463,Kolkata,10.783343,76.89775,700043,0.87,52.0,126.2,0.0044,0.173,50.65
CHE-ZN00464,Chennai,27.493345,80.453877,600071,0.257,4.0,118.4,0.0167,0.0,12.33
BEN-ZN00465,Bengaluru,23.080391,87.515952,560032,0.672,31.8,108.3,0.0171,0.288,12.94
HYD-ZN00466,Hyderabad,27.225944,81.800193,500057,0.595,48.4,137.5,0.0336,0.176,19.09
PUN-ZN00467,Pune,18.164644,90.623827,411038,0.536,8.6,118.7,0.0894,0.341,27.02
AHM-ZN00468,Ahmedabad,8.543519,77.458166,380047,0.508,39.1,93.0,0.0879,0.194,11.56
KOL-ZN00469,Kolkata,26.810623,88.542532,700079,0.885,79.2,126.4,0.0392,0.097,25.13
PUN-ZN00470,Pune,23.57426,87.060039,411007,0.159,0.0,61.6,0.0132,0.215,23.77
PUN-ZN00471,Pune,31.22039,73.066919,411010,0.541,46.6,145.7,0.0353,0.403,9.63
MUM-ZN00472,Mumbai,32.071984,75.703313,400079,0.785,38.8,170.2,0.0801,0.494,11.49
AHM-ZN00473,Ahmedabad,19.742545,95.534386,380016,0.861,26.4,129.9,0.1526,0.378,8.42
DEL-ZN00474,Delhi,18.027452,78.438318,110060,0.755,8.6,91.4,0.0775,0.456,10.71
DEL-ZN00475,Delhi,36.829171,87.255715,110015,0.524,0.0,454.2,0.0,0.093,29.72
HYD-ZN00476,Hyderabad,26.660021,81.407966,500030,0.79,18.1,121.9,0.0249,0.383,13.27
KOL-ZN00477,Kolkata,14.971366,70.08094,700068,0.778,5.6,172.1,0.0315,0.154,16.82
AHM-ZN00478,Ahmedabad,11.871264,78.219531,380024,0.491,28.7,102.9,0.0041,0.357,41.78
HYD-ZN00479,Hyderabad,19.637435,71.012009,500044,0.897,39.0,86.5,0.0135,0.048,23.36
AHM-ZN00480,Ahmedabad,16.961598,79.411729,380022,0.582,0.0,115.8,0.0125,0.237,23.22
HYD-ZN00481,Hyderabad,21.560197,85.96766,500041,0.959,35.7,127.9,0.2073,0.061,10.31
CHE-ZN00482,Chennai,32.960399,83.555794,600096,1.0,42.6,77.9,0.0235,0.428,31.23
MUM-ZN00483,Mumbai,32.185706,87.550381,400075,1.0,20.2,160.1,0.0247,0.586,32.41
AHM-ZN00484,Ahmedabad,29.658283,76.740944,380032,0.824,38.8,45.7,0.0517,0.409,18.77
DEL-ZN00485,Delhi,26.955012,79.671106,110020,0.466,5.8,104.8,0.0084,0.308,18.35
KOL-ZN00486,Kolkata,26.214025,71.409176,700050,1.0,28.6,174.4,0.0354,0.24,9.09
BEN-ZN00487,Bengaluru,14.911749,89.508242,560084,0.483,0.0,98.2,0.0887,0.074,16.02
KOL-ZN00488,Kolkata,20.877148,76.716907,700120,0.699,45.4,121.9,0.041,0.447,16.02
KOL-ZN00489,Kolkata,19.612968,85.194188,700114,0.583,57.2,88.8,0.0171,0.243,14.77
DEL-ZN00490,Delhi,15.380077,96.393103,110086,0.111,11.8,372.8,0.0793,0.113,9.59
AHM-ZN00491,Ahmedabad,28.890564,91.392472,380045,0.592,29.5,158.9,0.0458,0.11,28.19
KOL-ZN00492,Kolkata,11.610081,78.129685,700082,1.0,24.0,135.0,0.0932,0.161,9.38
HYD-ZN00493,Hyderabad,36.846126,83.027845,500028,0.627,17.7,93.3,0.0357,0.05,45.43
KOL-ZN00494,Kolkata,18.813036,90.230913,700010,0.4,10.1,116.0,0.0161,0.402,11.76
AHM-ZN00495,Ahmedabad,8.73655,85.64601,380025,0.705,17.9,151.2,0.0054,0.248,8.71
MUM-ZN00496,Mumbai,10.257159,78.090104,400087,1.0,19.2,204.0,0.0227,0.45,30.89
MUM-ZN00497,Mumbai,29.981376,80.711554,400005,1.0,87.0,155.5,0.0056,0.353,36.2
AHM-ZN00498,Ahmedabad,24.610579,86.739967,380037,0.744,32.1,166.7,0.02,0.0,17.48
AHM-ZN00499,Ahmedabad,23.746885,88.321144,380012,0.464,1.1,121.8,0.0071,0.34,27.28
HYD-ZN00500,Hyderabad,17.100666,70.838137,500091,0.055,35.3,30.0,0.0914,0.3,16.99
DEL-ZN00501,Delhi,29.728572,78.589792,110031,0.652,31.8,195.2,0.0,0.487,26.89
PUN-ZN00502,Pune,20.909919,87.628822,411023,0.849,16.7,103.7,0.0109,0.682,17.1
PUN-ZN00503,Pune,22.117404,74.96443,411057,0.747,17.1,102.6,0.0203,0.173,6.87
HYD-ZN00504,Hyderabad,28.393698,85.236044,500006,0.68,4.2,30.0,0.0,0.262,32.57
MUM-ZN00505,Mumbai,21.179183,71.852343,400069,0.057,32.2,138.5,0.0,0.283,13.23
KOL-ZN00506,Kolkata,30.593622,96.044121,700060,0.351,11.6,163.4,0.073,0.134,18.62
DEL-ZN00507,Delhi,29.845165,85.750661,110010,0.654,45.7,91.1,0.0383,0.074,7.88
CHE-ZN00508,Chennai,9.366722,81.57477,600080,0.791,31.6,77.8,0.0004,0.541,23.79
AHM-ZN00509,Ahmedabad,26.422334,96.29184,380015,0.235,5.2,105.0,0.0046,0.44,18.43
PUN-ZN00510,Pune,32.680909,94.763638,411021,0.463,28.5,95.2,0.0,0.018,18.11
PUN-ZN00511,Pune,20.807254,91.785326,411005,0.721,23.2,71.4,0.0136,0.177,51.11
KOL-ZN00512,Kolkata,23.084642,68.648054,700003,1.0,41.0,186.3,0.0158,0.347,20.15
MUM-ZN00513,Mumbai,34.511016,87.532788,400030,0.344,49.9,130.5,0.001,0.603,24.42
PUN-ZN00514,Pune,32.460946,84.260875,411010,0.292,16.4,129.0,0.0145,0.246,12.17
MUM-ZN00515,Mumbai,22.896319,96.254973,400044,0.81,46.4,114.2,0.0707,0.036,17.28
PUN-ZN00516,Pune,14.881253,89.154333,411052,0.888,45.4,70.0,0.0152,0.08,23.81
KOL-ZN00517,Kolkata,28.518718,91.19766,700037,0.741,46.2,132.7,0.119,0.337,8.52
PUN-ZN00518,Pune,20.445763,84.914945,411006,0.365,15.3,122.3,0.0322,0.383,10.52
BEN-ZN00519,Bengaluru,35.750508,91.106153,560022,0.993,14.7,150.6,0.0,0.125,25.89
KOL-ZN00520,Kolkata,26.172067,72.825347,700041,0.388,34.4,107.7,0.0381,0.249,22.58
DEL-ZN00521,Delhi,34.774914,84.981845,110083,0.449,26.4,59.1,0.1206,0.201,42.16
BEN-ZN00522,Bengaluru,32.444155,91.490347,560040,0.484,13.4,99.8,0.0245,0.0,9.65
HYD-ZN00523,Hyderabad,21.093643,75.659072,500081,0.229,73.7,130.2,0.0276,0.134,7.76
PUN-ZN00524,Pune,34.526693,88.301928,411012,0.367,27.1,143.3,0.0348,0.174,21.1
HYD-ZN00525,Hyderabad,16.124757,94.811496,500015,0.497,24.8,89.0,0.0937,0.301,4.76
DEL-ZN00526,Delhi,31.121485,87.938444,110086,0.32,0.0,500.0,0.0372,0.339,18.15
HYD-ZN00527,Hyderabad,10.474514,79.079349,500058,0.849,65.2,60.1,0.0571,0.141,18.24
MUM-ZN00528,Mumbai,27.927334,72.18715,400027,0.943,39.2,61.9,0.0,0.453,22.06
DEL-ZN00529,Delhi,28.010485,74.275245,110093,0.034,35.4,50.0,0.0222,0.261,23.45
KOL-ZN00530,Kolkata,30.629366,83.574677,700072,1.0,21.0,181.6,0.0,0.118,13.45
DEL-ZN00531,Delhi,15.544953,87.45206,110022,0.8,8.0,197.0,0.0007,0.56,21.09
DEL-ZN00532,Delhi,15.570029,83.144599,110026,0.232,1.3,79.8,0.0437,0.481,11.34
HYD-ZN00533,Hyderabad,15.741926,69.730286,500013,0.787,43.2,77.3,0.0,0.564,12.39
BEN-ZN00534,Bengaluru,20.844561,83.709377,560050,0.836,0.0,53.0,0.0621,0.477,15.93
CHE-ZN00535,Chennai,8.046964,81.968816,600102,0.994,42.6,126.1,0.0615,0.163,19.61
AHM-ZN00536,Ahmedabad,34.330192,69.340086,380037,0.805,55.8,76.6,0.0336,0.129,7.7
PUN-ZN00537,Pune,27.180607,82.011886,411007,0.183,49.2,71.7,0.0404,0.169,5.5
CHE-ZN00538,Chennai,30.488909,78.939277,600096,0.879,32.1,132.9,0.0377,0.134,18.77
AHM-ZN00539,Ahmedabad,20.210964,82.000629,380054,0.169,17.1,71.2,0.1335,0.603,27.79
PUN-ZN00540,Pune,13.380712,70.720465,411010,0.234,13.3,90.7,0.0554,0.182,24.19
KOL-ZN00541,Kolkata,23.822404,92.521109,700102,1.0,15.4,201.0,0.013,0.34,31.22
MUM-ZN00542,Mumbai,27.04635,70.986363,400050,0.52,25.0,152.5,0.0417,0.366,20.26
CHE-ZN00543,Chennai,9.296767,93.695398,600042,0.038,31.8,91.8,0.0449,0.147,28.75
KOL-ZN00544,Kolkata,26.975899,91.079513,700066,0.0,45.2,95.0,0.0998,0.2,21.19
PUN-ZN00545,Pune,21.550777,71.166459,411040,0.418,37.1,144.0,0.1286,0.265,27.67
PUN-ZN00546,Pune,9.073144,88.819797,411044,0.186,50.7,131.7,0.0,0.079,12.97
MUM-ZN00547,Mumbai,19.220207,94.439959,400102,1.0,22.8,154.3,0.0473,0.192,62.23
MUM-ZN00548,Mumbai,35.992427,88.860226,400097,0.745,4.2,134.1,0.0197,0.15,23.36
MUM-ZN00549,Mumbai,14.654574,71.789963,400085,1.0,46.3,131.5,0.0946,0.191,27.22
AHM-ZN00550,Ahmedabad,27.797634,71.578102,380005,0.737,14.5,120.0,0.0278,0.524,30.89
HYD-ZN00551,Hyderabad,24.200944,70.89539,500051,0.09,25.2,52.5,0.0106,0.234,20.88
BEN-ZN00552,Bengaluru,24.807738,81.471859,560002,0.872,56.8,130.3,0.0606,0.433,15.57
KOL-ZN00553,Kolkata,13.079394,95.86104,700064,1.0,27.0,63.3,0.059,0.449,32.96
CHE-ZN00554,Chennai,26.490873,79.541221,600036,0.956,40.0,90.4,0.0754,0.123,39.32
BEN-ZN00555,Bengaluru,19.644344,68.099971,560023,0.266,44.0,64.6,0.082,0.393,66.06
PUN-ZN00556,Pune,24.570216,94.947445,411002,0.574,13.2,157.3,0.0121,0.043,32.87
AHM-ZN00557,Ahmedabad,18.638314,76.013988,380001,0.13,36.2,124.6,0.0548,0.394,25.98
CHE-ZN00558,Chennai,13.770616,96.815986,600060,1.0,27.1,95.8,0.1846,0.537,18.85
KOL-ZN00559,Kolkata,13.5716,92.336687,700022,0.948,29.0,166.0,0.0079,0.097,16.17
PUN-ZN00560,Pune,18.500545,74.94008,411052,0.904,43.4,133.7,0.0381,0.059,11.78
DEL-ZN00561,Delhi,21.920521,77.804086,110033,0.535,35.7,166.4,0.0318,0.123,23.24
CHE-ZN00562,Chennai,30.373162,88.474535,600032,1.0,8.5,72.0,0.0773,0.215,13.88
BEN-ZN00563,Bengaluru,29.297735,76.823488,560098,0.512,6.8,72.7,0.005,0.098,8.34
BEN-ZN00564,Bengaluru,34.415582,75.091761,560012,0.886,10.1,69.9,0.0837,0.498,20.49
HYD-ZN00565,Hyderabad,18.661657,95.593862,500075,0.234,53.3,75.1,0.106,0.138,24.93
AHM-ZN00566,Ahmedabad,24.42158,68.346099,380015,0.29,33.3,136.0,0.0546,0.222,12.25
AHM-ZN00567,Ahmedabad,10.899022,94.939465,380006,0.089,8.5,67.5,0.0249,0.427,22.44
MUM-ZN00568,Mumbai,13.575122,78.016591,400065,1.0,65.9,84.9,0.0535,0.235,17.24
MUM-ZN00569,Mumbai,33.9043,76.800479,400017,0.098,51.8,49.7,0.058,0.311,32.74
PUN-ZN00570,Pune,8.139569,70.703457,411026,0.865,16.0,144.0,0.1697,0.261,20.29
CHE-ZN00571,Chennai,30.062219,86.304706,600083,0.545,66.4,35.0,0.0163,0.39,30.68
CHE-ZN00572,Chennai,20.998323,84.199851,600030,0.628,5.1,84.5,0.0952,0.331,109.17
AHM-ZN00573,Ahmedabad,30.154957,79.707643,380030,0.678,5.2,30.0,0.0376,0.057,22.58
PUN-ZN00574,Pune,32.873551,68.272308,411018,0.69,66.2,57.1,0.3423,0.334,16.58
KOL-ZN00575,Kolkata,17.413325,95.670895,700151,0.803,6.5,133.1,0.1342,0.591,19.24
AHM-ZN00576,Ahmedabad,27.613347,87.380597,380015,0.936,3.3,79.4,0.0504,0.168,19.36
AHM-ZN00577,Ahmedabad,30.048823,69.293609,380015,0.192,23.5,81.4,0.0231,0.217,19.25
KOL-ZN00578,Kolkata,24.824179,80.185767,700116,1.0,23.4,182.3,0.0593,0.404,23.48
AHM-ZN00579,Ahmedabad,33.987973,75.656789,380056,0.471,13.6,65.0,0.0497,0.332,27.23
DEL-ZN00580,Delhi,30.604967,76.763646,110036,0.543,12.0,95.4,0.0995,0.084,22.44
MUM-ZN00581,Mumbai,25.012811,88.326376,400057,0.668,63.3,92.7,0.0,0.064,11.71
CHE-ZN00582,Chennai,32.467222,83.700638,600089,1.0,15.6,140.8,0.1698,0.496,25.85
MUM-ZN00583,Mumbai,32.836927,92.50864,400021,0.959,16.1,133.2,0.0052,0.092,8.57
MUM-ZN00584,Mumbai,21.195411,90.604064,400075,1.0,47.2,188.5,0.0867,0.159,14.76
KOL-ZN00585,Kolkata,31.279642,79.99314,700031,0.711,0.0,205.2,0.0843,0.171,10.19
DEL-ZN00586,Delhi,9.485525,95.647532,110074,0.717,12.1,44.6,0.0309,0.372,14.51
PUN-ZN00587,Pune,16.893529,81.037675,411019,0.689,11.4,57.0,0.0829,0.2,14.06
HYD-ZN00588,Hyderabad,20.1315,81.378707,500066,0.66,22.7,171.3,0.0,0.129,55.28
AHM-ZN00589,Ahmedabad,12.39932,79.234633,380037,0.85,29.5,114.7,0.0539,0.189,58.98
KOL-ZN00590,Kolkata,22.700388,75.782531,700007,0.39,35.3,89.0,0.0539,0.117,11.46
MUM-ZN00591,Mumbai,25.656797,75.476813,400088,1.0,104.5,142.2,0.0329,0.347,16.49
HYD-ZN00592,Hyderabad,29.507647,68.330826,500056,0.672,30.0,87.4,0.0383,0.215,15.86
BEN-ZN00593,Bengaluru,34.742899,95.661877,560092,0.127,11.9,102.9,0.0868,0.468,30.45
DEL-ZN00594,Delhi,14.336032,71.834287,110053,0.154,1.7,71.8,0.0915,0.439,31.5
AHM-ZN00595,Ahmedabad,8.97933,90.258362,380029,0.618,5.7,138.8,0.001,0.19,12.26
AHM-ZN00596,Ahmedabad,20.731953,78.862972,380003,0.324,1.0,179.1,0.0029,0.422,34.36
CHE-ZN00597,Chennai,24.515589,93.899323,600105,0.364,27.4,131.2,0.0613,0.378,35.72
PUN-ZN00598,Pune,14.461812,81.58464,411012,0.396,7.1,83.3,0.0444,0.086,16.68
AHM-ZN00599,Ahmedabad,10.023013,90.774412,380004,0.992,16.4,115.9,0.0814,0.199,8.84
CHE-ZN00600,Chennai,36.662324,71.572878,600108,0.243,6.9,85.1,0.0166,0.394,19.95
BEN-ZN00601,Bengaluru,27.159977,68.941979,560070,0.966,21.4,159.8,0.0802,0.24,27.4
BEN-ZN00602,Bengaluru,16.335169,72.75494,560025,0.135,38.2,90.4,0.0499,0.085,17.05
CHE-ZN00603,Chennai,9.504687,72.149828,600059,0.261,26.6,104.7,0.0424,0.116,50.62
KOL-ZN00604,Kolkata,18.993471,90.837445,700008,0.328,26.8,159.3,0.0298,0.123,25.78
KOL-ZN00605,Kolkata,28.523821,87.721477,700001,0.133,12.7,208.9,0.0007,0.494,14.14
HYD-ZN00606,Hyderabad,26.976609,73.531146,500057,0.627,68.6,95.4,0.002,0.183,10.71
PUN-ZN00607,Pune,17.370442,72.076669,411020,0.283,55.9,170.7,0.1285,0.409,27.87
BEN-ZN00608,Bengaluru,22.669601,75.030763,560092,0.837,52.4,93.8,0.0284,0.278,29.31
MUM-ZN00609,Mumbai,30.778626,92.983091,400034,0.365,45.2,112.2,0.0789,0.096,18.68
HYD-ZN00610,Hyderabad,16.330784,81.887417,500044,0.391,28.9,71.3,0.1227,0.088,7.37
DEL-ZN00611,Delhi,11.376989,84.781061,110067,0.398,31.6,122.9,0.1273,0.088,67.18
KOL-ZN00612,Kolkata,12.834839,78.151833,700080,0.471,40.7,111.7,0.0153,0.426,12.69
MUM-ZN00613,Mumbai,17.395521,96.258369,400053,1.0,45.9,144.6,0.0917,0.219,22.83
BEN-ZN00614,Bengaluru,18.589742,91.220717,560062,0.681,10.4,78.3,0.0097,0.521,20.33
PUN-ZN00615,Pune,23.968808,86.488707,411029,0.419,51.1,49.4,0.0,0.215,20.04
PUN-ZN00616,Pune,8.794978,73.232361,411015,0.109,0.0,68.5,0.0117,0.489,19.52
BEN-ZN00617,Bengaluru,12.89473,75.224087,560010,0.185,63.9,78.7,0.0381,0.261,14.58
MUM-ZN00618,Mumbai,34.156968,70.697871,400092,0.144,6.1,164.7,0.0394,0.282,35.45
PUN-ZN00619,Pune,35.969284,94.752606,411061,0.893,35.5,88.5,0.0562,0.206,14.6
BEN-ZN00620,Bengaluru,23.658422,81.687285,560068,0.467,22.9,136.4,0.1388,0.135,15.12
BEN-ZN00621,Bengaluru,34.670881,83.062443,560026,0.249,30.6,69.3,0.0109,0.554,16.81
DEL-ZN00622,Delhi,15.296351,72.567658,110040,0.948,0.0,331.4,0.0584,0.288,28.43
HYD-ZN00623,Hyderabad,31.118903,73.036753,500015,0.758,39.0,118.4,0.0032,0.311,20.29
PUN-ZN00624,Pune,16.981576,71.330803,411001,0.05,0.5,65.7,0.0243,0.208,27.75
CHE-ZN00625,Chennai,30.04701,83.715157,600130,1.0,20.0,74.3,0.0483,0.031,40.48
AHM-ZN00626,Ahmedabad,8.130183,77.40126,380045,0.207,25.6,79.1,0.0143,0.371,28.29
BEN-ZN00627,Bengaluru,23.28506,77.054364,560088,0.258,54.2,99.9,0.0,0.353,18.16
BEN-ZN00628,Bengaluru,35.230904,72.267048,560021,0.007,25.6,74.2,0.0322,0.317,26.99
MUM-ZN00629,Mumbai,10.385803,93.735962,400047,0.684,73.4,88.5,0.1859,0.044,25.41
HYD-ZN00630,Hyderabad,35.466348,69.937874,500036,0.972,31.8,90.0,0.0135,0.382,17.43
AHM-ZN00631,Ahmedabad,25.965905,87.097907,380045,0.03,43.9,101.0,0.0079,0.677,15.31
MUM-ZN00632,Mumbai,33.184869,75.802744,400054,1.0,73.8,163.3,0.0423,0.145,24.5
AHM-ZN00633,Ahmedabad,17.266601,89.451922,380050,0.386,29.5,31.4,0.0799,0.364,17.99
HYD-ZN00634,Hyderabad,12.962401,87.747432,500074,0.957,83.9,131.9,0.0438,0.573,18.61
KOL-ZN00635,Kolkata,15.997473,91.931863,700059,0.92,17.1,239.8,0.0,0.108,35.81
PUN-ZN00636,Pune,9.606663,83.50206,411050,0.788,8.4,42.7,0.0215,0.0,5.53
KOL-ZN00637,Kolkata,29.313391,95.028128,700049,1.0,27.4,163.2,0.0022,0.245,31.26
MUM-ZN00638,Mumbai,24.613082,78.80143,400064,0.1,51.2,92.5,0.0034,0.751,56.26
CHE-ZN00639,Chennai,27.97504,74.268854,600003,0.198,0.0,128.7,0.1616,0.17,3.28
MUM-ZN00640,Mumbai,31.073008,93.06843,400043,0.224,21.9,136.9,0.1117,0.426,28.57
BEN-ZN00641,Bengaluru,14.64448,79.638742,560010,0.458,38.0,116.8,0.0385,0.363,14.74
HYD-ZN00642,Hyderabad,22.504861,70.891967,500082,0.294,15.3,110.5,0.0165,0.512,38.75
MUM-ZN00643,Mumbai,10.77396,69.28426,400014,0.097,0.0,106.4,0.0122,0.169,25.36
PUN-ZN00644,Pune,22.394192,96.45528,411031,0.736,30.5,51.8,0.0,0.566,24.86
BEN-ZN00645,Bengaluru,8.803555,71.744671,560010,0.869,60.0,92.2,0.0729,0.46,17.23
BEN-ZN00646,Bengaluru,9.340385,92.603187,560020,0.884,9.5,83.2,0.0454,0.063,21.56
HYD-ZN00647,Hyderabad,11.663508,74.578497,500020,0.812,48.3,136.4,0.0205,0.361,21.16
AHM-ZN00648,Ahmedabad,32.411538,92.108881,380037,0.294,0.0,120.4,0.1452,0.091,23.47
CHE-ZN00649,Chennai,29.864575,84.979227,600130,0.717,42.2,104.2,0.0128,0.232,28.16
DEL-ZN00650,Delhi,17.966459,95.975329,110081,0.4,21.4,66.4,0.0395,0.405,17.81
HYD-ZN00651,Hyderabad,31.506069,70.242435,500028,0.147,24.1,104.9,0.0238,0.257,55.42
AHM-ZN00652,Ahmedabad,10.415176,85.444717,380063,0.757,9.6,66.5,0.0906,0.228,26.4
AHM-ZN00653,Ahmedabad,17.693159,95.153284,380020,0.582,2.0,62.1,0.0516,0.22,26.5
DEL-ZN00654,Delhi,36.852652,95.931994,110024,0.253,14.4,54.5,0.1742,0.288,27.15
AHM-ZN00655,Ahmedabad,31.97505,84.901893,380011,0.55,7.1,61.2,0.0205,0.255,72.5
BEN-ZN00656,Bengaluru,18.028984,70.312125,560070,0.11,54.4,102.5,0.0106,0.273,22.85
DEL-ZN00657,Delhi,13.1567,86.940924,110061,0.65,0.0,383.8,0.0403,0.413,19.68
AHM-ZN00658,Ahmedabad,14.833399,94.796124,380028,0.892,0.0,66.1,0.0609,0.179,14.91
AHM-ZN00659,Ahmedabad,21.920477,93.574187,380017,0.002,45.2,80.0,0.0348,0.068,8.13
CHE-ZN00660,Chennai,26.425335,73.729036,600088,1.0,56.0,145.6,0.0432,0.477,12.83
AHM-ZN00661,Ahmedabad,23.047869,72.778937,380063,0.981,18.6,147.3,0.0456,0.592,11.78
HYD-ZN00662,Hyderabad,21.820035,77.789195,500052,0.419,9.6,82.0,0.0974,0.074,13.83
KOL-ZN00663,Kolkata,14.461213,83.037294,700012,0.224,19.7,144.8,0.1,0.177,17.76
MUM-ZN00664,Mumbai,30.124077,74.565438,400069,1.0,43.6,170.7,0.0311,0.51,39.1
MUM-ZN00665,Mumbai,26.580515,71.635471,400061,0.686,91.3,157.3,0.1045,0.373,15.73
PUN-ZN00666,Pune,35.869254,86.168042,411047,0.109,65.8,102.6,0.0215,0.501,12.99
KOL-ZN00667,Kolkata,8.275029,69.90865,700091,0.873,13.5,170.8,0.1365,0.535,12.92
CHE-ZN00668,Chennai,21.858585,71.695899,600043,0.177,11.1,66.2,0.0491,0.413,24.28
PUN-ZN00669,Pune,28.141162,96.101159,411054,0.399,5.3,165.0,0.0611,0.091,42.26
BEN-ZN00670,Bengaluru,18.613053,85.223082,560005,0.96,20.4,123.1,0.0049,0.172,33.45
PUN-ZN00671,Pune,30.674814,74.696938,411039,0.332,47.0,165.8,0.1007,0.513,26.77
KOL-ZN00672,Kolkata,34.765624,86.256343,700016,0.128,29.7,187.5,0.0101,0.078,37.39
HYD-ZN00673,Hyderabad,12.300946,75.010077,500091,0.617,152.6,58.7,0.075,0.182,35.29
AHM-ZN00674,Ahmedabad,13.346054,73.286094,380020,0.576,21.7,74.2,0.0,0.142,14.1
KOL-ZN00675,Kolkata,22.248927,93.122221,700108,0.808,6.6,149.2,0.0638,0.527,6.23
MUM-ZN00676,Mumbai,33.485258,86.389898,400067,1.0,42.0,115.2,0.0058,0.254,28.03
BEN-ZN00677,Bengaluru,34.633784,91.118371,560028,0.683,72.8,132.4,0.0025,0.314,46.47
KOL-ZN00678,Kolkata,21.002878,76.87907,700041,0.543,12.0,98.6,0.1004,0.024,7.15
CHE-ZN00679,Chennai,32.187859,95.921988,600083,0.477,25.4,105.9,0.2204,0.256,22.63
PUN-ZN00680,Pune,27.847365,94.43622,411031,0.613,0.0,55.2,0.0426,0.125,15.43
DEL-ZN00681,Delhi,36.505205,75.226693,110077,0.862,18.5,353.4,0.0755,0.604,8.27
BEN-ZN00682,Bengaluru,12.818759,90.305293,560021,0.571,14.7,76.0,0.0088,0.433,29.58
KOL-ZN00683,Kolkata,21.484226,90.6018,700104,1.0,5.9,286.4,0.0297,0.253,29.88
MUM-ZN00684,Mumbai,9.238476,73.880979,400078,0.247,0.0,172.5,0.0555,0.115,25.21
MUM-ZN00685,Mumbai,24.664831,88.391959,400082,0.414,4.5,48.5,0.056,0.716,15.0
PUN-ZN00686,Pune,16.717806,81.145196,411005,0.581,11.9,142.9,0.0689,0.424,23.97
KOL-ZN00687,Kolkata,16.732075,81.096693,700126,0.186,2.9,111.5,0.0108,0.199,26.71
HYD-ZN00688,Hyderabad,17.224868,87.101103,500007,0.635,31.9,79.6,0.0231,0.406,24.47
KOL-ZN00689,Kolkata,13.105047,75.208945,700103,0.813,40.3,180.3,0.2827,0.287,20.28
AHM-ZN00690,Ahmedabad,25.362039,88.999433,380048,0.084,44.6,129.6,0.0395,0.632,54.78
PUN-ZN00691,Pune,20.843364,78.546858,411056,0.633,30.5,139.0,0.0226,0.149,13.58
CHE-ZN00692,Chennai,26.037211,76.867534,600060,0.061,25.7,89.3,0.0245,0.036,22.92
PUN-ZN00693,Pune,25.03698,76.038122,411055,0.102,15.6,71.4,0.0827,0.128,28.56
BEN-ZN00694,Bengaluru,30.944351,87.977799,560023,0.563,2.5,30.0,0.0072,0.338,45.1
AHM-ZN00695,Ahmedabad,24.180141,74.450531,380030,0.86,31.2,63.9,0.0074,0.098,35.65
CHE-ZN00696,Chennai,31.989829,91.953867,600026,0.542,10.6,100.9,0.0,0.2,13.22
CHE-ZN00697,Chennai,8.571121,81.960655,600071,1.0,18.3,66.5,0.078,0.35,43.93
CHE-ZN00698,Chennai,26.243068,92.30946,600054,0.311,12.6,66.6,0.1323,0.061,21.7
BEN-ZN00699,Bengaluru,36.587048,80.269917,560013,0.594,22.5,94.7,0.0339,0.214,29.95
BEN-ZN00700,Bengaluru,16.500488,81.79394,560033,0.804,26.0,100.2,0.0221,0.85,33.15
HYD-ZN00701,Hyderabad,13.535445,91.749022,500021,0.282,31.7,138.5,0.0082,0.575,19.12
CHE-ZN00702,Chennai,14.674393,69.299849,600019,0.905,35.0,104.4,0.1012,0.382,7.53
MUM-ZN00703,Mumbai,11.639891,91.823482,400042,0.412,79.1,183.7,0.0,0.153,17.45
MUM-ZN00704,Mumbai,22.136737,70.603458,400046,0.318,0.0,163.1,0.0416,0.557,13.38
AHM-ZN00705,Ahmedabad,9.570031,85.045,380062,0.454,0.5,94.1,0.04,0.151,27.78
MUM-ZN00706,Mumbai,15.928102,72.417066,400083,0.008,59.3,82.5,0.0152,0.0,39.0
KOL-ZN00707,Kolkata,35.442796,79.404838,700019,0.38,29.4,110.2,0.019,0.072,19.06
BEN-ZN00708,Bengaluru,18.768737,78.795585,560012,0.756,44.6,115.5,0.0443,0.477,18.38
HYD-ZN00709,Hyderabad,14.744536,91.222747,500005,0.408,5.1,118.4,0.0244,0.464,29.89
DEL-ZN00710,Delhi,25.005094,92.489935,110094,0.548,15.8,159.3,0.0441,0.363,7.11
MUM-ZN00711,Mumbai,18.129599,89.544754,400094,0.257,65.6,97.4,0.0614,0.371,25.22
KOL-ZN00712,Kolkata,25.725971,75.363923,700018,1.0,12.5,129.0,0.0612,0.477,19.92
AHM-ZN00713,Ahmedabad,11.19218,88.068189,380055,0.424,0.0,97.2,0.0493,0.641,32.1
HYD-ZN00714,Hyderabad,22.389152,71.517018,500051,0.337,117.5,139.1,0.0199,0.023,6.78
CHE-ZN00715,Chennai,13.036652,82.933002,600034,0.212,82.5,66.5,0.0874,0.203,33.02
PUN-ZN00716,Pune,15.13491,92.356971,411028,0.504,18.4,74.0,0.0204,0.469,19.38
PUN-ZN00717,Pune,11.889708,92.71015,411043,0.332,88.8,109.3,0.0081,0.242,8.42
HYD-ZN00718,Hyderabad,33.861542,88.767449,500031,0.351,58.9,120.4,0.056,0.358,7.27
BEN-ZN00719,Bengaluru,8.268486,90.59401,560059,0.16,21.5,92.9,0.0,0.158,9.75
DEL-ZN00720,Delhi,17.067165,76.385691,110008,0.997,37.2,135.7,0.0107,0.312,15.44
PUN-ZN00721,Pune,22.52827,78.396481,411042,0.384,0.0,95.6,0.0644,0.458,22.5
AHM-ZN00722,Ahmedabad,21.356795,70.243048,380013,0.721,0.0,118.3,0.0427,0.058,30.53
CHE-ZN00723,Chennai,28.089181,80.251288,600130,1.0,16.2,38.5,0.0389,0.194,15.23
MUM-ZN00724,Mumbai,11.169824,70.28077,400037,0.887,31.9,105.7,0.0622,0.144,17.24
DEL-ZN00725,Delhi,32.637795,89.247707,110077,0.822,51.3,114.2,0.0328,0.275,24.76
AHM-ZN00726,Ahmedabad,32.100682,83.208905,380036,0.381,30.2,92.3,0.0,0.566,13.76
CHE-ZN00727,Chennai,9.109682,91.178212,600101,0.61,0.0,144.9,0.0058,0.519,16.43
DEL-ZN00728,Delhi,19.190338,75.049117,110067,0.626,0.0,331.4,0.0058,0.398,29.62
PUN-ZN00729,Pune,36.039676,81.720833,411035,0.429,12.3,55.5,0.0335,0.079,17.21
HYD-ZN00730,Hyderabad,10.569255,91.701706,500046,0.253,15.2,42.9,0.007,0.752,28.34
MUM-ZN00731,Mumbai,36.797324,86.203605,400085,1.0,57.4,159.5,0.2075,0.22,36.53
PUN-ZN00732,Pune,17.68807,79.607532,411036,0.411,61.5,101.1,0.0028,0.383,12.49
BEN-ZN00733,Bengaluru,19.025612,73.106819,560005,0.418,10.0,150.4,0.0424,0.21,18.04
AHM-ZN00734,Ahmedabad,35.528145,88.721534,380011,0.556,56.6,133.4,0.0385,0.52,186.53
DEL-ZN00735,Delhi,27.523657,95.365549,110038,0.005,16.0,116.4,0.0723,0.7,49.04
BEN-ZN00736,Bengaluru,26.335935,81.28494,560046,0.068,53.0,84.3,0.0884,0.261,31.33
KOL-ZN00737,Kolkata,8.514536,82.957186,700008,0.091,31.8,138.7,0.1548,0.838,45.7
CHE-ZN00738,Chennai,9.441789,79.609926,600114,0.452,83.4,58.2,0.0093,0.499,22.71
HYD-ZN00739,Hyderabad,10.993966,75.403794,500037,0.955,28.9,167.0,0.0676,0.327,8.4
CHE-ZN00740,Chennai,19.938027,93.859264,600067,0.521,33.4,133.8,0.0141,0.096,20.3
AHM-ZN00741,Ahmedabad,15.639629,69.02424,380028,0.477,0.0,66.1,0.025,0.304,25.58
PUN-ZN00742,Pune,21.033771,69.982965,411036,0.39,35.6,85.2,0.0085,0.634,15.86
AHM-ZN00743,Ahmedabad,33.903247,70.436031,380020,0.023,13.6,78.1,0.03,0.127,19.54
PUN-ZN00744,Pune,9.317581,87.396224,411051,0.158,19.9,69.6,0.212,0.314,36.21
PUN-ZN00745,Pune,14.009618,76.806436,411060,0.871,45.5,56.2,0.0203,0.405,33.02
MUM-ZN00746,Mumbai,34.567046,87.018812,400027,0.669,44.2,144.4,0.0497,0.536,56.96
BEN-ZN00747,Bengaluru,8.471468,68.9388,560045,0.966,0.0,68.2,0.1541,0.233,14.88
HYD-ZN00748,Hyderabad,20.427145,89.99423,500028,0.723,3.1,188.8,0.0179,0.282,58.42
AHM-ZN00749,Ahmedabad,28.40167,81.981218,380016,0.166,16.7,96.6,0.036,0.117,23.2
CHE-ZN00750,Chennai,10.883228,82.358743,600124,1.0,67.6,131.6,0.0411,0.593,7.79
BEN-ZN00751,Bengaluru,32.349829,71.124204,560037,0.345,50.2,90.9,0.0,0.299,6.33
AHM-ZN00752,Ahmedabad,27.525633,68.365842,380007,0.502,16.9,58.3,0.0865,0.051,21.45
KOL-ZN00753,Kolkata,27.278804,72.016376,700096,0.578,43.3,183.5,0.0133,0.207,13.87
HYD-ZN00754,Hyderabad,17.316247,87.087342,500044,0.984,55.8,110.7,0.0547,0.671,33.21
MUM-ZN00755,Mumbai,22.711144,89.586898,400005,1.0,49.7,157.6,0.0454,0.336,14.52
CHE-ZN00756,Chennai,24.472826,82.383289,600118,1.0,32.8,122.0,0.0,0.31,40.36
AHM-ZN00757,Ahmedabad,11.918034,78.947689,380026,0.287,15.0,36.5,0.039,0.402,11.29
MUM-ZN00758,Mumbai,13.863739,91.013077,400037,0.724,140.0,148.6,0.0389,0.129,11.31
CHE-ZN00759,Chennai,30.400963,69.72373,600008,0.105,0.0,128.7,0.088,0.389,18.27
DEL-ZN00760,Delhi,16.440441,77.073269,110079,0.369,11.8,171.2,0.0046,0.15,20.62
CHE-ZN00761,Chennai,36.591558,82.259839,600072,0.121,44.3,113.5,0.0451,0.338,15.96
AHM-ZN00762,Ahmedabad,36.756102,84.425413,380042,0.823,5.1,102.3,0.0999,0.204,16.13
HYD-ZN00763,Hyderabad,36.720719,79.986057,500050,0.315,4.3,121.4,0.003,0.303,17.53
AHM-ZN00764,Ahmedabad,28.102424,78.417563,380034,0.801,12.6,93.9,0.0385,0.453,12.98
PUN-ZN00765,Pune,12.546105,77.767889,411029,0.416,42.7,64.8,0.0533,0.115,44.97
PUN-ZN00766,Pune,9.614917,72.812074,411016,0.164,9.0,91.3,0.0429,0.223,33.32
BEN-ZN00767,Bengaluru,14.509188,95.663763,560005,0.822,29.3,87.2,0.072,0.475,61.03
PUN-ZN00768,Pune,29.563184,81.096629,411055,0.8,1.7,62.0,0.0987,0.432,25.11
BEN-ZN00769,Bengaluru,18.423346,87.11956,560067,0.165,13.7,64.9,0.0212,0.194,24.86
MUM-ZN00770,Mumbai,31.955907,70.966381,400067,1.0,47.5,198.2,0.0105,0.388,24.91
BEN-ZN00771,Bengaluru,30.393881,82.698388,560002,0.842,36.1,151.6,0.0607,0.308,19.76
DEL-ZN00772,Delhi,19.971715,80.509337,110091,0.659,14.1,70.7,0.0617,0.02,16.25
DEL-ZN00773,Delhi,32.644221,74.307787,110017,0.837,12.5,132.6,0.2102,0.048,18.13
KOL-ZN00774,Kolkata,30.368399,82.091511,700158,0.253,20.2,220.4,0.0673,0.355,26.68
PUN-ZN00775,Pune,31.190064,80.072242,411021,0.286,62.8,102.9,0.0134,0.182,22.08
AHM-ZN00776,Ahmedabad,19.336334,77.365813,380036,0.028,25.1,109.4,0.2628,0.452,13.75
KOL-ZN00777,Kolkata,16.784998,68.429582,700041,0.705,16.1,225.6,0.092,0.415,28.29
BEN-ZN00778,Bengaluru,15.280801,83.782375,560051,0.638,53.6,119.2,0.061,0.127,10.35
DEL-ZN00779,Delhi,15.085175,81.383194,110060,0.847,23.2,258.2,0.068,0.229,11.27
KOL-ZN00780,Kolkata,18.642747,74.564549,700019,0.802,68.2,169.1,0.0254,0.467,86.61
MUM-ZN00781,Mumbai,28.168054,79.027512,400049,1.0,118.0,157.4,0.0981,0.259,8.28
DEL-ZN00782,Delhi,34.682514,90.851602,110078,0.391,11.5,133.2,0.0896,0.306,17.6
PUN-ZN00783,Pune,8.185632,70.472823,411017,0.544,75.5,135.6,0.118,0.102,19.67
DEL-ZN00784,Delhi,33.327368,84.467966,110096,0.433,21.1,368.8,0.0455,0.241,20.77
DEL-ZN00785,Delhi,31.622899,91.322886,110079,0.646,31.1,173.2,0.0,0.494,40.24
HYD-ZN00786,Hyderabad,32.562968,78.972587,500085,0.079,82.0,137.5,0.0133,0.247,13.35
BEN-ZN00787,Bengaluru,33.763335,89.062152,560053,0.741,38.8,62.3,0.0793,0.338,4.56
CHE-ZN00788,Chennai,16.394515,96.095849,600057,0.968,39.3,140.2,0.0705,0.143,21.82
DEL-ZN00789,Delhi,16.146207,73.74212,110009,0.094,33.7,91.8,0.1006,0.333,15.64
DEL-ZN00790,Delhi,11.215066,92.878095,110072,0.366,28.5,468.1,0.0313,0.465,17.83
DEL-ZN00791,Delhi,17.049464,95.514543,110044,0.425,15.2,240.3,0.0152,0.111,24.27
CHE-ZN00792,Chennai,12.540599,86.449246,600114,0.461,58.7,68.4,0.1637,0.137,6.93
MUM-ZN00793,Mumbai,16.981814,81.062642,400065,1.0,32.1,102.7,0.2478,0.595,35.38
PUN-ZN00794,Pune,8.039543,89.600364,411051,0.891,0.0,96.1,0.0202,0.09,29.94
PUN-ZN00795,Pune,21.143825,76.581453,411053,0.903,91.4,69.3,0.0081,0.273,15.41
AHM-ZN00796,Ahmedabad,23.270445,70.00706,380013,0.763,6.4,77.0,0.0265,0.084,22.14
KOL-ZN00797,Kolkata,31.470402,78.256936,700100,1.0,15.8,171.4,0.0097,0.11,7.62
HYD-ZN00798,Hyderabad,21.740236,95.444612,500020,0.966,21.3,79.2,0.0142,0.233,67.64
HYD-ZN00799,Hyderabad,27.180378,81.699499,500035,0.353,45.2,30.0,0.0215,0.34,13.57
AHM-ZN00800,Ahmedabad,29.043673,68.79232,380014,0.576,2.5,159.7,0.0106,0.16,10.8
KOL-ZN00801,Kolkata,15.489866,86.194241,700158,0.219,29.0,137.4,0.0092,0.285,14.05
AHM-ZN00802,Ahmedabad,8.107589,95.334477,380016,0.121,10.8,101.5,0.0747,0.205,12.95
DEL-ZN00803,Delhi,28.532549,79.402348,110079,0.97,14.2,79.6,0.1004,0.174,48.7
DEL-ZN00804,Delhi,13.388842,86.272134,110039,0.648,7.1,353.9,0.0642,0.229,27.72
MUM-ZN00805,Mumbai,32.170215,68.49072,400022,0.778,85.7,117.3,0.0002,0.223,12.28
AHM-ZN00806,Ahmedabad,18.167194,95.268792,380045,0.147,37.9,78.6,0.1166,0.064,61.19
MUM-ZN00807,Mumbai,18.082805,94.83833,400051,0.034,31.0,124.0,0.0217,0.227,13.38
DEL-ZN00808,Delhi,27.877908,69.049965,110004,0.474,27.4,76.7,0.1005,0.236,17.98
PUN-ZN00809,Pune,26.676206,76.564358,411051,0.299,52.9,93.4,0.0303,0.162,36.1
BEN-ZN00810,Bengaluru,17.341456,79.488779,560050,0.269,49.5,79.0,0.0278,0.275,13.27
MUM-ZN00811,Mumbai,9.781552,80.783558,400067,0.802,92.0,196.4,0.0096,0.18,21.62
AHM-ZN00812,Ahmedabad,25.383966,93.427605,380025,0.209,17.6,106.3,0.1029,0.568,29.67
KOL-ZN00813,Kolkata,22.754202,82.98617,700120,0.546,8.8,226.8,0.0314,0.073,10.98
CHE-ZN00814,Chennai,19.753338,71.089187,600014,0.54,14.6,166.2,0.0018,0.301,14.81
AHM-ZN00815,Ahmedabad,8.113933,70.082664,380032,0.488,0.0,98.3,0.0091,0.312,17.03
AHM-ZN00816,Ahmedabad,17.08276,94.316141,380039,0.224,21.7,74.3,0.0282,0.187,21.06
CHE-ZN00817,Chennai,31.660325,95.092729,600114,0.907,35.0,91.0,0.0251,0.499,26.41
DEL-ZN00818,Delhi,11.208794,93.664047,110057,0.305,54.3,500.0,0.0154,0.108,10.19
PUN-ZN00819,Pune,32.132274,96.788314,411018,0.884,4.1,178.0,0.0164,0.497,48.01
MUM-ZN00820,Mumbai,12.936415,70.691941,400037,1.0,90.6,93.7,0.0068,0.116,35.2
DEL-ZN00821,Delhi,35.399582,91.494458,110043,0.516,10.4,348.7,0.0639,0.272,51.7
PUN-ZN00822,Pune,20.984428,74.596039,411015,0.243,26.1,153.7,0.0,0.249,28.98
KOL-ZN00823,Kolkata,27.244165,89.181926,700088,0.749,16.1,107.9,0.028,0.127,26.04
BEN-ZN00824,Bengaluru,14.635542,96.583514,560062,0.749,75.7,157.5,0.0465,0.424,16.45
MUM-ZN00825,Mumbai,31.737762,89.079889,400047,0.518,41.7,182.2,0.135,0.288,20.09
MUM-ZN00826,Mumbai,33.416588,89.956807,400040,0.51,37.7,195.7,0.0294,0.328,20.27
BEN-ZN00827,Bengaluru,19.157078,79.722335,560045,0.109,64.5,74.4,0.0538,0.075,25.57
PUN-ZN00828,Pune,28.811358,95.760101,411040,0.539,16.4,124.5,0.0424,0.324,12.96
AHM-ZN00829,Ahmedabad,14.825383,96.839039,380014,0.555,30.7,137.2,0.0203,0.322,20.16
KOL-ZN00830,Kolkata,30.137114,88.139647,700040,0.598,11.6,133.7,0.0941,0.211,11.27
AHM-ZN00831,Ahmedabad,28.812051,72.414858,380059,0.971,16.1,151.0,0.0017,0.125,16.19
HYD-ZN00832,Hyderabad,32.528128,78.907358,500043,0.065,57.6,100.7,0.0198,0.472,33.3
CHE-ZN00833,Chennai,32.232214,72.449581,600123,0.17,31.7,149.5,0.0,0.404,9.63
PUN-ZN00834,Pune,24.048835,87.249661,411017,0.906,13.0,32.4,0.2144,0.055,16.43
DEL-ZN00835,Delhi,36.739956,95.809808,110036,0.06,9.3,352.3,0.0599,0.186,12.04
CHE-ZN00836,Chennai,30.939896,93.941841,600124,0.055,11.1,88.3,0.0215,0.036,22.04
PUN-ZN00837,Pune,20.769234,68.967966,411001,0.607,14.1,100.0,0.0391,0.301,14.24
HYD-ZN00838,Hyderabad,24.217236,70.936776,500030,0.167,14.3,78.5,0.0572,0.21,9.22
AHM-ZN00839,Ahmedabad,25.618223,71.434828,380046,0.862,11.1,94.0,0.0543,0.197,12.54
PUN-ZN00840,Pune,11.951177,68.710431,411045,0.683,30.1,47.9,0.019,0.473,10.77
CHE-ZN00841,Chennai,35.099421,78.758839,600068,1.0,45.1,81.7,0.001,0.034,23.22
KOL-ZN00842,Kolkata,19.618679,91.768698,700137,0.617,32.8,158.8,0.1645,0.042,21.09
AHM-ZN00843,Ahmedabad,8.45169,95.221474,380043,0.638,19.6,56.2,0.0312,0.144,13.35
HYD-ZN00844,Hyderabad,18.457957,68.142175,500030,0.737,22.0,137.7,0.0674,0.395,20.41
CHE-ZN00845,Chennai,15.265585,71.837288,600026,0.521,55.0,147.9,0.0734,0.141,18.48
PUN-ZN00846,Pune,19.52845,89.673531,411062,0.285,15.7,104.2,0.0162,0.382,13.71
HYD-ZN00847,Hyderabad,17.342472,85.525766,500084,0.728,28.0,136.7,0.0857,0.345,36.55
HYD-ZN00848,Hyderabad,8.691754,94.79358,500050,0.097,26.4,92.5,0.0755,0.641,20.01
MUM-ZN00849,Mumbai,9.389403,70.325926,400102,0.092,44.8,202.3,0.0231,0.391,30.58
MUM-ZN00850,Mumbai,10.411762,77.474385,400010,0.904,30.4,150.7,0.0271,0.449,26.91
DEL-ZN00851,Delhi,32.536551,81.33052,110072,0.712,36.8,124.4,0.0101,0.148,23.1
KOL-ZN00852,Kolkata,36.070343,89.662568,700132,1.0,0.0,154.5,0.0222,0.434,29.78
BEN-ZN00853,Bengaluru,35.479206,92.807056,560001,0.801,54.8,129.4,0.0256,0.117,22.58
BEN-ZN00854,Bengaluru,26.999308,73.603302,560039,0.037,15.0,59.4,0.0386,0.473,22.95
PUN-ZN00855,Pune,32.134034,86.110311,411049,0.503,41.8,96.9,0.0265,0.589,24.71
PUN-ZN00856,Pune,21.864068,73.702622,411060,0.224,13.6,190.0,0.0112,0.3,28.53
DEL-ZN00857,Delhi,9.779478,87.294005,110068,0.916,15.5,377.6,0.0373,0.344,34.74
AHM-ZN00858,Ahmedabad,27.611802,95.37413,380030,0.321,26.2,81.5,0.1984,0.214,40.2
CHE-ZN00859,Chennai,26.21576,79.968066,600093,0.585,42.6,58.9,0.0466,0.044,29.02
PUN-ZN00860,Pune,10.036011,72.016583,411005,0.801,3.9,160.8,0.0279,0.083,35.95
BEN-ZN00861,Bengaluru,33.484807,68.608747,560028,0.644,72.9,108.9,0.0677,0.376,45.24
PUN-ZN00862,Pune,31.836474,71.525363,411025,0.595,35.4,75.8,0.0435,0.096,21.4
CHE-ZN00863,Chennai,32.025629,72.510679,600106,0.383,15.5,113.1,0.0156,0.295,12.09
DEL-ZN00864,Delhi,28.018059,80.654497,110031,0.456,12.6,145.9,0.0349,0.237,22.29
CHE-ZN00865,Chennai,17.189061,86.1446,600017,0.225,48.3,109.7,0.0136,0.055,49.5
AHM-ZN00866,Ahmedabad,20.601817,68.433566,380016,0.535,3.1,109.9,0.0,0.272,12.46
CHE-ZN00867,Chennai,30.665019,87.326329,600059,0.183,36.8,68.6,0.0604,0.148,34.82
BEN-ZN00868,Bengaluru,36.347814,72.057448,560069,0.842,18.6,149.6,0.1352,0.318,8.47
PUN-ZN00869,Pune,31.346255,94.43377,411012,0.79,9.2,30.0,0.117,0.311,11.55
CHE-ZN00870,Chennai,21.371766,75.541065,600083,0.136,23.6,66.4,0.168,0.408,41.24
BEN-ZN00871,Bengaluru,17.077618,94.302926,560054,0.975,51.4,126.0,0.1059,0.308,17.0
KOL-ZN00872,Kolkata,16.737259,83.086848,700064,0.729,2.3,174.0,0.0987,0.076,29.51
PUN-ZN00873,Pune,30.235574,89.159734,411028,0.78,17.1,153.4,0.0379,0.092,19.61
DEL-ZN00874,Delhi,33.291137,93.630018,110010,0.592,0.0,96.3,0.108,0.497,6.6
CHE-ZN00875,Chennai,14.402807,80.356485,600007,0.645,54.5,91.9,0.1113,0.245,7.97
MUM-ZN00876,Mumbai,17.293763,82.490782,400011,0.629,46.5,149.4,0.0127,0.239,28.1
HYD-ZN00877,Hyderabad,28.371935,85.221133,500085,0.717,81.0,153.4,0.0089,0.135,12.79
MUM-ZN00878,Mumbai,30.356779,94.385542,400090,0.389,27.1,115.7,0.0181,0.134,7.2
AHM-ZN00879,Ahmedabad,23.388753,94.943068,380004,0.813,6.3,116.0,0.0159,0.091,17.09
HYD-ZN00880,Hyderabad,24.736692,87.954768,500003,0.314,36.9,86.3,0.0379,0.224,62.32
KOL-ZN00881,Kolkata,35.681361,95.657766,700120,1.0,31.7,115.0,0.0764,0.202,9.44
DEL-ZN00882,Delhi,19.961233,93.70341,110051,0.536,9.0,108.1,0.0284,0.159,45.07
MUM-ZN00883,Mumbai,14.27456,73.517592,400066,1.0,113.5,63.8,0.0165,0.547,27.72
DEL-ZN00884,Delhi,23.520435,68.194691,110080,0.549,24.2,114.5,0.0,0.302,22.14
HYD-ZN00885,Hyderabad,27.078924,85.09368,500063,0.071,24.2,46.0,0.0152,0.552,12.68
CHE-ZN00886,Chennai,28.923034,96.134969,600051,0.717,12.7,78.0,0.0232,0.087,28.55
HYD-ZN00887,Hyderabad,36.32563,92.728733,500041,0.393,35.1,109.1,0.0138,0.499,22.15
DEL-ZN00888,Delhi,24.365426,86.661464,110019,0.74,25.4,92.1,0.1183,0.226,11.33
AHM-ZN00889,Ahmedabad,15.813538,70.474814,380005,0.295,49.2,110.8,0.0922,0.069,12.29
CHE-ZN00890,Chennai,36.641531,95.932084,600117,0.821,26.0,97.5,0.0159,0.478,23.34
CHE-ZN00891,Chennai,28.604036,80.345199,600091,0.97,43.1,61.5,0.01,0.38,14.52
AHM-ZN00892,Ahmedabad,33.022511,71.018116,380011,0.932,17.8,91.5,0.0294,0.183,14.26
KOL-ZN00893,Kolkata,29.178216,72.650664,700054,1.0,0.0,146.6,0.0096,0.336,15.31
MUM-ZN00894,Mumbai,23.748173,78.483319,400032,1.0,47.9,129.0,0.0595,0.243,24.12
BEN-ZN00895,Bengaluru,24.763059,72.817722,560033,0.483,7.4,130.3,0.1536,0.01,30.34
BEN-ZN00896,Bengaluru,22.827014,74.471977,560022,0.069,32.0,91.2,0.0363,0.148,41.22
MUM-ZN00897,Mumbai,33.751305,87.805605,400067,0.692,115.8,46.9,0.0304,0.232,10.71
CHE-ZN00898,Chennai,10.413512,86.463624,600059,0.837,61.5,103.0,0.0234,0.286,19.64
PUN-ZN00899,Pune,36.466106,90.112404,411019,0.699,32.2,111.2,0.0482,0.427,15.96
HYD-ZN00900,Hyderabad,12.331031,68.077412,500018,0.354,29.6,36.0,0.0392,0.129,38.96
DEL-ZN00901,Delhi,25.898299,92.50366,110071,0.866,35.7,30.0,0.178,0.348,25.91
BEN-ZN00902,Bengaluru,23.79833,75.348145,560087,0.902,53.0,86.5,0.002,0.135,13.55
PUN-ZN00903,Pune,27.774474,72.644807,411040,0.119,12.8,154.7,0.1409,0.085,12.37
PUN-ZN00904,Pune,30.098941,74.070878,411026,0.602,44.0,100.2,0.0657,0.176,8.17
DEL-ZN00905,Delhi,12.553295,89.209699,110042,0.694,18.5,103.9,0.0478,0.26,17.63
HYD-ZN00906,Hyderabad,10.649858,88.571862,500003,0.609,25.3,132.9,0.0319,0.142,23.69
DEL-ZN00907,Delhi,8.938472,71.32988,110039,0.762,61.0,284.8,0.0369,0.151,48.4
KOL-ZN00908,Kolkata,28.590153,71.735818,700045,0.946,34.3,196.1,0.0146,0.049,15.8
MUM-ZN00909,Mumbai,8.373082,80.131906,400058,0.453,154.0,77.9,0.0111,0.673,40.0
BEN-ZN00910,Bengaluru,14.978186,69.110304,560096,0.956,37.1,41.8,0.1079,0.398,14.03
CHE-ZN00911,Chennai,8.081796,94.228023,600070,1.0,13.3,107.1,0.0,0.51,8.76
BEN-ZN00912,Bengaluru,33.437504,86.552603,560026,0.683,9.3,140.9,0.0358,0.193,12.39
HYD-ZN00913,Hyderabad,31.399479,84.655154,500056,0.996,32.0,106.3,0.0251,0.054,36.53
BEN-ZN00914,Bengaluru,32.6332,84.247376,560078,0.304,24.7,45.5,0.0685,0.454,14.2
PUN-ZN00915,Pune,28.574462,74.412292,411028,0.04,19.3,108.5,0.0327,0.021,13.41
PUN-ZN00916,Pune,32.248302,81.666118,411044,0.513,33.1,48.1,0.0505,0.11,20.13
MUM-ZN00917,Mumbai,15.213148,92.885714,400033,1.0,35.5,130.2,0.0146,0.423,36.24
KOL-ZN00918,Kolkata,34.386567,69.864051,700005,0.641,31.2,83.7,0.0221,0.056,16.65
DEL-ZN00919,Delhi,20.640929,75.653193,110060,0.983,0.7,417.4,0.0,0.156,17.83
MUM-ZN00920,Mumbai,27.887453,76.334435,400101,1.0,97.3,67.6,0.0297,0.529,27.02
HYD-ZN00921,Hyderabad,24.017252,70.895719,500094,0.25,14.5,95.1,0.1053,0.174,22.5
DEL-ZN00922,Delhi,22.204242,76.680387,110075,0.946,36.9,138.4,0.0636,0.245,49.99
BEN-ZN00923,Bengaluru,22.956006,85.004108,560038,0.339,83.9,85.0,0.0495,0.402,8.97
DEL-ZN00924,Delhi,18.401279,77.217683,110003,0.159,25.0,243.9,0.0376,0.065,25.1
PUN-ZN00925,Pune,25.842942,96.368522,411027,0.242,29.9,120.8,0.0,0.067,19.49
CHE-ZN00926,Chennai,11.542902,92.257261,600085,0.101,80.1,126.4,0.0755,0.605,11.27
BEN-ZN00927,Bengaluru,28.245796,88.19311,560018,0.814,14.7,143.6,0.0237,0.319,22.42
MUM-ZN00928,Mumbai,17.406939,92.286145,400025,1.0,3.9,93.6,0.0395,0.142,8.08
AHM-ZN00929,Ahmedabad,26.44287,74.815338,380059,0.293,24.3,98.8,0.109,0.1,10.6
MUM-ZN00930,Mumbai,35.684763,92.674166,400040,1.0,66.3,144.8,0.0418,0.196,17.47
PUN-ZN00931,Pune,13.056347,77.856009,411056,0.012,37.0,76.7,0.0575,0.209,14.36
CHE-ZN00932,Chennai,25.278617,69.354963,600028,0.892,18.9,107.4,0.0845,0.041,17.42
DEL-ZN00933,Delhi,34.524428,90.512511,110042,0.955,30.3,107.0,0.0287,0.038,58.29
PUN-ZN00934,Pune,32.209896,81.427198,411046,0.635,11.2,182.9,0.0324,0.346,21.15
BEN-ZN00935,Bengaluru,19.654112,74.410423,560057,0.335,37.3,128.5,0.003,0.181,23.33
MUM-ZN00936,Mumbai,36.111726,68.576289,400046,0.901,38.2,110.0,0.0519,0.1,17.38
MUM-ZN00937,Mumbai,28.494261,85.197258,400016,0.806,4.1,97.0,0.0792,0.257,26.7
PUN-ZN00938,Pune,9.954802,93.77656,411054,0.72,20.7,79.7,0.0131,0.544,21.93
BEN-ZN00939,Bengaluru,13.164635,96.757974,560029,0.359,22.5,109.6,0.084,0.072,21.06
HYD-ZN00940,Hyderabad,35.829105,90.276851,500085,0.437,56.0,80.7,0.0352,0.03,22.23
HYD-ZN00941,Hyderabad,25.291461,73.250354,500042,0.183,40.3,77.8,0.0,0.478,26.82
HYD-ZN00942,Hyderabad,24.342396,80.845685,500057,0.975,2.4,83.3,0.1181,0.02,15.94
DEL-ZN00943,Delhi,11.102268,73.46264,110058,0.761,32.6,238.5,0.0259,0.154,26.2
CHE-ZN00944,Chennai,8.531322,76.858055,600085,0.874,50.2,74.9,0.0839,0.095,28.48
PUN-ZN00945,Pune,36.17541,80.822406,411017,0.648,32.8,127.6,0.0537,0.089,55.86
DEL-ZN00946,Delhi,10.545131,79.282584,110071,0.063,9.7,253.9,0.0147,0.061,26.02
HYD-ZN00947,Hyderabad,36.071415,84.542764,500005,0.949,11.7,107.5,0.0837,0.215,25.08
HYD-ZN00948,Hyderabad,27.119629,95.963558,500024,0.067,24.5,72.8,0.0188,0.569,17.77
CHE-ZN00949,Chennai,13.841109,88.570277,600097,0.142,6.9,123.4,0.0473,0.276,24.35
MUM-ZN00950,Mumbai,34.546985,73.676968,400059,0.01,9.3,231.1,0.0,0.301,24.11
DEL-ZN00951,Delhi,11.767237,82.720032,110074,0.966,18.5,148.5,0.011,0.192,31.75
CHE-ZN00952,Chennai,8.203942,96.66329,600127,1.0,48.0,43.8,0.1004,0.012,26.07
PUN-ZN00953,Pune,34.172612,89.473734,411048,0.691,25.2,124.1,0.0377,0.021,37.06
AHM-ZN00954,Ahmedabad,24.742167,92.948701,380039,0.345,43.8,96.9,0.0547,0.289,11.41
AHM-ZN00955,Ahmedabad,11.048844,94.284527,380022,0.702,5.8,179.0,0.0647,0.265,25.87
PUN-ZN00956,Pune,35.116197,94.458595,411055,0.772,24.1,122.2,0.0222,0.522,34.62
CHE-ZN00957,Chennai,23.105248,82.08675,600091,0.574,11.2,66.5,0.0278,0.295,15.1
HYD-ZN00958,Hyderabad,29.282531,95.933832,500072,0.222,9.5,107.9,0.1642,0.701,23.42
PUN-ZN00959,Pune,22.863356,71.042488,411050,0.845,34.3,57.1,0.0179,0.257,11.76
CHE-ZN00960,Chennai,36.10548,81.554937,600063,1.0,13.9,123.8,0.0431,0.217,14.72
MUM-ZN00961,Mumbai,26.706446,81.637655,400064,0.772,62.5,83.2,0.0638,0.139,61.65
KOL-ZN00962,Kolkata,25.848819,96.42632,700077,1.0,16.3,184.4,0.0096,0.114,18.24
HYD-ZN00963,Hyderabad,21.414089,94.118997,500085,0.497,72.8,118.5,0.0288,0.218,15.49
KOL-ZN00964,Kolkata,16.03601,92.649972,700012,0.205,8.8,204.8,0.148,0.639,26.86
PUN-ZN00965,Pune,24.864382,92.02183,411048,0.58,6.6,140.1,0.0299,0.113,15.89
BEN-ZN00966,Bengaluru,19.18244,90.364365,560044,0.247,48.4,85.4,0.0494,0.1,15.88
CHE-ZN00967,Chennai,16.633828,81.105813,600091,0.051,39.0,130.6,0.015,0.381,26.54
DEL-ZN00968,Delhi,27.991709,68.898784,110094,0.726,23.1,128.9,0.1012,0.314,29.87
CHE-ZN00969,Chennai,17.885594,86.915523,600054,0.294,7.9,89.7,0.0337,0.29,14.52
HYD-ZN00970,Hyderabad,35.689338,86.468082,500073,0.669,22.1,68.8,0.0661,0.413,33.91
MUM-ZN00971,Mumbai,21.399776,85.573132,400101,0.76,75.4,121.8,0.0163,0.241,26.78
PUN-ZN00972,Pune,18.552354,92.797089,411029,0.847,33.3,77.4,0.0102,0.131,18.52
CHE-ZN00973,Chennai,34.736052,82.409499,600107,1.0,3.6,96.8,0.1019,0.18,17.87
DEL-ZN00974,Delhi,18.974084,83.261181,110028,0.526,25.5,127.5,0.0,0.195,31.69
MUM-ZN00975,Mumbai,22.175366,95.702109,400027,0.083,26.7,164.4,0.1541,0.209,12.15
AHM-ZN00976,Ahmedabad,26.912487,70.837989,380044,0.757,18.3,127.7,0.0975,0.388,10.34
AHM-ZN00977,Ahmedabad,35.761745,70.723664,380059,0.217,28.7,47.6,0.0712,0.178,26.87
CHE-ZN00978,Chennai,17.172785,68.740678,600001,0.843,19.6,102.9,0.0936,0.414,23.5
CHE-ZN00979,Chennai,19.249222,72.544944,600049,1.0,33.3,97.3,0.02,0.159,25.82
HYD-ZN00980,Hyderabad,16.193115,74.852593,500025,0.141,45.7,131.3,0.0,0.674,22.77
HYD-ZN00981,Hyderabad,11.766979,84.075443,500088,0.162,21.4,134.5,0.0363,0.249,11.75
BEN-ZN00982,Bengaluru,14.502041,90.1844,560018,0.555,16.5,79.2,0.0,0.08,18.8
PUN-ZN00983,Pune,17.136769,72.600038,411016,0.425,40.3,79.2,0.0279,0.674,25.62
HYD-ZN00984,Hyderabad,31.456999,76.257561,500058,0.752,12.1,84.4,0.028,0.506,21.27
KOL-ZN00985,Kolkata,25.23283,69.555273,700036,0.63,28.0,165.6,0.0009,0.139,17.14
CHE-ZN00986,Chennai,15.767311,82.131667,600075,1.0,11.2,63.5,0.0664,0.021,25.95
HYD-ZN00987,Hyderabad,33.700666,84.969642,500091,0.611,43.1,93.7,0.0255,0.183,12.79
HYD-ZN00988,Hyderabad,18.676189,88.15096,500006,0.336,79.8,116.6,0.0257,0.231,24.55
MUM-ZN00989,Mumbai,9.187681,71.292838,400033,0.497,13.4,116.5,0.0116,0.446,24.78
CHE-ZN00990,Chennai,20.124803,76.965875,600093,1.0,12.4,106.9,0.0272,0.145,29.4
KOL-ZN00991,Kolkata,31.1803,91.176667,700029,0.376,12.0,189.5,0.0477,0.378,34.11
DEL-ZN00992,Delhi,23.979357,75.229165,110085,0.624,26.8,222.8,0.1599,0.303,19.49
DEL-ZN00993,Delhi,35.740005,72.276773,110087,0.962,11.8,194.5,0.0,0.139,14.41
MUM-ZN00994,Mumbai,32.439428,77.422904,400057,0.709,72.3,127.0,0.0,0.466,16.1
PUN-ZN00995,Pune,10.997671,72.46082,411056,0.031,51.6,84.2,0.0,0.241,11.25
CHE-ZN00996,Chennai,27.030242,86.337292,600094,0.662,9.1,123.5,0.0685,0.28,10.68
KOL-ZN00997,Kolkata,16.215218,84.16626,700091,1.0,34.9,92.7,0.0885,0.143,18.35
MUM-ZN00998,Mumbai,35.167488,78.758373,400042,1.0,29.1,92.2,0.0528,0.093,22.05
HYD-ZN00999,Hyderabad,9.480598,96.116233,500028,0.45,23.4,103.9,0.0,0.333,13.94
HYD-ZN01000,Hyderabad,20.432413,82.491949,500063,0.384,55.9,67.8,0.0653,0.537,51.77
KOL-ZN01001,Kolkata,34.765026,74.275238,700036,0.517,13.2,96.3,0.0507,0.096,29.29
PUN-ZN01002,Pune,32.876945,73.558899,411047,0.61,18.5,137.3,0.0276,0.127,9.21
MUM-ZN01003,Mumbai,15.622736,91.880937,400005,0.17,29.2,77.0,0.0168,0.493,16.37
BEN-ZN01004,Bengaluru,28.134147,91.919485,560052,0.641,39.5,104.5,0.0468,0.166,33.8
PUN-ZN01005,Pune,28.905309,96.508475,411054,0.583,0.0,75.0,0.0079,0.52,15.5
PUN-ZN01006,Pune,33.803967,84.32137,411012,0.774,10.2,147.1,0.0656,0.24,10.53
BEN-ZN01007,Bengaluru,12.340333,84.362779,560048,0.561,49.8,114.9,0.0227,0.012,15.4
MUM-ZN01008,Mumbai,19.611921,81.279435,400078,0.533,16.7,154.0,0.0794,0.074,9.55
PUN-ZN01009,Pune,26.656135,94.564231,411002,0.378,28.6,90.5,0.0107,0.087,37.04
DEL-ZN01010,Delhi,35.729386,87.668242,110023,0.803,16.4,349.6,0.0086,0.116,46.43
MUM-ZN01011,Mumbai,14.008985,92.601959,400033,1.0,36.9,211.8,0.0802,0.28,32.23
MUM-ZN01012,Mumbai,21.255778,85.374846,400021,0.6,26.3,116.5,0.0303,0.321,59.38
PUN-ZN01013,Pune,13.287324,70.142685,411042,0.895,3.0,68.6,0.062,0.302,27.26
CHE-ZN01014,Chennai,29.892367,91.71903,600019,0.45,10.6,87.5,0.0776,0.044,19.42
BEN-ZN01015,Bengaluru,24.761752,78.959809,560084,0.46,36.3,55.0,0.0704,0.541,40.15
BEN-ZN01016,Bengaluru,11.261772,92.652925,560029,0.039,54.0,78.9,0.0506,0.412,23.16
AHM-ZN01017,Ahmedabad,10.466151,73.026753,380027,0.778,16.6,77.2,0.0156,0.505,31.54
MUM-ZN01018,Mumbai,34.03375,71.651777,400019,0.294,110.5,95.8,0.0181,0.634,24.11
CHE-ZN01019,Chennai,26.918665,80.889672,600072,0.176,96.5,115.8,0.014,0.122,28.59
AHM-ZN01020,Ahmedabad,30.60271,77.151139,380040,0.035,25.4,120.8,0.0503,0.098,19.96
HYD-ZN01021,Hyderabad,22.238871,83.702738,500057,0.259,62.1,104.0,0.0929,0.139,13.68
BEN-ZN01022,Bengaluru,9.802046,73.611955,560021,0.463,8.8,83.8,0.061,0.338,14.82
MUM-ZN01023,Mumbai,35.839586,96.444671,400022,0.291,114.5,108.6,0.015,0.165,19.7
MUM-ZN01024,Mumbai,34.144566,75.501901,400091,0.361,10.7,30.0,0.0779,0.179,17.88
HYD-ZN01025,Hyderabad,22.594813,77.397275,500095,0.555,109.3,90.0,0.0965,0.302,10.69
AHM-ZN01026,Ahmedabad,19.842204,92.494633,380027,0.998,27.8,98.5,0.0308,0.375,19.0
MUM-ZN01027,Mumbai,26.755239,93.697379,400034,0.227,78.5,69.2,0.0032,0.553,34.25
BEN-ZN01028,Bengaluru,28.14846,75.455019,560044,0.386,0.0,110.8,0.0262,0.134,15.72
HYD-ZN01029,Hyderabad,21.369926,81.138408,500060,0.546,26.9,136.6,0.1171,0.16,6.54
KOL-ZN01030,Kolkata,21.608933,83.876194,700138,0.478,71.1,153.7,0.0095,0.224,50.64
MUM-ZN01031,Mumbai,20.804046,91.503442,400090,0.363,19.2,63.8,0.0933,0.19,13.75
KOL-ZN01032,Kolkata,20.080652,81.877987,700118,0.446,18.9,179.4,0.1379,0.447,30.06
PUN-ZN01033,Pune,10.505908,94.241574,411033,0.317,32.9,114.1,0.0944,0.124,9.56
AHM-ZN01034,Ahmedabad,35.651378,72.441442,380020,0.828,24.9,104.6,0.0,0.451,14.15
PUN-ZN01035,Pune,23.151128,91.071397,411009,0.182,29.4,51.8,0.0115,0.282,20.06
BEN-ZN01036,Bengaluru,33.913845,87.923505,560010,0.126,56.8,90.8,0.0115,0.361,14.45
PUN-ZN01037,Pune,15.457568,80.688858,411001,0.6,0.0,130.5,0.0,0.091,29.13
CHE-ZN01038,Chennai,33.104915,70.161423,600109,0.478,70.9,82.7,0.0251,0.255,11.35
HYD-ZN01039,Hyderabad,19.228584,88.799825,500070,0.741,12.2,110.6,0.0522,0.577,11.34
MUM-ZN01040,Mumbai,31.052056,70.153851,400083,0.473,0.0,83.5,0.0121,0.102,7.37
PUN-ZN01041,Pune,16.862817,81.686551,411056,0.914,24.2,138.3,0.1024,0.485,8.61
HYD-ZN01042,Hyderabad,26.443345,72.186012,500075,0.03,54.1,132.3,0.0077,0.041,39.46
CHE-ZN01043,Chennai,34.029443,93.523401,600068,1.0,11.1,98.4,0.0868,0.455,33.42
HYD-ZN01044,Hyderabad,14.908449,78.819339,500088,0.317,17.0,63.7,0.0453,0.299,17.36
DEL-ZN01045,Delhi,32.315192,90.962294,110011,0.227,0.0,405.9,0.0264,0.261,24.13
DEL-ZN01046,Delhi,36.336019,84.13464,110034,0.066,25.6,136.1,0.0087,0.151,14.92
MUM-ZN01047,Mumbai,23.146685,68.080129,400090,0.719,47.7,231.6,0.0368,0.246,15.21
AHM-ZN01048,Ahmedabad,8.034066,82.918656,380047,0.695,0.0,67.9,0.0,0.141,11.98
PUN-ZN01049,Pune,22.091067,94.05395,411024,0.574,37.5,132.0,0.0,0.072,12.3
MUM-ZN01050,Mumbai,21.906614,86.817063,400093,0.237,24.6,141.3,0.0278,0.291,19.66
AHM-ZN01051,Ahmedabad,31.983296,69.68824,380015,0.578,4.3,63.6,0.0157,0.165,18.05
PUN-ZN01052,Pune,36.276215,84.790454,411047,0.703,3.4,105.2,0.0687,0.387,20.11
PUN-ZN01053,Pune,21.137339,72.398321,411059,0.479,19.2,124.2,0.0412,0.35,33.49
PUN-ZN01054,Pune,10.413887,69.557549,411005,0.557,23.9,84.8,0.0465,0.032,15.91
MUM-ZN01055,Mumbai,34.864814,84.548848,400001,0.181,80.1,88.1,0.0,0.23,23.16
AHM-ZN01056,Ahmedabad,9.478892,71.077922,380036,0.683,0.0,47.4,0.0403,0.313,49.86
HYD-ZN01057,Hyderabad,8.814234,73.121705,500048,0.707,46.7,80.1,0.1355,0.134,13.13
BEN-ZN01058,Bengaluru,18.092452,76.382737,560061,0.615,2.8,161.7,0.0645,0.397,45.12
CHE-ZN01059,Chennai,28.396555,85.915435,600009,0.707,11.5,110.9,0.0365,0.34,8.28
MUM-ZN01060,Mumbai,36.70296,72.99231,400061,0.348,37.9,192.8,0.1079,0.108,12.17
AHM-ZN01061,Ahmedabad,15.801882,81.360659,380045,0.723,19.5,77.7,0.0014,0.093,8.08
HYD-ZN01062,Hyderabad,26.560107,93.176527,500055,0.076,14.4,143.2,0.0545,0.511,15.22
AHM-ZN01063,Ahmedabad,29.696817,75.377743,380049,0.529,17.3,85.6,0.0124,0.486,15.86
HYD-ZN01064,Hyderabad,12.38909,87.230092,500088,0.984,11.0,68.4,0.0176,0.065,6.65
KOL-ZN01065,Kolkata,27.399523,72.807141,700073,0.095,29.1,126.3,0.0,0.438,46.24
PUN-ZN01066,Pune,16.24219,78.127436,411047,0.278,11.8,124.2,0.0243,0.133,10.16
AHM-ZN01067,Ahmedabad,16.459901,95.293575,380051,0.216,14.3,73.0,0.0089,0.469,59.53
HYD-ZN01068,Hyderabad,10.694554,94.044068,500025,0.572,38.0,122.8,0.0074,0.215,6.52
AHM-ZN01069,Ahmedabad,35.185526,96.515672,380050,0.456,14.6,134.8,0.1099,0.344,43.38
AHM-ZN01070,Ahmedabad,30.893027,91.090419,380026,0.918,27.5,72.2,0.0496,0.513,11.63
AHM-ZN01071,Ahmedabad,19.000294,71.341156,380044,0.006,32.2,52.0,0.0,0.164,24.08
MUM-ZN01072,Mumbai,32.286997,77.286688,400064,0.668,41.0,151.3,0.0118,0.447,7.08
AHM-ZN01073,Ahmedabad,16.73418,87.061677,380052,0.578,20.6,101.9,0.0132,0.225,11.28
KOL-ZN01074,Kolkata,25.845933,79.338579,700131,0.157,22.9,115.6,0.0044,0.389,47.36
KOL-ZN01075,Kolkata,15.913235,85.75596,700132,0.604,17.7,82.9,0.0713,0.574,25.28
CHE-ZN01076,Chennai,35.724075,91.11195,600129,1.0,26.5,30.0,0.0514,0.399,14.22
BEN-ZN01077,Bengaluru,16.214002,69.30885,560046,0.217,53.8,74.7,0.0036,0.299,14.2
KOL-ZN01078,Kolkata,15.700466,68.777467,700159,1.0,13.9,271.7,0.0428,0.438,19.81
PUN-ZN01079,Pune,14.063892,75.494675,411049,0.031,29.5,88.1,0.1147,0.106,17.31
HYD-ZN01080,Hyderabad,12.215357,80.799786,500076,0.678,20.0,98.4,0.0115,0.15,8.04
DEL-ZN01081,Delhi,34.139504,70.625346,110008,0.921,4.8,253.6,0.0045,0.184,24.65
HYD-ZN01082,Hyderabad,31.219744,92.986465,500069,1.0,29.3,49.0,0.0326,0.192,22.42
PUN-ZN01083,Pune,27.645412,94.014962,411040,0.045,49.6,150.4,0.0051,0.49,13.55
HYD-ZN01084,Hyderabad,25.297175,91.736686,500010,0.732,16.7,123.2,0.106,0.077,41.76
HYD-ZN01085,Hyderabad,31.975831,79.949447,500065,0.708,41.1,102.2,0.0657,0.179,21.34
CHE-ZN01086,Chennai,9.517144,87.113308,600051,0.956,17.0,94.1,0.0301,0.172,9.54
KOL-ZN01087,Kolkata,28.102219,92.691221,700003,0.271,41.1,190.4,0.0404,0.2,28.39
BEN-ZN01088,Bengaluru,12.286105,92.894356,560034,0.341,47.7,98.9,0.0236,0.057,19.41
HYD-ZN01089,Hyderabad,25.86979,95.499859,500085,0.242,39.2,112.6,0.0158,0.016,18.58
MUM-ZN01090,Mumbai,17.713448,77.624586,400070,0.92,48.5,111.7,0.0,0.167,12.98
AHM-ZN01091,Ahmedabad,34.720267,83.893765,380007,0.451,40.0,64.5,0.0516,0.173,31.12
BEN-ZN01092,Bengaluru,36.083181,92.76209,560103,0.548,33.7,89.3,0.0102,0.457,26.21
AHM-ZN01093,Ahmedabad,36.180541,75.406159,380047,0.601,50.8,116.5,0.0728,0.227,8.64
KOL-ZN01094,Kolkata,20.958837,79.211297,700076,0.037,10.6,233.7,0.0142,0.415,18.78
CHE-ZN01095,Chennai,35.128786,95.793911,600124,0.173,4.5,117.3,0.0419,0.644,21.99
KOL-ZN01096,Kolkata,27.783595,96.613333,700047,0.423,33.8,167.2,0.0296,0.481,13.53
KOL-ZN01097,Kolkata,20.463622,81.282325,700128,1.0,49.0,194.4,0.0294,0.164,34.79
MUM-ZN01098,Mumbai,31.451493,77.979976,400019,1.0,32.4,172.8,0.0,0.342,15.74
BEN-ZN01099,Bengaluru,20.290875,93.063902,560055,0.057,47.5,139.2,0.016,0.097,26.88
AHM-ZN01100,Ahmedabad,25.100728,83.710987,380030,0.319,30.7,120.3,0.0674,0.527,4.38
HYD-ZN01101,Hyderabad,16.502628,77.552293,500034,0.17,22.4,92.5,0.0169,0.09,21.92
KOL-ZN01102,Kolkata,36.027809,74.832404,700002,1.0,21.7,132.0,0.0727,0.085,10.8
BEN-ZN01103,Bengaluru,28.939267,84.856095,560089,0.734,12.6,86.7,0.0436,0.49,18.21
PUN-ZN01104,Pune,36.846908,94.591237,411045,0.778,70.7,125.8,0.1231,0.231,29.93
PUN-ZN01105,Pune,13.277857,81.156675,411043,0.042,19.5,76.7,0.0,0.464,17.54
CHE-ZN01106,Chennai,15.283869,93.978566,600007,0.361,7.3,115.4,0.0383,0.365,32.08
BEN-ZN01107,Bengaluru,32.368591,92.403184,560068,0.409,28.5,115.9,0.0,0.243,42.72
KOL-ZN01108,Kolkata,21.876993,75.029633,700090,0.532,40.1,115.4,0.0,0.064,10.66
DEL-ZN01109,Delhi,34.712535,70.027259,110047,0.49,64.8,110.1,0.1922,0.4,25.55
PUN-ZN01110,Pune,11.946991,71.837074,411059,0.683,84.4,34.4,0.0533,0.499,19.76
MUM-ZN01111,Mumbai,36.016551,91.530309,400004,0.859,37.0,60.1,0.0852,0.053,18.45
PUN-ZN01112,Pune,17.723348,75.317373,411002,0.438,18.1,82.6,0.0822,0.202,15.52
CHE-ZN01113,Chennai,10.962005,69.018573,600034,1.0,9.0,93.6,0.0329,0.256,31.15
KOL-ZN01114,Kolkata,14.996901,69.532869,700113,0.109,3.2,108.3,0.0047,0.309,19.08
BEN-ZN01115,Bengaluru,31.444362,94.494123,560092,0.769,46.8,110.2,0.0481,0.261,11.81
DEL-ZN01116,Delhi,23.569976,86.436452,110021,0.633,29.4,68.7,0.0289,0.205,41.09
KOL-ZN01117,Kolkata,21.24048,93.355795,700108,0.498,19.6,123.9,0.0345,0.184,23.74
DEL-ZN01118,Delhi,31.194222,71.049055,110081,0.245,17.0,419.4,0.1559,0.184,22.48
CHE-ZN01119,Chennai,23.764584,68.415751,600048,0.654,48.5,74.1,0.091,0.047,12.2
AHM-ZN01120,Ahmedabad,23.648002,91.140443,380058,0.718,25.4,80.3,0.0035,0.072,26.5
PUN-ZN01121,Pune,10.249654,88.21168,411020,0.39,49.0,114.0,0.0099,0.32,48.76
HYD-ZN01122,Hyderabad,22.894384,78.92456,500046,0.183,33.8,167.2,0.1487,0.202,18.46
HYD-ZN01123,Hyderabad,28.550875,76.597102,500067,0.686,46.5,119.8,0.0,0.485,14.78
BEN-ZN01124,Bengaluru,26.225884,83.978285,560067,0.69,46.7,65.3,0.1367,0.193,15.62
HYD-ZN01125,Hyderabad,12.045785,95.206107,500085,0.909,26.0,80.4,0.1572,0.645,62.72
PUN-ZN01126,Pune,20.550947,69.203605,411060,0.184,32.7,151.9,0.0374,0.141,55.39
KOL-ZN01127,Kolkata,19.313285,94.747932,700156,1.0,51.8,119.1,0.0383,0.148,21.92
KOL-ZN01128,Kolkata,13.09249,82.543544,700041,0.521,14.0,209.4,0.029,0.653,22.98
KOL-ZN01129,Kolkata,21.021218,69.044097,700040,0.772,14.4,74.6,0.0,0.512,19.71
CHE-ZN01130,Chennai,10.298031,74.386359,600043,1.0,0.0,124.7,0.0136,0.538,21.22
AHM-ZN01131,Ahmedabad,10.643955,89.274011,380056,0.022,84.2,152.7,0.029,0.292,20.37
CHE-ZN01132,Chennai,29.627972,94.620961,600054,0.817,56.8,108.5,0.0292,0.231,23.53
PUN-ZN01133,Pune,23.165674,96.42472,411009,0.561,39.0,86.9,0.032,0.513,26.39
AHM-ZN01134,Ahmedabad,23.809062,71.949337,380061,0.749,0.0,60.5,0.0543,0.172,13.74
HYD-ZN01135,Hyderabad,13.398425,72.176729,500060,0.039,21.6,126.5,0.0249,0.254,19.49
PUN-ZN01136,Pune,36.465163,88.948882,411010,0.79,65.4,99.7,0.0217,0.137,37.45
AHM-ZN01137,Ahmedabad,21.016238,74.568404,380018,0.827,0.6,98.1,0.0082,0.107,17.1
DEL-ZN01138,Delhi,35.741052,68.210342,110024,0.438,6.6,178.3,0.0157,0.106,19.52
CHE-ZN01139,Chennai,31.892492,75.712834,600089,1.0,15.7,46.2,0.0185,0.383,11.04
HYD-ZN01140,Hyderabad,21.929821,77.921571,500055,0.908,39.0,171.6,0.0714,0.416,30.37
CHE-ZN01141,Chennai,35.667155,71.742894,600116,1.0,27.6,109.8,0.0467,0.241,14.2
MUM-ZN01142,Mumbai,9.622105,77.587158,400044,0.442,13.6,143.2,0.0721,0.465,24.34
HYD-ZN01143,Hyderabad,28.465847,81.624672,500008,0.37,24.8,105.2,0.0853,0.325,27.24
AHM-ZN01144,Ahmedabad,14.398164,86.444822,380053,0.861,8.9,95.2,0.0126,0.411,24.5
BEN-ZN01145,Bengaluru,23.971775,91.658627,560058,0.259,16.3,123.9,0.0801,0.567,22.9
KOL-ZN01146,Kolkata,28.566388,90.871121,700011,0.275,2.1,197.3,0.0546,0.15,13.93
BEN-ZN01147,Bengaluru,17.600954,77.794783,560053,0.627,26.5,93.6,0.0738,0.166,20.5
CHE-ZN01148,Chennai,36.452016,91.07715,600118,0.09,23.1,164.1,0.0295,0.375,22.44
MUM-ZN01149,Mumbai,16.501979,71.01597,400062,1.0,100.3,126.6,0.0095,0.531,11.46
DEL-ZN01150,Delhi,18.430868,84.929658,110082,0.187,26.8,77.1,0.2194,0.011,27.18
PUN-ZN01151,Pune,33.213906,81.346807,411034,0.512,37.1,144.9,0.0336,0.337,20.74
HYD-ZN01152,Hyderabad,19.023295,68.294617,500036,0.274,19.1,105.7,0.0462,0.127,69.84
KOL-ZN01153,Kolkata,29.637709,80.505795,700059,0.094,37.5,100.9,0.0103,0.205,17.0
BEN-ZN01154,Bengaluru,28.638589,86.084391,560010,0.712,7.0,78.7,0.0151,0.14,14.97
BEN-ZN01155,Bengaluru,16.219281,85.466342,560046,0.673,6.1,114.5,0.0233,0.232,23.79
AHM-ZN01156,Ahmedabad,34.622574,80.693395,380001,0.933,24.4,104.6,0.0041,0.036,44.3
PUN-ZN01157,Pune,33.843862,74.935406,411040,0.766,28.6,60.6,0.0121,0.192,31.21
HYD-ZN01158,Hyderabad,24.897829,85.191914,500036,0.005,14.4,96.1,0.0603,0.347,12.89
PUN-ZN01159,Pune,15.96302,82.157501,411002,0.77,39.0,144.4,0.0,0.278,21.6
HYD-ZN01160,Hyderabad,13.98354,70.469154,500092,0.859,13.7,103.9,0.0254,0.113,11.85
CHE-ZN01161,Chennai,32.924184,75.103232,600008,1.0,23.7,89.1,0.1589,0.223,13.93
DEL-ZN01162,Delhi,14.998392,95.414351,110064,0.015,44.0,362.6,0.0769,0.283,19.74
PUN-ZN01163,Pune,12.169642,74.491524,411023,0.491,24.4,79.0,0.0,0.078,12.96
MUM-ZN01164,Mumbai,17.293586,93.740846,400100,0.849,79.9,148.3,0.0105,0.123,51.55
MUM-ZN01165,Mumbai,23.684305,68.490349,400015,1.0,36.1,176.3,0.1562,0.24,15.08
CHE-ZN01166,Chennai,13.994475,76.125902,600051,0.469,52.4,104.5,0.0609,0.276,11.46
PUN-ZN01167,Pune,21.293142,71.749712,411042,0.726,63.5,96.0,0.0212,0.095,16.87
AHM-ZN01168,Ahmedabad,12.805322,90.241451,380005,0.574,25.4,121.0,0.0371,0.058,14.17
PUN-ZN01169,Pune,18.608615,80.513309,411040,0.176,52.7,117.4,0.0033,0.306,8.81
AHM-ZN01170,Ahmedabad,28.20829,84.859615,380058,0.766,70.5,51.0,0.014,0.446,23.43
HYD-ZN01171,Hyderabad,35.860717,77.878171,500044,0.767,9.1,127.1,0.01,0.214,14.74
HYD-ZN01172,Hyderabad,36.311615,68.737123,500044,0.02,64.7,101.3,0.0149,0.227,10.95
CHE-ZN01173,Chennai,27.961539,79.214958,600022,0.163,27.5,70.7,0.061,0.329,22.29
DEL-ZN01174,Delhi,16.710513,78.571946,110037,0.782,18.6,389.1,0.101,0.156,6.82
CHE-ZN01175,Chennai,26.103703,95.319733,600081,0.931,16.3,87.3,0.0374,0.393,16.6
HYD-ZN01176,Hyderabad,12.158953,95.057829,500059,0.078,10.4,150.0,0.0345,0.63,17.89
BEN-ZN01177,Bengaluru,30.470419,70.154871,560084,0.356,42.0,96.7,0.0023,0.362,20.39
DEL-ZN01178,Delhi,33.33632,85.697494,110091,0.418,17.6,128.0,0.0685,0.082,12.05
DEL-ZN01179,Delhi,16.681713,94.32265,110063,0.441,34.5,150.6,0.2289,0.081,33.89
KOL-ZN01180,Kolkata,17.270414,69.741225,700053,1.0,40.8,164.6,0.1004,0.082,21.31
BEN-ZN01181,Bengaluru,21.733944,79.185802,560080,0.614,9.8,110.5,0.0173,0.124,27.23
AHM-ZN01182,Ahmedabad,13.871954,82.873835,380050,0.857,15.2,95.0,0.0171,0.45,19.61
BEN-ZN01183,Bengaluru,16.70538,69.643821,560094,0.604,167.2,91.9,0.1133,0.029,20.57
CHE-ZN01184,Chennai,12.996783,95.178571,600044,1.0,10.7,60.1,0.1235,0.248,41.72
KOL-ZN01185,Kolkata,33.463547,76.286196,700045,1.0,9.2,219.5,0.041,0.147,11.99
CHE-ZN01186,Chennai,36.961382,80.658732,600075,1.0,0.0,123.1,0.0722,0.336,21.61
MUM-ZN01187,Mumbai,24.700361,70.617371,400103,0.974,6.0,164.7,0.0268,0.059,21.25
DEL-ZN01188,Delhi,31.85948,94.134169,110047,0.365,16.5,260.2,0.071,0.53,6.28
BEN-ZN01189,Bengaluru,18.253875,84.57855,560075,0.265,77.1,67.5,0.033,0.264,27.65
MUM-ZN01190,Mumbai,28.514659,76.187081,400062,0.117,64.6,113.0,0.0308,0.607,16.96
KOL-ZN01191,Kolkata,10.567678,91.21384,700061,1.0,14.3,124.2,0.0,0.183,40.06
HYD-ZN01192,Hyderabad,16.772116,68.236671,500071,0.459,9.2,146.1,0.0436,0.055,14.45
DEL-ZN01193,Delhi,35.689543,90.670126,110027,0.372,33.5,62.5,0.0131,0.137,14.16
CHE-ZN01194,Chennai,15.597597,82.567846,600094,1.0,42.5,117.0,0.0387,0.256,12.01
DEL-ZN01195,Delhi,13.86173,85.423972,110088,0.674,5.5,256.5,0.0223,0.12,32.3
PUN-ZN01196,Pune,28.065232,93.88232,411028,0.155,0.0,96.1,0.188,0.538,32.75
PUN-ZN01197,Pune,10.528343,82.313496,411019,0.417,7.0,63.6,0.0457,0.251,16.32
DEL-ZN01198,Delhi,30.272095,72.371382,110022,0.932,27.5,348.5,0.0302,0.273,9.7
DEL-ZN01199,Delhi,33.602683,88.524734,110065,0.135,20.8,458.2,0.1721,0.289,36.13
CHE-ZN01200,Chennai,9.143571,76.409975,600079,0.305,23.0,84.2,0.0596,0.29,15.99
MUM-ZN01201,Mumbai,12.720074,83.243633,400078,0.506,53.4,142.2,0.1047,0.36,42.01
DEL-ZN01202,Delhi,24.773475,87.645386,110039,0.157,4.4,119.5,0.2364,0.119,19.58
BEN-ZN01203,Bengaluru,13.459421,91.910546,560014,0.054,0.0,104.0,0.158,0.362,17.11
MUM-ZN01204,Mumbai,22.880971,70.033005,400028,0.587,44.8,137.1,0.0578,0.222,21.03
HYD-ZN01205,Hyderabad,19.384098,84.286049,500090,0.255,6.6,110.3,0.0243,0.294,12.15
DEL-ZN01206,Delhi,20.825791,72.39653,110056,0.187,0.0,415.0,0.0327,0.19,9.19
PUN-ZN01207,Pune,22.182627,96.759335,411060,0.167,20.5,103.8,0.0254,0.195,9.73
DEL-ZN01208,Delhi,34.427226,70.467208,110084,0.92,20.1,141.0,0.1286,0.141,15.01
DEL-ZN01209,Delhi,25.933039,93.747839,110062,0.907,4.8,79.3,0.0,0.299,12.44
MUM-ZN01210,Mumbai,17.310724,93.137425,400015,0.191,27.0,179.0,0.0561,0.081,11.19
CHE-ZN01211,Chennai,30.669925,68.664861,600064,1.0,27.8,90.7,0.0429,0.119,15.17
KOL-ZN01212,Kolkata,25.180578,80.465863,700127,1.0,40.3,166.7,0.1205,0.299,54.36
KOL-ZN01213,Kolkata,33.93661,81.767728,700101,0.44,44.9,133.9,0.0234,0.49,24.66
MUM-ZN01214,Mumbai,31.964914,82.382013,400045,1.0,125.5,209.5,0.0,0.253,13.14
BEN-ZN01215,Bengaluru,18.385073,92.930236,560059,0.417,0.0,105.4,0.0051,0.725,10.85
CHE-ZN01216,Chennai,10.182006,78.942405,600054,0.729,31.9,69.6,0.0112,0.237,19.22
PUN-ZN01217,Pune,8.756827,73.679541,411032,0.933,31.1,125.6,0.0986,0.233,43.89
DEL-ZN01218,Delhi,10.691838,96.200175,110086,0.951,62.6,377.2,0.0691,0.035,20.72
MUM-ZN01219,Mumbai,17.14826,93.775572,400097,0.039,99.6,135.4,0.051,0.592,6.24
MUM-ZN01220,Mumbai,35.669084,90.031072,400074,0.018,77.8,212.6,0.0562,0.521,32.01
PUN-ZN01221,Pune,32.931696,73.967454,411028,0.416,34.1,84.4,0.0058,0.032,20.24
AHM-ZN01222,Ahmedabad,8.658587,78.01573,380039,0.035,19.2,126.5,0.0674,0.112,12.72
PUN-ZN01223,Pune,34.505924,93.017211,411062,0.249,58.4,79.0,0.0415,0.053,15.92
PUN-ZN01224,Pune,27.906147,75.121368,411046,0.595,82.7,131.1,0.0093,0.216,8.27
CHE-ZN01225,Chennai,14.327801,81.375163,600008,0.181,0.0,103.2,0.0447,0.045,19.29
DEL-ZN01226,Delhi,29.523494,77.229992,110002,0.333,27.3,374.5,0.0162,0.057,17.93
AHM-ZN01227,Ahmedabad,33.132786,69.90534,380042,0.216,45.4,122.0,0.0017,0.173,19.34
PUN-ZN01228,Pune,13.739121,73.295565,411020,0.001,26.4,190.6,0.0187,0.481,13.1
MUM-ZN01229,Mumbai,31.173362,79.780404,400069,0.019,28.7,52.3,0.0072,0.158,26.93
KOL-ZN01230,Kolkata,16.274111,88.179497,700135,0.376,54.3,140.6,0.0541,0.013,23.77
CHE-ZN01231,Chennai,26.068486,86.881628,600063,0.195,9.1,127.1,0.1062,0.205,14.77
HYD-ZN01232,Hyderabad,25.393581,68.150921,500074,0.114,67.5,36.5,0.06,0.406,40.23
BEN-ZN01233,Bengaluru,12.122079,92.676622,560042,0.732,41.5,138.9,0.0966,0.316,19.8
BEN-ZN01234,Bengaluru,27.891006,83.961879,560044,0.677,9.9,94.9,0.0033,0.228,12.18
KOL-ZN01235,Kolkata,18.326051,96.969149,700029,0.329,52.9,190.1,0.1245,0.121,83.08
DEL-ZN01236,Delhi,33.930796,95.689645,110004,0.647,9.6,83.6,0.0436,0.31,41.87
KOL-ZN01237,Kolkata,23.062027,72.787702,700061,1.0,31.4,138.2,0.1416,0.524,121.95
AHM-ZN01238,Ahmedabad,23.737168,94.357394,380036,0.467,9.7,80.2,0.1759,0.353,27.94
AHM-ZN01239,Ahmedabad,13.66811,93.462999,380054,0.863,3.4,131.0,0.013,0.178,18.52
CHE-ZN01240,Chennai,12.215734,74.975098,600005,1.0,7.7,100.7,0.0935,0.006,41.65
KOL-ZN01241,Kolkata,28.150852,79.924642,700113,0.007,15.3,187.8,0.0368,0.174,31.8
KOL-ZN01242,Kolkata,19.985561,94.058995,700071,1.0,0.0,183.8,0.0068,0.385,15.98
PUN-ZN01243,Pune,29.403574,95.368174,411018,0.441,28.9,125.5,0.0537,0.084,27.47
PUN-ZN01244,Pune,14.69576,90.234994,411009,0.206,38.6,59.2,0.0757,0.311,10.71
PUN-ZN01245,Pune,14.611564,81.263685,411023,0.689,26.7,110.2,0.0035,0.368,13.34
AHM-ZN01246,Ahmedabad,21.942791,69.082175,380017,0.709,12.1,112.9,0.0486,0.225,14.24
KOL-ZN01247,Kolkata,8.141256,70.99972,700069,0.95,20.4,192.0,0.0261,0.303,49.61
DEL-ZN01248,Delhi,18.726272,73.169616,110015,0.109,9.5,320.4,0.0042,0.075,13.14
KOL-ZN01249,Kolkata,28.628839,88.388379,700018,1.0,13.8,30.0,0.0779,0.224,29.93
PUN-ZN01250,Pune,23.631433,71.42962,411020,0.708,2.0,107.3,0.0238,0.323,7.2
MUM-ZN01251,Mumbai,32.932682,93.446069,400010,0.71,119.7,107.9,0.0,0.304,18.55
BEN-ZN01252,Bengaluru,19.59039,89.701928,560101,0.486,0.0,98.5,0.0501,0.207,28.85
HYD-ZN01253,Hyderabad,17.85377,86.287184,500049,0.692,26.7,92.0,0.08,0.102,9.84
KOL-ZN01254,Kolkata,13.088048,79.54886,700064,0.822,46.4,180.1,0.1554,0.158,13.62
KOL-ZN01255,Kolkata,34.822081,95.349474,700060,1.0,79.1,129.0,0.0113,0.207,28.99
AHM-ZN01256,Ahmedabad,10.595641,75.740607,380002,0.169,1.8,184.6,0.0535,0.5,38.18
KOL-ZN01257,Kolkata,33.441265,87.623098,700081,0.24,34.2,255.4,0.0186,0.517,18.75
HYD-ZN01258,Hyderabad,32.580388,78.270997,500053,0.653,6.2,32.8,0.021,0.469,24.31
MUM-ZN01259,Mumbai,8.257134,96.781811,400012,0.406,64.4,91.0,0.033,0.034,39.9
PUN-ZN01260,Pune,26.662336,71.992338,411032,0.321,26.8,62.6,0.011,0.269,17.25
CHE-ZN01261,Chennai,36.091549,78.91581,600121,0.242,54.0,158.7,0.1147,0.187,18.02
BEN-ZN01262,Bengaluru,28.023501,86.897359,560094,0.318,6.3,95.6,0.0112,0.086,12.84
CHE-ZN01263,Chennai,19.326787,83.380932,600095,1.0,9.7,78.2,0.0465,0.375,32.51
MUM-ZN01264,Mumbai,35.326731,77.420479,400087,0.263,43.5,138.9,0.0933,0.408,23.76
AHM-ZN01265,Ahmedabad,8.622806,90.90981,380013,0.667,13.3,96.2,0.0501,0.821,9.59
MUM-ZN01266,Mumbai,30.645881,85.532221,400011,0.948,54.2,63.6,0.0162,0.202,32.49
HYD-ZN01267,Hyderabad,8.961243,71.291557,500025,0.68,21.9,98.1,0.2193,0.189,13.9
KOL-ZN01268,Kolkata,32.827844,89.854893,700005,0.594,39.8,181.3,0.0355,0.323,6.57
KOL-ZN01269,Kolkata,31.671148,86.222575,700144,0.834,39.5,129.8,0.0555,0.136,17.72
CHE-ZN01270,Chennai,33.276548,95.87503,600119,1.0,52.9,116.0,0.0734,0.23,25.99
MUM-ZN01271,Mumbai,28.039793,73.008896,400063,0.534,26.1,126.3,0.0137,0.351,8.02
HYD-ZN01272,Hyderabad,28.663317,84.715647,500091,0.28,23.9,30.0,0.0278,0.074,9.84
KOL-ZN01273,Kolkata,31.52773,85.223616,700091,1.0,19.3,34.5,0.091,0.236,17.77
KOL-ZN01274,Kolkata,25.778644,79.228741,700148,1.0,23.6,157.9,0.0236,0.357,33.9
KOL-ZN01275,Kolkata,12.007457,70.451762,700122,1.0,7.9,140.0,0.0,0.215,24.66
HYD-ZN01276,Hyderabad,32.497485,71.782488,500044,0.119,62.4,98.0,0.0427,0.16,29.73
MUM-ZN01277,Mumbai,36.049644,71.255134,400096,0.122,0.0,176.3,0.0417,0.148,15.24
DEL-ZN01278,Delhi,26.802468,80.958043,110035,0.819,12.4,86.5,0.0638,0.714,81.95
AHM-ZN01279,Ahmedabad,24.818791,90.711522,380045,0.68,6.5,127.7,0.0892,0.174,24.68
BEN-ZN01280,Bengaluru,14.792812,87.550579,560053,0.268,11.1,130.3,0.0478,0.357,11.53
CHE-ZN01281,Chennai,23.973281,91.876051,600109,0.066,39.3,82.2,0.0226,0.086,27.98
AHM-ZN01282,Ahmedabad,28.834525,87.918695,380044,0.157,61.0,104.3,0.0299,0.071,56.39
MUM-ZN01283,Mumbai,10.624425,68.370017,400072,0.209,0.0,122.9,0.0185,0.334,24.11
BEN-ZN01284,Bengaluru,27.809554,86.065912,560082,0.829,14.5,51.9,0.2161,0.271,17.06
HYD-ZN01285,Hyderabad,21.005676,95.609125,500095,0.824,66.5,104.5,0.0091,0.086,21.31
CHE-ZN01286,Chennai,9.187669,75.846937,600078,0.032,55.5,30.0,0.1094,0.054,14.0
KOL-ZN01287,Kolkata,10.606003,94.709049,700074,1.0,23.9,199.1,0.2909,0.518,14.13
CHE-ZN01288,Chennai,17.087998,78.167533,600039,0.928,13.8,155.1,0.0332,0.067,7.85
CHE-ZN01289,Chennai,26.557295,82.018404,600121,0.068,22.9,193.1,0.0,0.289,21.65
HYD-ZN01290,Hyderabad,32.923913,87.094613,500074,0.759,19.6,142.9,0.0854,0.307,36.98
DEL-ZN01291,Delhi,27.126798,69.400057,110018,0.873,8.3,67.9,0.0617,0.021,35.12
HYD-ZN01292,Hyderabad,18.972356,86.479197,500092,0.055,35.0,102.6,0.0501,0.65,8.66
DEL-ZN01293,Delhi,32.010223,77.907889,110072,0.525,61.3,101.6,0.0172,0.221,30.46
DEL-ZN01294,Delhi,32.237963,93.093835,110060,0.334,0.0,500.0,0.02,0.557,16.12
KOL-ZN01295,Kolkata,10.116545,88.924454,700001,1.0,22.5,107.8,0.012,0.214,33.18
DEL-ZN01296,Delhi,11.363813,80.079134,110010,0.217,0.0,84.8,0.1395,0.324,30.99
PUN-ZN01297,Pune,15.476058,79.072916,411042,0.285,42.9,146.8,0.0808,0.311,50.61
DEL-ZN01298,Delhi,36.981396,92.831501,110031,0.836,10.8,317.6,0.0034,0.01,17.07
AHM-ZN01299,Ahmedabad,18.533985,76.799505,380047,0.441,15.9,111.8,0.0896,0.383,11.5
AHM-ZN01300,Ahmedabad,14.173685,89.218407,380050,0.052,33.3,63.4,0.0575,0.337,35.81
HYD-ZN01301,Hyderabad,36.131978,73.357015,500064,0.308,23.3,142.8,0.0063,0.022,20.6
AHM-ZN01302,Ahmedabad,36.144161,84.227468,380054,0.027,19.3,96.1,0.0075,0.59,23.8
AHM-ZN01303,Ahmedabad,21.296245,69.638677,380036,0.381,33.6,82.8,0.0186,0.128,31.95
DEL-ZN01304,Delhi,26.343167,77.878471,110023,0.373,10.7,157.6,0.0342,0.067,8.0
DEL-ZN01305,Delhi,12.5479,89.777966,110094,0.584,0.0,66.3,0.0211,0.333,22.48
MUM-ZN01306,Mumbai,23.96744,72.739311,400022,0.183,89.1,66.1,0.0222,0.345,13.73
AHM-ZN01307,Ahmedabad,24.580786,84.981122,380040,0.759,44.2,65.7,0.0589,0.011,19.02
PUN-ZN01308,Pune,19.946107,68.566332,411035,0.48,20.3,105.9,0.0,0.42,4.34
HYD-ZN01309,Hyderabad,34.406371,92.46404,500071,0.442,5.9,38.2,0.005,0.174,32.5
HYD-ZN01310,Hyderabad,21.321852,79.886149,500052,0.001,60.9,82.8,0.0226,0.102,9.67
BEN-ZN01311,Bengaluru,36.277651,90.287543,560001,0.351,38.4,106.7,0.0285,0.606,63.4
CHE-ZN01312,Chennai,27.803102,89.605688,600003,1.0,44.9,52.4,0.0247,0.0,30.23
MUM-ZN01313,Mumbai,20.963521,91.511536,400063,1.0,35.8,120.6,0.0,0.117,28.78
MUM-ZN01314,Mumbai,23.304163,82.851361,400094,0.295,10.6,116.4,0.1981,0.029,16.74
PUN-ZN01315,Pune,29.792344,95.237393,411015,0.666,72.9,173.3,0.0633,0.188,22.3
MUM-ZN01316,Mumbai,22.462604,92.378923,400097,0.935,35.6,105.0,0.0091,0.207,25.39
MUM-ZN01317,Mumbai,24.548531,93.789757,400066,0.622,72.3,98.1,0.0163,0.431,26.41
KOL-ZN01318,Kolkata,22.633604,85.222167,700112,0.831,12.5,205.0,0.0474,0.358,40.16
KOL-ZN01319,Kolkata,23.683923,93.091724,700046,1.0,27.8,76.8,0.0976,0.195,32.01
PUN-ZN01320,Pune,18.080782,92.720242,411052,0.376,72.4,173.6,0.0564,0.492,6.54
KOL-ZN01321,Kolkata,31.550149,79.45406,700114,1.0,27.0,111.7,0.0705,0.123,13.52
PUN-ZN01322,Pune,21.655841,78.453068,411018,0.065,0.0,71.0,0.0,0.141,38.7
BEN-ZN01323,Bengaluru,22.562208,80.955709,560076,0.419,37.5,74.3,0.1472,0.294,21.95
AHM-ZN01324,Ahmedabad,21.822242,78.150724,380055,0.634,14.8,77.6,0.0749,0.217,19.07
CHE-ZN01325,Chennai,16.912607,90.176712,600039,0.802,24.9,143.5,0.1048,0.204,38.87
BEN-ZN01326,Bengaluru,20.686436,73.206986,560079,0.817,0.0,141.2,0.0173,0.004,24.31
MUM-ZN01327,Mumbai,14.284493,92.509543,400050,0.794,64.7,120.7,0.062,0.227,12.07
KOL-ZN01328,Kolkata,18.014085,95.63788,700096,0.575,57.6,195.0,0.2085,0.194,20.37
CHE-ZN01329,Chennai,15.004141,85.741842,600009,1.0,36.0,56.9,0.0197,0.306,42.59
KOL-ZN01330,Kolkata,30.491225,69.137449,700098,0.232,2.5,181.1,0.0,0.137,30.59
HYD-ZN01331,Hyderabad,10.5097,82.933273,500019,0.935,18.0,117.0,0.0219,0.115,18.86
BEN-ZN01332,Bengaluru,15.881125,79.59165,560062,0.715,13.1,102.9,0.0404,0.208,11.11
DEL-ZN01333,Delhi,11.629187,88.534616,110026,0.772,0.0,125.8,0.0663,0.186,26.87
MUM-ZN01334,Mumbai,9.793614,91.15805,400027,0.134,51.7,136.0,0.1236,0.198,35.47
PUN-ZN01335,Pune,25.413895,74.057115,411009,0.84,11.0,112.4,0.0013,0.231,23.61
PUN-ZN01336,Pune,14.685897,96.794373,411009,0.718,36.7,114.7,0.0,0.116,35.89
HYD-ZN01337,Hyderabad,28.217409,72.620885,500067,0.433,55.7,126.2,0.0467,0.295,28.71
AHM-ZN01338,Ahmedabad,12.054573,90.809171,380055,0.964,27.7,40.7,0.0044,0.165,15.48
AHM-ZN01339,Ahmedabad,27.550913,73.400918,380049,0.302,42.4,116.7,0.0082,0.226,28.48
CHE-ZN01340,Chennai,10.958206,74.759251,600059,1.0,13.0,78.8,0.0137,0.236,22.36
AHM-ZN01341,Ahmedabad,31.912012,89.267123,380046,0.282,0.0,105.8,0.0594,0.152,10.97
MUM-ZN01342,Mumbai,23.75333,84.937954,400019,0.733,36.1,143.0,0.0717,0.234,14.04
CHE-ZN01343,Chennai,15.278516,93.987338,600053,0.936,31.7,70.0,0.0045,0.168,7.37
AHM-ZN01344,Ahmedabad,8.323076,73.727897,380015,0.809,4.6,138.2,0.0187,0.245,21.32
DEL-ZN01345,Delhi,26.335416,83.584778,110066,0.821,13.4,57.0,0.0485,0.452,17.94
KOL-ZN01346,Kolkata,18.646896,86.403903,700022,1.0,13.5,165.9,0.013,0.599,14.89
HYD-ZN01347,Hyderabad,26.724421,93.834707,500081,0.595,39.0,111.2,0.0053,0.114,19.83
KOL-ZN01348,Kolkata,21.47746,80.756757,700152,1.0,0.0,207.6,0.0177,0.241,21.18
HYD-ZN01349,Hyderabad,29.829491,87.925415,500015,0.193,19.2,104.1,0.0301,0.002,28.73
PUN-ZN01350,Pune,24.569638,79.183629,411002,0.89,14.6,52.6,0.0457,0.255,14.76
PUN-ZN01351,Pune,16.577979,92.480367,411023,0.274,0.0,96.7,0.098,0.076,33.48
KOL-ZN01352,Kolkata,29.109286,88.043664,700025,1.0,55.9,229.2,0.1022,0.187,32.49
AHM-ZN01353,Ahmedabad,27.304946,83.642002,380015,0.109,5.8,150.6,0.1623,0.469,16.75
BEN-ZN01354,Bengaluru,20.61721,68.873405,560027,0.686,15.7,103.7,0.0123,0.301,19.65
BEN-ZN01355,Bengaluru,26.247931,81.058764,560083,0.337,1.4,111.5,0.0282,0.097,16.94
PUN-ZN01356,Pune,23.149448,78.517127,411014,0.875,25.5,151.9,0.053,0.4,12.23
BEN-ZN01357,Bengaluru,23.259018,84.126688,560082,0.132,31.2,105.3,0.0459,0.429,27.64
MUM-ZN01358,Mumbai,14.407504,81.247612,400078,0.547,13.5,132.7,0.073,0.081,34.85
CHE-ZN01359,Chennai,27.653867,70.328777,600096,1.0,17.7,153.7,0.0673,0.212,9.23
CHE-ZN01360,Chennai,12.784445,85.222024,600096,1.0,36.0,79.0,0.2983,0.128,12.58
PUN-ZN01361,Pune,35.954608,91.138167,411050,0.633,30.1,38.1,0.0656,0.168,19.91
MUM-ZN01362,Mumbai,11.705236,68.338817,400056,0.475,33.8,138.6,0.0018,0.03,21.81
PUN-ZN01363,Pune,26.498998,90.254981,411026,0.994,39.2,105.2,0.0,0.469,21.0
AHM-ZN01364,Ahmedabad,14.471466,76.632266,380027,0.874,0.0,139.4,0.0,0.425,15.28
DEL-ZN01365,Delhi,33.254143,92.036307,110074,0.063,0.0,327.9,0.0,0.273,9.78
PUN-ZN01366,Pune,15.151781,84.225903,411023,0.468,20.6,137.6,0.0212,0.347,23.02
DEL-ZN01367,Delhi,33.826748,68.028121,110068,0.212,31.8,96.8,0.0629,0.375,26.9
BEN-ZN01368,Bengaluru,17.002167,92.838972,560049,0.833,53.3,93.6,0.0181,0.126,14.9
BEN-ZN01369,Bengaluru,10.991738,78.22162,560098,0.142,45.4,101.5,0.0099,0.542,11.78
CHE-ZN01370,Chennai,34.318785,80.81122,600053,0.525,7.9,102.3,0.0446,0.0,27.12
PUN-ZN01371,Pune,14.607712,85.507806,411040,0.665,7.5,125.2,0.0267,0.068,13.54
KOL-ZN01372,Kolkata,8.209458,84.133612,700090,1.0,0.0,291.5,0.0968,0.531,10.69
KOL-ZN01373,Kolkata,20.027986,80.628913,700095,1.0,23.4,90.4,0.0486,0.259,41.4
DEL-ZN01374,Delhi,21.627974,82.892883,110028,0.393,16.2,500.0,0.0232,0.382,22.21
MUM-ZN01375,Mumbai,12.338894,92.713001,400003,1.0,32.9,186.4,0.0397,0.127,13.47
BEN-ZN01376,Bengaluru,29.352739,95.402331,560027,0.086,75.6,131.4,0.0183,0.251,57.32
PUN-ZN01377,Pune,14.421973,89.544246,411011,0.382,49.8,112.3,0.211,0.263,12.26
PUN-ZN01378,Pune,27.04754,81.374924,411047,0.285,24.9,159.0,0.0421,0.633,34.06
BEN-ZN01379,Bengaluru,12.930344,89.161702,560037,0.455,7.8,117.3,0.0377,0.42,19.69
AHM-ZN01380,Ahmedabad,15.76915,74.200985,380063,0.77,0.9,70.9,0.0156,0.135,33.54
PUN-ZN01381,Pune,27.358421,68.147564,411007,0.525,34.7,87.6,0.0068,0.139,22.5
DEL-ZN01382,Delhi,8.968173,68.300919,110071,0.87,11.1,46.7,0.0903,0.547,23.28
PUN-ZN01383,Pune,19.493582,96.135405,411002,0.716,48.8,81.0,0.0547,0.144,17.32
AHM-ZN01384,Ahmedabad,14.028309,92.906873,380010,0.555,0.0,75.3,0.0,0.186,22.55
KOL-ZN01385,Kolkata,16.821997,89.908189,700143,1.0,0.0,137.3,0.0515,0.361,18.46
CHE-ZN01386,Chennai,27.269733,82.908843,600093,1.0,13.4,120.9,0.0126,0.224,25.16
KOL-ZN01387,Kolkata,10.649606,96.759871,700015,1.0,79.1,111.8,0.0731,0.134,27.67
MUM-ZN01388,Mumbai,25.384633,82.373816,400054,0.198,49.3,78.4,0.0311,0.356,24.81
HYD-ZN01389,Hyderabad,26.516518,84.217587,500002,0.641,55.0,122.1,0.051,0.117,14.22
HYD-ZN01390,Hyderabad,29.785587,91.62368,500092,0.298,46.2,124.9,0.0223,0.415,13.92
PUN-ZN01391,Pune,20.624543,84.664803,411020,0.325,11.0,65.3,0.018,0.299,19.91
AHM-ZN01392,Ahmedabad,30.990477,87.971319,380062,0.069,0.6,129.0,0.0123,0.323,10.32
AHM-ZN01393,Ahmedabad,30.275292,93.58331,380048,0.881,50.4,30.0,0.0092,0.159,65.32
HYD-ZN01394,Hyderabad,11.79227,95.358159,500004,0.797,3.3,126.6,0.0591,0.312,17.34
HYD-ZN01395,Hyderabad,19.280741,77.998345,500012,0.176,50.4,45.2,0.0,0.311,15.14
CHE-ZN01396,Chennai,20.83256,91.16658,600078,0.286,28.3,97.0,0.0633,0.354,21.01
AHM-ZN01397,Ahmedabad,20.833736,85.209036,380060,0.223,8.8,134.4,0.0758,0.328,16.54
CHE-ZN01398,Chennai,36.323268,75.929729,600068,0.2,19.5,93.8,0.0704,0.214,17.69
MUM-ZN01399,Mumbai,25.580675,79.695024,400041,0.014,28.1,184.4,0.1345,0.53,19.69
CHE-ZN01400,Chennai,22.597554,79.45707,600083,0.009,69.8,78.3,0.0041,0.582,32.9
BEN-ZN01401,Bengaluru,14.952566,82.833616,560074,0.883,44.1,107.1,0.0497,0.279,6.29
PUN-ZN01402,Pune,16.132145,91.264237,411061,0.223,27.0,160.8,0.0669,0.195,14.7
BEN-ZN01403,Bengaluru,15.691314,74.446449,560100,0.278,4.6,93.4,0.0343,0.592,23.15
HYD-ZN01404,Hyderabad,15.282924,79.765311,500043,0.749,14.8,118.2,0.0396,0.209,17.97
DEL-ZN01405,Delhi,13.413276,70.961566,110046,0.94,0.8,86.3,0.0307,0.187,15.26
MUM-ZN01406,Mumbai,31.853792,82.627713,400009,1.0,151.7,30.0,0.1343,0.355,39.07
MUM-ZN01407,Mumbai,14.077732,93.165661,400054,0.931,2.1,77.7,0.0125,0.337,29.1
KOL-ZN01408,Kolkata,19.071063,68.020061,700077,1.0,0.0,151.8,0.0681,0.11,53.94
MUM-ZN01409,Mumbai,14.146189,79.668475,400057,0.552,60.7,137.3,0.1402,0.473,15.19
AHM-ZN01410,Ahmedabad,20.479066,94.506178,380008,0.431,0.0,58.4,0.0871,0.045,24.6
DEL-ZN01411,Delhi,20.354848,73.401618,110015,0.095,15.0,92.7,0.0204,0.298,16.42
MUM-ZN01412,Mumbai,36.565376,74.894453,400074,0.093,74.1,123.9,0.0175,0.072,11.55
PUN-ZN01413,Pune,28.263823,96.391998,411036,0.823,3.9,142.0,0.0456,0.298,17.81
DEL-ZN01414,Delhi,26.515735,94.185284,110006,0.039,0.0,322.0,0.0416,0.316,18.53
KOL-ZN01415,Kolkata,11.556073,83.11288,700057,0.492,10.7,167.9,0.0211,0.312,9.34
CHE-ZN01416,Chennai,18.811399,92.50768,600107,0.242,35.8,162.1,0.0526,0.302,13.06
PUN-ZN01417,Pune,8.036814,91.632752,411033,0.446,5.3,95.3,0.0435,0.23,19.14
HYD-ZN01418,Hyderabad,29.727037,90.226183,500004,0.346,24.4,91.8,0.0212,0.37,19.54
HYD-ZN01419,Hyderabad,30.776727,81.97569,500067,0.997,33.1,122.3,0.0516,0.216,9.16
DEL-ZN01420,Delhi,36.754026,93.644049,110009,0.596,22.4,106.6,0.0,0.246,21.41
KOL-ZN01421,Kolkata,31.508756,92.828368,700025,0.148,0.0,155.4,0.0605,0.101,11.17
DEL-ZN01422,Delhi,34.425399,84.209161,110050,0.449,23.9,475.5,0.0325,0.293,14.58
DEL-ZN01423,Delhi,25.334385,85.619979,110075,0.388,38.4,391.4,0.0146,0.388,8.04
CHE-ZN01424,Chennai,34.487071,86.138697,600096,1.0,12.5,82.3,0.0004,0.342,20.75
HYD-ZN01425,Hyderabad,17.745245,84.692017,500086,0.094,15.3,124.3,0.028,0.172,19.8
CHE-ZN01426,Chennai,32.166112,84.715261,600113,1.0,19.1,147.7,0.0,0.061,14.53
PUN-ZN01427,Pune,31.053648,82.281199,411031,0.486,17.0,137.9,0.0033,0.279,36.57
MUM-ZN01428,Mumbai,26.618301,85.699271,400019,1.0,40.3,142.2,0.0,0.211,73.14
CHE-ZN01429,Chennai,28.506924,89.785194,600094,1.0,19.3,173.5,0.0413,0.302,25.62
AHM-ZN01430,Ahmedabad,34.633863,88.357846,380039,0.741,5.2,100.4,0.1426,0.08,12.68
DEL-ZN01431,Delhi,12.457249,85.138755,110027,0.144,0.0,89.5,0.0,0.137,13.04
DEL-ZN01432,Delhi,30.109779,76.104008,110046,0.832,29.0,92.7,0.0979,0.423,15.54
BEN-ZN01433,Bengaluru,9.220646,93.274473,560099,0.431,6.6,99.3,0.0078,0.159,71.51
MUM-ZN01434,Mumbai,27.306034,95.366409,400028,0.158,45.3,113.3,0.0156,0.387,21.17
DEL-ZN01435,Delhi,35.13338,81.664355,110047,0.061,31.6,152.7,0.0266,0.448,17.33
HYD-ZN01436,Hyderabad,19.175349,88.774093,500033,0.116,28.9,140.7,0.0041,0.236,5.27
MUM-ZN01437,Mumbai,19.271136,71.080287,400089,1.0,25.2,31.4,0.0355,0.247,23.98
PUN-ZN01438,Pune,30.880804,89.479037,411047,0.723,48.1,106.0,0.0174,0.248,22.44
CHE-ZN01439,Chennai,34.588651,96.845643,600095,0.135,16.9,84.6,0.0317,0.11,14.18
PUN-ZN01440,Pune,17.222026,87.539453,411011,0.602,71.8,144.7,0.0,0.555,50.31
DEL-ZN01441,Delhi,24.076652,69.393922,110083,0.934,32.1,298.1,0.0409,0.212,4.92
DEL-ZN01442,Delhi,34.077305,87.349537,110017,0.753,3.7,398.7,0.0411,0.257,23.83
CHE-ZN01443,Chennai,33.369246,85.822853,600057,0.462,38.4,126.8,0.0499,0.091,10.09
MUM-ZN01444,Mumbai,13.28118,78.35814,400096,0.434,76.4,167.2,0.2114,0.462,47.79
AHM-ZN01445,Ahmedabad,24.843466,94.542985,380004,0.083,47.6,74.8,0.1152,0.379,40.34
BEN-ZN01446,Bengaluru,14.41369,90.930672,560085,0.747,0.0,147.3,0.0378,0.407,17.72
PUN-ZN01447,Pune,24.094174,87.938195,411045,0.639,11.9,114.4,0.0259,0.29,24.74
DEL-ZN01448,Delhi,32.528735,93.562721,110091,0.475,0.0,116.5,0.0067,0.224,16.14
DEL-ZN01449,Delhi,24.550896,79.732279,110071,0.151,9.4,329.1,0.0169,0.188,18.86
KOL-ZN01450,Kolkata,18.419996,77.969618,700023,0.496,30.7,171.8,0.1366,0.038,24.91
BEN-ZN01451,Bengaluru,29.881497,92.433904,560102,0.034,74.9,143.0,0.0849,0.656,27.97
MUM-ZN01452,Mumbai,23.047136,79.743498,400036,0.726,103.5,32.8,0.1684,0.313,13.57
MUM-ZN01453,Mumbai,15.342005,89.667386,400104,0.845,114.7,55.1,0.0228,0.444,14.52
MUM-ZN01454,Mumbai,33.416841,88.342608,400089,0.552,24.1,122.3,0.015,0.039,17.51
AHM-ZN01455,Ahmedabad,34.304065,75.442977,380052,0.49,0.0,131.7,0.0,0.213,19.28
CHE-ZN01456,Chennai,15.922079,84.353767,600068,1.0,27.1,130.7,0.0039,0.2,26.57
HYD-ZN01457,Hyderabad,8.865276,79.714262,500076,0.522,28.2,114.5,0.0156,0.218,29.68
HYD-ZN01458,Hyderabad,32.030397,94.439942,500005,0.355,64.0,94.0,0.0206,0.175,3.08
BEN-ZN01459,Bengaluru,28.077014,81.245272,560044,0.031,20.9,95.7,0.1044,0.209,10.61
PUN-ZN01460,Pune,25.229509,74.392719,411040,0.657,40.8,92.2,0.0399,0.383,32.08
HYD-ZN01461,Hyderabad,24.573459,69.178026,500034,0.12,25.2,69.2,0.1428,0.278,19.45
KOL-ZN01462,Kolkata,10.267047,72.14918,700159,0.261,24.5,216.0,0.0116,0.587,15.96
MUM-ZN01463,Mumbai,16.420321,78.413515,400084,0.864,139.3,123.6,0.0192,0.185,5.68
PUN-ZN01464,Pune,13.195106,92.591188,411044,0.801,32.0,77.3,0.0774,0.13,17.99
KOL-ZN01465,Kolkata,21.170041,89.829729,700155,0.692,2.7,64.4,0.2063,0.206,46.88
HYD-ZN01466,Hyderabad,13.662282,70.77606,500037,0.169,26.2,67.8,0.0341,0.428,19.71
BEN-ZN01467,Bengaluru,23.208655,86.270428,560016,0.925,46.1,123.0,0.0564,0.033,27.32
KOL-ZN01468,Kolkata,27.496586,78.884421,700133,0.961,90.6,123.7,0.0927,0.496,9.68
MUM-ZN01469,Mumbai,11.90777,90.687221,400088,0.16,26.5,204.7,0.0293,0.089,25.46
BEN-ZN01470,Bengaluru,25.653759,80.933721,560050,0.572,16.3,132.2,0.0165,0.212,15.13
DEL-ZN01471,Delhi,29.998094,79.221441,110093,0.492,0.0,63.8,0.0424,0.03,13.99
PUN-ZN01472,Pune,20.626201,90.271817,411020,0.412,9.4,125.9,0.0381,0.324,20.06
BEN-ZN01473,Bengaluru,15.831981,95.295643,560071,0.807,0.5,121.1,0.0191,0.327,17.49
PUN-ZN01474,Pune,22.010389,69.333211,411026,0.778,24.0,152.5,0.0271,0.179,16.97
PUN-ZN01475,Pune,12.564638,82.431463,411032,0.011,22.6,149.1,0.1334,0.373,15.78
KOL-ZN01476,Kolkata,9.299351,69.824259,700094,0.85,27.9,157.6,0.0121,0.406,21.53
BEN-ZN01477,Bengaluru,13.98217,88.787156,560019,0.552,19.6,136.4,0.0334,0.474,21.49
BEN-ZN01478,Bengaluru,15.931976,95.869695,560044,0.898,25.3,127.6,0.0292,0.104,36.76
HYD-ZN01479,Hyderabad,32.006309,79.318071,500005,0.381,62.2,54.4,0.0,0.465,23.45
HYD-ZN01480,Hyderabad,29.608621,83.151934,500080,0.734,12.5,122.2,0.1268,0.451,65.63
PUN-ZN01481,Pune,33.478533,81.12587,411007,0.622,13.1,125.3,0.0109,0.565,28.68
MUM-ZN01482,Mumbai,17.844897,72.355764,400081,1.0,8.0,94.4,0.0,0.239,31.45
CHE-ZN01483,Chennai,17.583281,90.25872,600049,1.0,47.0,120.6,0.1216,0.456,32.57
DEL-ZN01484,Delhi,22.93603,78.772539,110053,0.094,27.7,415.1,0.0308,0.198,16.66
HYD-ZN01485,Hyderabad,25.765967,92.05031,500030,0.47,31.9,102.9,0.0385,0.218,17.09
BEN-ZN01486,Bengaluru,15.023812,71.679386,560092,0.358,2.6,138.1,0.0104,0.344,7.84
DEL-ZN01487,Delhi,8.192234,70.470724,110019,0.349,11.8,394.8,0.0404,0.178,25.48
KOL-ZN01488,Kolkata,34.576098,93.784071,700058,1.0,17.1,30.0,0.1292,0.393,53.78
DEL-ZN01489,Delhi,30.992081,76.037748,110090,0.354,12.8,375.6,0.1067,0.275,12.05
DEL-ZN01490,Delhi,16.150085,68.898097,110069,0.696,31.0,136.1,0.0108,0.519,18.87
CHE-ZN01491,Chennai,15.691936,94.301079,600051,0.082,21.8,123.6,0.0025,0.228,57.82
AHM-ZN01492,Ahmedabad,33.402575,81.96969,380049,0.871,32.8,67.4,0.1103,0.432,30.04
BEN-ZN01493,Bengaluru,27.986066,76.80837,560097,0.68,45.1,91.7,0.1155,0.539,16.23
DEL-ZN01494,Delhi,34.911138,80.385439,110068,0.291,26.0,99.7,0.0302,0.067,8.92
CHE-ZN01495,Chennai,10.689156,82.2705,600021,0.475,31.6,118.5,0.0432,0.228,8.77
DEL-ZN01496,Delhi,26.941164,95.84331,110088,0.614,18.7,335.3,0.1104,0.114,36.56
PUN-ZN01497,Pune,12.36751,77.011236,411027,0.206,28.3,43.6,0.0825,0.332,26.49
AHM-ZN01498,Ahmedabad,23.06023,85.88001,380052,0.807,0.0,36.8,0.1028,0.234,17.05
CHE-ZN01499,Chennai,27.699198,78.487035,600122,1.0,32.8,76.8,0.0724,0.134,31.51
KOL-ZN01500,Kolkata,30.512755,93.257353,700033,1.0,58.5,169.2,0.0688,0.243,30.6
CHE-ZN01501,Chennai,30.250093,76.714723,600037,0.351,37.1,116.8,0.0,0.148,10.59
AHM-ZN01502,Ahmedabad,31.894985,72.323719,380020,0.981,19.2,158.8,0.1175,0.443,14.38
BEN-ZN01503,Bengaluru,11.719584,77.335963,560042,0.45,45.5,74.9,0.0714,0.102,12.96
DEL-ZN01504,Delhi,34.072053,96.12992,110087,0.658,16.6,82.8,0.0389,0.593,16.66
BEN-ZN01505,Bengaluru,24.052619,77.602442,560032,0.643,56.6,107.4,0.0471,0.34,20.28
HYD-ZN01506,Hyderabad,18.600178,84.066549,500068,0.502,28.9,99.5,0.0763,0.415,22.01
AHM-ZN01507,Ahmedabad,12.606297,96.623331,380029,0.998,13.7,86.3,0.0504,0.143,24.61
AHM-ZN01508,Ahmedabad,20.619297,94.537369,380046,0.116,21.1,113.7,0.0453,0.255,18.64
BEN-ZN01509,Bengaluru,23.669733,96.126198,560039,0.782,0.0,119.7,0.0035,0.152,9.93
AHM-ZN01510,Ahmedabad,10.291882,87.288668,380004,0.775,38.8,116.7,0.0058,0.469,8.8
AHM-ZN01511,Ahmedabad,17.088772,70.095401,380054,0.372,25.1,104.6,0.0635,0.322,11.9
PUN-ZN01512,Pune,24.107915,85.52114,411007,0.363,22.2,110.5,0.0286,0.414,8.63
BEN-ZN01513,Bengaluru,19.487841,70.763172,560084,0.005,47.5,93.6,0.0803,0.517,10.25
AHM-ZN01514,Ahmedabad,32.400514,88.644298,380061,0.556,0.0,128.7,0.0117,0.147,12.73
KOL-ZN01515,Kolkata,30.920216,75.636514,700001,0.659,20.3,118.9,0.0401,0.443,16.52
DEL-ZN01516,Delhi,8.441533,79.243002,110036,0.693,24.5,130.4,0.1086,0.41,40.8
HYD-ZN01517,Hyderabad,12.127762,90.865157,500077,0.135,30.5,113.3,0.0,0.061,15.0
KOL-ZN01518,Kolkata,18.223289,81.379464,700070,1.0,35.3,108.6,0.0501,0.452,18.96
CHE-ZN01519,Chennai,10.004698,91.075202,600123,0.518,28.6,55.7,0.2032,0.437,11.27
DEL-ZN01520,Delhi,27.822229,78.510313,110030,0.252,21.0,49.2,0.0102,0.304,19.58
KOL-ZN01521,Kolkata,30.779239,95.05227,700043,0.032,60.0,130.2,0.0546,0.38,28.16
PUN-ZN01522,Pune,32.418009,81.554692,411006,0.974,12.0,78.4,0.1428,0.147,34.73
MUM-ZN01523,Mumbai,29.643039,90.96288,400039,0.322,21.4,69.4,0.0149,0.143,23.72
KOL-ZN01524,Kolkata,16.74431,85.38986,700094,0.531,48.9,88.0,0.0284,0.005,21.14
HYD-ZN01525,Hyderabad,31.597965,88.791294,500081,0.798,0.0,128.4,0.0081,0.233,8.78
DEL-ZN01526,Delhi,32.298217,81.808716,110052,0.523,2.4,389.9,0.0404,0.393,13.52
BEN-ZN01527,Bengaluru,11.352505,84.607939,560020,0.598,89.8,137.1,0.0719,0.243,19.62
KOL-ZN01528,Kolkata,14.303161,80.676043,700057,0.509,17.3,222.8,0.0,0.347,39.23
BEN-ZN01529,Bengaluru,22.240282,76.365515,560006,0.825,17.4,96.4,0.0044,0.317,19.03
CHE-ZN01530,Chennai,11.408222,72.853995,600059,1.0,45.2,81.0,0.0253,0.037,19.52
HYD-ZN01531,Hyderabad,15.657121,69.18776,500057,0.015,36.9,131.1,0.2142,0.595,29.41
KOL-ZN01532,Kolkata,21.0636,87.887107,700080,0.177,0.0,131.5,0.0221,0.353,26.59
CHE-ZN01533,Chennai,31.129118,84.111691,600080,1.0,31.1,96.1,0.1891,0.338,51.18
AHM-ZN01534,Ahmedabad,28.968655,82.394717,380001,0.087,2.6,67.8,0.0236,0.061,23.16
MUM-ZN01535,Mumbai,14.414222,79.164882,400098,0.038,26.2,143.6,0.0,0.227,35.23
PUN-ZN01536,Pune,8.36313,87.494096,411029,0.468,26.8,30.0,0.0356,0.066,12.06
BEN-ZN01537,Bengaluru,12.699573,96.781634,560020,0.639,28.5,164.0,0.0966,0.121,23.2
BEN-ZN01538,Bengaluru,30.835867,86.705546,560017,0.407,17.5,61.8,0.1037,0.182,9.36
CHE-ZN01539,Chennai,32.902804,82.599914,600043,0.594,50.0,97.1,0.2086,0.698,18.68
KOL-ZN01540,Kolkata,30.114169,71.876236,700067,0.607,55.0,202.2,0.0064,0.54,40.03
CHE-ZN01541,Chennai,25.362206,73.72928,600003,0.011,23.2,98.6,0.0429,0.419,18.94
HYD-ZN01542,Hyderabad,26.671562,96.9507,500056,0.843,21.1,68.9,0.1477,0.363,33.75
BEN-ZN01543,Bengaluru,27.205466,69.063836,560052,0.78,0.2,150.3,0.002,0.172,23.07
PUN-ZN01544,Pune,8.941385,75.92176,411023,0.659,32.2,99.5,0.0113,0.085,14.0
DEL-ZN01545,Delhi,13.26941,75.318861,110034,0.297,36.9,132.8,0.0689,0.286,40.69
HYD-ZN01546,Hyderabad,23.110483,89.083122,500075,0.771,38.1,88.6,0.0134,0.384,32.16
DEL-ZN01547,Delhi,11.261489,83.104788,110040,0.763,0.0,156.6,0.0236,0.156,22.49
HYD-ZN01548,Hyderabad,10.844262,96.039274,500024,0.837,62.2,46.4,0.0916,0.267,8.72
MUM-ZN01549,Mumbai,33.314627,89.731483,400060,1.0,64.2,147.4,0.0175,0.365,45.09
DEL-ZN01550,Delhi,21.741352,88.518098,110040,0.276,16.7,105.9,0.0997,0.596,38.67
CHE-ZN01551,Chennai,30.889253,75.320188,600025,0.498,12.2,34.9,0.0198,0.391,21.83
PUN-ZN01552,Pune,29.071731,84.802142,411060,0.474,3.8,58.9,0.0262,0.561,14.08
HYD-ZN01553,Hyderabad,24.608768,75.48226,500010,0.37,60.5,65.0,0.063,0.044,37.36
CHE-ZN01554,Chennai,22.489579,89.88646,600027,0.671,24.4,102.3,0.0619,0.208,13.46
PUN-ZN01555,Pune,13.609216,87.991077,411022,0.424,35.6,46.6,0.0725,0.159,12.42
AHM-ZN01556,Ahmedabad,13.140717,79.592724,380028,0.471,13.4,79.1,0.0816,0.623,35.95
AHM-ZN01557,Ahmedabad,21.810987,78.61711,380014,0.793,0.0,128.9,0.0884,0.445,19.55
PUN-ZN01558,Pune,10.085176,92.170025,411020,0.398,35.7,138.7,0.0345,0.222,31.11
AHM-ZN01559,Ahmedabad,15.448321,85.272844,380038,0.777,47.2,85.4,0.0192,0.354,44.3
CHE-ZN01560,Chennai,30.458463,96.880417,600007,0.044,38.9,168.4,0.0253,0.286,49.21
KOL-ZN01561,Kolkata,13.19553,90.812063,700034,0.816,22.8,170.6,0.0137,0.091,14.37
CHE-ZN01562,Chennai,25.626363,68.376596,600126,1.0,4.5,130.5,0.0442,0.33,10.56
DEL-ZN01563,Delhi,18.536264,68.799484,110013,0.869,10.0,396.4,0.0307,0.181,12.6
DEL-ZN01564,Delhi,14.494371,71.081605,110040,0.58,8.1,100.0,0.0192,0.511,6.22
MUM-ZN01565,Mumbai,16.926713,73.319432,400026,1.0,45.9,133.4,0.0344,0.13,30.63
KOL-ZN01566,Kolkata,22.482349,72.532232,700020,1.0,22.0,248.8,0.0657,0.205,36.28
MUM-ZN01567,Mumbai,10.523896,93.056196,400068,0.236,45.9,30.0,0.0334,0.119,20.47
DEL-ZN01568,Delhi,31.206612,79.149729,110033,0.487,10.2,136.1,0.0191,0.214,6.36
MUM-ZN01569,Mumbai,17.044119,86.236376,400103,0.192,32.5,93.8,0.0266,0.429,49.45
DEL-ZN01570,Delhi,17.936184,94.26635,110029,0.252,27.3,122.7,0.0623,0.509,28.5
MUM-ZN01571,Mumbai,19.06119,85.779809,400074,0.509,22.2,91.4,0.1125,0.339,29.41
AHM-ZN01572,Ahmedabad,27.322895,79.22603,380012,0.749,2.3,80.9,0.0788,0.309,22.21
PUN-ZN01573,Pune,11.426972,91.227941,411049,0.138,38.0,105.6,0.0071,0.634,26.19
AHM-ZN01574,Ahmedabad,13.254924,76.861027,380044,0.147,28.1,92.5,0.0227,0.255,5.22
MUM-ZN01575,Mumbai,18.551169,91.154721,400073,0.221,25.9,58.0,0.1207,0.418,32.11
AHM-ZN01576,Ahmedabad,36.446558,93.978349,380059,0.358,0.0,138.7,0.0573,0.317,26.78
AHM-ZN01577,Ahmedabad,11.003191,92.483255,380042,0.975,16.0,30.0,0.0437,0.405,17.5
HYD-ZN01578,Hyderabad,34.535158,80.874011,500026,0.336,52.0,129.4,0.0773,0.383,10.47
AHM-ZN01579,Ahmedabad,21.540248,71.437805,380044,0.3,15.6,124.7,0.0034,0.12,18.26
KOL-ZN01580,Kolkata,27.65704,70.780373,700120,0.839,65.4,195.8,0.0423,0.097,12.08
AHM-ZN01581,Ahmedabad,13.962456,91.44286,380047,0.347,14.9,124.9,0.0,0.285,13.19
MUM-ZN01582,Mumbai,31.697532,85.000919,400066,1.0,50.3,146.0,0.0204,0.239,17.06
PUN-ZN01583,Pune,22.743198,87.947938,411056,0.753,45.0,31.4,0.1149,0.087,24.74
PUN-ZN01584,Pune,29.875417,69.013068,411049,0.441,8.1,37.1,0.0826,0.455,15.08
HYD-ZN01585,Hyderabad,27.532958,81.7542,500045,0.402,12.9,66.4,0.0126,0.416,12.9
PUN-ZN01586,Pune,36.602993,81.886632,411054,0.505,10.2,76.3,0.0372,0.064,22.93
KOL-ZN01587,Kolkata,32.049041,95.517887,700050,0.159,14.3,97.6,0.0132,0.111,21.35
KOL-ZN01588,Kolkata,15.874715,82.389342,700044,0.739,4.7,154.0,0.0278,0.435,23.53
CHE-ZN01589,Chennai,12.361041,79.472787,600127,0.765,18.9,124.4,0.0375,0.119,48.12
PUN-ZN01590,Pune,33.665604,90.191238,411023,0.712,0.0,120.6,0.0145,0.465,14.11
PUN-ZN01591,Pune,31.445783,91.156389,411048,0.036,0.0,95.3,0.0,0.494,8.6
AHM-ZN01592,Ahmedabad,27.018857,79.230134,380040,0.344,36.4,94.1,0.0,0.435,28.77
KOL-ZN01593,Kolkata,36.200962,89.592865,700090,0.785,9.8,119.2,0.113,0.28,32.74
CHE-ZN01594,Chennai,15.977211,80.85722,600065,1.0,20.5,67.7,0.0305,0.162,11.79
MUM-ZN01595,Mumbai,28.790132,71.761545,400004,0.362,56.7,123.3,0.1076,0.506,8.72
CHE-ZN01596,Chennai,20.837823,72.919939,600002,1.0,24.0,30.0,0.0243,0.079,17.52
KOL-ZN01597,Kolkata,27.697556,89.693078,700157,1.0,26.4,164.9,0.0749,0.088,23.13
HYD-ZN01598,Hyderabad,33.476354,86.6088,500034,0.933,0.0,89.7,0.0501,0.223,28.36
MUM-ZN01599,Mumbai,14.873678,91.337156,400045,0.675,76.0,238.6,0.1036,0.228,10.14
MUM-ZN01600,Mumbai,30.412715,81.979144,400001,1.0,21.3,135.6,0.0208,0.092,25.72
CHE-ZN01601,Chennai,23.430777,73.762928,600096,0.776,24.6,68.7,0.0118,0.257,19.18
CHE-ZN01602,Chennai,13.409361,85.607715,600064,1.0,19.1,128.0,0.0156,0.127,52.49
PUN-ZN01603,Pune,16.785372,89.469655,411003,0.765,10.4,56.0,0.0668,0.712,10.73
KOL-ZN01604,Kolkata,31.531251,68.846091,700057,0.118,0.0,266.5,0.0,0.199,27.11
CHE-ZN01605,Chennai,9.605515,91.285006,600071,0.936,20.7,56.9,0.1407,0.444,47.87
HYD-ZN01606,Hyderabad,8.037931,93.517425,500028,0.955,25.7,149.8,0.036,0.04,16.85
KOL-ZN01607,Kolkata,32.3145,77.112556,700012,0.174,6.7,194.3,0.0639,0.1,17.17
BEN-ZN01608,Bengaluru,19.820728,82.979233,560069,0.352,20.8,85.7,0.0643,0.504,24.61
PUN-ZN01609,Pune,13.973288,93.834727,411060,0.591,18.7,173.5,0.0194,0.637,34.97
AHM-ZN01610,Ahmedabad,16.152847,80.384195,380045,0.323,3.4,64.5,0.0051,0.029,23.33
PUN-ZN01611,Pune,29.621443,75.181561,411055,0.186,8.1,92.3,0.0226,0.167,34.74
AHM-ZN01612,Ahmedabad,13.700414,90.729921,380040,0.227,46.1,120.2,0.0379,0.271,33.05
KOL-ZN01613,Kolkata,11.232321,85.244423,700014,0.375,11.5,221.0,0.1991,0.272,19.42
KOL-ZN01614,Kolkata,31.726691,70.024658,700023,0.63,28.5,98.6,0.0,0.36,22.95
BEN-ZN01615,Bengaluru,26.220274,80.650108,560062,0.466,46.8,119.5,0.0776,0.176,23.28
DEL-ZN01616,Delhi,27.779785,85.29341,110015,0.979,5.0,67.7,0.0475,0.385,20.39
KOL-ZN01617,Kolkata,36.325843,75.608754,700119,0.265,44.0,233.3,0.0056,0.153,14.32
AHM-ZN01618,Ahmedabad,13.863353,73.693057,380016,0.768,43.9,109.9,0.0,0.226,40.19
PUN-ZN01619,Pune,10.528657,75.296723,411057,0.965,40.4,69.9,0.0151,0.171,19.11
AHM-ZN01620,Ahmedabad,33.00412,78.764939,380046,0.155,20.0,57.4,0.0826,0.153,16.25
CHE-ZN01621,Chennai,32.795377,68.66488,600089,0.272,18.2,65.1,0.0493,0.436,22.92
BEN-ZN01622,Bengaluru,19.886937,73.386155,560060,0.038,0.0,97.2,0.0,0.464,7.67
PUN-ZN01623,Pune,32.960805,81.640764,411028,0.458,12.8,99.5,0.2174,0.416,20.53
MUM-ZN01624,Mumbai,21.945676,86.458759,400090,1.0,7.0,124.0,0.0272,0.217,42.08
DEL-ZN01625,Delhi,35.30175,85.391712,110031,0.622,40.0,368.6,0.0361,0.118,21.31
PUN-ZN01626,Pune,34.750775,93.018166,411037,0.319,5.5,141.6,0.0091,0.351,25.92
BEN-ZN01627,Bengaluru,13.440494,81.389901,560047,0.998,0.0,143.8,0.0262,0.275,16.68
KOL-ZN01628,Kolkata,35.83865,70.971167,700054,1.0,5.7,137.5,0.0086,0.499,24.67
AHM-ZN01629,Ahmedabad,19.925552,82.515911,380001,0.091,19.2,145.1,0.0379,0.091,21.03
MUM-ZN01630,Mumbai,22.189086,69.918007,400006,0.096,38.9,30.0,0.0371,0.165,14.33
PUN-ZN01631,Pune,32.505645,78.53759,411057,0.839,18.1,124.5,0.0017,0.387,11.61
PUN-ZN01632,Pune,15.752516,82.382781,411062,0.977,16.6,113.5,0.0,0.343,13.78
CHE-ZN01633,Chennai,30.079203,87.74118,600078,0.285,54.3,116.0,0.0109,0.168,37.91
KOL-ZN01634,Kolkata,22.856419,73.692053,700003,1.0,14.8,224.6,0.0383,0.07,29.82
KOL-ZN01635,Kolkata,23.008794,90.294331,700119,0.284,34.9,177.5,0.0448,0.481,13.17
PUN-ZN01636,Pune,34.961201,77.528334,411019,0.4,37.7,30.0,0.0032,0.093,34.1
MUM-ZN01637,Mumbai,33.171324,93.451586,400080,0.217,51.5,194.4,0.0196,0.613,13.26
AHM-ZN01638,Ahmedabad,13.356381,69.674916,380001,0.779,4.4,118.0,0.0869,0.192,11.19
DEL-ZN01639,Delhi,33.139269,84.06835,110065,0.073,26.9,79.0,0.036,0.783,12.56
PUN-ZN01640,Pune,31.30407,75.433536,411048,0.196,6.8,123.9,0.0,0.071,19.44
PUN-ZN01641,Pune,22.280989,83.058465,411048,0.332,3.5,34.1,0.1811,0.109,37.01
KOL-ZN01642,Kolkata,35.496795,96.821569,700011,1.0,49.6,92.7,0.0151,0.194,18.73
HYD-ZN01643,Hyderabad,36.89895,85.041086,500004,0.064,150.6,146.9,0.0,0.243,21.67
BEN-ZN01644,Bengaluru,36.179815,68.976555,560081,0.485,13.6,96.8,0.0078,0.316,25.29
PUN-ZN01645,Pune,8.147287,88.684132,411022,0.12,26.4,193.6,0.03,0.365,19.76
PUN-ZN01646,Pune,25.9601,90.655899,411008,0.469,43.4,98.3,0.0779,0.326,45.97
HYD-ZN01647,Hyderabad,12.609656,92.168746,500084,0.875,15.9,118.4,0.0996,0.145,15.29
BEN-ZN01648,Bengaluru,25.6045,85.345382,560080,0.412,7.0,96.3,0.0251,0.074,12.72
PUN-ZN01649,Pune,13.679176,68.618593,411039,0.02,73.2,30.0,0.0262,0.235,10.56
CHE-ZN01650,Chennai,18.388277,95.965478,600091,0.923,13.0,65.9,0.0492,0.425,17.7
MUM-ZN01651,Mumbai,36.375674,68.851197,400077,0.617,5.6,170.7,0.0069,0.133,21.43
DEL-ZN01652,Delhi,31.294131,75.980177,110008,0.693,12.2,91.0,0.0219,0.63,16.04
AHM-ZN01653,Ahmedabad,14.045931,72.73722,380008,0.003,66.9,81.8,0.1549,0.37,11.18
HYD-ZN01654,Hyderabad,14.235053,84.19436,500042,0.669,53.1,108.5,0.0,0.419,46.17
MUM-ZN01655,Mumbai,16.47398,73.813859,400086,0.178,31.7,209.9,0.0523,0.0,25.87
BEN-ZN01656,Bengaluru,28.293716,89.983842,560089,0.406,49.0,101.7,0.0295,0.36,30.64
BEN-ZN01657,Bengaluru,31.424684,69.608529,560068,0.934,57.2,126.6,0.0043,0.157,40.19
MUM-ZN01658,Mumbai,24.431848,94.391381,400008,1.0,66.4,66.1,0.0225,0.421,10.15
KOL-ZN01659,Kolkata,23.389913,88.55568,700056,1.0,14.4,134.4,0.0473,0.374,14.91
HYD-ZN01660,Hyderabad,20.860485,91.912083,500077,0.702,42.1,114.8,0.0033,0.237,15.06
CHE-ZN01661,Chennai,25.020471,83.237621,600039,0.522,51.1,42.6,0.0529,0.011,33.84
HYD-ZN01662,Hyderabad,26.504458,77.495103,500068,0.317,29.2,85.0,0.0722,0.364,9.22
HYD-ZN01663,Hyderabad,32.882618,83.537739,500063,0.725,15.5,96.2,0.0,0.196,19.39
CHE-ZN01664,Chennai,30.175974,93.239854,600112,1.0,21.8,76.7,0.003,0.043,39.76
BEN-ZN01665,Bengaluru,25.019565,93.174129,560013,0.879,24.5,113.3,0.0092,0.032,25.51
HYD-ZN01666,Hyderabad,13.355311,78.507758,500083,0.151,22.8,147.7,0.0263,0.154,13.99
PUN-ZN01667,Pune,30.446151,90.719832,411043,0.348,28.2,100.9,0.0232,0.246,19.11
DEL-ZN01668,Delhi,17.759761,77.814986,110006,0.774,0.0,119.6,0.1444,0.488,9.42
MUM-ZN01669,Mumbai,35.168947,71.594071,400055,0.299,140.4,98.4,0.0672,0.104,10.97
HYD-ZN01670,Hyderabad,32.504015,75.592252,500065,0.76,85.3,86.7,0.0716,0.243,22.4
PUN-ZN01671,Pune,10.996109,91.17701,411001,0.929,28.1,151.2,0.0957,0.143,8.28
KOL-ZN01672,Kolkata,22.862464,76.170023,700030,0.708,1.2,186.5,0.0239,0.071,8.5
HYD-ZN01673,Hyderabad,29.375732,82.80221,500018,0.008,17.6,148.2,0.0481,0.252,25.7
KOL-ZN01674,Kolkata,16.355098,88.643516,700011,1.0,25.9,100.0,0.2148,0.214,16.01
HYD-ZN01675,Hyderabad,8.776103,95.050519,500053,0.085,61.3,71.3,0.0,0.29,23.37
HYD-ZN01676,Hyderabad,18.053423,78.216606,500090,0.678,9.8,81.4,0.0113,0.123,23.51
HYD-ZN01677,Hyderabad,32.967339,82.740802,500010,0.226,43.2,147.3,0.0104,0.626,20.87
BEN-ZN01678,Bengaluru,27.257368,80.952464,560100,0.787,25.1,135.7,0.0084,0.376,9.36
KOL-ZN01679,Kolkata,20.963816,92.254564,700128,0.096,20.8,227.2,0.0403,0.251,13.72
KOL-ZN01680,Kolkata,18.791013,93.342514,700095,0.368,10.8,176.8,0.0,0.422,27.79
DEL-ZN01681,Delhi,11.65954,82.915117,110019,0.34,12.0,145.6,0.0619,0.231,22.77
CHE-ZN01682,Chennai,21.993297,81.628178,600010,1.0,54.1,110.3,0.1074,0.112,21.77
AHM-ZN01683,Ahmedabad,9.801602,76.26566,380022,0.97,8.0,82.1,0.0924,0.408,25.77
KOL-ZN01684,Kolkata,23.875156,77.005648,700107,1.0,2.7,164.9,0.1249,0.277,25.71
KOL-ZN01685,Kolkata,34.738667,92.518104,700028,0.553,64.6,187.7,0.107,0.644,34.31
PUN-ZN01686,Pune,11.844583,87.654588,411022,0.815,69.6,69.2,0.0,0.421,13.28
AHM-ZN01687,Ahmedabad,11.404973,77.566871,380038,0.742,21.0,110.5,0.0115,0.425,36.55
HYD-ZN01688,Hyderabad,34.147499,94.973747,500058,0.244,45.2,60.8,0.0,0.061,16.19
AHM-ZN01689,Ahmedabad,15.641714,89.292889,380002,0.469,14.8,71.7,0.0198,0.124,15.4
KOL-ZN01690,Kolkata,11.593822,72.491075,700040,1.0,9.5,132.3,0.0377,0.32,42.94
BEN-ZN01691,Bengaluru,27.706659,79.521723,560026,0.093,0.0,151.6,0.1183,0.154,19.86
KOL-ZN01692,Kolkata,31.69404,95.504633,700052,0.296,41.4,163.9,0.0021,0.696,15.34
DEL-ZN01693,Delhi,22.396655,94.937777,110007,0.889,9.0,339.6,0.0231,0.672,22.44
HYD-ZN01694,Hyderabad,16.204613,78.571574,500072,0.781,17.2,83.1,0.0007,0.418,61.52
KOL-ZN01695,Kolkata,18.242574,86.052124,700087,0.061,6.7,152.9,0.0143,0.4,23.24
PUN-ZN01696,Pune,31.241183,95.788359,411028,0.318,17.8,132.5,0.1329,0.135,12.2
CHE-ZN01697,Chennai,13.902582,91.035628,600124,1.0,67.0,86.0,0.0325,0.386,28.96
PUN-ZN01698,Pune,20.028076,69.565087,411053,0.194,15.5,102.6,0.0065,0.359,17.48
HYD-ZN01699,Hyderabad,30.0002,76.744144,500096,0.347,39.8,113.5,0.0431,0.209,28.88
DEL-ZN01700,Delhi,8.86911,80.10388,110092,0.673,16.2,370.6,0.058,0.279,19.16
KOL-ZN01701,Kolkata,13.826768,81.735831,700095,1.0,37.2,212.2,0.0534,0.215,28.85
AHM-ZN01702,Ahmedabad,24.215507,90.212803,380006,0.523,36.7,98.9,0.0382,0.196,22.96
AHM-ZN01703,Ahmedabad,24.909058,74.468958,380036,0.631,6.5,113.6,0.0,0.454,13.66
MUM-ZN01704,Mumbai,30.574655,85.865815,400032,0.364,0.0,55.4,0.0157,0.189,20.41
PUN-ZN01705,Pune,9.045358,84.696858,411062,0.652,44.8,73.6,0.1165,0.327,15.82
HYD-ZN01706,Hyderabad,26.740664,68.70887,500012,0.603,31.3,120.8,0.079,0.067,18.55
HYD-ZN01707,Hyderabad,18.782361,90.11168,500026,0.456,128.3,118.5,0.0276,0.272,32.58
DEL-ZN01708,Delhi,10.692204,78.713297,110027,0.664,0.0,130.2,0.1799,0.232,6.84
MUM-ZN01709,Mumbai,12.691139,76.266029,400005,0.418,32.6,30.0,0.0318,0.236,21.7
CHE-ZN01710,Chennai,27.8932,89.273464,600056,0.696,38.2,136.8,0.0106,0.154,14.01
PUN-ZN01711,Pune,15.046819,85.03563,411012,0.988,55.9,158.1,0.0644,0.253,19.66
CHE-ZN01712,Chennai,23.756953,86.452164,600044,0.751,24.4,139.1,0.0618,0.133,37.7
DEL-ZN01713,Delhi,24.228333,85.833209,110068,0.82,20.1,110.1,0.0216,0.077,35.33
KOL-ZN01714,Kolkata,35.625156,81.044046,700026,1.0,8.5,112.4,0.0394,0.276,17.77
AHM-ZN01715,Ahmedabad,20.536031,75.20551,380057,0.741,22.1,127.2,0.0099,0.047,12.48
BEN-ZN01716,Bengaluru,29.435299,83.766651,560039,0.384,0.0,75.9,0.0556,0.236,16.02
DEL-ZN01717,Delhi,13.382232,73.40409,110052,0.624,68.3,63.2,0.0014,0.391,23.79
KOL-ZN01718,Kolkata,21.941305,72.31808,700106,1.0,48.1,141.5,0.0219,0.402,62.36
KOL-ZN01719,Kolkata,32.598599,75.472058,700144,0.832,50.4,153.5,0.0135,0.455,49.74
BEN-ZN01720,Bengaluru,30.087138,85.378859,560056,0.322,35.4,62.7,0.006,0.406,61.96
CHE-ZN01721,Chennai,20.827956,90.761972,600084,0.488,9.3,35.8,0.1176,0.051,11.5
DEL-ZN01722,Delhi,27.809882,83.940318,110057,0.184,57.7,70.6,0.0319,0.493,50.15
KOL-ZN01723,Kolkata,25.672134,72.894177,700100,1.0,117.9,259.8,0.0005,0.114,28.39
AHM-ZN01724,Ahmedabad,27.248791,76.872706,380061,0.72,0.0,132.5,0.03,0.546,36.21
PUN-ZN01725,Pune,31.647976,74.299573,411051,0.929,49.5,136.5,0.0042,0.082,30.73
HYD-ZN01726,Hyderabad,15.23032,91.500836,500043,0.919,23.0,74.6,0.0217,0.624,10.18
PUN-ZN01727,Pune,17.017619,72.181009,411040,0.296,72.3,87.3,0.0377,0.027,32.38
MUM-ZN01728,Mumbai,35.304903,86.171553,400102,0.183,60.2,100.2,0.0051,0.342,19.32
MUM-ZN01729,Mumbai,32.559826,95.223539,400104,1.0,17.4,43.7,0.0203,0.389,36.29
KOL-ZN01730,Kolkata,30.2045,85.085347,700100,0.247,9.2,200.1,0.0,0.443,23.6
DEL-ZN01731,Delhi,35.803367,71.530321,110069,0.026,6.0,108.0,0.0421,0.099,33.9
BEN-ZN01732,Bengaluru,24.719617,90.92945,560032,0.179,36.1,91.4,0.0,0.126,28.73
BEN-ZN01733,Bengaluru,15.722401,84.245363,560018,0.484,26.6,92.4,0.1002,0.311,18.95
MUM-ZN01734,Mumbai,14.570136,74.025874,400063,0.99,26.0,70.0,0.0241,0.044,14.31
KOL-ZN01735,Kolkata,9.543779,79.217377,700017,1.0,77.6,79.6,0.3482,0.168,9.09
PUN-ZN01736,Pune,22.266255,76.723248,411057,0.528,71.8,94.7,0.0157,0.219,21.98
HYD-ZN01737,Hyderabad,22.377399,75.093619,500034,0.139,39.5,106.9,0.0298,0.297,29.85
HYD-ZN01738,Hyderabad,24.939528,87.908096,500042,0.264,22.6,86.1,0.2696,0.222,16.77
AHM-ZN01739,Ahmedabad,27.215178,86.900058,380043,0.121,26.6,172.0,0.2527,0.333,10.32
AHM-ZN01740,Ahmedabad,22.570055,84.287051,380001,0.242,35.9,128.1,0.0016,0.08,11.01
HYD-ZN01741,Hyderabad,17.7824,92.642157,500017,0.64,47.6,125.4,0.0437,0.445,48.42
AHM-ZN01742,Ahmedabad,26.898098,75.57301,380017,0.424,43.6,35.0,0.0032,0.345,16.75
KOL-ZN01743,Kolkata,14.23023,80.012702,700058,0.839,17.4,159.2,0.0864,0.333,37.96
AHM-ZN01744,Ahmedabad,9.056208,79.921519,380017,0.292,19.7,65.5,0.0225,0.465,15.44
HYD-ZN01745,Hyderabad,13.593604,75.288001,500033,0.626,0.0,30.0,0.0578,0.078,18.72
MUM-ZN01746,Mumbai,9.782101,72.376841,400088,0.58,66.8,147.1,0.0071,0.353,19.82
PUN-ZN01747,Pune,20.849228,81.22148,411007,0.27,21.9,73.6,0.0,0.371,35.45
BEN-ZN01748,Bengaluru,9.470566,77.448117,560081,0.297,23.7,58.6,0.0488,0.408,19.91
DEL-ZN01749,Delhi,24.577826,83.302758,110086,0.622,21.2,341.6,0.1035,0.0,17.53
MUM-ZN01750,Mumbai,31.32953,79.85659,400081,0.906,48.7,176.5,0.0246,0.184,15.46
CHE-ZN01751,Chennai,14.490145,93.494598,600082,0.351,14.9,95.9,0.0497,0.042,27.04
DEL-ZN01752,Delhi,26.151331,96.677837,110024,0.754,22.3,119.1,0.0928,0.122,57.25
AHM-ZN01753,Ahmedabad,34.072241,79.911941,380014,0.395,20.0,98.9,0.0039,0.293,15.34
AHM-ZN01754,Ahmedabad,27.476928,88.063336,380004,0.601,22.0,101.6,0.1,0.371,26.52
BEN-ZN01755,Bengaluru,14.00901,83.891051,560001,0.743,5.9,95.4,0.0342,0.194,15.0
MUM-ZN01756,Mumbai,34.68269,89.575561,400065,0.965,19.0,104.1,0.0265,0.139,46.5
DEL-ZN01757,Delhi,29.363678,82.240901,110005,0.385,11.4,67.5,0.0448,0.0,26.16
BEN-ZN01758,Bengaluru,11.68038,70.364125,560035,0.888,56.4,30.0,0.0263,0.377,12.89
AHM-ZN01759,Ahmedabad,34.105234,86.975102,380054,0.262,28.4,132.2,0.001,0.274,20.67
PUN-ZN01760,Pune,18.493635,85.359341,411022,0.757,24.9,138.7,0.0141,0.689,13.61
AHM-ZN01761,Ahmedabad,8.549422,73.225519,380040,0.863,35.0,59.4,0.1208,0.38,32.9
PUN-ZN01762,Pune,10.774793,71.278863,411019,0.889,31.7,100.9,0.099,0.36,19.03
HYD-ZN01763,Hyderabad,34.203411,82.610206,500025,0.934,12.0,116.8,0.0146,0.292,10.31
KOL-ZN01764,Kolkata,35.323113,68.180933,700124,0.225,14.7,138.7,0.0435,0.326,8.83
HYD-ZN01765,Hyderabad,11.581579,69.164306,500010,0.371,20.3,75.8,0.0302,0.162,21.25
BEN-ZN01766,Bengaluru,34.016557,96.372381,560014,0.0,19.4,156.9,0.0278,0.355,22.6
AHM-ZN01767,Ahmedabad,16.337521,91.303712,380013,0.13,0.0,152.0,0.0593,0.539,24.84
DEL-ZN01768,Delhi,16.192971,80.963329,110020,0.119,28.2,326.2,0.0435,0.301,13.21
KOL-ZN01769,Kolkata,15.129045,85.678085,700114,0.414,24.4,117.7,0.0264,0.572,35.38
CHE-ZN01770,Chennai,31.195648,73.208842,600109,1.0,10.6,37.6,0.0093,0.39,17.39
HYD-ZN01771,Hyderabad,19.54616,69.253837,500029,0.395,19.6,30.0,0.0548,0.128,14.33
PUN-ZN01772,Pune,10.50699,80.000843,411023,0.502,26.1,144.0,0.1479,0.234,29.82
MUM-ZN01773,Mumbai,20.137078,72.220828,400059,1.0,108.1,113.3,0.0138,0.177,14.75
HYD-ZN01774,Hyderabad,17.812791,80.208605,500018,0.083,82.2,73.7,0.1165,0.472,18.6
CHE-ZN01775,Chennai,19.750293,93.857767,600015,1.0,27.6,88.0,0.0755,0.338,29.92
AHM-ZN01776,Ahmedabad,28.996674,71.269304,380001,0.877,14.8,104.7,0.1669,0.243,14.08
PUN-ZN01777,Pune,23.945915,69.208409,411038,0.324,20.9,122.1,0.1036,0.406,15.52
HYD-ZN01778,Hyderabad,21.408451,70.204445,500010,0.154,3.9,123.7,0.0362,0.081,26.64
DEL-ZN01779,Delhi,28.236904,70.647977,110050,0.268,27.2,55.8,0.0703,0.286,39.69
CHE-ZN01780,Chennai,31.495595,96.183324,600094,0.853,18.4,75.2,0.1153,0.326,49.38
CHE-ZN01781,Chennai,30.04698,94.652258,600005,0.55,22.6,91.5,0.0437,0.501,38.58
HYD-ZN01782,Hyderabad,15.906657,76.174407,500075,0.296,22.5,143.7,0.0032,0.482,50.57
HYD-ZN01783,Hyderabad,36.081213,93.255312,500054,0.857,49.9,80.0,0.0394,0.14,16.28
AHM-ZN01784,Ahmedabad,31.713285,93.99515,380038,0.273,15.6,147.2,0.0194,0.403,27.27
CHE-ZN01785,Chennai,12.213127,71.139917,600059,0.19,40.2,51.8,0.02,0.483,20.76
BEN-ZN01786,Bengaluru,15.870879,79.4824,560034,0.563,12.6,154.6,0.0236,0.138,14.3
HYD-ZN01787,Hyderabad,26.214321,87.839156,500095,0.13,34.3,30.0,0.0437,0.413,21.53
MUM-ZN01788,Mumbai,12.13785,69.001117,400009,0.137,54.9,30.0,0.052,0.344,36.74
DEL-ZN01789,Delhi,17.366821,76.838664,110065,0.728,21.7,409.4,0.0065,0.196,20.7
HYD-ZN01790,Hyderabad,10.857261,85.59696,500025,0.993,34.7,70.6,0.0067,0.262,18.99
PUN-ZN01791,Pune,30.465993,88.978745,411015,0.959,39.6,120.0,0.166,0.638,28.84
CHE-ZN01792,Chennai,30.154636,68.188882,600124,1.0,40.9,124.4,0.0186,0.0,32.14
HYD-ZN01793,Hyderabad,28.297177,73.611726,500090,0.173,39.4,124.0,0.0384,0.311,78.06
MUM-ZN01794,Mumbai,24.751529,83.667519,400037,0.652,51.5,186.9,0.0408,0.176,11.87
PUN-ZN01795,Pune,30.360998,75.642861,411029,0.254,37.2,137.3,0.0382,0.105,23.61
MUM-ZN01796,Mumbai,26.553838,72.25495,400101,0.176,32.3,157.7,0.0316,0.158,22.32
MUM-ZN01797,Mumbai,32.025176,89.654036,400057,0.856,6.2,156.4,0.0233,0.61,14.95
DEL-ZN01798,Delhi,31.748538,77.889262,110090,0.197,9.0,381.6,0.0571,0.295,9.35
BEN-ZN01799,Bengaluru,24.002181,87.718884,560029,0.175,40.4,129.9,0.0647,0.593,28.25
AHM-ZN01800,Ahmedabad,10.683502,86.61637,380055,0.038,10.9,113.4,0.0055,0.095,24.51
HYD-ZN01801,Hyderabad,19.039785,71.144781,500049,0.042,15.8,146.4,0.212,0.256,18.37
AHM-ZN01802,Ahmedabad,18.874296,78.283573,380007,0.591,29.5,132.7,0.0142,0.104,41.39
CHE-ZN01803,Chennai,36.068299,90.45269,600062,0.097,12.6,144.1,0.0595,0.0,23.86
DEL-ZN01804,Delhi,36.44992,87.883306,110093,0.248,23.5,153.7,0.0066,0.157,26.77
DEL-ZN01805,Delhi,30.459106,85.590693,110071,0.49,53.2,88.0,0.0303,0.119,12.01
CHE-ZN01806,Chennai,28.806759,70.135446,600055,1.0,101.6,76.3,0.1276,0.248,17.98
KOL-ZN01807,Kolkata,26.663911,68.809966,700155,1.0,26.6,209.3,0.0624,0.037,26.77
KOL-ZN01808,Kolkata,28.957798,69.251651,700090,1.0,14.2,185.4,0.0622,0.055,26.62
KOL-ZN01809,Kolkata,34.914216,93.233288,700039,1.0,16.4,236.5,0.1502,0.456,40.61
HYD-ZN01810,Hyderabad,24.557083,95.010476,500048,0.897,29.8,37.8,0.027,0.07,15.26
MUM-ZN01811,Mumbai,27.254458,92.722265,400049,0.188,95.3,112.3,0.0898,0.167,27.64
MUM-ZN01812,Mumbai,24.71993,79.36677,400002,0.275,80.6,130.7,0.1233,0.066,24.89
HYD-ZN01813,Hyderabad,20.33598,86.924036,500093,0.061,66.6,119.4,0.1262,0.349,30.89
AHM-ZN01814,Ahmedabad,11.209124,87.187503,380011,0.774,0.0,102.6,0.0775,0.367,42.32
MUM-ZN01815,Mumbai,30.042521,96.367602,400081,1.0,44.0,139.5,0.1143,0.731,9.83
PUN-ZN01816,Pune,30.841441,91.753389,411005,0.77,36.0,85.6,0.0283,0.176,24.66
PUN-ZN01817,Pune,22.863449,93.088263,411048,0.142,58.1,78.0,0.0099,0.133,131.18
MUM-ZN01818,Mumbai,36.70592,93.698384,400101,0.087,35.2,74.3,0.0293,0.364,43.28
PUN-ZN01819,Pune,32.314681,85.041416,411005,0.685,53.9,137.1,0.0198,0.439,16.72
KOL-ZN01820,Kolkata,32.485191,68.101157,700143,1.0,41.2,142.6,0.0309,0.395,15.86
AHM-ZN01821,Ahmedabad,9.4198,93.298362,380009,0.137,19.4,87.9,0.0803,0.118,25.8
PUN-ZN01822,Pune,27.336382,83.294068,411023,0.578,3.0,143.4,0.1195,0.5,12.04
AHM-ZN01823,Ahmedabad,21.483235,82.237477,380032,0.376,1.9,136.7,0.1032,0.34,15.79
DEL-ZN01824,Delhi,16.048376,85.071418,110018,0.986,14.2,304.7,0.123,0.127,27.05
PUN-ZN01825,Pune,22.689093,93.547298,411007,0.684,98.0,59.9,0.0956,0.026,7.74
HYD-ZN01826,Hyderabad,20.377271,87.0251,500095,0.446,0.0,115.9,0.0121,0.481,21.35
PUN-ZN01827,Pune,16.871352,68.816971,411032,0.532,15.1,100.7,0.0148,0.291,40.52
CHE-ZN01828,Chennai,26.436457,95.890897,600093,1.0,54.8,143.6,0.073,0.099,14.05
DEL-ZN01829,Delhi,36.724186,91.705628,110020,0.237,20.3,352.4,0.019,0.253,18.87
HYD-ZN01830,Hyderabad,33.0943,94.145784,500016,0.195,56.7,98.6,0.062,0.251,35.54
HYD-ZN01831,Hyderabad,19.636778,92.809001,500094,0.134,15.8,116.3,0.0308,0.356,23.24
AHM-ZN01832,Ahmedabad,31.115337,89.187603,380051,0.548,21.5,96.6,0.0326,0.137,57.34
BEN-ZN01833,Bengaluru,18.199469,69.412529,560046,0.076,18.7,30.0,0.0238,0.145,13.38
PUN-ZN01834,Pune,21.542292,75.704831,411052,0.296,58.2,161.9,0.0271,0.51,22.47
PUN-ZN01835,Pune,26.529903,73.484965,411035,0.541,75.0,70.2,0.0169,0.2,34.62
BEN-ZN01836,Bengaluru,29.193863,82.211867,560064,0.252,0.0,133.7,0.0164,0.191,11.14
AHM-ZN01837,Ahmedabad,35.372297,76.182436,380029,0.722,10.9,80.7,0.0,0.365,11.96
CHE-ZN01838,Chennai,18.840661,96.562233,600086,1.0,33.0,134.2,0.0457,0.181,11.63
KOL-ZN01839,Kolkata,14.268644,74.820701,700099,0.706,0.0,110.5,0.0383,0.19,52.81
AHM-ZN01840,Ahmedabad,29.800051,73.145869,380010,0.505,28.6,93.0,0.0072,0.331,17.16
DEL-ZN01841,Delhi,25.737387,69.785878,110049,0.164,9.9,30.0,0.0913,0.037,27.24
PUN-ZN01842,Pune,26.571949,71.569573,411025,0.067,31.5,81.4,0.0082,0.158,17.69
DEL-ZN01843,Delhi,24.742589,84.489321,110075,0.951,0.0,256.3,0.0469,0.209,19.17
CHE-ZN01844,Chennai,14.113747,74.930289,600010,0.062,17.9,90.2,0.0267,0.146,65.56
DEL-ZN01845,Delhi,15.114155,84.098278,110072,0.17,27.1,124.6,0.0242,0.496,7.3
MUM-ZN01846,Mumbai,17.307165,79.406131,400017,1.0,17.2,124.5,0.032,0.512,27.86
AHM-ZN01847,Ahmedabad,18.84342,74.82723,380054,0.775,10.7,101.2,0.0795,0.441,13.28
BEN-ZN01848,Bengaluru,20.282245,72.978272,560018,0.135,35.4,30.0,0.1001,0.333,33.51
KOL-ZN01849,Kolkata,30.491009,95.72703,700065,0.535,9.4,151.0,0.0229,0.227,23.39
DEL-ZN01850,Delhi,11.298355,84.197385,110052,0.079,30.2,227.3,0.1004,0.27,43.12
CHE-ZN01851,Chennai,16.421102,78.683305,600116,0.68,0.4,116.0,0.1499,0.477,8.66
BEN-ZN01852,Bengaluru,31.218663,71.985902,560029,0.899,27.6,103.7,0.093,0.586,23.03
AHM-ZN01853,Ahmedabad,26.698884,82.809813,380022,0.101,12.9,89.7,0.0106,0.474,10.54
CHE-ZN01854,Chennai,24.462083,76.030187,600113,0.014,34.6,44.3,0.0375,0.239,14.31
MUM-ZN01855,Mumbai,17.171709,95.997647,400089,0.688,17.2,143.8,0.1508,0.226,10.44
AHM-ZN01856,Ahmedabad,29.018346,90.648266,380037,0.748,17.4,86.1,0.0654,0.444,23.33
AHM-ZN01857,Ahmedabad,16.719012,70.150759,380009,0.917,20.2,79.6,0.0193,0.037,17.3
KOL-ZN01858,Kolkata,14.138804,86.581432,700053,1.0,16.9,106.2,0.064,0.077,15.35
CHE-ZN01859,Chennai,22.584225,88.174356,600018,1.0,19.0,101.3,0.1169,0.2,30.28
HYD-ZN01860,Hyderabad,22.353657,68.91807,500076,0.186,30.5,156.5,0.0315,0.189,12.74
AHM-ZN01861,Ahmedabad,12.579713,85.948126,380033,0.497,10.1,136.8,0.0236,0.386,9.68
CHE-ZN01862,Chennai,19.035518,88.353055,600096,0.823,92.1,110.9,0.0217,0.162,20.11
HYD-ZN01863,Hyderabad,36.762528,73.407146,500079,0.263,44.5,122.5,0.0575,0.537,22.05
CHE-ZN01864,Chennai,13.784551,70.912179,600097,0.551,45.9,30.7,0.1015,0.553,42.55
MUM-ZN01865,Mumbai,31.391011,83.576106,400042,0.828,30.0,103.5,0.0129,0.517,17.43
PUN-ZN01866,Pune,24.606272,75.896007,411050,0.161,79.6,100.7,0.0251,0.281,24.3
KOL-ZN01867,Kolkata,15.714651,71.078499,700018,0.639,39.9,142.5,0.0103,0.53,14.49
KOL-ZN01868,Kolkata,12.2313,82.116753,700152,0.243,47.9,47.8,0.0996,0.04,22.64
KOL-ZN01869,Kolkata,26.04478,78.115423,700150,1.0,64.0,144.2,0.0152,0.446,37.8
DEL-ZN01870,Delhi,34.703853,68.040509,110068,0.734,2.8,290.7,0.1014,0.103,14.59
PUN-ZN01871,Pune,25.727573,95.203892,411042,0.913,38.5,102.0,0.066,0.151,26.99
CHE-ZN01872,Chennai,35.822171,90.117164,600063,1.0,40.3,109.7,0.0317,0.489,14.84
AHM-ZN01873,Ahmedabad,36.162788,77.307826,380034,0.012,27.9,66.8,0.0463,0.187,16.79
DEL-ZN01874,Delhi,10.921618,77.423572,110064,0.556,9.8,285.8,0.0285,0.082,32.51
CHE-ZN01875,Chennai,16.687477,78.713507,600014,1.0,26.5,44.1,0.0218,0.009,9.36
DEL-ZN01876,Delhi,33.248835,92.276367,110037,0.945,0.0,474.8,0.0141,0.255,34.36
BEN-ZN01877,Bengaluru,19.1461,76.75475,560043,0.255,10.0,46.5,0.0895,0.291,20.03
KOL-ZN01878,Kolkata,20.07055,72.717325,700046,1.0,18.4,131.3,0.1667,0.308,38.87
CHE-ZN01879,Chennai,17.908795,75.269153,600100,0.648,7.8,100.3,0.0428,0.525,34.45
BEN-ZN01880,Bengaluru,12.178495,75.248799,560037,0.62,0.0,147.6,0.019,0.145,22.27
AHM-ZN01881,Ahmedabad,32.259472,70.417441,380029,0.081,0.0,71.3,0.0303,0.175,14.8
KOL-ZN01882,Kolkata,14.643143,79.162713,700016,0.261,0.0,90.2,0.0442,0.485,41.07
HYD-ZN01883,Hyderabad,32.162806,75.516453,500088,0.022,8.3,121.3,0.0446,0.21,6.96
MUM-ZN01884,Mumbai,20.096497,91.087082,400032,1.0,103.3,212.4,0.0943,0.296,14.98
DEL-ZN01885,Delhi,9.492669,84.764606,110046,0.505,4.6,363.1,0.0256,0.355,27.84
PUN-ZN01886,Pune,13.506689,71.870388,411017,0.864,40.0,146.3,0.022,0.138,19.15
DEL-ZN01887,Delhi,29.46617,68.013197,110022,0.517,16.2,73.6,0.01,0.361,34.96
KOL-ZN01888,Kolkata,26.360132,82.140531,700103,1.0,86.0,169.8,0.0246,0.333,29.09
PUN-ZN01889,Pune,22.923265,94.257936,411022,0.019,9.6,82.5,0.0464,0.022,22.35
KOL-ZN01890,Kolkata,27.269269,70.490927,700086,0.036,23.6,149.0,0.0322,0.126,20.34
DEL-ZN01891,Delhi,13.560605,87.54923,110056,0.923,5.4,110.4,0.0,0.435,10.28
HYD-ZN01892,Hyderabad,29.193758,68.357658,500067,0.739,4.8,109.2,0.0911,0.19,62.04
DEL-ZN01893,Delhi,17.533436,80.50174,110041,0.654,10.5,72.3,0.0427,0.428,15.51
DEL-ZN01894,Delhi,20.738099,85.766103,110086,0.116,0.0,103.9,0.0248,0.138,41.95
AHM-ZN01895,Ahmedabad,23.915324,84.408769,380046,0.76,17.0,76.7,0.0303,0.203,14.67
BEN-ZN01896,Bengaluru,29.394009,76.816515,560023,0.322,10.1,135.4,0.0433,0.346,20.51
DEL-ZN01897,Delhi,31.618758,93.020823,110083,0.392,6.5,380.0,0.1368,0.621,45.59
DEL-ZN01898,Delhi,26.861886,72.640939,110075,0.406,0.0,350.3,0.0363,0.407,21.77
KOL-ZN01899,Kolkata,22.609538,76.415602,700073,1.0,50.6,113.4,0.0948,0.211,19.61
DEL-ZN01900,Delhi,14.275574,82.883653,110047,0.54,0.0,437.4,0.0,0.593,6.78
PUN-ZN01901,Pune,34.137134,84.851346,411038,0.657,73.1,139.3,0.0501,0.176,15.04
KOL-ZN01902,Kolkata,32.7869,79.953453,700040,1.0,9.1,114.3,0.0617,0.183,22.47
DEL-ZN01903,Delhi,32.036609,91.802937,110004,0.042,0.0,365.3,0.0157,0.532,8.18
AHM-ZN01904,Ahmedabad,16.757152,69.245796,380004,0.732,44.6,61.5,0.0466,0.589,8.6
KOL-ZN01905,Kolkata,28.353386,80.639354,700129,0.614,22.6,153.4,0.0262,0.34,14.81
PUN-ZN01906,Pune,19.694122,86.102998,411035,0.829,42.4,117.6,0.1184,0.052,16.03
BEN-ZN01907,Bengaluru,21.437182,95.245372,560077,0.58,31.9,134.9,0.0687,0.196,30.52
CHE-ZN01908,Chennai,27.200155,81.254802,600084,0.686,80.3,112.8,0.0,0.181,20.23
DEL-ZN01909,Delhi,34.481086,77.052965,110035,0.196,0.0,461.6,0.0,0.305,11.79
DEL-ZN01910,Delhi,36.888178,96.033241,110025,0.144,0.0,66.6,0.0054,0.216,20.18
DEL-ZN01911,Delhi,24.232647,68.737656,110013,0.635,29.8,473.6,0.032,0.537,14.78
CHE-ZN01912,Chennai,9.787453,77.124717,600036,0.14,59.1,100.6,0.0111,0.098,19.78
DEL-ZN01913,Delhi,18.419814,92.035819,110069,0.101,10.2,99.4,0.0269,0.248,17.14
CHE-ZN01914,Chennai,16.404772,83.751185,600004,0.42,37.9,142.1,0.0214,0.166,18.34
BEN-ZN01915,Bengaluru,12.278993,89.069302,560095,0.732,29.9,88.5,0.0,0.214,34.13
PUN-ZN01916,Pune,13.050506,79.398904,411054,0.247,6.8,94.3,0.0145,0.273,14.78
CHE-ZN01917,Chennai,36.973089,72.584853,600036,0.426,0.0,79.9,0.0,0.282,17.08
CHE-ZN01918,Chennai,35.181519,96.058228,600065,1.0,35.2,113.3,0.05,0.177,15.03
CHE-ZN01919,Chennai,23.569994,80.789331,600011,1.0,49.0,64.2,0.1311,0.201,30.33
AHM-ZN01920,Ahmedabad,19.16109,77.017167,380009,0.157,15.3,104.7,0.1237,0.19,22.97
CHE-ZN01921,Chennai,26.902571,86.399935,600127,1.0,37.0,140.0,0.1549,0.172,10.18
PUN-ZN01922,Pune,28.54152,94.388696,411020,0.103,72.7,121.8,0.0385,0.143,33.94
AHM-ZN01923,Ahmedabad,22.117051,71.888712,380003,0.251,18.0,47.3,0.077,0.068,31.85
HYD-ZN01924,Hyderabad,13.175866,76.471263,500089,0.513,41.9,113.9,0.0,0.313,30.29
MUM-ZN01925,Mumbai,14.991957,74.341225,400005,1.0,109.2,109.6,0.0936,0.154,30.69
DEL-ZN01926,Delhi,8.541431,87.523213,110077,0.828,0.0,428.4,0.0363,0.368,12.41
AHM-ZN01927,Ahmedabad,36.029344,72.194586,380052,0.393,0.0,104.0,0.0127,0.286,15.39
BEN-ZN01928,Bengaluru,17.995294,73.302559,560045,0.012,13.3,106.6,0.0,0.168,31.85
DEL-ZN01929,Delhi,20.669172,91.513861,110069,0.147,0.0,443.5,0.0607,0.252,60.92
CHE-ZN01930,Chennai,25.212306,82.076487,600112,0.985,15.3,158.7,0.1639,0.096,18.9
CHE-ZN01931,Chennai,24.846973,77.252816,600048,0.708,29.2,168.5,0.0069,0.203,19.6
DEL-ZN01932,Delhi,31.343198,72.908525,110066,0.356,19.8,192.2,0.0091,0.088,17.19
CHE-ZN01933,Chennai,34.327234,86.795022,600043,0.957,69.4,54.6,0.095,0.393,6.3
PUN-ZN01934,Pune,22.963213,81.865018,411048,0.958,44.1,117.3,0.0717,0.033,71.23
KOL-ZN01935,Kolkata,13.238723,93.415707,700091,0.084,37.3,157.5,0.0002,0.457,15.48
CHE-ZN01936,Chennai,10.293124,85.811685,600095,0.69,9.4,148.9,0.0112,0.246,8.97
CHE-ZN01937,Chennai,10.052519,70.338663,600110,0.428,65.4,135.2,0.0886,0.056,21.85
BEN-ZN01938,Bengaluru,27.559401,86.873219,560041,0.988,31.3,132.5,0.0108,0.0,12.52
KOL-ZN01939,Kolkata,28.506158,88.877531,700089,0.479,48.7,95.3,0.0013,0.448,26.73
AHM-ZN01940,Ahmedabad,36.518762,96.903143,380001,0.564,3.6,84.6,0.1073,0.539,13.92
AHM-ZN01941,Ahmedabad,18.873731,88.973213,380036,0.618,20.0,70.5,0.0398,0.139,23.78
KOL-ZN01942,Kolkata,27.100054,85.673227,700103,1.0,0.2,120.6,0.0701,0.094,11.13
HYD-ZN01943,Hyderabad,21.22599,82.632494,500091,0.546,36.4,86.7,0.0717,0.186,13.74
BEN-ZN01944,Bengaluru,30.292212,74.892724,560002,0.761,25.2,141.2,0.0784,0.216,20.92
HYD-ZN01945,Hyderabad,10.11582,90.653128,500033,0.092,2.9,30.0,0.0345,0.356,43.31
KOL-ZN01946,Kolkata,29.455593,76.059215,700044,0.392,32.0,162.1,0.078,0.17,50.11
HYD-ZN01947,Hyderabad,24.898271,77.762761,500026,0.114,15.9,63.5,0.0224,0.248,47.85
MUM-ZN01948,Mumbai,29.532384,85.757677,400045,1.0,41.6,188.1,0.0094,0.15,13.48
DEL-ZN01949,Delhi,24.873216,74.036904,110089,0.735,21.9,78.4,0.2864,0.175,15.39
DEL-ZN01950,Delhi,34.70085,88.415981,110013,0.438,11.7,500.0,0.0683,0.063,25.5
PUN-ZN01951,Pune,22.438642,77.936122,411044,0.504,8.2,130.6,0.0202,0.523,12.61
PUN-ZN01952,Pune,14.651974,89.932985,411047,0.317,8.0,56.2,0.0198,0.0,46.3
MUM-ZN01953,Mumbai,35.340665,77.720064,400004,0.472,0.0,193.4,0.1531,0.182,38.52
DEL-ZN01954,Delhi,22.245853,82.402199,110019,0.544,5.0,88.0,0.1001,0.361,13.73
CHE-ZN01955,Chennai,15.563631,80.174466,600125,1.0,4.7,30.0,0.0344,0.257,10.91
AHM-ZN01956,Ahmedabad,33.18288,95.775861,380046,0.968,27.3,62.3,0.0265,0.227,11.82
BEN-ZN01957,Bengaluru,14.2779,91.940557,560015,0.229,9.7,112.1,0.0359,0.278,24.38
DEL-ZN01958,Delhi,20.799101,93.718447,110068,0.115,38.2,293.9,0.0,0.413,25.77
CHE-ZN01959,Chennai,18.245838,92.960862,600114,1.0,0.0,132.9,0.0263,0.475,35.13
HYD-ZN01960,Hyderabad,33.442452,95.672315,500016,0.874,15.6,80.7,0.1439,0.404,6.32
BEN-ZN01961,Bengaluru,20.795839,77.198039,560075,0.81,0.0,125.6,0.0229,0.258,26.08
CHE-ZN01962,Chennai,29.965181,82.443269,600056,0.351,27.6,80.7,0.2438,0.206,7.83
DEL-ZN01963,Delhi,16.868583,92.396618,110027,0.933,15.3,91.5,0.1242,0.529,21.5
DEL-ZN01964,Delhi,34.032303,96.893036,110065,0.707,0.0,97.1,0.0489,0.231,13.66
BEN-ZN01965,Bengaluru,36.245682,69.561307,560056,0.687,41.2,89.2,0.0085,0.497,30.74
HYD-ZN01966,Hyderabad,30.662618,84.862494,500034,0.907,31.6,74.8,0.0398,0.224,44.84
MUM-ZN01967,Mumbai,8.77578,91.607131,400069,0.471,73.0,112.8,0.0,0.457,19.66
MUM-ZN01968,Mumbai,15.060173,80.10697,400071,1.0,36.7,122.9,0.0518,0.414,18.96
DEL-ZN01969,Delhi,27.647797,94.613163,110017,0.834,55.4,322.0,0.0998,0.29,14.69
BEN-ZN01970,Bengaluru,16.831995,88.486236,560004,0.007,19.3,124.0,0.0582,0.304,18.21
DEL-ZN01971,Delhi,20.984442,71.906763,110034,0.227,6.6,45.9,0.0009,0.134,33.98
DEL-ZN01972,Delhi,20.313744,83.954431,110069,0.334,15.7,100.0,0.108,0.559,13.13
CHE-ZN01973,Chennai,13.327786,69.862695,600123,1.0,19.5,68.1,0.0296,0.308,22.53
CHE-ZN01974,Chennai,27.277457,95.916712,600072,1.0,18.0,102.6,0.0243,0.109,14.63
KOL-ZN01975,Kolkata,27.264456,75.418572,700053,1.0,11.7,144.3,0.0723,0.196,10.21
KOL-ZN01976,Kolkata,11.76157,69.258243,700093,0.007,107.1,41.2,0.0,0.68,21.16
MUM-ZN01977,Mumbai,31.338898,76.532635,400051,0.153,43.5,75.1,0.0506,0.157,23.77
DEL-ZN01978,Delhi,8.347621,76.476583,110026,0.088,15.9,500.0,0.1224,0.051,24.46
CHE-ZN01979,Chennai,17.750616,77.684784,600117,0.287,0.0,98.3,0.071,0.117,13.6
KOL-ZN01980,Kolkata,11.861582,88.901798,700038,0.913,10.7,186.0,0.0285,0.32,17.76
BEN-ZN01981,Bengaluru,27.691442,85.307084,560046,0.17,42.1,198.4,0.0596,0.7,34.62
AHM-ZN01982,Ahmedabad,11.783829,70.467506,380025,0.343,0.0,154.6,0.041,0.478,18.04
AHM-ZN01983,Ahmedabad,28.744115,94.280468,380053,0.434,18.6,126.1,0.0419,0.494,21.75
AHM-ZN01984,Ahmedabad,20.28206,89.330949,380059,0.21,9.4,131.4,0.0536,0.092,16.26
DEL-ZN01985,Delhi,14.31439,81.931106,110085,0.142,1.2,374.2,0.038,0.344,38.68
BEN-ZN01986,Bengaluru,30.905184,85.587673,560011,0.528,35.4,126.0,0.0184,0.805,21.63
CHE-ZN01987,Chennai,25.826999,86.653469,600042,1.0,49.3,80.0,0.0,0.473,15.51
KOL-ZN01988,Kolkata,22.693687,74.519915,700071,0.614,68.6,133.3,0.0513,0.061,26.14
DEL-ZN01989,Delhi,25.020932,77.253469,110095,0.252,12.7,81.9,0.025,0.167,10.0
PUN-ZN01990,Pune,34.952389,91.446147,411006,0.185,9.8,134.4,0.0336,0.074,14.74
AHM-ZN01991,Ahmedabad,32.020677,74.477049,380008,0.155,13.6,121.6,0.1235,0.136,34.52
MUM-ZN01992,Mumbai,22.460305,96.259939,400085,0.417,54.1,119.1,0.0383,0.251,23.8
KOL-ZN01993,Kolkata,29.109516,69.161453,700028,0.966,37.6,135.4,0.0526,0.499,9.91
AHM-ZN01994,Ahmedabad,31.340877,82.789964,380040,0.969,22.1,134.7,0.0659,0.365,22.94
DEL-ZN01995,Delhi,30.24971,83.640658,110042,0.195,1.7,142.9,0.0031,0.341,32.98
PUN-ZN01996,Pune,28.888488,68.956077,411058,0.473,39.3,151.9,0.1122,0.376,6.43
KOL-ZN01997,Kolkata,25.427569,90.249014,700150,0.093,37.5,200.0,0.0566,0.189,36.58
AHM-ZN01998,Ahmedabad,10.353355,84.342684,380017,0.278,21.9,100.9,0.0015,0.091,23.38
PUN-ZN01999,Pune,14.60921,77.106389,411027,0.673,11.1,108.2,0.0306,0.478,23.59
MUM-ZN02000,Mumbai,12.067904,69.581739,400060,0.985,49.3,135.5,0.0419,0.221,14.98
DEL-ZN02001,Delhi,30.264119,73.719375,110072,0.848,12.8,365.3,0.0062,0.266,17.74
KOL-ZN02002,Kolkata,13.39143,87.916708,700089,0.568,28.5,205.4,0.1335,0.351,21.16
HYD-ZN02003,Hyderabad,28.850666,89.917087,500087,0.968,11.3,30.0,0.0084,0.254,11.05
KOL-ZN02004,Kolkata,16.190051,90.020312,700010,1.0,78.7,232.5,0.0237,0.432,4.08
PUN-ZN02005,Pune,21.224943,88.257765,411033,0.973,22.8,104.0,0.1444,0.383,18.24
BEN-ZN02006,Bengaluru,26.68599,94.027151,560018,0.583,42.8,52.0,0.1292,0.111,21.1
MUM-ZN02007,Mumbai,29.467749,81.210425,400018,0.445,6.2,125.7,0.074,0.155,27.51
MUM-ZN02008,Mumbai,34.841437,68.62826,400097,0.307,98.2,113.1,0.0206,0.098,18.76
KOL-ZN02009,Kolkata,22.340209,96.12717,700032,0.293,55.6,189.4,0.1007,0.113,13.9
KOL-ZN02010,Kolkata,19.673441,87.954396,700094,0.834,34.9,169.3,0.0014,0.345,30.17
AHM-ZN02011,Ahmedabad,23.585031,68.4531,380061,0.093,4.6,102.6,0.0278,0.122,19.57
DEL-ZN02012,Delhi,35.335713,68.666585,110089,0.937,10.1,106.7,0.0187,0.187,5.74
PUN-ZN02013,Pune,19.856791,70.372743,411027,0.86,1.8,122.5,0.0567,0.505,11.61
KOL-ZN02014,Kolkata,12.319111,80.568707,700075,0.212,30.0,87.2,0.0937,0.307,11.56
AHM-ZN02015,Ahmedabad,9.719529,75.504074,380036,0.028,54.2,30.0,0.0257,0.661,17.05
AHM-ZN02016,Ahmedabad,10.382763,91.350927,380063,0.542,30.6,100.2,0.0,0.042,20.8
AHM-ZN02017,Ahmedabad,21.519835,68.399612,380016,0.863,31.2,143.8,0.003,0.289,36.35
HYD-ZN02018,Hyderabad,21.434075,69.36318,500037,0.297,42.9,102.3,0.0572,0.28,22.8
KOL-ZN02019,Kolkata,14.499737,89.886808,700119,1.0,27.6,293.9,0.0041,0.0,10.5
BEN-ZN02020,Bengaluru,16.930774,78.91003,560055,0.547,69.7,77.6,0.096,0.418,37.51
AHM-ZN02021,Ahmedabad,27.060787,75.434644,380052,0.249,0.0,72.7,0.0127,0.223,25.35
MUM-ZN02022,Mumbai,29.888118,86.53353,400008,0.704,53.8,94.1,0.0143,0.349,17.28
CHE-ZN02023,Chennai,22.889365,70.931924,600119,0.639,15.6,144.7,0.0044,0.239,11.88
BEN-ZN02024,Bengaluru,15.572532,92.402945,560021,0.486,21.3,96.2,0.0827,0.17,32.57
AHM-ZN02025,Ahmedabad,8.647606,92.797121,380008,0.077,0.0,86.2,0.0451,0.144,20.24
CHE-ZN02026,Chennai,9.716448,82.83807,600074,1.0,43.0,62.1,0.0302,0.047,15.48
BEN-ZN02027,Bengaluru,15.176356,91.608075,560046,0.365,19.1,87.5,0.0688,0.176,7.94
PUN-ZN02028,Pune,31.652128,70.810023,411051,0.329,36.0,65.9,0.03,0.151,10.27
BEN-ZN02029,Bengaluru,21.447776,85.245644,560061,0.011,17.7,168.2,0.0046,0.253,18.2
MUM-ZN02030,Mumbai,15.126184,75.018955,400098,0.006,81.9,171.0,0.0118,0.113,26.96
KOL-ZN02031,Kolkata,13.736503,92.443401,700091,1.0,17.9,213.0,0.0217,0.161,10.5
AHM-ZN02032,Ahmedabad,16.584523,96.202642,380051,0.966,14.1,33.7,0.0,0.146,24.61
HYD-ZN02033,Hyderabad,14.089563,72.004098,500012,0.836,63.4,159.4,0.0263,0.558,15.74
BEN-ZN02034,Bengaluru,13.95964,70.118145,560044,0.482,30.5,103.7,0.0546,0.33,107.0
DEL-ZN02035,Delhi,26.472637,71.292737,110004,0.671,32.3,270.7,0.1635,0.365,17.15
BEN-ZN02036,Bengaluru,8.805271,68.335829,560014,0.777,2.7,83.1,0.0311,0.329,18.27
PUN-ZN02037,Pune,26.838842,73.913182,411051,0.517,63.1,112.6,0.0305,0.249,13.81
HYD-ZN02038,Hyderabad,33.263154,73.11955,500087,0.085,48.7,169.8,0.0187,0.228,10.03
KOL-ZN02039,Kolkata,12.754555,93.073667,700113,0.291,22.8,112.0,0.0,0.26,16.34
CHE-ZN02040,Chennai,29.699621,78.600585,600052,0.535,53.6,96.9,0.0,0.155,7.95
KOL-ZN02041,Kolkata,27.423467,77.162925,700109,0.397,10.7,88.1,0.0847,0.319,22.14
DEL-ZN02042,Delhi,32.143059,71.151365,110088,0.96,32.8,117.5,0.0562,0.3,29.39
KOL-ZN02043,Kolkata,15.833906,72.108403,700022,1.0,27.3,183.9,0.0514,0.251,19.75
KOL-ZN02044,Kolkata,32.679537,77.554062,700054,1.0,15.8,179.2,0.0628,0.17,18.06
HYD-ZN02045,Hyderabad,23.524139,72.47249,500068,0.295,34.6,119.4,0.0218,0.333,24.76
HYD-ZN02046,Hyderabad,9.740764,71.087525,500079,0.854,6.4,64.7,0.0755,0.339,16.31
KOL-ZN02047,Kolkata,36.057124,73.3062,700050,0.102,26.0,131.8,0.0234,0.455,25.49
CHE-ZN02048,Chennai,18.072785,78.742705,600059,0.077,51.5,132.6,0.031,0.393,21.45
MUM-ZN02049,Mumbai,28.116269,95.521179,400095,0.066,32.7,30.0,0.1447,0.387,37.95
HYD-ZN02050,Hyderabad,33.400959,72.97045,500067,0.481,52.9,101.8,0.015,0.235,11.69
HYD-ZN02051,Hyderabad,8.812533,91.370086,500041,0.051,69.9,146.5,0.0546,0.706,25.65
AHM-ZN02052,Ahmedabad,28.766072,82.745928,380038,0.697,20.7,73.9,0.0265,0.275,15.4
AHM-ZN02053,Ahmedabad,31.440561,78.460654,380051,0.777,29.7,51.8,0.0836,0.13,14.26
BEN-ZN02054,Bengaluru,18.385727,76.134464,560090,0.16,28.5,89.3,0.0458,0.338,20.53
AHM-ZN02055,Ahmedabad,22.171052,75.340248,380050,0.113,19.6,64.6,0.021,0.212,4.63
PUN-ZN02056,Pune,15.671756,85.031714,411003,0.088,50.5,212.0,0.0906,0.385,52.58
PUN-ZN02057,Pune,16.187039,69.533221,411028,0.105,39.9,77.2,0.0209,0.51,14.61
PUN-ZN02058,Pune,24.480701,93.339902,411060,0.039,36.7,83.7,0.0771,0.655,15.03
PUN-ZN02059,Pune,16.63189,80.597317,411062,0.168,17.7,87.9,0.0526,0.188,48.2
AHM-ZN02060,Ahmedabad,18.560479,78.585185,380014,0.151,12.1,106.8,0.0623,0.26,25.34
AHM-ZN02061,Ahmedabad,25.21709,90.769563,380053,0.041,10.8,125.3,0.0,0.105,24.42
HYD-ZN02062,Hyderabad,34.193156,93.094967,500084,0.343,0.0,30.0,0.0,0.613,26.21
MUM-ZN02063,Mumbai,24.901478,72.051693,400003,0.172,0.0,159.1,0.0155,0.173,7.55
MUM-ZN02064,Mumbai,21.565866,92.931537,400033,0.718,34.8,72.9,0.0446,0.314,20.84
CHE-ZN02065,Chennai,25.488515,69.262179,600112,0.927,60.7,131.0,0.0609,0.5,34.61
CHE-ZN02066,Chennai,12.098728,86.334762,600065,0.891,0.0,84.2,0.1735,0.303,14.33
MUM-ZN02067,Mumbai,20.770446,72.156394,400018,0.986,47.3,52.0,0.1008,0.22,23.9
DEL-ZN02068,Delhi,28.493185,76.602814,110016,0.513,25.9,297.2,0.0126,0.081,11.9
PUN-ZN02069,Pune,30.441693,74.310592,411024,0.453,45.4,139.2,0.0,0.406,11.23
CHE-ZN02070,Chennai,29.736062,96.377354,600077,0.636,20.5,82.8,0.018,0.333,102.52
KOL-ZN02071,Kolkata,35.484324,95.197098,700118,1.0,31.0,134.0,0.0443,0.608,16.09
HYD-ZN02072,Hyderabad,12.503529,94.814767,500055,0.829,35.7,134.7,0.0267,0.171,28.04
AHM-ZN02073,Ahmedabad,25.15438,75.673264,380027,0.654,0.0,121.4,0.0546,0.425,38.39
KOL-ZN02074,Kolkata,17.747575,91.154714,700155,0.49,74.4,153.3,0.0211,0.12,23.75
HYD-ZN02075,Hyderabad,28.626378,78.267135,500059,0.152,54.7,129.9,0.0818,0.128,41.36
DEL-ZN02076,Delhi,13.025721,89.02896,110093,0.555,36.4,289.7,0.0334,0.259,9.12
AHM-ZN02077,Ahmedabad,28.579286,76.349009,380047,0.138,49.7,110.2,0.1327,0.058,10.11
BEN-ZN02078,Bengaluru,20.744018,71.087641,560030,0.882,14.3,40.6,0.0306,0.15,20.93
BEN-ZN02079,Bengaluru,35.02148,76.115929,560004,0.172,48.8,53.7,0.0123,0.177,15.34
CHE-ZN02080,Chennai,25.391338,74.051388,600034,0.543,43.8,97.7,0.0923,0.574,12.49
PUN-ZN02081,Pune,10.968499,79.850995,411053,0.784,33.6,123.4,0.0226,0.233,26.63
MUM-ZN02082,Mumbai,30.226921,76.026414,400006,1.0,92.9,110.8,0.0409,0.436,13.88
PUN-ZN02083,Pune,17.754336,78.630911,411006,0.003,0.0,108.4,0.0624,0.301,29.8
PUN-ZN02084,Pune,14.710782,70.304198,411008,0.987,37.9,114.7,0.0004,0.494,15.73
HYD-ZN02085,Hyderabad,8.189943,71.939861,500017,0.205,29.8,140.7,0.0598,0.178,26.04
BEN-ZN02086,Bengaluru,9.097971,90.473403,560038,0.875,55.6,102.9,0.171,0.235,21.41
HYD-ZN02087,Hyderabad,25.042214,72.921536,500068,0.125,7.5,80.9,0.0231,0.302,14.46
BEN-ZN02088,Bengaluru,20.828248,95.006328,560054,0.069,15.0,112.3,0.0053,0.29,20.9
AHM-ZN02089,Ahmedabad,31.043095,73.294251,380040,0.008,26.8,133.0,0.0279,0.198,21.04
HYD-ZN02090,Hyderabad,28.277145,74.293666,500097,0.654,7.6,66.2,0.148,0.436,10.22
AHM-ZN02091,Ahmedabad,13.612263,90.83857,380046,0.786,5.5,131.0,0.0345,0.261,20.63
CHE-ZN02092,Chennai,25.629425,90.322361,600048,0.953,21.1,126.3,0.0101,0.267,31.8
HYD-ZN02093,Hyderabad,11.471117,68.345666,500049,0.319,28.0,73.1,0.0531,0.549,17.9
AHM-ZN02094,Ahmedabad,20.789656,72.788887,380017,0.636,0.0,104.6,0.2112,0.247,9.08
KOL-ZN02095,Kolkata,35.65902,88.210337,700099,0.38,21.1,161.3,0.0398,0.124,38.78
PUN-ZN02096,Pune,36.16627,94.866899,411022,0.04,0.0,100.4,0.0927,0.008,20.86
AHM-ZN02097,Ahmedabad,9.980212,94.175514,380031,0.511,33.3,97.4,0.0663,0.64,33.09
DEL-ZN02098,Delhi,36.118168,78.326794,110001,0.443,13.8,142.5,0.0458,0.015,48.23
CHE-ZN02099,Chennai,9.899307,81.142104,600008,0.8,29.9,74.1,0.0486,0.617,22.58
HYD-ZN02100,Hyderabad,9.500448,86.058207,500030,0.117,22.0,30.0,0.0209,0.371,35.55
AHM-ZN02101,Ahmedabad,32.64974,94.232209,380007,0.538,56.6,106.3,0.0,0.181,37.83
AHM-ZN02102,Ahmedabad,36.678217,93.78356,380018,0.36,29.0,135.3,0.0113,0.393,17.22
KOL-ZN02103,Kolkata,22.998634,69.498468,700041,0.419,42.9,117.0,0.0118,0.127,11.64
AHM-ZN02104,Ahmedabad,27.425408,96.932823,380039,0.018,5.6,167.9,0.0531,0.224,15.57
MUM-ZN02105,Mumbai,23.239077,79.947272,400092,0.558,0.0,130.6,0.0264,0.363,11.55
MUM-ZN02106,Mumbai,25.617371,81.689996,400023,0.397,15.9,201.7,0.0175,0.071,36.55
AHM-ZN02107,Ahmedabad,10.476354,72.542041,380049,0.733,0.0,110.5,0.0629,0.498,14.93
KOL-ZN02108,Kolkata,18.067918,75.114013,700083,0.128,52.4,173.8,0.057,0.6,25.1
PUN-ZN02109,Pune,30.400346,71.810742,411014,0.539,23.8,170.0,0.0525,0.295,12.67
HYD-ZN02110,Hyderabad,31.510041,94.301057,500080,0.795,9.2,91.5,0.1335,0.37,29.86
AHM-ZN02111,Ahmedabad,35.436211,71.334646,380024,0.744,14.1,97.0,0.0283,0.355,73.53
MUM-ZN02112,Mumbai,13.733322,73.701753,400071,0.076,54.6,107.4,0.0664,0.232,19.55
MUM-ZN02113,Mumbai,31.036606,93.048,400078,0.615,36.3,119.5,0.0137,0.481,20.78
DEL-ZN02114,Delhi,21.480852,68.34183,110094,0.636,49.6,74.9,0.1508,0.291,12.09
DEL-ZN02115,Delhi,35.457689,95.049897,110007,0.252,0.4,43.5,0.1775,0.416,18.03
PUN-ZN02116,Pune,22.315122,78.136909,411045,0.083,15.5,53.6,0.0554,0.165,7.27
HYD-ZN02117,Hyderabad,17.879579,83.695083,500001,0.61,8.7,85.5,0.0076,0.238,21.25
HYD-ZN02118,Hyderabad,24.676171,70.812014,500043,0.294,34.5,90.1,0.0519,0.183,22.06
KOL-ZN02119,Kolkata,25.939777,94.353222,700046,0.577,80.7,147.6,0.0,0.215,15.52
PUN-ZN02120,Pune,19.956743,76.446763,411026,0.4,84.7,141.1,0.0,0.445,17.74
AHM-ZN02121,Ahmedabad,13.16146,80.448208,380022,0.754,16.6,54.2,0.0787,0.5,37.08
DEL-ZN02122,Delhi,16.352945,88.004162,110006,0.741,13.1,136.6,0.0686,0.034,30.41
CHE-ZN02123,Chennai,26.887729,75.841317,600083,0.389,24.7,80.8,0.0195,0.301,9.58
KOL-ZN02124,Kolkata,34.293283,72.240861,700125,1.0,77.3,185.0,0.0673,0.195,25.89
KOL-ZN02125,Kolkata,27.209572,94.94294,700155,0.179,4.3,177.0,0.0207,0.195,15.32
KOL-ZN02126,Kolkata,11.091956,90.739237,700097,0.235,17.0,258.6,0.0624,0.361,16.67
KOL-ZN02127,Kolkata,36.09091,80.806974,700144,0.311,19.8,156.4,0.0002,0.189,19.09
PUN-ZN02128,Pune,24.345555,89.337499,411056,0.475,2.5,195.7,0.0395,0.5,7.42
HYD-ZN02129,Hyderabad,23.454055,80.949041,500080,0.314,3.5,79.8,0.0577,0.349,11.33
DEL-ZN02130,Delhi,9.58344,86.723253,110056,0.405,28.6,118.2,0.0491,0.143,33.62
BEN-ZN02131,Bengaluru,36.371776,76.40121,560012,0.463,58.1,58.1,0.0325,0.536,36.41
AHM-ZN02132,Ahmedabad,26.119613,86.940444,380029,0.129,11.7,75.5,0.0044,0.228,8.26
HYD-ZN02133,Hyderabad,14.282164,81.708578,500010,0.758,36.1,108.9,0.0973,0.081,34.42
KOL-ZN02134,Kolkata,24.674739,93.485623,700029,0.502,74.2,214.6,0.0942,0.532,8.45
KOL-ZN02135,Kolkata,18.334849,87.429847,700134,0.545,93.5,40.9,0.0083,0.259,54.43
KOL-ZN02136,Kolkata,36.483122,96.610418,700113,0.441,4.8,155.8,0.0681,0.63,10.56
MUM-ZN02137,Mumbai,15.841809,68.079546,400006,1.0,69.2,121.3,0.0825,0.646,16.98
CHE-ZN02138,Chennai,19.28037,69.979894,600115,0.425,8.7,120.5,0.0307,0.184,22.58
PUN-ZN02139,Pune,30.804677,73.174593,411028,0.67,42.6,91.8,0.0,0.346,24.34
BEN-ZN02140,Bengaluru,29.948698,92.176701,560100,0.073,31.6,107.0,0.0818,0.21,18.14
BEN-ZN02141,Bengaluru,21.619066,74.041941,560044,0.27,60.5,77.7,0.0,0.401,23.36
DEL-ZN02142,Delhi,12.088517,79.292373,110062,0.497,17.8,78.8,0.062,0.138,14.37
DEL-ZN02143,Delhi,12.474677,75.225875,110004,0.985,21.3,168.3,0.1036,0.469,28.89
HYD-ZN02144,Hyderabad,21.277209,82.672476,500074,0.142,12.6,58.2,0.163,0.23,22.5
DEL-ZN02145,Delhi,18.654895,72.113984,110040,0.969,16.0,39.7,0.154,0.531,15.42
HYD-ZN02146,Hyderabad,30.4922,79.039066,500001,0.563,27.6,105.6,0.0,0.582,30.19
MUM-ZN02147,Mumbai,33.38839,77.675688,400063,1.0,87.7,76.4,0.0404,0.791,10.76
CHE-ZN02148,Chennai,19.810667,85.566719,600053,1.0,8.5,98.0,0.0198,0.16,33.2
CHE-ZN02149,Chennai,34.15435,75.791365,600063,0.315,8.9,46.7,0.0502,0.143,42.21
PUN-ZN02150,Pune,17.812956,73.482396,411038,0.183,8.8,151.5,0.0182,0.389,30.7
HYD-ZN02151,Hyderabad,20.576806,95.150124,500035,0.04,28.0,102.0,0.001,0.217,16.24
AHM-ZN02152,Ahmedabad,33.106543,91.278333,380053,0.835,18.2,128.9,0.0752,0.316,19.06
AHM-ZN02153,Ahmedabad,31.236776,80.359516,380002,0.655,29.1,118.5,0.0,0.379,44.02
KOL-ZN02154,Kolkata,35.220599,70.880082,700072,0.938,30.9,172.9,0.0382,0.194,17.98
CHE-ZN02155,Chennai,33.284506,68.910218,600014,0.827,13.4,82.6,0.0895,0.151,11.49
DEL-ZN02156,Delhi,29.157584,87.15381,110040,0.573,15.2,45.7,0.0141,0.401,44.55
CHE-ZN02157,Chennai,19.23806,80.692804,600098,1.0,35.4,122.5,0.0523,0.216,20.5
AHM-ZN02158,Ahmedabad,20.663226,93.374604,380059,0.835,28.1,123.9,0.0277,0.388,16.87
AHM-ZN02159,Ahmedabad,28.528314,91.199731,380054,0.714,12.5,97.3,0.0034,0.2,22.15
HYD-ZN02160,Hyderabad,15.394034,78.865033,500065,0.844,16.6,79.5,0.0849,0.022,27.12
PUN-ZN02161,Pune,11.536234,72.327981,411049,0.39,12.0,111.3,0.039,0.01,12.15
AHM-ZN02162,Ahmedabad,16.920579,75.94756,380032,0.991,20.8,100.7,0.0666,0.494,12.1
HYD-ZN02163,Hyderabad,33.588982,86.205252,500033,0.066,143.1,140.9,0.097,0.284,27.83
AHM-ZN02164,Ahmedabad,13.020508,74.009957,380017,0.323,2.8,45.5,0.072,0.262,34.17
BEN-ZN02165,Bengaluru,10.382575,72.669963,560027,0.708,57.9,72.9,0.0429,0.453,23.4
CHE-ZN02166,Chennai,24.711013,84.971705,600041,0.558,16.0,85.0,0.0198,0.202,137.87
HYD-ZN02167,Hyderabad,24.332421,68.690502,500060,0.421,56.9,61.3,0.0172,0.37,25.25
DEL-ZN02168,Delhi,14.137032,96.12534,110085,0.088,12.5,341.5,0.0579,0.134,12.3
MUM-ZN02169,Mumbai,16.394582,75.920027,400066,0.487,42.9,127.2,0.1225,0.301,32.52
HYD-ZN02170,Hyderabad,20.177376,94.786174,500062,0.799,40.9,125.7,0.0424,0.26,17.39
HYD-ZN02171,Hyderabad,32.071384,87.33586,500015,0.116,16.0,30.0,0.0092,0.298,12.74
AHM-ZN02172,Ahmedabad,26.847202,79.016245,380001,0.009,0.0,111.4,0.0349,0.056,13.3
HYD-ZN02173,Hyderabad,20.113003,85.083799,500030,0.583,28.9,89.7,0.032,0.186,15.23
DEL-ZN02174,Delhi,33.866349,79.654212,110095,0.841,22.1,30.0,0.0096,0.144,28.66
HYD-ZN02175,Hyderabad,20.764964,79.619477,500086,0.879,10.7,30.0,0.0279,0.225,23.96
PUN-ZN02176,Pune,35.034188,91.676226,411047,0.728,18.5,84.5,0.0138,0.481,18.02
PUN-ZN02177,Pune,19.625251,75.299529,411026,0.07,43.2,60.9,0.0872,0.137,12.18
HYD-ZN02178,Hyderabad,11.645946,82.503884,500095,0.343,33.3,49.8,0.0684,0.083,26.34
BEN-ZN02179,Bengaluru,24.99735,77.014682,560042,0.95,11.7,124.7,0.0978,0.159,16.83
DEL-ZN02180,Delhi,22.239332,69.798669,110074,0.463,13.3,442.9,0.0457,0.125,27.74
AHM-ZN02181,Ahmedabad,23.347372,85.205255,380033,0.311,23.4,30.0,0.0304,0.46,35.03
BEN-ZN02182,Bengaluru,21.57257,76.673501,560036,0.816,9.0,116.8,0.004,0.569,35.56
BEN-ZN02183,Bengaluru,8.14346,70.233145,560090,0.286,65.8,141.0,0.139,0.16,23.08
HYD-ZN02184,Hyderabad,28.077908,80.010468,500078,0.182,3.0,143.5,0.1178,0.411,10.88
AHM-ZN02185,Ahmedabad,30.725454,74.732627,380034,0.698,10.0,112.5,0.1003,0.253,9.55
KOL-ZN02186,Kolkata,9.00633,79.017203,700123,1.0,4.2,159.7,0.0359,0.194,33.95
KOL-ZN02187,Kolkata,20.031682,95.842687,700052,1.0,67.9,131.5,0.0479,0.143,52.89
MUM-ZN02188,Mumbai,15.126865,91.202912,400012,0.144,42.5,107.9,0.0364,0.661,25.87
CHE-ZN02189,Chennai,9.612682,70.579899,600049,0.826,32.7,30.0,0.0723,0.201,12.99
CHE-ZN02190,Chennai,15.012619,68.574728,600021,0.927,61.9,92.2,0.1837,0.319,13.8
DEL-ZN02191,Delhi,31.22817,82.740997,110086,0.675,19.9,376.7,0.1201,0.606,15.07
PUN-ZN02192,Pune,18.255611,82.551257,411021,0.843,9.2,103.6,0.0238,0.155,24.62
AHM-ZN02193,Ahmedabad,17.273694,71.869462,380019,0.368,36.9,139.5,0.0228,0.298,15.66
BEN-ZN02194,Bengaluru,24.515882,71.025917,560010,0.516,32.0,61.3,0.0606,0.498,7.27
CHE-ZN02195,Chennai,19.949976,81.266313,600065,1.0,33.6,73.7,0.097,0.04,31.04
AHM-ZN02196,Ahmedabad,28.517829,83.175191,380021,0.366,9.3,103.6,0.0209,0.348,19.82
AHM-ZN02197,Ahmedabad,35.771731,93.511152,380013,0.231,44.8,91.8,0.0192,0.216,18.12
AHM-ZN02198,Ahmedabad,28.665956,70.580776,380016,0.293,2.8,115.4,0.0342,0.183,7.4
HYD-ZN02199,Hyderabad,36.097501,95.701971,500080,0.633,20.0,127.1,0.0049,0.302,32.83
CHE-ZN02200,Chennai,27.054453,73.896678,600091,0.31,64.6,110.6,0.035,0.548,12.84
PUN-ZN02201,Pune,27.264541,69.980461,411042,0.801,33.0,59.5,0.004,0.06,19.36
BEN-ZN02202,Bengaluru,17.483602,87.792985,560006,0.406,9.8,58.7,0.0498,0.413,18.89
DEL-ZN02203,Delhi,25.400169,89.749192,110015,0.383,11.5,312.2,0.0478,0.337,37.2
PUN-ZN02204,Pune,11.738363,92.960635,411060,0.236,7.8,75.8,0.056,0.175,35.55
KOL-ZN02205,Kolkata,26.380798,80.206249,700044,0.554,78.7,156.7,0.0392,0.401,17.2
CHE-ZN02206,Chennai,19.406697,93.674434,600073,0.765,45.3,81.1,0.0676,0.373,17.24
PUN-ZN02207,Pune,23.23111,78.49474,411008,0.448,30.8,74.2,0.0119,0.293,19.24
AHM-ZN02208,Ahmedabad,13.54594,81.960208,380047,0.004,23.8,120.3,0.0099,0.358,11.79
MUM-ZN02209,Mumbai,10.62322,93.454046,400017,0.58,9.4,125.1,0.0269,0.319,13.52
AHM-ZN02210,Ahmedabad,31.582516,85.594808,380004,0.78,0.0,99.0,0.0384,0.052,37.54
HYD-ZN02211,Hyderabad,32.825787,89.494973,500017,0.907,45.4,71.7,0.0666,0.372,27.21
CHE-ZN02212,Chennai,23.660768,87.151853,600041,1.0,87.4,96.8,0.0573,0.211,21.84
BEN-ZN02213,Bengaluru,11.601801,92.953208,560047,0.587,15.8,84.0,0.0102,0.308,12.44
DEL-ZN02214,Delhi,24.591804,86.383436,110046,0.727,1.8,311.8,0.0474,0.362,10.87
PUN-ZN02215,Pune,12.974134,76.837634,411047,0.843,27.5,65.6,0.0107,0.485,13.76
PUN-ZN02216,Pune,27.970211,72.364626,411007,0.238,14.2,74.6,0.007,0.831,27.71
HYD-ZN02217,Hyderabad,20.325664,74.294921,500031,0.569,40.0,44.2,0.1042,0.45,15.86
CHE-ZN02218,Chennai,36.576922,78.231406,600040,0.426,20.2,157.6,0.0854,0.044,41.43
CHE-ZN02219,Chennai,29.222003,79.114565,600083,0.689,16.9,148.3,0.0013,0.509,17.16
DEL-ZN02220,Delhi,35.677876,68.420311,110007,0.571,36.3,368.4,0.0755,0.394,14.35
AHM-ZN02221,Ahmedabad,17.102485,95.387592,380039,0.984,30.0,64.3,0.1695,0.301,10.16
KOL-ZN02222,Kolkata,9.900827,75.935978,700041,0.359,34.1,281.4,0.0235,0.482,10.25
BEN-ZN02223,Bengaluru,33.640219,83.347368,560025,0.162,18.7,99.0,0.0014,0.286,17.26
MUM-ZN02224,Mumbai,22.147916,78.703105,400098,0.242,69.1,169.0,0.0,0.19,28.55
CHE-ZN02225,Chennai,29.387536,75.155805,600048,0.916,3.5,112.9,0.0028,0.09,66.35
MUM-ZN02226,Mumbai,32.794091,86.54988,400073,1.0,18.3,138.3,0.1188,0.46,25.97
AHM-ZN02227,Ahmedabad,8.708861,75.684948,380001,0.785,50.7,63.2,0.0934,0.473,17.03
CHE-ZN02228,Chennai,10.495131,94.311662,600004,0.635,42.7,67.6,0.0252,0.304,8.8
AHM-ZN02229,Ahmedabad,10.789585,84.160604,380016,0.555,13.5,95.4,0.1248,0.337,39.96
HYD-ZN02230,Hyderabad,28.375524,75.004259,500017,0.434,42.0,110.5,0.0278,0.191,14.81
AHM-ZN02231,Ahmedabad,26.258394,74.397739,380028,0.701,12.3,63.6,0.0,0.25,19.67
HYD-ZN02232,Hyderabad,15.460398,79.537271,500057,0.835,35.9,89.9,0.0023,0.303,11.63
AHM-ZN02233,Ahmedabad,18.352068,95.463394,380022,0.434,7.5,116.3,0.0009,0.096,40.85
KOL-ZN02234,Kolkata,24.165072,71.09544,700120,1.0,0.0,74.4,0.0355,0.348,17.74
BEN-ZN02235,Bengaluru,34.364985,79.782312,560014,0.054,29.0,75.7,0.0112,0.169,24.04
CHE-ZN02236,Chennai,24.822834,91.160477,600033,1.0,14.0,94.1,0.0981,0.179,24.15
KOL-ZN02237,Kolkata,13.197731,88.52628,700036,0.959,41.0,137.7,0.0399,0.377,22.57
HYD-ZN02238,Hyderabad,9.707205,86.608382,500027,0.195,18.7,161.9,0.0176,0.298,36.62
CHE-ZN02239,Chennai,26.461043,84.512427,600112,0.728,14.1,30.0,0.0075,0.233,46.92
AHM-ZN02240,Ahmedabad,25.943173,89.48479,380063,0.352,23.5,128.8,0.0046,0.074,17.87
HYD-ZN02241,Hyderabad,22.623149,93.85752,500058,0.394,35.5,81.5,0.014,0.224,26.43
CHE-ZN02242,Chennai,14.241333,93.652399,600018,1.0,27.3,90.5,0.0744,0.378,34.46
MUM-ZN02243,Mumbai,14.410371,94.649806,400089,0.451,14.6,124.1,0.0233,0.288,18.79
DEL-ZN02244,Delhi,12.293108,80.806527,110077,0.482,76.0,150.4,0.0233,0.255,23.14
HYD-ZN02245,Hyderabad,17.136689,87.370769,500012,0.705,0.0,99.3,0.0982,0.401,38.44
BEN-ZN02246,Bengaluru,10.443998,89.442466,560054,0.248,0.0,118.8,0.1862,0.508,26.11
BEN-ZN02247,Bengaluru,36.507701,68.974297,560091,0.268,11.8,85.7,0.1453,0.251,9.59
HYD-ZN02248,Hyderabad,25.34316,69.329886,500092,0.446,25.6,105.3,0.0167,0.406,11.75
KOL-ZN02249,Kolkata,13.498103,75.284382,700056,1.0,31.6,209.0,0.0433,0.318,41.97
KOL-ZN02250,Kolkata,16.41294,74.097694,700042,0.8,0.0,215.1,0.0,0.32,15.38
PUN-ZN02251,Pune,25.058945,75.333595,411011,0.323,14.7,42.4,0.2493,0.34,14.09
MUM-ZN02252,Mumbai,26.314677,81.438268,400020,1.0,47.1,153.4,0.1365,0.265,72.21
AHM-ZN02253,Ahmedabad,19.54123,82.506551,380021,0.845,2.2,111.1,0.0233,0.34,24.75
AHM-ZN02254,Ahmedabad,22.749758,92.568177,380033,0.281,36.3,88.5,0.0489,0.0,29.39
HYD-ZN02255,Hyderabad,27.390974,71.086284,500078,0.543,6.6,105.4,0.0137,0.115,19.84
CHE-ZN02256,Chennai,23.671804,78.791857,600011,0.237,37.6,69.6,0.0139,0.176,53.07
MUM-ZN02257,Mumbai,25.052046,94.085859,400086,0.229,33.1,81.8,0.0554,0.077,68.43
CHE-ZN02258,Chennai,26.389952,72.074808,600109,1.0,0.0,88.4,0.03,0.357,22.04
AHM-ZN02259,Ahmedabad,35.02299,93.656555,380019,0.808,0.0,166.6,0.0168,0.469,7.92
HYD-ZN02260,Hyderabad,23.994336,71.49727,500022,0.505,27.3,41.4,0.0,0.386,13.18
KOL-ZN02261,Kolkata,35.953883,86.972453,700062,0.058,60.3,142.0,0.0918,0.667,28.85
KOL-ZN02262,Kolkata,31.299335,86.493949,700057,0.607,7.0,139.1,0.0773,0.56,29.3
KOL-ZN02263,Kolkata,31.781316,78.257505,700106,1.0,10.8,171.5,0.0342,0.346,97.5
KOL-ZN02264,Kolkata,35.209959,90.365514,700086,0.789,20.8,150.0,0.014,0.537,38.71
PUN-ZN02265,Pune,29.310561,77.654011,411030,0.064,36.1,175.6,0.0644,0.506,9.53
AHM-ZN02266,Ahmedabad,13.916377,96.213156,380049,0.977,11.8,154.9,0.0,0.298,20.17
HYD-ZN02267,Hyderabad,11.138533,89.143569,500064,0.662,0.0,68.8,0.0083,0.665,22.05
PUN-ZN02268,Pune,18.410287,91.693371,411024,0.619,13.7,120.0,0.0944,0.284,19.28
PUN-ZN02269,Pune,17.489058,79.943391,411003,0.035,5.7,100.7,0.0631,0.146,5.79
CHE-ZN02270,Chennai,28.454834,80.983396,600081,1.0,6.3,122.7,0.1074,0.352,23.64
BEN-ZN02271,Bengaluru,24.511698,79.459685,560035,0.111,21.7,51.6,0.0133,0.302,25.75
KOL-ZN02272,Kolkata,26.485401,70.559995,700145,0.309,39.1,192.6,0.0949,0.537,21.8
BEN-ZN02273,Bengaluru,36.152096,71.708579,560012,0.125,50.4,101.1,0.0021,0.251,37.88
KOL-ZN02274,Kolkata,17.816833,81.918758,700151,0.156,17.9,249.2,0.013,0.445,40.09
HYD-ZN02275,Hyderabad,32.336193,73.740843,500083,0.045,19.1,93.4,0.0884,0.255,44.09
CHE-ZN02276,Chennai,22.055514,79.983169,600070,0.795,13.8,94.7,0.0782,0.0,37.13
KOL-ZN02277,Kolkata,12.173733,80.459668,700055,0.478,15.3,140.9,0.0,0.219,13.91
BEN-ZN02278,Bengaluru,25.946,81.684058,560070,0.625,76.2,57.4,0.0346,0.232,16.6
CHE-ZN02279,Chennai,30.912181,72.502411,600037,0.104,20.6,107.7,0.0154,0.315,19.74
MUM-ZN02280,Mumbai,25.978076,73.809166,400082,0.196,54.1,142.4,0.0768,0.196,20.65
KOL-ZN02281,Kolkata,33.882267,87.464024,700156,0.194,35.2,151.9,0.0499,0.189,27.2
BEN-ZN02282,Bengaluru,25.613311,78.709139,560012,0.558,47.7,115.5,0.0274,0.405,13.15
KOL-ZN02283,Kolkata,24.465209,94.035328,700143,1.0,9.9,78.1,0.0064,0.546,12.09
MUM-ZN02284,Mumbai,21.365093,80.543019,400083,0.552,0.0,30.0,0.0346,0.669,19.43
HYD-ZN02285,Hyderabad,13.74596,69.578621,500070,0.832,35.0,152.4,0.0126,0.303,23.63
CHE-ZN02286,Chennai,27.117695,87.03186,600128,0.586,21.3,139.8,0.1058,0.359,23.46
AHM-ZN02287,Ahmedabad,27.924104,68.69737,380061,0.58,10.4,120.5,0.0293,0.244,19.37
BEN-ZN02288,Bengaluru,17.010412,79.577919,560051,0.076,55.4,86.7,0.0002,0.254,15.09
KOL-ZN02289,Kolkata,27.947157,74.43745,700002,0.19,0.0,113.7,0.0086,0.582,24.16
KOL-ZN02290,Kolkata,14.100487,79.845766,700041,0.151,49.1,166.3,0.0405,0.507,28.45
HYD-ZN02291,Hyderabad,34.257234,68.475599,500042,0.107,52.1,59.1,0.0049,0.407,31.18
BEN-ZN02292,Bengaluru,17.691738,86.363138,560022,0.33,34.7,133.5,0.0076,0.129,10.74
AHM-ZN02293,Ahmedabad,30.98995,78.933104,380037,0.298,20.9,153.6,0.0,0.132,32.74
CHE-ZN02294,Chennai,31.408627,90.563781,600084,0.492,25.3,78.4,0.0808,0.017,30.37
BEN-ZN02295,Bengaluru,22.147407,86.328211,560039,0.298,11.5,82.0,0.0191,0.196,33.04
PUN-ZN02296,Pune,34.732546,91.781092,411039,0.831,25.4,58.7,0.0015,0.238,38.46
BEN-ZN02297,Bengaluru,21.733722,69.590714,560088,0.877,60.7,82.2,0.0884,0.386,36.89
AHM-ZN02298,Ahmedabad,13.128236,90.647763,380044,0.828,29.2,110.3,0.0149,0.264,9.94
KOL-ZN02299,Kolkata,26.502973,93.381919,700111,0.493,25.8,163.9,0.0,0.311,11.99
PUN-ZN02300,Pune,11.0553,78.249703,411060,0.125,1.3,151.6,0.0117,0.074,9.52
PUN-ZN02301,Pune,10.52109,69.39772,411025,0.787,41.8,129.5,0.0144,0.224,28.76
PUN-ZN02302,Pune,12.895385,91.59891,411025,0.405,55.9,89.2,0.0919,0.036,25.86
AHM-ZN02303,Ahmedabad,35.336751,85.866144,380011,0.106,0.0,77.9,0.01,0.084,29.56
KOL-ZN02304,Kolkata,25.518056,96.564416,700005,1.0,33.8,100.2,0.0041,0.335,16.16
HYD-ZN02305,Hyderabad,10.418158,95.755215,500080,0.015,0.7,63.5,0.0141,0.036,22.07
HYD-ZN02306,Hyderabad,20.09555,70.51365,500086,0.088,12.4,172.3,0.0109,0.241,41.32
KOL-ZN02307,Kolkata,9.364449,84.281941,700139,0.065,70.3,136.4,0.0158,0.318,11.62
CHE-ZN02308,Chennai,33.195983,83.789437,600008,1.0,10.2,114.8,0.0,0.259,7.31
PUN-ZN02309,Pune,24.799762,73.527806,411031,0.57,26.0,140.4,0.0875,0.321,9.72
DEL-ZN02310,Delhi,31.330528,86.71664,110027,0.144,23.0,116.4,0.013,0.091,14.03
AHM-ZN02311,Ahmedabad,25.471567,90.766428,380041,0.376,16.1,201.2,0.0192,0.154,15.42
MUM-ZN02312,Mumbai,10.640709,87.530009,400021,0.161,42.8,93.4,0.0,0.509,17.97
MUM-ZN02313,Mumbai,10.226587,74.236777,400065,0.218,59.9,95.0,0.28,0.571,6.43
BEN-ZN02314,Bengaluru,8.901302,86.188306,560031,0.685,18.3,132.5,0.046,0.097,15.23
DEL-ZN02315,Delhi,18.55056,74.271224,110025,0.655,0.0,94.1,0.0117,0.412,25.87
PUN-ZN02316,Pune,26.477632,87.886265,411044,0.352,5.5,132.5,0.0332,0.213,26.3
KOL-ZN02317,Kolkata,30.272676,85.215765,700046,0.426,20.7,64.0,0.2388,0.569,19.37
BEN-ZN02318,Bengaluru,22.065989,73.324138,560016,0.953,70.5,97.0,0.0596,0.288,32.46
PUN-ZN02319,Pune,22.033289,69.013965,411008,0.709,23.0,54.4,0.0442,0.019,14.5
HYD-ZN02320,Hyderabad,25.527461,94.029407,500032,0.7,5.0,70.8,0.0257,0.086,14.09
AHM-ZN02321,Ahmedabad,22.092778,77.285803,380058,0.809,26.5,91.8,0.0289,0.363,21.78
MUM-ZN02322,Mumbai,8.226274,68.165392,400014,1.0,56.8,95.8,0.025,0.639,20.09
DEL-ZN02323,Delhi,35.585307,78.910326,110044,0.923,19.9,118.5,0.0,0.376,17.83
BEN-ZN02324,Bengaluru,35.231319,92.648144,560068,0.203,56.1,120.8,0.2172,0.194,18.52
KOL-ZN02325,Kolkata,36.744445,90.740581,700131,0.927,40.3,174.4,0.0148,0.216,29.64
DEL-ZN02326,Delhi,18.808823,70.109185,110037,0.102,31.8,327.0,0.0179,0.17,29.4
AHM-ZN02327,Ahmedabad,16.828904,85.945387,380008,0.429,33.8,125.1,0.0468,0.634,32.2
MUM-ZN02328,Mumbai,34.039369,88.00856,400058,0.498,53.0,199.7,0.0682,0.462,12.06
BEN-ZN02329,Bengaluru,21.996348,83.458122,560024,0.56,14.9,110.4,0.0318,0.276,13.33
KOL-ZN02330,Kolkata,9.543634,86.074093,700134,1.0,60.1,77.9,0.0608,0.517,28.18
CHE-ZN02331,Chennai,16.207934,88.688496,600030,0.183,32.4,110.7,0.0,0.375,23.81
CHE-ZN02332,Chennai,12.864206,79.032747,600004,1.0,12.9,131.4,0.034,0.091,51.39
HYD-ZN02333,Hyderabad,32.97251,93.242604,500028,0.044,15.2,83.6,0.136,0.4,34.04
KOL-ZN02334,Kolkata,28.238926,83.845149,700036,0.45,69.6,206.9,0.2105,0.296,13.0
HYD-ZN02335,Hyderabad,13.420165,81.075178,500021,0.201,54.5,135.6,0.0428,0.494,22.87
BEN-ZN02336,Bengaluru,27.010678,69.245001,560021,0.745,42.6,65.5,0.0326,0.374,23.38
CHE-ZN02337,Chennai,11.239392,80.662936,600089,1.0,16.5,89.3,0.0769,0.318,23.28
KOL-ZN02338,Kolkata,12.803105,95.682479,700056,0.941,25.0,84.1,0.082,0.347,18.84
PUN-ZN02339,Pune,22.329116,68.770597,411048,0.364,46.3,130.4,0.0089,0.21,14.7
PUN-ZN02340,Pune,20.932089,71.213684,411052,0.5,64.1,68.9,0.0929,0.047,35.26
AHM-ZN02341,Ahmedabad,31.045299,89.517139,380027,0.975,16.2,152.6,0.1051,0.304,13.09
BEN-ZN02342,Bengaluru,35.639464,68.20472,560041,0.791,62.0,148.5,0.0394,0.281,11.82
HYD-ZN02343,Hyderabad,13.475259,79.512332,500033,0.476,1.3,115.8,0.0306,0.297,13.47
PUN-ZN02344,Pune,20.830281,90.611696,411011,0.896,2.9,83.0,0.1531,0.243,16.2
MUM-ZN02345,Mumbai,25.82896,76.667125,400062,0.54,38.8,131.7,0.0542,0.044,46.4
HYD-ZN02346,Hyderabad,14.052756,92.856771,500037,0.551,21.0,71.1,0.0789,0.161,27.95
MUM-ZN02347,Mumbai,18.469406,73.724204,400078,1.0,2.6,74.5,0.0713,0.536,11.84
KOL-ZN02348,Kolkata,30.599883,69.75881,700088,1.0,0.0,135.6,0.0431,0.234,15.8
AHM-ZN02349,Ahmedabad,17.348206,77.272138,380034,0.457,12.6,119.9,0.0269,0.4,6.68
HYD-ZN02350,Hyderabad,12.750683,76.445189,500063,0.87,19.7,100.0,0.0654,0.045,26.54
MUM-ZN02351,Mumbai,14.747861,82.400627,400033,0.732,35.6,140.4,0.1019,0.421,34.09
AHM-ZN02352,Ahmedabad,25.689178,69.43582,380001,0.94,9.0,125.7,0.0181,0.188,43.48
CHE-ZN02353,Chennai,36.889472,86.861936,600101,1.0,37.2,59.7,0.0,0.109,25.46
KOL-ZN02354,Kolkata,32.092558,77.852532,700131,1.0,85.4,101.7,0.0,0.488,20.09
HYD-ZN02355,Hyderabad,17.502519,93.978143,500011,0.307,21.6,100.2,0.059,0.286,33.54
BEN-ZN02356,Bengaluru,20.814113,81.18231,560077,0.295,42.9,173.8,0.0205,0.347,51.47
CHE-ZN02357,Chennai,34.965573,71.988816,600048,0.698,22.6,73.1,0.0044,0.0,63.27
MUM-ZN02358,Mumbai,11.416341,87.998539,400031,1.0,11.0,182.8,0.1013,0.457,13.06
MUM-ZN02359,Mumbai,18.469189,70.609736,400021,1.0,33.5,50.4,0.0414,0.343,27.9
CHE-ZN02360,Chennai,15.412949,80.388152,600051,1.0,50.9,125.8,0.0469,0.193,13.33
MUM-ZN02361,Mumbai,10.116884,85.920578,400006,1.0,132.3,157.4,0.0218,0.091,24.72
MUM-ZN02362,Mumbai,13.184334,69.202265,400041,1.0,50.4,88.1,0.0727,0.505,7.72
DEL-ZN02363,Delhi,27.557834,86.503068,110035,0.098,22.1,49.5,0.0199,0.469,27.68
DEL-ZN02364,Delhi,28.851442,81.36576,110086,0.207,35.1,118.8,0.002,0.713,25.61
KOL-ZN02365,Kolkata,23.682305,95.23565,700113,1.0,26.6,135.1,0.0334,0.325,15.58
PUN-ZN02366,Pune,34.458416,84.128369,411061,0.875,32.1,113.2,0.1238,0.208,23.47
DEL-ZN02367,Delhi,12.742301,95.704471,110033,0.298,46.8,398.5,0.135,0.13,11.56
AHM-ZN02368,Ahmedabad,29.410007,85.520784,380020,0.596,12.7,67.2,0.07,0.215,20.87
KOL-ZN02369,Kolkata,23.747718,70.327249,700064,0.581,72.3,172.1,0.0666,0.048,12.09
DEL-ZN02370,Delhi,24.748928,94.503506,110013,0.633,17.8,57.7,0.0,0.303,29.0
HYD-ZN02371,Hyderabad,28.262329,82.495579,500089,0.677,79.0,125.9,0.0501,0.372,9.03
AHM-ZN02372,Ahmedabad,20.730365,94.161457,380038,0.984,25.7,92.6,0.0131,0.0,14.53
BEN-ZN02373,Bengaluru,15.771256,79.57407,560004,0.382,14.1,92.6,0.0216,0.2,7.18
AHM-ZN02374,Ahmedabad,9.131306,72.445078,380007,0.668,26.7,130.7,0.1645,0.099,19.61
PUN-ZN02375,Pune,16.886285,70.177941,411058,0.507,48.8,133.1,0.0461,0.281,20.65
AHM-ZN02376,Ahmedabad,29.993089,69.163537,380057,0.799,20.5,195.0,0.0122,0.372,5.1
CHE-ZN02377,Chennai,24.098446,75.295894,600090,0.656,70.3,99.4,0.1667,0.321,11.93
KOL-ZN02378,Kolkata,21.111369,93.345293,700113,0.529,0.0,75.9,0.0056,0.232,33.72
BEN-ZN02379,Bengaluru,17.355264,73.4983,560020,0.583,12.7,100.0,0.1055,0.183,23.06
HYD-ZN02380,Hyderabad,26.447218,86.685653,500024,0.552,36.4,146.2,0.0118,0.062,17.26
KOL-ZN02381,Kolkata,23.199898,84.113235,700061,0.118,33.9,122.9,0.0658,0.299,9.35
AHM-ZN02382,Ahmedabad,13.064898,81.298809,380011,0.459,0.0,105.2,0.038,0.436,21.58
CHE-ZN02383,Chennai,14.233849,89.017849,600121,1.0,50.4,90.1,0.0243,0.038,13.99
MUM-ZN02384,Mumbai,12.738863,94.133107,400004,1.0,32.2,110.3,0.053,0.048,55.02
CHE-ZN02385,Chennai,24.68446,79.625633,600109,1.0,58.0,92.9,0.0088,0.591,14.86
KOL-ZN02386,Kolkata,30.207932,76.299273,700074,0.219,41.5,116.8,0.0637,0.403,26.1
BEN-ZN02387,Bengaluru,27.642544,75.205397,560072,0.93,22.8,64.7,0.2096,0.158,37.34
HYD-ZN02388,Hyderabad,28.962257,79.39406,500087,0.071,50.0,114.6,0.075,0.547,27.55
BEN-ZN02389,Bengaluru,28.593269,85.481505,560071,0.354,15.1,135.5,0.1117,0.374,33.74
PUN-ZN02390,Pune,27.18389,79.752574,411051,0.198,51.9,85.9,0.1366,0.1,16.27
AHM-ZN02391,Ahmedabad,15.218923,96.225977,380056,0.513,26.4,30.0,0.0268,0.112,18.83
CHE-ZN02392,Chennai,32.84974,93.95367,600100,0.285,21.2,87.2,0.0548,0.371,21.08
BEN-ZN02393,Bengaluru,9.639106,71.026454,560055,0.048,27.5,97.5,0.0093,0.197,34.82
CHE-ZN02394,Chennai,15.834921,69.713919,600068,1.0,56.0,51.1,0.041,0.516,28.0
BEN-ZN02395,Bengaluru,10.66412,79.55237,560026,0.078,18.0,113.3,0.0,0.233,9.51
HYD-ZN02396,Hyderabad,13.134527,93.336333,500028,0.636,0.0,83.2,0.067,0.316,22.01
BEN-ZN02397,Bengaluru,31.191619,83.317193,560054,0.04,20.3,95.9,0.0938,0.275,7.53
CHE-ZN02398,Chennai,13.65379,81.321732,600073,0.753,44.8,121.6,0.0738,0.15,29.48
KOL-ZN02399,Kolkata,18.550382,91.177166,700031,0.357,22.5,158.3,0.0266,0.5,18.97
KOL-ZN02400,Kolkata,13.898187,93.266621,700038,0.258,0.0,50.1,0.0041,0.465,17.37
DEL-ZN02401,Delhi,11.052334,77.846485,110074,0.066,24.1,149.5,0.0185,0.147,10.72
KOL-ZN02402,Kolkata,36.757174,77.641045,700074,0.606,53.7,157.7,0.0204,0.197,20.34
DEL-ZN02403,Delhi,26.321517,83.41288,110039,0.816,21.4,129.7,0.0834,0.203,7.98
KOL-ZN02404,Kolkata,18.978397,82.664346,700094,0.421,36.8,176.9,0.0694,0.335,32.12
BEN-ZN02405,Bengaluru,26.097173,71.567475,560053,0.758,39.4,30.0,0.0,0.348,46.56
AHM-ZN02406,Ahmedabad,26.608759,73.035487,380017,0.805,9.1,114.5,0.0334,0.298,44.21
PUN-ZN02407,Pune,16.359928,85.01244,411057,0.97,55.3,45.9,0.0471,0.26,19.71
AHM-ZN02408,Ahmedabad,13.032354,80.786886,380014,0.843,28.2,32.7,0.0535,0.107,11.51
CHE-ZN02409,Chennai,26.902611,86.031357,600127,0.956,85.7,115.0,0.0295,0.27,10.47
DEL-ZN02410,Delhi,18.443875,92.767947,110008,0.624,18.9,122.4,0.1131,0.234,30.5
HYD-ZN02411,Hyderabad,31.47611,75.571627,500084,0.996,0.0,119.5,0.0236,0.298,18.62
CHE-ZN02412,Chennai,32.842332,81.923103,600046,1.0,7.5,98.1,0.1202,0.053,12.6
CHE-ZN02413,Chennai,9.412783,95.777958,600044,0.455,2.1,102.6,0.0181,0.238,52.74
HYD-ZN02414,Hyderabad,29.464357,96.931623,500004,0.045,10.1,159.3,0.0,0.235,38.93
DEL-ZN02415,Delhi,12.069107,79.730557,110039,0.383,22.7,100.6,0.0355,0.452,31.7
AHM-ZN02416,Ahmedabad,23.517107,87.73608,380063,0.986,7.3,93.3,0.0348,0.203,23.8
BEN-ZN02417,Bengaluru,16.947617,89.598537,560082,0.613,21.2,115.8,0.0,0.559,26.74
KOL-ZN02418,Kolkata,26.325226,68.384142,700108,1.0,27.4,92.4,0.0498,0.269,16.22
PUN-ZN02419,Pune,11.312725,68.768064,411052,0.989,66.2,83.9,0.1291,0.139,13.12
PUN-ZN02420,Pune,15.028022,80.930343,411020,0.229,23.8,131.3,0.0571,0.308,37.54
DEL-ZN02421,Delhi,33.547608,72.264019,110009,0.899,17.0,111.4,0.0853,0.061,27.94
AHM-ZN02422,Ahmedabad,25.333917,88.301552,380003,0.457,31.8,111.6,0.0315,0.091,14.41
HYD-ZN02423,Hyderabad,8.259672,70.248271,500035,0.767,51.4,137.3,0.0389,0.515,8.94
DEL-ZN02424,Delhi,18.149892,68.260673,110014,0.379,3.6,114.6,0.0615,0.113,25.54
HYD-ZN02425,Hyderabad,8.064538,89.087269,500025,0.481,24.2,98.8,0.0213,0.422,21.31
PUN-ZN02426,Pune,9.278898,94.38345,411049,0.505,40.7,129.4,0.0,0.257,13.94
BEN-ZN02427,Bengaluru,34.40057,81.937336,560072,0.813,22.8,118.0,0.024,0.346,20.85
PUN-ZN02428,Pune,30.886874,95.904965,411033,0.973,89.8,40.6,0.037,0.312,13.26
BEN-ZN02429,Bengaluru,11.271783,73.00691,560071,0.845,39.9,67.8,0.0382,0.309,16.26
DEL-ZN02430,Delhi,15.663931,88.35847,110071,0.872,0.0,30.0,0.0421,0.53,78.05
BEN-ZN02431,Bengaluru,18.785844,92.663542,560080,0.745,51.0,173.3,0.0183,0.25,26.31
PUN-ZN02432,Pune,25.918708,91.618005,411049,0.479,19.4,85.7,0.0511,0.388,18.87
KOL-ZN02433,Kolkata,12.753873,95.01162,700018,1.0,0.0,103.6,0.011,0.0,21.22
DEL-ZN02434,Delhi,16.069672,75.820907,110033,0.227,14.7,74.9,0.0997,0.159,7.19
MUM-ZN02435,Mumbai,26.607519,74.462301,400063,0.162,110.8,90.6,0.1569,0.243,19.43
CHE-ZN02436,Chennai,28.461141,83.464545,600109,0.829,28.1,83.0,0.0019,0.349,61.61
HYD-ZN02437,Hyderabad,24.785642,72.920059,500091,0.124,35.6,161.0,0.0037,0.269,26.49
KOL-ZN02438,Kolkata,21.251762,77.386388,700121,1.0,41.2,112.5,0.0079,0.085,15.02
PUN-ZN02439,Pune,14.186862,89.852129,411032,0.518,14.2,71.3,0.0193,0.166,22.67
BEN-ZN02440,Bengaluru,25.197969,68.832728,560041,0.653,83.8,46.3,0.0142,0.3,48.83
AHM-ZN02441,Ahmedabad,24.668663,87.142245,380039,0.925,0.0,126.2,0.0149,0.198,14.57
CHE-ZN02442,Chennai,19.308628,80.601906,600121,0.363,41.2,68.9,0.1311,0.047,17.48
DEL-ZN02443,Delhi,9.170475,85.012272,110078,0.87,15.4,84.1,0.019,0.454,19.86
DEL-ZN02444,Delhi,17.177311,90.384542,110030,0.007,6.5,304.2,0.0571,0.065,27.27
MUM-ZN02445,Mumbai,36.281982,77.889004,400104,0.539,26.8,101.2,0.0284,0.195,8.44
MUM-ZN02446,Mumbai,33.362607,83.391431,400099,1.0,109.2,111.8,0.0173,0.41,13.82
PUN-ZN02447,Pune,25.950195,95.951077,411028,0.24,24.8,101.8,0.0069,0.378,12.28
MUM-ZN02448,Mumbai,32.783246,80.15517,400046,1.0,35.1,94.7,0.0189,0.25,20.13
AHM-ZN02449,Ahmedabad,34.30885,79.391078,380059,0.668,37.3,127.0,0.0054,0.208,16.44
HYD-ZN02450,Hyderabad,32.512555,91.118756,500012,0.981,16.1,104.9,0.0819,0.662,20.01
DEL-ZN02451,Delhi,22.511853,71.756388,110022,0.9,56.7,442.8,0.0,0.172,7.15
BEN-ZN02452,Bengaluru,19.010998,92.31535,560037,0.084,63.8,54.0,0.0068,0.391,24.05
MUM-ZN02453,Mumbai,33.417025,71.789017,400036,1.0,50.5,141.4,0.0063,0.185,40.7
KOL-ZN02454,Kolkata,9.765674,78.122156,700156,1.0,54.0,56.1,0.1222,0.101,21.6
CHE-ZN02455,Chennai,17.327859,78.83153,600087,1.0,22.0,69.8,0.1317,0.06,39.55
KOL-ZN02456,Kolkata,26.586383,81.648255,700117,0.311,45.2,121.3,0.0181,0.302,14.88
HYD-ZN02457,Hyderabad,9.103953,80.970605,500054,0.853,85.7,99.2,0.0238,0.693,19.31
HYD-ZN02458,Hyderabad,30.429792,77.35957,500029,0.455,14.4,38.4,0.0203,0.129,45.14
KOL-ZN02459,Kolkata,24.243794,89.735052,700091,1.0,18.9,135.9,0.0047,0.362,26.86
BEN-ZN02460,Bengaluru,17.577482,72.943438,560043,0.168,25.4,122.2,0.0,0.587,69.27
KOL-ZN02461,Kolkata,20.159952,91.000172,700014,0.588,8.4,90.8,0.0,0.125,13.85
AHM-ZN02462,Ahmedabad,31.357606,90.41289,380055,0.502,24.6,128.4,0.0106,0.169,29.07
AHM-ZN02463,Ahmedabad,25.080666,86.401549,380012,0.771,17.8,113.8,0.0217,0.441,11.54
KOL-ZN02464,Kolkata,24.315629,90.062774,700110,0.736,11.7,220.3,0.0175,0.138,45.42
BEN-ZN02465,Bengaluru,14.061742,86.10102,560064,0.74,31.7,147.2,0.1338,0.0,14.53
MUM-ZN02466,Mumbai,12.124065,91.778047,400086,1.0,117.2,120.6,0.0712,0.318,25.37
HYD-ZN02467,Hyderabad,15.806944,80.692043,500008,0.536,25.8,100.6,0.0614,0.146,10.99
KOL-ZN02468,Kolkata,30.028636,77.932171,700022,1.0,75.0,196.7,0.0727,0.463,7.54
KOL-ZN02469,Kolkata,12.161563,84.362724,700082,0.639,8.4,267.8,0.0534,0.115,13.41
HYD-ZN02470,Hyderabad,14.419909,88.147143,500044,0.068,9.3,124.1,0.0477,0.545,11.23
CHE-ZN02471,Chennai,27.595733,85.639882,600124,0.125,7.2,109.9,0.1077,0.274,10.73
CHE-ZN02472,Chennai,17.677573,85.835783,600107,0.658,54.1,30.0,0.0182,0.087,12.0
KOL-ZN02473,Kolkata,11.794389,80.597199,700043,0.303,47.0,146.2,0.0232,0.597,29.21
KOL-ZN02474,Kolkata,9.726973,78.270846,700006,0.017,22.6,85.5,0.1145,0.447,12.03
CHE-ZN02475,Chennai,13.9303,93.669175,600020,1.0,21.4,117.8,0.0336,0.434,10.02
AHM-ZN02476,Ahmedabad,23.241734,73.476808,380010,0.363,9.7,76.8,0.0108,0.127,36.94
BEN-ZN02477,Bengaluru,26.870503,94.156088,560078,0.618,17.1,104.6,0.0545,0.114,13.73
CHE-ZN02478,Chennai,28.054764,69.190939,600027,0.682,32.4,93.2,0.0102,0.316,36.6
DEL-ZN02479,Delhi,21.947931,91.329001,110050,0.117,32.5,289.1,0.0465,0.128,21.32
CHE-ZN02480,Chennai,13.86764,92.019889,600060,0.422,39.0,150.1,0.0895,0.188,57.14
HYD-ZN02481,Hyderabad,16.464389,70.518279,500084,0.929,29.6,60.7,0.0239,0.309,15.39
CHE-ZN02482,Chennai,20.169537,91.325869,600111,0.594,0.0,58.7,0.0462,0.25,8.42
BEN-ZN02483,Bengaluru,27.632523,86.283374,560026,0.429,37.7,43.2,0.0439,0.234,8.79
CHE-ZN02484,Chennai,21.665548,84.04643,600013,1.0,19.5,90.9,0.0104,0.274,46.37
BEN-ZN02485,Bengaluru,27.840451,69.937608,560075,0.743,39.4,109.2,0.0,0.057,11.51
PUN-ZN02486,Pune,22.080164,96.316786,411060,0.502,13.7,135.9,0.087,0.392,10.89
AHM-ZN02487,Ahmedabad,35.246735,90.71055,380030,0.844,23.5,113.9,0.017,0.232,20.31
PUN-ZN02488,Pune,17.919974,95.669847,411025,0.339,54.7,141.7,0.0186,0.284,18.41
HYD-ZN02489,Hyderabad,18.109224,77.593901,500008,0.726,72.0,111.3,0.0345,0.14,23.22
KOL-ZN02490,Kolkata,34.085916,82.623664,700158,1.0,23.3,149.4,0.0312,0.33,26.48
KOL-ZN02491,Kolkata,13.859228,90.37402,700029,0.737,39.0,87.8,0.0858,0.276,15.14
MUM-ZN02492,Mumbai,12.051592,86.103595,400074,0.923,27.3,64.4,0.0101,0.247,24.82
HYD-ZN02493,Hyderabad,13.957283,91.854972,500069,0.408,19.9,130.9,0.1419,0.364,37.09
BEN-ZN02494,Bengaluru,13.57208,75.235181,560084,0.765,21.9,43.4,0.1181,0.243,11.0
CHE-ZN02495,Chennai,18.59148,89.611004,600018,0.154,36.6,143.3,0.0395,0.195,25.38
HYD-ZN02496,Hyderabad,17.754474,90.778511,500060,0.031,16.1,122.5,0.0108,0.208,8.08
BEN-ZN02497,Bengaluru,18.918966,68.503555,560018,0.346,17.1,73.1,0.161,0.14,13.22
MUM-ZN02498,Mumbai,19.179709,76.161784,400014,0.846,9.2,137.4,0.0921,0.359,6.84
DEL-ZN02499,Delhi,29.644151,76.611658,110065,0.274,38.5,86.8,0.0758,0.341,12.2
PUN-ZN02500,Pune,12.55841,95.043817,411058,0.163,55.5,123.6,0.101,0.16,32.62
KOL-ZN02501,Kolkata,24.312125,75.09582,700066,0.417,33.1,171.6,0.0487,0.077,25.81
BEN-ZN02502,Bengaluru,21.141812,93.483758,560075,0.275,54.3,46.3,0.0887,0.529,7.06
CHE-ZN02503,Chennai,9.581422,84.910837,600014,0.417,7.2,125.0,0.0044,0.276,47.3
HYD-ZN02504,Hyderabad,31.926534,94.628574,500045,0.059,43.2,91.6,0.0378,0.354,26.46
MUM-ZN02505,Mumbai,12.572811,89.475283,400100,1.0,44.8,123.4,0.0246,0.368,23.21
CHE-ZN02506,Chennai,21.164569,90.283902,600042,0.44,29.9,85.9,0.0136,0.422,32.07
BEN-ZN02507,Bengaluru,23.573375,83.390931,560099,0.641,41.2,86.7,0.0158,0.194,16.83
DEL-ZN02508,Delhi,25.160483,93.819816,110092,0.376,4.5,334.4,0.1166,0.278,54.34
KOL-ZN02509,Kolkata,32.074389,78.388858,700022,0.987,28.1,60.6,0.0139,0.397,17.37
HYD-ZN02510,Hyderabad,26.123281,69.94937,500091,0.789,15.6,103.8,0.0142,0.088,16.93
KOL-ZN02511,Kolkata,17.093452,91.678491,700076,0.142,39.5,177.6,0.1071,0.335,26.1
PUN-ZN02512,Pune,15.291216,77.321461,411016,0.032,13.8,91.3,0.142,0.557,22.83
MUM-ZN02513,Mumbai,8.874996,70.103959,400048,0.652,56.5,120.1,0.0274,0.33,26.84
KOL-ZN02514,Kolkata,33.317649,96.370504,700135,0.396,55.5,200.5,0.0374,0.297,13.3
AHM-ZN02515,Ahmedabad,23.612003,77.576778,380032,0.867,0.0,95.7,0.0413,0.2,22.14
DEL-ZN02516,Delhi,22.561087,81.627856,110063,0.301,0.0,322.4,0.0251,0.41,43.63
HYD-ZN02517,Hyderabad,30.170459,71.623116,500088,0.233,67.9,64.1,0.0269,0.084,25.21
PUN-ZN02518,Pune,21.09138,69.261152,411060,0.798,139.0,142.9,0.0648,0.066,15.94
CHE-ZN02519,Chennai,20.282052,72.15433,600088,0.473,77.3,128.8,0.0745,0.117,8.39
BEN-ZN02520,Bengaluru,34.320013,88.232685,560008,0.742,67.8,86.8,0.047,0.251,18.37
KOL-ZN02521,Kolkata,27.314909,81.38136,700009,0.212,21.9,193.3,0.0225,0.782,24.03
AHM-ZN02522,Ahmedabad,14.998091,88.330551,380028,0.965,0.0,88.8,0.1099,0.277,13.23
CHE-ZN02523,Chennai,11.06953,70.83458,600077,0.59,0.0,116.7,0.118,0.383,19.84
AHM-ZN02524,Ahmedabad,25.034758,71.697578,380044,0.154,13.9,115.1,0.045,0.078,11.75
DEL-ZN02525,Delhi,19.174894,75.777643,110062,0.302,19.9,93.7,0.0145,0.124,25.09
BEN-ZN02526,Bengaluru,22.146076,76.368857,560023,0.288,24.0,104.8,0.045,0.278,19.38
CHE-ZN02527,Chennai,33.206917,90.048141,600103,0.324,17.1,89.8,0.0,0.305,14.2
HYD-ZN02528,Hyderabad,34.692358,95.824686,500088,0.2,28.0,34.1,0.0298,0.456,12.68
PUN-ZN02529,Pune,34.31082,79.346584,411060,0.663,0.0,131.9,0.0528,0.265,21.81
DEL-ZN02530,Delhi,18.078258,89.538752,110015,0.488,13.9,415.0,0.0116,0.188,54.62
HYD-ZN02531,Hyderabad,18.579364,80.060517,500054,0.651,12.6,114.4,0.0141,0.267,24.9
PUN-ZN02532,Pune,20.022907,96.587147,411058,0.866,24.8,169.2,0.0,0.157,42.97
MUM-ZN02533,Mumbai,24.404522,80.196756,400096,0.604,94.0,121.6,0.0043,0.318,52.62
PUN-ZN02534,Pune,15.275641,86.537573,411022,0.903,67.1,34.8,0.0664,0.559,26.93
HYD-ZN02535,Hyderabad,17.093923,88.17247,500015,0.377,16.9,84.8,0.0,0.418,17.51
CHE-ZN02536,Chennai,14.004456,77.692415,600049,0.594,20.8,134.3,0.0339,0.595,17.43
BEN-ZN02537,Bengaluru,15.563174,78.772054,560010,0.673,33.6,129.6,0.082,0.342,25.82
BEN-ZN02538,Bengaluru,18.822591,85.602753,560009,0.659,38.2,67.4,0.104,0.305,32.04
BEN-ZN02539,Bengaluru,10.364202,72.214406,560091,0.634,60.7,72.5,0.0061,0.155,18.71
AHM-ZN02540,Ahmedabad,32.524277,93.867457,380036,0.984,6.6,81.3,0.0148,0.046,41.46
PUN-ZN02541,Pune,24.812283,84.049934,411034,0.533,50.3,126.6,0.0093,0.262,36.2
PUN-ZN02542,Pune,29.446248,70.472964,411028,0.024,21.1,126.5,0.0424,0.328,36.57
MUM-ZN02543,Mumbai,18.07763,82.345158,400007,0.636,41.4,146.6,0.0477,0.19,16.95
CHE-ZN02544,Chennai,19.271754,93.376551,600047,1.0,22.1,136.6,0.108,0.375,33.49
HYD-ZN02545,Hyderabad,31.597405,89.221466,500055,0.206,28.4,80.8,0.066,0.19,25.49
BEN-ZN02546,Bengaluru,14.816759,95.297452,560018,0.64,30.5,82.8,0.0171,0.261,19.06
KOL-ZN02547,Kolkata,19.755629,94.584716,700003,1.0,1.9,148.4,0.0433,0.146,15.54
AHM-ZN02548,Ahmedabad,19.32314,96.217771,380049,0.96,46.2,81.4,0.0423,0.062,46.36
DEL-ZN02549,Delhi,24.549374,82.569876,110055,0.61,31.9,61.1,0.0428,0.061,26.63
AHM-ZN02550,Ahmedabad,36.889663,86.895982,380054,0.325,12.9,91.3,0.0207,0.243,21.03
HYD-ZN02551,Hyderabad,27.353352,74.560444,500050,0.084,37.3,91.9,0.0427,0.507,17.22
PUN-ZN02552,Pune,30.855388,73.039526,411001,0.114,6.2,121.3,0.0623,0.301,10.56
CHE-ZN02553,Chennai,18.100642,81.643048,600091,0.102,96.5,97.1,0.0305,0.579,22.4
AHM-ZN02554,Ahmedabad,18.83769,85.98991,380019,0.477,36.8,178.9,0.1357,0.465,13.61
KOL-ZN02555,Kolkata,31.211243,68.054148,700077,0.657,44.0,160.3,0.0167,0.192,33.5
MUM-ZN02556,Mumbai,14.295551,89.590285,400061,1.0,83.5,140.2,0.0225,0.191,17.45
MUM-ZN02557,Mumbai,14.322046,71.696369,400099,0.047,73.8,136.2,0.072,0.141,12.78
BEN-ZN02558,Bengaluru,28.574001,76.833573,560089,0.28,33.6,128.4,0.0,0.321,26.4
CHE-ZN02559,Chennai,29.69634,77.421438,600059,0.24,12.1,92.0,0.1015,0.4,25.41
PUN-ZN02560,Pune,10.345044,84.146891,411045,0.496,20.6,162.8,0.0232,0.71,54.54
MUM-ZN02561,Mumbai,35.994911,92.209334,400070,1.0,42.1,121.3,0.0165,0.138,37.67
PUN-ZN02562,Pune,32.851479,87.505374,411047,0.952,41.0,74.2,0.0017,0.28,19.2
HYD-ZN02563,Hyderabad,22.661698,96.564077,500018,0.201,12.1,107.4,0.02,0.372,12.88
DEL-ZN02564,Delhi,24.303277,73.796251,110084,0.25,15.2,455.8,0.126,0.308,20.9
DEL-ZN02565,Delhi,28.594958,70.722731,110021,0.58,20.7,110.9,0.0117,0.331,5.03
DEL-ZN02566,Delhi,21.532349,91.059895,110004,0.383,37.6,120.6,0.0094,0.145,10.25
PUN-ZN02567,Pune,20.293064,79.404075,411026,0.834,34.8,54.0,0.025,0.047,27.13
KOL-ZN02568,Kolkata,21.92468,82.706429,700064,0.556,38.4,134.1,0.049,0.531,18.71
PUN-ZN02569,Pune,35.598054,77.464708,411033,0.967,1.3,94.1,0.0562,0.341,34.12
HYD-ZN02570,Hyderabad,8.294957,73.830495,500088,0.702,7.1,72.3,0.0251,0.322,37.17
MUM-ZN02571,Mumbai,28.796637,87.367448,400077,0.86,49.4,124.9,0.0298,0.065,19.28
MUM-ZN02572,Mumbai,32.145486,82.226468,400028,1.0,63.3,103.5,0.046,0.201,13.96
CHE-ZN02573,Chennai,27.322545,71.122019,600052,0.69,31.8,104.1,0.0465,0.459,29.32
KOL-ZN02574,Kolkata,29.449543,71.658188,700115,0.641,41.6,228.0,0.0141,0.101,9.57
HYD-ZN02575,Hyderabad,20.021976,92.083553,500075,0.137,83.0,102.7,0.0239,0.338,15.75
HYD-ZN02576,Hyderabad,9.375651,91.380906,500094,0.252,40.4,161.3,0.0665,0.231,19.98
MUM-ZN02577,Mumbai,18.705454,82.538431,400072,1.0,4.1,98.7,0.0535,0.148,24.09
AHM-ZN02578,Ahmedabad,30.900905,71.648248,380055,0.364,34.5,91.1,0.1317,0.352,34.66
HYD-ZN02579,Hyderabad,12.401119,92.627243,500080,0.906,2.7,158.6,0.0863,0.322,5.38
DEL-ZN02580,Delhi,22.514423,72.639234,110093,0.705,34.1,243.6,0.0046,0.057,7.22
CHE-ZN02581,Chennai,22.722675,94.084369,600002,1.0,0.0,191.8,0.0083,0.181,8.21
DEL-ZN02582,Delhi,17.512178,76.019576,110060,0.571,0.0,101.6,0.0401,0.489,20.18
AHM-ZN02583,Ahmedabad,19.996022,84.655982,380016,0.867,23.6,121.3,0.0912,0.43,24.22
DEL-ZN02584,Delhi,19.838079,78.209414,110053,0.471,29.8,84.9,0.0,0.373,12.66
BEN-ZN02585,Bengaluru,22.736174,96.858468,560018,0.307,26.7,134.2,0.0386,0.116,12.58
PUN-ZN02586,Pune,11.147104,84.457408,411021,0.517,50.1,127.0,0.0692,0.265,38.93
KOL-ZN02587,Kolkata,28.544603,84.343051,700007,0.909,0.0,127.8,0.049,0.321,9.21
KOL-ZN02588,Kolkata,24.295069,75.642671,700076,1.0,18.4,194.3,0.0826,0.097,11.48
KOL-ZN02589,Kolkata,29.470259,77.275356,700123,0.205,14.5,144.5,0.0288,0.094,20.29
PUN-ZN02590,Pune,10.227902,93.560908,411059,0.692,9.7,128.7,0.0364,0.617,25.25
PUN-ZN02591,Pune,17.954577,77.858156,411050,0.731,68.8,129.9,0.0218,0.115,35.49
MUM-ZN02592,Mumbai,28.503982,84.895996,400012,0.943,14.0,105.9,0.0,0.127,23.5
HYD-ZN02593,Hyderabad,25.235799,88.887625,500096,0.413,10.9,99.9,0.0546,0.275,27.19
CHE-ZN02594,Chennai,12.107765,74.040325,600094,0.174,41.7,102.3,0.1042,0.579,14.41
CHE-ZN02595,Chennai,19.125074,68.442685,600030,0.007,18.0,150.0,0.0991,0.266,9.57
KOL-ZN02596,Kolkata,10.521849,86.476414,700008,0.628,17.6,133.9,0.033,0.234,5.4
PUN-ZN02597,Pune,11.076197,90.475035,411043,0.996,49.5,67.9,0.0446,0.038,10.72
PUN-ZN02598,Pune,8.995792,83.400534,411035,0.736,13.1,106.6,0.0578,0.282,37.38
AHM-ZN02599,Ahmedabad,11.938552,87.399297,380002,0.852,27.4,90.4,0.0652,0.571,31.86
CHE-ZN02600,Chennai,23.966837,83.924845,600018,0.518,10.3,73.7,0.01,0.228,25.99
MUM-ZN02601,Mumbai,29.9922,84.757367,400055,1.0,27.3,198.9,0.0822,0.211,22.97
AHM-ZN02602,Ahmedabad,20.429701,74.375346,380011,0.796,4.1,92.0,0.0257,0.061,24.35
CHE-ZN02603,Chennai,26.759174,74.482811,600065,0.401,19.2,96.7,0.1541,0.211,16.44
CHE-ZN02604,Chennai,36.620884,78.884723,600108,1.0,2.7,100.7,0.0224,0.056,21.87
MUM-ZN02605,Mumbai,21.340018,70.918573,400081,1.0,95.0,147.7,0.0192,0.179,106.23
MUM-ZN02606,Mumbai,18.077699,87.121225,400042,0.557,10.4,196.0,0.0814,0.259,20.19
KOL-ZN02607,Kolkata,32.33081,92.548895,700151,1.0,13.1,146.8,0.0124,0.438,20.08
AHM-ZN02608,Ahmedabad,21.87117,77.211756,380026,0.841,13.4,99.1,0.0323,0.076,16.44
CHE-ZN02609,Chennai,25.430063,70.200945,600065,1.0,39.0,179.4,0.0846,0.228,11.17
MUM-ZN02610,Mumbai,25.119964,89.538165,400044,0.693,128.5,129.4,0.0558,0.447,30.02
PUN-ZN02611,Pune,33.933701,86.960271,411032,0.147,38.9,77.1,0.0331,0.563,20.88
CHE-ZN02612,Chennai,28.841771,69.452269,600091,0.39,19.8,126.5,0.0158,0.272,10.78
PUN-ZN02613,Pune,23.480195,69.685866,411011,0.319,37.1,83.9,0.0386,0.312,17.41
CHE-ZN02614,Chennai,36.449593,71.961354,600046,0.705,40.5,99.9,0.0419,0.069,19.77
PUN-ZN02615,Pune,11.705617,75.891538,411032,0.094,7.7,127.9,0.0015,0.415,10.12
MUM-ZN02616,Mumbai,27.9062,84.342968,400067,0.952,58.0,101.7,0.0382,0.257,44.65
KOL-ZN02617,Kolkata,8.40975,70.628082,700076,0.237,22.5,144.0,0.0484,0.181,26.29
DEL-ZN02618,Delhi,32.127502,85.643497,110060,0.542,26.7,500.0,0.0502,0.039,39.47
MUM-ZN02619,Mumbai,9.185674,70.039847,400075,0.96,4.0,119.9,0.059,0.13,12.03
MUM-ZN02620,Mumbai,36.019106,94.831275,400058,1.0,20.4,87.4,0.0167,0.041,42.68
HYD-ZN02621,Hyderabad,15.471362,80.78981,500098,0.224,2.4,106.8,0.0543,0.442,19.14
CHE-ZN02622,Chennai,26.29332,89.125459,600073,0.982,3.3,68.8,0.0895,0.388,23.11
PUN-ZN02623,Pune,29.843887,74.727336,411037,0.201,49.9,64.1,0.1259,0.084,31.66
MUM-ZN02624,Mumbai,24.079695,76.012538,400027,0.586,29.1,101.2,0.0222,0.167,15.73
HYD-ZN02625,Hyderabad,35.443147,78.960929,500009,0.442,38.2,93.2,0.0255,0.19,32.38
CHE-ZN02626,Chennai,12.160096,73.832707,600004,0.296,8.6,161.2,0.0224,0.359,27.49
KOL-ZN02627,Kolkata,11.649727,87.148567,700065,0.473,16.6,140.4,0.0443,0.216,15.77
BEN-ZN02628,Bengaluru,18.395395,69.965155,560012,0.228,26.5,107.0,0.0964,0.222,11.63
MUM-ZN02629,Mumbai,13.693249,78.24781,400039,0.542,85.2,64.1,0.0465,0.121,27.07
MUM-ZN02630,Mumbai,24.756881,72.815512,400074,0.823,35.2,103.2,0.0,0.465,18.6
DEL-ZN02631,Delhi,31.945056,77.091893,110058,0.981,30.9,500.0,0.038,0.155,12.1
MUM-ZN02632,Mumbai,29.13224,74.619809,400099,1.0,29.2,135.1,0.0,0.181,25.39
CHE-ZN02633,Chennai,24.17684,88.581606,600108,0.314,17.1,129.4,0.0397,0.033,47.89
PUN-ZN02634,Pune,32.724938,69.051939,411041,0.945,0.0,54.2,0.0487,0.676,11.57
BEN-ZN02635,Bengaluru,32.404758,83.184059,560041,0.766,0.0,115.4,0.0082,0.426,16.6
CHE-ZN02636,Chennai,30.65189,92.111996,600005,1.0,39.5,173.1,0.0,0.037,15.23
CHE-ZN02637,Chennai,24.361076,91.725079,600121,0.841,9.2,59.7,0.0209,0.234,11.43
CHE-ZN02638,Chennai,23.47884,76.316333,600050,0.896,6.2,113.8,0.0631,0.347,25.41
DEL-ZN02639,Delhi,22.80547,79.816544,110021,0.56,13.5,292.6,0.1222,0.18,40.37
CHE-ZN02640,Chennai,26.375532,93.305332,600115,0.418,12.1,65.2,0.0923,0.444,23.03
MUM-ZN02641,Mumbai,13.230455,89.811206,400032,0.124,62.6,119.9,0.0059,0.137,23.54
BEN-ZN02642,Bengaluru,33.446268,81.685789,560045,0.347,11.4,91.6,0.0207,0.57,24.24
DEL-ZN02643,Delhi,23.977011,71.399373,110029,0.734,5.2,385.8,0.1534,0.397,7.94
DEL-ZN02644,Delhi,31.568532,82.771289,110008,0.206,14.7,87.7,0.1423,0.375,29.08
AHM-ZN02645,Ahmedabad,32.047042,79.773759,380029,0.494,47.8,84.4,0.0249,0.071,31.99
DEL-ZN02646,Delhi,25.194554,96.638611,110086,0.11,9.7,96.2,0.0058,0.089,15.52
BEN-ZN02647,Bengaluru,30.13394,93.362587,560008,0.299,48.8,85.7,0.0559,0.138,41.87
AHM-ZN02648,Ahmedabad,17.268103,80.697747,380003,0.161,46.3,45.2,0.0389,0.46,27.74
BEN-ZN02649,Bengaluru,14.908586,92.242858,560027,0.36,28.9,57.7,0.0159,0.284,14.7
MUM-ZN02650,Mumbai,18.964071,82.175296,400062,0.267,46.0,74.9,0.1445,0.157,26.43
BEN-ZN02651,Bengaluru,15.722364,85.315866,560085,0.969,32.0,88.3,0.0463,0.204,12.2
PUN-ZN02652,Pune,17.385246,89.768829,411030,0.692,0.0,56.7,0.0451,0.0,14.07
CHE-ZN02653,Chennai,34.779429,76.172313,600107,1.0,69.9,78.6,0.0261,0.491,21.34
KOL-ZN02654,Kolkata,28.242392,70.747596,700080,0.655,12.2,243.4,0.0112,0.193,9.82
CHE-ZN02655,Chennai,21.125619,90.200006,600091,1.0,46.5,108.3,0.1038,0.231,18.5
KOL-ZN02656,Kolkata,36.204295,76.617961,700133,1.0,11.8,176.6,0.0272,0.277,16.96
BEN-ZN02657,Bengaluru,36.509848,77.371028,560093,0.011,6.4,140.9,0.0406,0.102,16.6
MUM-ZN02658,Mumbai,28.508688,91.674787,400047,0.432,115.3,114.0,0.0426,0.091,12.32
DEL-ZN02659,Delhi,31.749103,77.125555,110056,0.492,17.2,96.5,0.0005,0.491,12.84
CHE-ZN02660,Chennai,30.833047,83.759937,600089,0.947,50.0,111.8,0.0787,0.267,29.7
HYD-ZN02661,Hyderabad,21.338464,76.318626,500054,0.636,21.9,138.2,0.0259,0.393,12.52
MUM-ZN02662,Mumbai,26.821273,69.748253,400053,1.0,65.6,59.5,0.1322,0.232,49.91
MUM-ZN02663,Mumbai,36.146098,83.793288,400065,0.516,32.0,108.5,0.0,0.386,11.29
CHE-ZN02664,Chennai,36.782194,92.92495,600058,0.178,51.3,138.3,0.0882,0.244,19.93
PUN-ZN02665,Pune,17.384717,69.75544,411049,0.092,26.0,96.2,0.0252,0.108,9.62
HYD-ZN02666,Hyderabad,22.765218,80.421456,500032,0.137,10.3,73.5,0.0484,0.125,18.63
KOL-ZN02667,Kolkata,29.650069,94.098508,700097,0.449,34.1,93.8,0.0617,0.419,25.53
CHE-ZN02668,Chennai,32.769198,90.545345,600039,0.992,75.2,97.0,0.0294,0.197,18.68
KOL-ZN02669,Kolkata,26.086372,93.68637,700036,0.218,90.6,178.5,0.025,0.273,24.34
HYD-ZN02670,Hyderabad,21.110039,77.831052,500041,0.52,40.3,45.4,0.0267,0.276,19.34
AHM-ZN02671,Ahmedabad,32.743668,95.218446,380041,0.377,4.0,61.4,0.008,0.208,30.87
PUN-ZN02672,Pune,13.578975,83.773563,411053,0.034,18.2,83.8,0.0563,0.255,17.22
CHE-ZN02673,Chennai,31.318851,95.883914,600038,0.494,5.1,74.4,0.0172,0.409,14.81
DEL-ZN02674,Delhi,18.948546,87.287684,110096,0.848,13.0,368.3,0.0001,0.196,30.45
PUN-ZN02675,Pune,30.414057,88.742439,411045,0.577,38.2,173.3,0.0149,0.694,26.42
PUN-ZN02676,Pune,24.820163,81.418098,411048,0.832,32.1,104.1,0.0081,0.272,43.06
AHM-ZN02677,Ahmedabad,20.121033,91.35755,380061,0.958,37.2,51.9,0.0719,0.127,25.85
AHM-ZN02678,Ahmedabad,8.712978,87.851365,380023,0.008,21.8,76.7,0.0196,0.302,18.88
KOL-ZN02679,Kolkata,21.617931,89.965308,700048,0.769,51.2,150.4,0.0142,0.141,10.54
DEL-ZN02680,Delhi,24.553131,93.166614,110016,0.36,0.0,306.0,0.03,0.313,8.14
BEN-ZN02681,Bengaluru,13.18674,84.585427,560036,0.952,51.0,105.1,0.0423,0.404,36.96
BEN-ZN02682,Bengaluru,35.061616,88.349236,560018,0.319,27.4,159.8,0.08,0.176,18.14
MUM-ZN02683,Mumbai,33.14417,90.164449,400051,0.074,60.5,177.3,0.0183,0.133,12.57
HYD-ZN02684,Hyderabad,14.978936,84.8132,500094,0.087,17.3,108.8,0.0,0.476,13.81
HYD-ZN02685,Hyderabad,15.962665,78.673653,500009,0.601,35.4,106.5,0.0051,0.563,11.1
BEN-ZN02686,Bengaluru,17.23063,94.028688,560031,0.143,89.0,119.1,0.0,0.398,22.53
KOL-ZN02687,Kolkata,30.208855,69.483813,700060,1.0,0.0,182.2,0.0176,0.129,14.24
PUN-ZN02688,Pune,14.515082,73.887734,411059,0.579,18.6,168.7,0.0949,0.167,18.78
BEN-ZN02689,Bengaluru,20.501682,73.532737,560086,0.869,14.1,126.3,0.117,0.459,17.42
MUM-ZN02690,Mumbai,16.942199,80.956539,400097,0.312,19.8,98.2,0.0306,0.326,26.95
PUN-ZN02691,Pune,18.448396,70.90759,411054,0.185,45.9,116.9,0.012,0.53,76.56
PUN-ZN02692,Pune,26.973089,70.678977,411010,0.423,30.4,84.3,0.0091,0.203,11.39
HYD-ZN02693,Hyderabad,9.730794,80.116962,500070,0.911,73.1,50.9,0.0622,0.134,14.09
HYD-ZN02694,Hyderabad,19.192105,95.852053,500027,0.751,12.3,30.0,0.012,0.299,36.31
AHM-ZN02695,Ahmedabad,19.21144,87.871453,380034,0.119,72.2,85.0,0.0379,0.404,23.61
BEN-ZN02696,Bengaluru,14.116114,84.721974,560047,0.115,3.5,130.1,0.0097,0.209,13.7
AHM-ZN02697,Ahmedabad,13.135707,85.341563,380042,0.674,25.9,136.2,0.0318,0.227,15.63
KOL-ZN02698,Kolkata,19.456748,95.054349,700055,0.5,21.8,244.7,0.0757,0.314,35.75
CHE-ZN02699,Chennai,10.262989,73.868364,600005,1.0,22.4,71.2,0.0044,0.294,12.75
KOL-ZN02700,Kolkata,19.235902,70.990706,700041,0.969,14.9,233.0,0.0053,0.204,8.76
PUN-ZN02701,Pune,36.055972,72.415217,411050,0.568,0.0,142.7,0.1333,0.354,20.55
CHE-ZN02702,Chennai,35.395781,88.328963,600104,0.817,0.0,58.0,0.0927,0.311,29.24
MUM-ZN02703,Mumbai,22.951434,91.488297,400101,0.534,39.5,152.6,0.0951,0.081,25.69
AHM-ZN02704,Ahmedabad,16.157343,70.341347,380006,0.337,18.3,103.4,0.0224,0.332,27.83
CHE-ZN02705,Chennai,15.369685,86.907939,600057,0.271,22.8,60.7,0.0179,0.214,9.5
MUM-ZN02706,Mumbai,14.633403,70.755501,400092,0.906,25.7,122.7,0.0731,0.198,16.04
DEL-ZN02707,Delhi,19.257486,74.811186,110049,0.898,13.3,83.5,0.0174,0.168,22.09
BEN-ZN02708,Bengaluru,36.557244,96.161735,560068,0.646,50.6,110.4,0.0721,0.134,16.27
HYD-ZN02709,Hyderabad,32.275487,76.874785,500038,0.062,5.5,113.2,0.0819,0.187,24.65
HYD-ZN02710,Hyderabad,21.157729,94.499855,500049,0.193,3.7,83.9,0.0704,0.169,11.66
BEN-ZN02711,Bengaluru,33.956871,78.207864,560098,0.968,31.7,43.7,0.0905,0.209,9.26
MUM-ZN02712,Mumbai,22.832053,83.284412,400011,0.35,67.0,159.1,0.0627,0.294,19.22
PUN-ZN02713,Pune,29.202316,90.449984,411048,0.712,25.2,100.4,0.0145,0.384,9.09
MUM-ZN02714,Mumbai,13.297027,79.294515,400001,1.0,50.8,63.7,0.0201,0.126,8.2
PUN-ZN02715,Pune,25.142997,86.477126,411029,0.381,5.7,73.9,0.0253,0.533,38.31
HYD-ZN02716,Hyderabad,13.778297,92.050028,500080,0.807,9.5,96.9,0.0493,0.309,8.77
PUN-ZN02717,Pune,33.845032,71.888831,411020,0.515,50.1,106.3,0.0871,0.444,27.2
DEL-ZN02718,Delhi,35.967711,80.075982,110081,0.704,14.3,102.5,0.0743,0.358,8.71
KOL-ZN02719,Kolkata,17.264037,81.648511,700057,1.0,19.6,128.0,0.0078,0.227,48.78
DEL-ZN02720,Delhi,20.486631,69.623371,110023,0.807,13.0,340.7,0.103,0.521,22.7
KOL-ZN02721,Kolkata,12.433413,74.132321,700135,1.0,16.8,65.6,0.0415,0.605,51.69
CHE-ZN02722,Chennai,18.049809,89.533538,600004,1.0,24.3,106.2,0.0,0.392,23.82
DEL-ZN02723,Delhi,31.207334,86.624934,110002,0.532,23.4,355.0,0.0,0.245,19.45
AHM-ZN02724,Ahmedabad,29.922534,85.879803,380024,0.549,23.8,89.5,0.0258,0.451,6.88
BEN-ZN02725,Bengaluru,15.072604,87.10461,560045,0.076,37.4,90.4,0.1053,0.402,19.18
MUM-ZN02726,Mumbai,32.375473,80.577912,400013,0.714,19.9,109.2,0.0369,0.082,12.05
HYD-ZN02727,Hyderabad,14.785564,74.448884,500026,0.801,29.2,101.8,0.0652,0.37,33.14
AHM-ZN02728,Ahmedabad,30.154821,75.387009,380037,0.205,38.3,113.4,0.1161,0.154,21.06
HYD-ZN02729,Hyderabad,15.408563,91.500971,500022,0.514,119.3,102.5,0.0031,0.56,20.73
BEN-ZN02730,Bengaluru,16.488497,89.994669,560023,0.089,46.4,97.7,0.0511,0.508,43.61
MUM-ZN02731,Mumbai,31.800001,73.217178,400086,0.45,19.1,96.3,0.1238,0.346,8.04
DEL-ZN02732,Delhi,18.3396,86.953688,110007,0.128,11.4,36.8,0.0,0.146,13.93
HYD-ZN02733,Hyderabad,12.02206,92.497548,500051,0.85,14.1,125.3,0.032,0.361,16.98
MUM-ZN02734,Mumbai,11.485748,91.645054,400054,0.705,30.0,111.6,0.0273,0.155,18.42
PUN-ZN02735,Pune,12.821092,95.980956,411055,0.412,6.6,80.0,0.0119,0.192,37.44
MUM-ZN02736,Mumbai,21.839568,74.611218,400092,1.0,0.0,67.8,0.0376,0.159,22.42
KOL-ZN02737,Kolkata,29.745234,85.404146,700060,0.05,0.9,117.7,0.0395,0.359,12.06
KOL-ZN02738,Kolkata,14.919684,75.164881,700044,0.916,11.7,135.8,0.0102,0.68,15.98
MUM-ZN02739,Mumbai,29.514204,72.883209,400033,0.201,96.9,145.9,0.0637,0.128,19.74
PUN-ZN02740,Pune,31.608431,90.861488,411016,0.955,20.1,99.8,0.1226,0.331,25.21
CHE-ZN02741,Chennai,22.669021,76.16972,600013,0.343,29.3,154.1,0.009,0.385,13.22
CHE-ZN02742,Chennai,21.973108,79.396554,600066,0.354,19.6,130.2,0.0088,0.266,17.93
KOL-ZN02743,Kolkata,12.476436,89.208926,700092,0.898,34.6,113.5,0.1172,0.107,15.96
MUM-ZN02744,Mumbai,13.541242,96.574853,400067,1.0,85.7,135.5,0.033,0.562,16.9
KOL-ZN02745,Kolkata,31.8128,76.336984,700106,0.427,41.4,164.9,0.0332,0.253,19.71
CHE-ZN02746,Chennai,32.055161,85.13271,600012,0.876,25.0,70.0,0.0536,0.032,8.46
HYD-ZN02747,Hyderabad,31.552009,77.648298,500008,0.469,0.0,30.0,0.0532,0.13,13.38
AHM-ZN02748,Ahmedabad,27.162936,77.702817,380002,0.233,27.4,112.5,0.0131,0.475,27.75
DEL-ZN02749,Delhi,24.155719,94.427854,110060,0.239,24.7,120.9,0.1059,0.079,18.6
BEN-ZN02750,Bengaluru,11.038407,85.814381,560062,0.818,2.8,108.9,0.028,0.44,14.45
KOL-ZN02751,Kolkata,15.457512,84.599248,700060,0.275,70.3,30.0,0.0035,0.183,35.89
DEL-ZN02752,Delhi,28.062635,81.6783,110063,0.138,17.2,72.4,0.001,0.387,21.23
MUM-ZN02753,Mumbai,8.857318,88.590732,400046,0.811,68.0,86.9,0.0168,0.299,11.56
KOL-ZN02754,Kolkata,34.545344,83.368761,700085,0.467,17.0,62.5,0.0798,0.287,28.77
AHM-ZN02755,Ahmedabad,29.87505,81.887022,380050,0.452,0.0,69.0,0.0191,0.189,13.14
PUN-ZN02756,Pune,19.740978,95.423234,411029,0.015,77.0,55.7,0.0563,0.088,23.87
CHE-ZN02757,Chennai,19.418984,89.158725,600075,0.441,45.5,93.9,0.0133,0.198,36.84
KOL-ZN02758,Kolkata,11.00257,68.193721,700028,0.384,26.6,119.2,0.0121,0.029,69.45
MUM-ZN02759,Mumbai,13.595858,82.985982,400027,0.529,37.0,105.5,0.1196,0.114,18.33
BEN-ZN02760,Bengaluru,18.312115,92.870048,560102,0.627,13.2,89.8,0.0,0.274,9.89
KOL-ZN02761,Kolkata,8.137667,74.262406,700064,0.414,29.1,122.7,0.0197,0.531,16.5
DEL-ZN02762,Delhi,19.66246,71.965239,110078,0.997,30.4,81.7,0.1649,0.127,33.34
HYD-ZN02763,Hyderabad,22.011385,80.79355,500017,0.068,9.5,93.9,0.0303,0.274,20.5
PUN-ZN02764,Pune,20.143335,76.400404,411036,0.915,37.2,120.4,0.0938,0.423,9.5
CHE-ZN02765,Chennai,27.326742,70.860767,600051,1.0,46.7,87.1,0.0147,0.319,28.33
AHM-ZN02766,Ahmedabad,23.173953,81.338064,380010,0.452,22.9,125.0,0.1126,0.249,14.23
DEL-ZN02767,Delhi,15.206312,75.079034,110050,0.329,0.0,114.8,0.0028,0.536,16.53
BEN-ZN02768,Bengaluru,25.68461,93.496434,560066,0.74,57.9,181.1,0.043,0.08,18.76
CHE-ZN02769,Chennai,8.331298,95.733235,600092,0.048,78.0,144.7,0.0298,0.215,22.63
HYD-ZN02770,Hyderabad,11.933829,88.247418,500051,0.097,1.1,113.8,0.1225,0.23,22.78
HYD-ZN02771,Hyderabad,13.457975,85.402555,500072,0.731,27.0,128.8,0.0356,0.188,25.76
CHE-ZN02772,Chennai,16.418113,93.087212,600024,0.545,12.2,70.2,0.0062,0.389,19.51
KOL-ZN02773,Kolkata,25.962637,85.469907,700078,1.0,33.6,233.5,0.0421,0.182,30.17
HYD-ZN02774,Hyderabad,15.897703,82.19388,500087,0.311,0.0,56.1,0.1246,0.097,19.97
AHM-ZN02775,Ahmedabad,32.830201,69.071288,380049,0.484,4.9,145.4,0.1695,0.289,26.49
MUM-ZN02776,Mumbai,24.701783,80.093319,400069,0.624,47.2,103.3,0.0335,0.598,9.82
KOL-ZN02777,Kolkata,18.573225,90.963843,700087,0.074,22.7,115.0,0.0189,0.322,32.77
AHM-ZN02778,Ahmedabad,35.42843,74.757417,380025,0.873,0.0,123.6,0.0029,0.402,102.28
MUM-ZN02779,Mumbai,27.236383,90.426135,400033,0.198,0.0,139.9,0.0058,0.365,35.95
HYD-ZN02780,Hyderabad,21.634117,94.347187,500052,0.198,53.6,77.3,0.0209,0.258,41.33
DEL-ZN02781,Delhi,34.752876,83.047775,110096,0.843,22.7,438.1,0.0196,0.551,12.93
KOL-ZN02782,Kolkata,31.500382,88.467089,700128,0.278,38.2,163.5,0.0,0.017,37.25
PUN-ZN02783,Pune,26.122086,76.0595,411014,0.447,18.0,155.5,0.0098,0.322,51.43
AHM-ZN02784,Ahmedabad,32.809125,94.44532,380052,0.792,48.4,38.8,0.0099,0.385,11.58
AHM-ZN02785,Ahmedabad,27.190911,91.25442,380044,0.141,20.7,83.0,0.0093,0.54,18.92
PUN-ZN02786,Pune,35.63374,84.709029,411007,0.514,20.9,113.0,0.0,0.161,26.8
HYD-ZN02787,Hyderabad,22.682717,73.250107,500053,0.359,24.3,120.0,0.0763,0.145,30.42
KOL-ZN02788,Kolkata,30.132728,71.442727,700068,0.041,37.9,189.2,0.2287,0.518,17.11
HYD-ZN02789,Hyderabad,20.749958,84.122019,500092,0.859,29.9,145.9,0.0041,0.068,10.07
AHM-ZN02790,Ahmedabad,35.058294,71.200917,380010,0.821,0.0,30.0,0.072,0.153,28.73
HYD-ZN02791,Hyderabad,31.46729,88.13293,500071,0.436,23.3,85.4,0.0,0.355,16.5
BEN-ZN02792,Bengaluru,32.389479,85.01855,560016,0.886,33.4,89.5,0.1615,0.1,28.09
AHM-ZN02793,Ahmedabad,29.986057,86.089989,380055,0.429,18.1,125.0,0.0046,0.038,9.91
HYD-ZN02794,Hyderabad,34.44209,72.773542,500074,0.91,7.9,137.3,0.0628,0.408,17.75
DEL-ZN02795,Delhi,26.111098,79.725703,110082,0.217,16.1,137.4,0.0253,0.192,13.86
KOL-ZN02796,Kolkata,10.897697,88.174966,700144,0.271,32.5,152.6,0.0213,0.365,9.35
HYD-ZN02797,Hyderabad,13.605731,88.684603,500008,0.985,9.4,129.8,0.0134,0.451,14.16
KOL-ZN02798,Kolkata,14.220632,94.076837,700053,1.0,22.4,209.3,0.0061,0.101,28.62
HYD-ZN02799,Hyderabad,18.683892,79.703226,500064,0.059,77.0,107.5,0.0869,0.428,23.76
AHM-ZN02800,Ahmedabad,31.825833,80.621008,380040,0.263,17.8,145.7,0.0294,0.236,13.34
KOL-ZN02801,Kolkata,23.875661,94.737014,700025,1.0,6.7,134.2,0.05,0.223,21.44
KOL-ZN02802,Kolkata,8.06573,69.714185,700070,0.309,35.2,88.3,0.0426,0.045,11.64
AHM-ZN02803,Ahmedabad,18.718155,69.308936,380016,0.195,19.0,63.4,0.1075,0.357,10.55
MUM-ZN02804,Mumbai,29.070962,77.058109,400100,1.0,15.0,147.1,0.0384,0.333,14.36
AHM-ZN02805,Ahmedabad,30.2932,85.610748,380011,0.964,2.9,77.8,0.0108,0.37,13.23
PUN-ZN02806,Pune,23.197584,72.678528,411047,0.681,0.0,148.0,0.0424,0.217,20.24
HYD-ZN02807,Hyderabad,29.725586,76.859619,500059,0.276,46.8,69.2,0.0142,0.086,18.43
KOL-ZN02808,Kolkata,15.500071,85.072021,700125,1.0,28.5,136.6,0.115,0.121,24.96
BEN-ZN02809,Bengaluru,33.987755,78.870185,560103,0.201,22.0,127.7,0.0963,0.029,30.73
AHM-ZN02810,Ahmedabad,27.99995,91.560986,380027,0.176,7.5,174.9,0.0882,0.159,26.41
HYD-ZN02811,Hyderabad,36.761847,80.915308,500047,0.544,18.7,134.7,0.0325,0.383,23.18
AHM-ZN02812,Ahmedabad,32.253144,88.365146,380061,0.707,23.9,72.3,0.0,0.253,21.77
CHE-ZN02813,Chennai,35.68774,82.045134,600018,1.0,10.0,47.5,0.0562,0.325,31.73
HYD-ZN02814,Hyderabad,13.437913,85.022107,500090,0.069,41.6,127.2,0.0044,0.172,13.75
HYD-ZN02815,Hyderabad,26.779223,85.112635,500056,0.311,76.5,67.2,0.106,0.545,44.24
AHM-ZN02816,Ahmedabad,21.328128,84.189114,380013,0.197,19.2,88.0,0.0228,0.38,12.75
PUN-ZN02817,Pune,8.058652,86.420191,411031,0.854,2.1,64.3,0.0106,0.089,30.26
CHE-ZN02818,Chennai,28.318561,75.458365,600041,1.0,21.7,30.0,0.0482,0.127,13.34
PUN-ZN02819,Pune,35.668642,69.7073,411019,0.574,29.2,130.2,0.0601,0.718,24.77
CHE-ZN02820,Chennai,34.111017,79.861254,600102,0.465,30.6,95.4,0.0219,0.464,23.1
AHM-ZN02821,Ahmedabad,18.211556,81.928608,380001,0.402,3.9,123.2,0.0244,0.232,35.84
DEL-ZN02822,Delhi,36.727766,93.559048,110074,0.214,7.9,458.0,0.0118,0.0,25.72
AHM-ZN02823,Ahmedabad,10.974991,80.46926,380048,0.339,0.0,97.7,0.0163,0.092,11.44
MUM-ZN02824,Mumbai,19.90261,91.105958,400038,1.0,50.1,115.8,0.0185,0.251,15.73
AHM-ZN02825,Ahmedabad,12.561241,88.900303,380059,0.037,0.0,97.6,0.149,0.532,26.75
KOL-ZN02826,Kolkata,14.109118,83.884983,700026,0.14,50.9,178.9,0.0135,0.198,17.97
PUN-ZN02827,Pune,21.393795,71.929309,411056,0.867,69.1,131.5,0.0138,0.268,24.21
AHM-ZN02828,Ahmedabad,9.004722,89.409035,380020,0.97,31.7,78.9,0.036,0.49,12.05
DEL-ZN02829,Delhi,19.491735,96.536553,110030,0.651,12.2,280.0,0.0354,0.353,31.31
DEL-ZN02830,Delhi,17.238452,76.960438,110054,0.719,28.5,184.3,0.0236,0.522,8.52
AHM-ZN02831,Ahmedabad,11.65721,80.13771,380053,0.781,12.3,92.9,0.0048,0.427,3.72
PUN-ZN02832,Pune,31.400068,96.676051,411033,0.96,10.2,132.0,0.1699,0.206,54.62
MUM-ZN02833,Mumbai,27.779547,80.63927,400003,1.0,16.6,123.0,0.0668,0.282,42.87
DEL-ZN02834,Delhi,17.287902,91.070636,110045,0.342,26.2,443.5,0.0425,0.715,22.95
BEN-ZN02835,Bengaluru,19.393259,69.875338,560033,0.538,88.7,100.7,0.0413,0.411,23.04
AHM-ZN02836,Ahmedabad,14.566617,93.088987,380010,0.845,3.2,81.9,0.0,0.366,15.92
MUM-ZN02837,Mumbai,31.650581,88.65418,400050,1.0,105.5,151.1,0.1321,0.119,10.79
PUN-ZN02838,Pune,19.772402,77.366177,411042,0.163,23.8,79.0,0.0662,0.375,32.83
HYD-ZN02839,Hyderabad,14.79504,86.412822,500036,0.574,18.9,111.5,0.1301,0.273,18.73
DEL-ZN02840,Delhi,28.056577,79.944334,110073,0.013,33.3,114.7,0.0657,0.154,25.75
CHE-ZN02841,Chennai,17.713261,88.336982,600129,1.0,25.5,45.9,0.0369,0.48,17.26
PUN-ZN02842,Pune,34.491142,81.524493,411043,0.647,57.8,63.1,0.0464,0.186,20.7
HYD-ZN02843,Hyderabad,24.066595,69.965676,500067,0.724,49.5,82.0,0.045,0.437,18.1
HYD-ZN02844,Hyderabad,21.139436,73.416937,500029,0.282,19.2,119.8,0.1053,0.195,14.89
AHM-ZN02845,Ahmedabad,32.860472,89.959032,380059,0.22,18.1,97.5,0.0535,0.378,47.13
PUN-ZN02846,Pune,16.601763,77.635206,411024,0.097,25.1,122.6,0.0198,0.226,19.23
PUN-ZN02847,Pune,11.196193,71.455134,411029,0.231,13.0,91.2,0.0111,0.469,14.94
HYD-ZN02848,Hyderabad,27.30223,96.471544,500002,0.715,46.6,59.0,0.0116,0.152,14.57
BEN-ZN02849,Bengaluru,26.06394,78.830965,560072,0.707,2.0,93.8,0.0185,0.154,20.92
AHM-ZN02850,Ahmedabad,33.795026,75.741159,380006,0.356,14.4,117.7,0.0406,0.55,31.87
CHE-ZN02851,Chennai,17.966512,87.535276,600112,0.802,66.4,45.4,0.0054,0.228,25.67
BEN-ZN02852,Bengaluru,35.050548,77.220948,560051,0.077,8.6,149.8,0.0001,0.234,19.31
BEN-ZN02853,Bengaluru,33.353425,75.148766,560056,0.869,15.2,128.3,0.028,0.31,44.19
MUM-ZN02854,Mumbai,19.103395,73.425503,400086,0.16,16.5,97.1,0.019,0.236,16.19
DEL-ZN02855,Delhi,18.61993,81.994489,110076,0.407,15.3,42.3,0.008,0.203,53.68
HYD-ZN02856,Hyderabad,10.191132,84.965876,500061,0.504,3.3,58.1,0.1056,0.285,34.71
KOL-ZN02857,Kolkata,25.050886,74.318508,700045,1.0,13.1,112.8,0.0,0.407,10.41
CHE-ZN02858,Chennai,15.746427,93.180755,600086,1.0,18.9,90.5,0.0111,0.219,8.18
MUM-ZN02859,Mumbai,27.4021,86.107958,400064,0.168,101.1,117.4,0.0006,0.258,25.88
BEN-ZN02860,Bengaluru,11.247956,95.199606,560054,0.263,15.1,185.3,0.118,0.361,20.18
PUN-ZN02861,Pune,16.039718,78.924503,411021,0.564,24.9,109.1,0.0388,0.452,11.38
PUN-ZN02862,Pune,30.330619,75.199572,411052,0.929,7.0,85.1,0.0098,0.284,23.0
BEN-ZN02863,Bengaluru,32.558732,90.935095,560100,0.165,17.4,127.6,0.2319,0.136,16.12
MUM-ZN02864,Mumbai,29.502399,82.791681,400001,0.466,79.1,98.1,0.0267,0.326,22.08
KOL-ZN02865,Kolkata,23.312739,71.136074,700150,0.793,13.6,190.5,0.1208,0.49,8.45
AHM-ZN02866,Ahmedabad,10.09675,84.192731,380018,0.156,13.9,96.2,0.0,0.155,20.54
KOL-ZN02867,Kolkata,15.141498,90.273569,700078,0.221,6.7,119.2,0.0968,0.469,9.87
DEL-ZN02868,Delhi,31.475423,93.933005,110066,0.344,20.3,385.2,0.1075,0.252,26.93
AHM-ZN02869,Ahmedabad,29.868206,85.442743,380001,0.208,37.1,44.9,0.1092,0.196,17.53
MUM-ZN02870,Mumbai,23.114674,68.525403,400066,1.0,31.9,102.4,0.1866,0.186,29.29
MUM-ZN02871,Mumbai,17.561313,86.977149,400066,1.0,75.3,139.6,0.0947,0.774,21.12
DEL-ZN02872,Delhi,15.765351,73.585116,110037,0.091,16.6,299.6,0.0526,0.482,21.59
MUM-ZN02873,Mumbai,17.857572,68.966609,400095,0.207,72.8,91.0,0.0231,0.386,30.9
MUM-ZN02874,Mumbai,17.83399,96.446924,400091,1.0,33.5,122.9,0.0928,0.287,11.91
HYD-ZN02875,Hyderabad,35.758689,83.028183,500085,0.531,10.8,71.7,0.0069,0.188,24.17
MUM-ZN02876,Mumbai,26.408147,95.881484,400100,1.0,9.0,175.8,0.0112,0.613,17.21
DEL-ZN02877,Delhi,10.819187,88.348005,110073,0.058,17.0,85.7,0.0241,0.307,12.35
PUN-ZN02878,Pune,8.639171,71.975806,411041,0.668,26.3,110.8,0.0311,0.158,32.14
BEN-ZN02879,Bengaluru,34.465113,93.522842,560056,0.006,50.4,110.1,0.1105,0.226,19.05
PUN-ZN02880,Pune,30.497612,72.181413,411008,0.639,9.8,52.5,0.06,0.461,18.97
HYD-ZN02881,Hyderabad,24.413479,93.054551,500051,0.474,25.9,92.5,0.0101,0.177,42.26
MUM-ZN02882,Mumbai,21.254078,91.453047,400080,0.529,90.8,148.6,0.0179,0.388,9.9
KOL-ZN02883,Kolkata,24.95885,88.017027,700083,0.423,65.7,107.9,0.0658,0.509,19.54
DEL-ZN02884,Delhi,32.569817,79.274992,110075,0.659,1.1,124.6,0.0032,0.045,27.81
MUM-ZN02885,Mumbai,15.096052,70.292014,400034,0.097,38.9,178.1,0.0698,0.08,14.77
PUN-ZN02886,Pune,18.713882,96.089932,411023,0.736,16.7,112.4,0.1185,0.452,43.82
DEL-ZN02887,Delhi,30.011363,79.33155,110063,0.317,26.7,95.5,0.0458,0.116,21.31
DEL-ZN02888,Delhi,14.121371,76.276877,110074,0.384,2.2,227.4,0.1243,0.253,12.67
HYD-ZN02889,Hyderabad,32.631575,76.792984,500065,0.491,0.0,30.0,0.0922,0.119,16.36
PUN-ZN02890,Pune,16.43035,70.912382,411018,0.358,16.3,132.2,0.0003,0.339,25.79
MUM-ZN02891,Mumbai,23.322533,72.180871,400093,1.0,156.9,105.7,0.0444,0.511,16.86
HYD-ZN02892,Hyderabad,13.510878,93.742938,500017,0.064,39.9,81.5,0.0057,0.051,34.58
MUM-ZN02893,Mumbai,21.681147,72.284715,400035,0.145,58.1,119.2,0.0931,0.16,51.17
AHM-ZN02894,Ahmedabad,19.180896,70.72673,380012,0.522,15.6,79.9,0.0116,0.083,28.01
DEL-ZN02895,Delhi,33.885412,87.415537,110073,0.77,42.0,87.9,0.1447,0.226,14.44
HYD-ZN02896,Hyderabad,22.210216,77.297252,500051,0.105,19.8,67.3,0.0892,0.322,34.79
MUM-ZN02897,Mumbai,27.947049,92.801975,400026,1.0,63.1,166.2,0.2021,0.149,16.09
CHE-ZN02898,Chennai,17.05647,95.966545,600057,1.0,0.0,72.2,0.1347,0.108,29.44
KOL-ZN02899,Kolkata,26.371188,94.83976,700037,0.906,110.0,93.6,0.0249,0.137,18.2
AHM-ZN02900,Ahmedabad,22.933787,78.233238,380035,0.931,21.3,112.2,0.125,0.208,18.41
DEL-ZN02901,Delhi,25.095824,68.440152,110079,0.732,12.5,104.4,0.0267,0.34,66.64
HYD-ZN02902,Hyderabad,19.045824,73.688191,500048,0.007,50.6,59.1,0.0466,0.026,36.06
PUN-ZN02903,Pune,31.496825,95.604302,411028,0.437,0.0,109.6,0.0071,0.455,35.43
BEN-ZN02904,Bengaluru,12.026834,80.015224,560031,0.909,6.3,89.4,0.0081,0.378,8.43
BEN-ZN02905,Bengaluru,21.630316,74.690182,560033,0.32,18.2,127.2,0.0805,0.419,14.08
CHE-ZN02906,Chennai,25.777637,85.612762,600089,0.859,41.3,111.4,0.0143,0.276,18.61
AHM-ZN02907,Ahmedabad,32.215802,91.814538,380050,0.245,16.7,39.2,0.2083,0.333,13.39
BEN-ZN02908,Bengaluru,34.247469,90.719315,560018,0.492,32.5,50.7,0.0187,0.137,51.1
MUM-ZN02909,Mumbai,10.549985,81.176157,400011,0.978,34.3,167.7,0.0512,0.391,14.77
MUM-ZN02910,Mumbai,20.194348,84.356824,400047,0.299,38.1,134.9,0.0233,0.167,28.37
BEN-ZN02911,Bengaluru,29.718109,87.155666,560074,0.734,0.0,44.7,0.0124,0.132,11.01
KOL-ZN02912,Kolkata,21.190108,90.531405,700055,0.734,23.9,270.3,0.04,0.463,64.16
DEL-ZN02913,Delhi,36.825442,92.329246,110037,0.747,14.8,337.9,0.0662,0.47,9.51
CHE-ZN02914,Chennai,26.017262,68.888872,600056,1.0,27.9,102.4,0.014,0.09,9.25
CHE-ZN02915,Chennai,29.342724,71.587192,600111,1.0,17.5,30.0,0.0386,0.43,15.41
PUN-ZN02916,Pune,36.023631,92.845607,411041,0.727,11.9,101.2,0.057,0.334,26.89
PUN-ZN02917,Pune,20.238834,82.104219,411048,0.744,52.9,120.0,0.0325,0.188,8.38
AHM-ZN02918,Ahmedabad,21.98004,86.407741,380049,0.751,27.2,98.4,0.0289,0.499,37.31
DEL-ZN02919,Delhi,10.304719,93.301999,110038,0.518,25.7,263.4,0.0145,0.261,26.94
CHE-ZN02920,Chennai,22.769609,75.160089,600120,0.226,7.5,82.4,0.0434,0.324,45.19
BEN-ZN02921,Bengaluru,19.434138,90.978306,560083,0.653,21.0,155.7,0.1367,0.184,34.64
AHM-ZN02922,Ahmedabad,21.59449,81.79466,380040,0.43,31.1,138.4,0.0284,0.202,22.68
CHE-ZN02923,Chennai,13.463289,95.062653,600073,0.976,41.5,111.2,0.0,0.21,9.21
BEN-ZN02924,Bengaluru,17.410571,85.152713,560079,0.111,89.4,130.2,0.0601,0.124,33.18
BEN-ZN02925,Bengaluru,15.646653,78.442419,560098,0.564,76.7,98.2,0.0232,0.444,15.28
AHM-ZN02926,Ahmedabad,21.07935,73.262284,380030,0.212,35.5,72.2,0.0325,0.309,59.76
HYD-ZN02927,Hyderabad,20.931137,77.833232,500022,0.574,21.0,91.2,0.0422,0.119,21.41
HYD-ZN02928,Hyderabad,13.414338,70.894418,500037,0.985,38.3,85.4,0.0094,0.462,21.57
KOL-ZN02929,Kolkata,20.527303,69.010516,700097,0.704,40.0,140.0,0.0722,0.155,6.85
CHE-ZN02930,Chennai,24.890639,79.490846,600126,0.132,63.7,127.6,0.0556,0.263,23.04
KOL-ZN02931,Kolkata,13.114034,90.729353,700074,0.501,65.4,101.2,0.0393,0.353,21.66
HYD-ZN02932,Hyderabad,34.10625,86.149776,500076,0.775,21.9,95.6,0.059,0.247,23.42
CHE-ZN02933,Chennai,18.68668,82.586089,600080,0.811,36.6,73.1,0.0726,0.226,30.42
AHM-ZN02934,Ahmedabad,9.623353,79.116244,380045,0.059,11.5,132.3,0.0129,0.312,5.73
CHE-ZN02935,Chennai,27.791614,73.152089,600088,0.685,19.7,123.7,0.0263,0.165,16.53
BEN-ZN02936,Bengaluru,26.711207,69.582544,560041,0.825,4.8,134.4,0.0143,0.223,41.69
PUN-ZN02937,Pune,10.3552,80.170907,411043,0.413,46.1,86.8,0.059,0.117,31.52
AHM-ZN02938,Ahmedabad,25.169527,76.404523,380048,0.446,35.2,53.4,0.0,0.271,31.45
AHM-ZN02939,Ahmedabad,23.234837,91.00008,380034,0.703,11.5,112.2,0.045,0.182,26.08
PUN-ZN02940,Pune,14.242229,80.013683,411059,0.227,0.0,143.0,0.0386,0.355,28.61
CHE-ZN02941,Chennai,33.222119,77.441476,600075,1.0,24.3,98.8,0.0065,0.021,7.66
HYD-ZN02942,Hyderabad,36.366118,84.987484,500091,0.801,37.8,92.4,0.006,0.178,34.84
DEL-ZN02943,Delhi,28.657924,77.724163,110057,0.389,11.9,49.6,0.035,0.186,32.21
CHE-ZN02944,Chennai,35.632771,77.633466,600014,1.0,50.2,91.0,0.0765,0.393,18.17
KOL-ZN02945,Kolkata,21.358162,82.33555,700147,1.0,16.3,63.7,0.0162,0.0,24.1
BEN-ZN02946,Bengaluru,19.629823,73.70436,560101,0.007,11.3,30.0,0.0147,0.235,28.16
PUN-ZN02947,Pune,33.616889,78.239298,411050,0.059,14.2,128.9,0.0392,0.36,12.49
AHM-ZN02948,Ahmedabad,27.690024,84.535577,380046,0.441,21.8,68.4,0.076,0.47,20.29
BEN-ZN02949,Bengaluru,31.492633,91.034634,560003,0.331,11.6,132.6,0.1119,0.261,22.54
DEL-ZN02950,Delhi,8.673999,68.87459,110096,0.152,0.6,132.2,0.0312,0.07,7.22
BEN-ZN02951,Bengaluru,22.633682,79.826199,560054,0.703,2.5,38.8,0.0322,0.103,31.97
MUM-ZN02952,Mumbai,19.45826,77.272367,400042,1.0,25.6,116.5,0.1755,0.439,31.24
HYD-ZN02953,Hyderabad,24.99903,71.122724,500075,0.962,20.0,66.3,0.0489,0.49,45.21
PUN-ZN02954,Pune,20.91384,86.341529,411051,0.115,27.8,78.5,0.0396,0.328,23.67
MUM-ZN02955,Mumbai,27.250203,68.229756,400092,1.0,45.3,142.0,0.0067,0.231,25.97
HYD-ZN02956,Hyderabad,22.930487,82.028677,500024,0.437,44.0,71.2,0.0617,0.345,14.19
BEN-ZN02957,Bengaluru,27.109783,82.029354,560087,0.884,0.0,93.1,0.0501,0.663,27.5
KOL-ZN02958,Kolkata,33.420531,88.900193,700151,1.0,2.3,127.0,0.0837,0.136,7.37
PUN-ZN02959,Pune,18.137558,87.11767,411040,0.832,8.5,79.2,0.0,0.237,15.58
CHE-ZN02960,Chennai,32.750944,95.545671,600089,0.109,24.0,111.6,0.0717,0.08,11.33
AHM-ZN02961,Ahmedabad,11.604628,81.477709,380048,0.874,4.2,152.8,0.0272,0.203,11.76
DEL-ZN02962,Delhi,13.2212,74.297157,110033,0.248,25.0,49.5,0.1304,0.361,58.14
CHE-ZN02963,Chennai,17.498853,95.391858,600119,0.836,22.8,119.3,0.0,0.262,16.89
AHM-ZN02964,Ahmedabad,27.715521,82.433484,380014,0.975,40.2,99.7,0.0955,0.292,46.65
BEN-ZN02965,Bengaluru,19.252078,92.156327,560043,0.248,59.2,167.6,0.2948,0.133,22.28
AHM-ZN02966,Ahmedabad,17.357455,73.997694,380005,0.313,28.2,145.7,0.0129,0.151,15.41
KOL-ZN02967,Kolkata,28.556922,85.11838,700154,0.549,23.9,292.4,0.0505,0.114,42.21
KOL-ZN02968,Kolkata,8.029275,94.461383,700020,1.0,10.9,164.7,0.0,0.251,46.75
BEN-ZN02969,Bengaluru,33.15609,68.865537,560101,0.756,32.0,42.2,0.1465,0.115,43.19
DEL-ZN02970,Delhi,35.27075,96.747251,110077,0.64,7.1,500.0,0.063,0.15,24.52
AHM-ZN02971,Ahmedabad,32.428701,96.897014,380026,0.013,10.7,125.6,0.0562,0.171,14.14
PUN-ZN02972,Pune,25.523184,82.428548,411043,0.73,16.1,106.4,0.0,0.181,24.76
AHM-ZN02973,Ahmedabad,12.395268,92.495829,380059,0.424,0.0,69.2,0.0076,0.313,20.27
DEL-ZN02974,Delhi,21.324441,89.770261,110022,0.406,8.4,130.6,0.0372,0.441,25.64
CHE-ZN02975,Chennai,18.679317,80.272666,600063,0.964,2.8,149.4,0.0121,0.355,18.19
MUM-ZN02976,Mumbai,14.322691,78.09968,400026,0.059,123.8,100.2,0.0204,0.202,11.08
HYD-ZN02977,Hyderabad,28.738729,93.623739,500042,0.91,40.1,91.2,0.0155,0.825,8.94
AHM-ZN02978,Ahmedabad,29.101759,93.794155,380032,0.657,33.8,110.5,0.0589,0.554,25.38
HYD-ZN02979,Hyderabad,29.149558,81.761914,500072,0.839,49.4,61.5,0.0,0.162,17.38
MUM-ZN02980,Mumbai,27.174404,73.099869,400089,0.66,127.4,120.9,0.0389,0.168,59.98
KOL-ZN02981,Kolkata,31.539075,92.392985,700069,0.624,28.3,149.4,0.1082,0.175,12.93
PUN-ZN02982,Pune,29.725767,95.988922,411005,0.263,18.9,30.0,0.0348,0.107,18.31
PUN-ZN02983,Pune,10.556857,85.672403,411041,0.63,12.2,105.0,0.0,0.098,34.12
CHE-ZN02984,Chennai,27.031563,87.435202,600061,1.0,30.9,117.6,0.0495,0.246,15.2
PUN-ZN02985,Pune,13.105587,95.900061,411029,0.095,76.2,142.5,0.0411,0.436,20.46
PUN-ZN02986,Pune,28.243036,75.41433,411038,0.347,31.2,143.5,0.0753,0.058,16.45
HYD-ZN02987,Hyderabad,9.845358,85.549515,500044,0.54,76.5,49.8,0.0421,0.0,6.13
PUN-ZN02988,Pune,14.31365,68.478786,411042,0.523,51.1,98.2,0.0189,0.191,47.23
CHE-ZN02989,Chennai,19.311983,88.619187,600031,0.478,87.5,172.6,0.0138,0.134,23.75
HYD-ZN02990,Hyderabad,27.685858,79.276383,500008,0.29,18.7,120.3,0.0521,0.265,11.51
AHM-ZN02991,Ahmedabad,33.233683,95.986573,380052,0.27,27.1,108.0,0.009,0.335,22.16
MUM-ZN02992,Mumbai,33.261756,92.338999,400065,0.537,34.3,104.1,0.0353,0.113,20.62
DEL-ZN02993,Delhi,13.929969,86.967041,110026,0.889,38.3,323.9,0.0103,0.465,32.33
AHM-ZN02994,Ahmedabad,29.710116,96.814465,380041,0.877,29.8,87.7,0.0313,0.065,15.89
PUN-ZN02995,Pune,18.581823,72.642655,411060,0.967,26.9,97.1,0.0317,0.331,19.04
BEN-ZN02996,Bengaluru,30.197228,85.275214,560075,0.474,20.4,30.0,0.0997,0.241,33.68
PUN-ZN02997,Pune,20.779336,81.595583,411004,0.01,0.9,108.8,0.0312,0.323,10.98
HYD-ZN02998,Hyderabad,16.64778,85.189006,500092,0.658,17.9,97.5,0.0594,0.357,13.23
AHM-ZN02999,Ahmedabad,10.585981,73.282261,380038,0.127,29.8,127.9,0.1405,0.14,20.85
PUN-ZN03000,Pune,25.660538,85.438319,411007,0.427,37.3,53.0,0.1036,0.222,9.45
KOL-ZN03001,Kolkata,28.410291,73.309341,700123,1.0,32.3,121.0,0.0301,0.319,15.5
MUM-ZN03002,Mumbai,27.048878,84.642535,400028,0.163,48.1,166.8,0.0537,0.258,23.73
DEL-ZN03003,Delhi,14.152199,71.732032,110066,0.208,8.3,500.0,0.017,0.124,12.56
CHE-ZN03004,Chennai,21.657987,75.59278,600006,0.741,40.9,63.8,0.1577,0.077,44.34
DEL-ZN03005,Delhi,15.241699,89.977495,110069,0.675,13.6,160.6,0.0423,0.528,8.82
DEL-ZN03006,Delhi,18.431478,81.978858,110089,0.564,15.2,30.0,0.1437,0.228,23.64
DEL-ZN03007,Delhi,23.262722,73.010668,110081,0.887,9.8,257.5,0.0206,0.32,29.09
HYD-ZN03008,Hyderabad,9.830605,85.122642,500053,0.961,35.1,110.7,0.0071,0.288,5.97
AHM-ZN03009,Ahmedabad,20.636265,96.643255,380024,0.128,9.7,174.0,0.0296,0.146,44.92
BEN-ZN03010,Bengaluru,12.499017,88.088899,560047,0.455,54.9,77.7,0.0185,0.115,19.19
HYD-ZN03011,Hyderabad,24.13479,87.377246,500056,0.455,37.9,51.1,0.0642,0.522,10.91
MUM-ZN03012,Mumbai,30.731211,72.38948,400019,0.418,26.3,80.7,0.005,0.171,13.08
BEN-ZN03013,Bengaluru,25.642233,74.461111,560031,0.912,56.7,164.1,0.0258,0.437,10.73
BEN-ZN03014,Bengaluru,23.751868,80.726005,560079,0.112,38.9,89.5,0.0312,0.134,9.01
DEL-ZN03015,Delhi,18.862365,93.919411,110045,0.302,52.4,253.3,0.1038,0.189,22.91
PUN-ZN03016,Pune,16.709302,95.353404,411027,0.51,23.6,54.2,0.0561,0.402,50.5
KOL-ZN03017,Kolkata,32.664285,82.466268,700106,0.192,17.3,118.9,0.0404,0.527,46.76
HYD-ZN03018,Hyderabad,17.307806,81.19075,500020,0.159,19.5,51.0,0.0796,0.162,36.27
CHE-ZN03019,Chennai,10.978543,68.284427,600032,0.565,12.4,113.1,0.0358,0.203,19.16
HYD-ZN03020,Hyderabad,29.053257,69.429128,500070,0.978,0.0,145.5,0.0658,0.457,13.94
AHM-ZN03021,Ahmedabad,17.166668,89.461002,380053,0.628,18.8,128.6,0.0861,0.257,7.53
MUM-ZN03022,Mumbai,29.668045,77.814134,400015,0.413,87.7,43.2,0.0,0.188,10.63
MUM-ZN03023,Mumbai,17.281754,68.305585,400001,1.0,86.5,160.8,0.1887,0.292,27.82
PUN-ZN03024,Pune,22.107973,82.262851,411062,0.916,111.3,114.0,0.0088,0.245,20.28
KOL-ZN03025,Kolkata,22.4869,70.302001,700055,0.747,29.8,125.9,0.0736,0.133,18.48
PUN-ZN03026,Pune,18.930906,92.072207,411051,0.59,13.4,78.4,0.0303,0.352,12.28
KOL-ZN03027,Kolkata,19.271198,77.584333,700057,0.477,47.7,140.6,0.1904,0.299,50.77
KOL-ZN03028,Kolkata,31.699918,80.837889,700147,0.892,22.9,173.4,0.0084,0.217,15.1
CHE-ZN03029,Chennai,13.760349,81.905839,600038,0.08,35.4,93.7,0.0975,0.05,9.62
PUN-ZN03030,Pune,34.676444,72.937788,411008,0.717,18.8,118.1,0.0145,0.22,31.56
DEL-ZN03031,Delhi,18.002916,73.258227,110063,0.667,33.7,141.7,0.286,0.191,33.27
CHE-ZN03032,Chennai,23.93304,86.525696,600063,0.237,16.2,104.2,0.043,0.135,12.65
HYD-ZN03033,Hyderabad,9.458084,95.945277,500015,0.824,70.6,103.1,0.2369,0.265,37.04
KOL-ZN03034,Kolkata,8.251522,94.34023,700001,0.359,3.6,213.2,0.0952,0.217,29.66
AHM-ZN03035,Ahmedabad,11.786364,80.084554,380040,0.377,50.9,154.3,0.0254,0.006,9.89
PUN-ZN03036,Pune,12.751519,70.205021,411023,0.894,103.6,142.8,0.0244,0.183,11.03
AHM-ZN03037,Ahmedabad,21.076008,96.318694,380027,0.055,8.0,112.4,0.0146,0.51,8.05
MUM-ZN03038,Mumbai,24.592072,89.781165,400041,0.389,80.9,129.6,0.0587,0.331,11.48
DEL-ZN03039,Delhi,25.58845,70.700881,110039,0.289,20.9,123.0,0.1193,0.222,25.44
CHE-ZN03040,Chennai,19.277142,78.580322,600113,0.945,61.9,96.3,0.0659,0.193,24.61
HYD-ZN03041,Hyderabad,23.195209,91.380928,500065,0.334,15.8,93.2,0.0517,0.096,19.48
HYD-ZN03042,Hyderabad,34.191584,93.290663,500058,0.465,27.2,143.0,0.0278,0.478,10.69
CHE-ZN03043,Chennai,11.283713,86.320694,600065,0.39,31.2,77.5,0.0618,0.476,17.06
KOL-ZN03044,Kolkata,35.784779,88.960418,700100,0.824,4.9,249.1,0.0,0.387,10.74
PUN-ZN03045,Pune,15.051592,84.370123,411012,0.653,0.0,126.8,0.0359,0.29,17.32
AHM-ZN03046,Ahmedabad,15.278257,81.825191,380018,0.055,13.6,57.7,0.0416,0.138,17.56
AHM-ZN03047,Ahmedabad,26.566091,70.301407,380015,0.944,5.5,118.7,0.0253,0.607,23.28
KOL-ZN03048,Kolkata,22.941185,80.886891,700099,0.945,32.7,178.4,0.011,0.3,16.61
DEL-ZN03049,Delhi,34.905416,89.922662,110067,0.322,11.9,67.3,0.0027,0.019,38.73
HYD-ZN03050,Hyderabad,18.826072,85.186195,500086,0.883,5.6,142.7,0.0,0.126,19.08
CHE-ZN03051,Chennai,11.678154,73.434574,600011,0.067,55.2,66.3,0.0797,0.098,14.05
MUM-ZN03052,Mumbai,34.626197,77.386933,400002,0.509,0.0,136.6,0.1583,0.046,24.25
KOL-ZN03053,Kolkata,18.169719,71.285989,700059,1.0,9.2,139.2,0.0036,0.715,34.67
HYD-ZN03054,Hyderabad,23.965346,76.247092,500042,0.018,46.9,149.3,0.0185,0.42,21.95
DEL-ZN03055,Delhi,24.577925,76.040223,110024,0.849,66.6,116.9,0.0331,0.35,17.52
PUN-ZN03056,Pune,11.644866,87.07353,411056,0.221,48.7,122.3,0.0813,0.528,29.84
DEL-ZN03057,Delhi,36.439591,73.464871,110030,0.339,8.5,58.7,0.1061,0.15,37.31
MUM-ZN03058,Mumbai,30.46852,90.127075,400044,1.0,6.5,121.2,0.0444,0.193,26.82
CHE-ZN03059,Chennai,18.783919,90.95159,600095,0.088,6.5,104.8,0.1353,0.229,27.04
AHM-ZN03060,Ahmedabad,17.099286,94.298534,380038,0.126,18.2,147.8,0.0584,0.233,16.21
MUM-ZN03061,Mumbai,24.539329,96.928435,400021,1.0,83.9,154.6,0.033,0.679,8.98
BEN-ZN03062,Bengaluru,29.176846,71.481108,560052,0.982,9.2,87.5,0.0175,0.29,14.23
AHM-ZN03063,Ahmedabad,24.244067,90.153307,380021,0.712,3.6,59.1,0.0774,0.54,14.0
AHM-ZN03064,Ahmedabad,22.623172,92.927358,380010,0.886,8.0,91.8,0.2608,0.199,13.27
AHM-ZN03065,Ahmedabad,36.542721,81.487015,380061,0.034,22.6,97.0,0.0,0.083,33.23
CHE-ZN03066,Chennai,9.374661,95.027054,600117,0.383,7.4,54.9,0.0048,0.168,20.8
CHE-ZN03067,Chennai,33.161542,92.520766,600106,0.249,27.4,132.2,0.0,0.212,18.47
AHM-ZN03068,Ahmedabad,27.063053,96.877281,380033,0.704,0.0,30.0,0.0,0.446,35.94
HYD-ZN03069,Hyderabad,36.306382,90.937934,500097,0.89,30.6,100.8,0.0391,0.463,26.49
KOL-ZN03070,Kolkata,16.045801,78.550195,700012,0.819,0.0,193.8,0.0,0.411,23.82
BEN-ZN03071,Bengaluru,25.417441,72.555263,560079,0.355,16.4,86.8,0.0412,0.473,22.74
MUM-ZN03072,Mumbai,27.901791,68.499314,400057,0.354,52.4,30.0,0.0097,0.333,17.04
CHE-ZN03073,Chennai,28.609438,88.002346,600038,1.0,24.7,68.6,0.1173,0.154,23.81
HYD-ZN03074,Hyderabad,12.283775,82.987017,500045,0.036,13.3,58.3,0.0174,0.297,26.71
PUN-ZN03075,Pune,14.890452,77.644424,411020,0.853,3.7,125.1,0.0498,0.384,11.65
DEL-ZN03076,Delhi,29.397246,80.335296,110016,0.449,7.9,338.0,0.0656,0.171,21.75
AHM-ZN03077,Ahmedabad,20.820225,73.895606,380036,0.041,62.9,60.9,0.0503,0.094,11.97
AHM-ZN03078,Ahmedabad,12.773123,91.244855,380021,0.94,35.5,119.4,0.0744,0.02,16.58
DEL-ZN03079,Delhi,28.783656,85.119,110071,0.143,13.8,109.8,0.054,0.154,28.56
MUM-ZN03080,Mumbai,36.484355,87.466434,400039,1.0,4.2,152.1,0.0454,0.328,17.41
AHM-ZN03081,Ahmedabad,17.550594,77.147278,380013,0.225,1.3,92.4,0.0543,0.252,30.87
MUM-ZN03082,Mumbai,18.572423,89.507973,400044,1.0,67.6,142.4,0.0185,0.124,37.92
AHM-ZN03083,Ahmedabad,12.11612,83.125638,380056,0.989,34.2,71.8,0.0857,0.263,26.69
HYD-ZN03084,Hyderabad,8.963868,81.149724,500090,0.63,41.4,33.2,0.2064,0.121,29.12
HYD-ZN03085,Hyderabad,10.380066,73.506576,500006,0.332,0.0,45.8,0.0518,0.45,58.87
PUN-ZN03086,Pune,21.004595,69.87995,411009,0.41,2.4,139.5,0.0081,0.21,10.35
DEL-ZN03087,Delhi,17.20959,83.877773,110071,0.396,19.5,114.6,0.0558,0.205,37.48
MUM-ZN03088,Mumbai,32.010375,73.311677,400067,0.177,70.1,95.1,0.1062,0.335,11.68
CHE-ZN03089,Chennai,21.044071,93.4452,600040,0.901,31.2,93.1,0.0235,0.139,16.04
KOL-ZN03090,Kolkata,36.377191,89.026316,700044,0.431,34.3,142.0,0.0479,0.19,22.37
DEL-ZN03091,Delhi,14.45815,70.999324,110031,0.469,11.0,425.3,0.037,0.145,18.7
PUN-ZN03092,Pune,27.966206,84.424397,411054,0.78,23.8,97.8,0.0,0.215,24.41
HYD-ZN03093,Hyderabad,23.390152,68.966835,500072,0.69,24.6,137.8,0.016,0.51,26.14
CHE-ZN03094,Chennai,36.355549,80.326502,600032,1.0,22.6,102.2,0.0026,0.611,24.71
AHM-ZN03095,Ahmedabad,12.694613,83.536176,380028,0.864,32.5,77.8,0.0,0.465,8.93
PUN-ZN03096,Pune,9.331909,79.573626,411031,0.523,37.7,118.0,0.0714,0.143,25.55
HYD-ZN03097,Hyderabad,24.359533,81.018169,500032,0.44,0.1,110.3,0.1122,0.262,28.83
HYD-ZN03098,Hyderabad,16.427709,91.515632,500041,0.19,40.4,87.3,0.0331,0.156,8.72
AHM-ZN03099,Ahmedabad,21.960334,87.109254,380023,0.663,22.8,111.3,0.0837,0.229,20.87
KOL-ZN03100,Kolkata,9.133877,77.518076,700137,1.0,14.8,157.6,0.0,0.205,29.07
DEL-ZN03101,Delhi,8.747938,83.676807,110041,0.856,2.5,69.2,0.0233,0.072,23.23
AHM-ZN03102,Ahmedabad,12.386211,77.935755,380033,0.697,0.0,106.8,0.0751,0.138,112.71
HYD-ZN03103,Hyderabad,30.741415,86.249225,500006,0.73,11.0,100.8,0.0,0.305,25.75
MUM-ZN03104,Mumbai,12.434564,95.294788,400003,1.0,24.3,128.9,0.0224,0.29,10.11
DEL-ZN03105,Delhi,18.725608,90.887076,110095,0.386,21.8,59.7,0.0,0.335,9.16
CHE-ZN03106,Chennai,11.39134,78.990278,600031,1.0,31.9,138.7,0.0516,0.537,18.14
DEL-ZN03107,Delhi,10.493725,86.421148,110081,0.144,0.0,100.7,0.0748,0.232,18.89
PUN-ZN03108,Pune,10.590642,86.789209,411002,0.147,30.0,101.9,0.2197,0.095,33.62
KOL-ZN03109,Kolkata,20.773069,86.97774,700012,0.567,41.2,111.1,0.1198,0.271,23.26
MUM-ZN03110,Mumbai,33.278756,77.04479,400071,0.37,39.1,133.5,0.1241,0.085,36.7
MUM-ZN03111,Mumbai,35.51993,84.058194,400018,1.0,58.2,95.6,0.0234,0.478,37.46
AHM-ZN03112,Ahmedabad,8.670009,93.350071,380037,0.334,24.4,114.2,0.1337,0.123,20.29
MUM-ZN03113,Mumbai,34.878732,79.148383,400078,0.215,94.0,199.0,0.0191,0.059,8.85
CHE-ZN03114,Chennai,17.628973,86.824607,600130,0.758,17.7,100.0,0.0927,0.393,25.88
CHE-ZN03115,Chennai,30.866806,79.418503,600056,0.687,0.0,99.0,0.0163,0.215,32.39
KOL-ZN03116,Kolkata,22.129918,93.254003,700078,1.0,16.1,137.4,0.0019,0.129,49.01
HYD-ZN03117,Hyderabad,30.365248,94.572829,500013,0.374,41.3,100.2,0.1669,0.345,33.68
MUM-ZN03118,Mumbai,23.195351,74.407003,400045,0.645,177.9,217.0,0.2997,0.24,31.57
KOL-ZN03119,Kolkata,33.264161,87.368603,700067,1.0,44.9,93.1,0.0124,0.042,15.69
PUN-ZN03120,Pune,19.639951,75.185757,411039,0.207,41.4,52.3,0.1899,0.135,17.31
MUM-ZN03121,Mumbai,29.159305,75.535647,400028,1.0,128.7,130.6,0.0022,0.117,13.16
MUM-ZN03122,Mumbai,15.923531,96.213947,400093,0.677,55.3,159.3,0.0133,0.196,14.19
PUN-ZN03123,Pune,22.378641,72.805787,411021,0.882,3.3,98.4,0.0273,0.385,12.17
KOL-ZN03124,Kolkata,8.297122,84.685251,700029,0.628,37.0,159.4,0.0623,0.263,19.25
AHM-ZN03125,Ahmedabad,9.476961,84.806938,380061,0.67,7.3,111.0,0.0271,0.255,24.27
CHE-ZN03126,Chennai,10.131969,91.91441,600129,0.134,27.2,112.9,0.0364,0.429,19.8
PUN-ZN03127,Pune,36.119362,95.818164,411059,0.217,17.7,89.7,0.0192,0.334,14.93
DEL-ZN03128,Delhi,14.46347,68.516729,110081,0.331,13.7,78.5,0.0393,0.298,15.86
KOL-ZN03129,Kolkata,19.012108,71.148874,700047,1.0,0.0,114.4,0.043,0.433,19.43
DEL-ZN03130,Delhi,18.580198,70.933289,110033,0.599,0.0,103.5,0.0603,0.234,15.61
KOL-ZN03131,Kolkata,34.896925,79.166603,700040,1.0,15.6,55.0,0.0198,0.199,9.84
AHM-ZN03132,Ahmedabad,14.717391,72.488839,380023,0.247,9.4,98.3,0.1563,0.401,11.12
PUN-ZN03133,Pune,11.132145,80.799879,411038,0.733,35.3,86.6,0.0851,0.181,13.08
AHM-ZN03134,Ahmedabad,19.445202,90.33803,380011,0.135,0.0,129.0,0.0426,0.322,16.92
HYD-ZN03135,Hyderabad,34.908559,90.961626,500082,0.015,12.6,96.3,0.2535,0.614,25.46
KOL-ZN03136,Kolkata,22.160193,78.551939,700143,0.18,19.0,168.1,0.0264,0.142,17.47
AHM-ZN03137,Ahmedabad,11.472257,94.20855,380042,0.924,27.0,85.3,0.1452,0.472,19.56
DEL-ZN03138,Delhi,29.994894,90.446189,110013,0.746,8.0,135.1,0.0036,0.215,15.62
MUM-ZN03139,Mumbai,33.920382,73.0022,400011,1.0,60.6,166.2,0.1802,0.235,25.68
KOL-ZN03140,Kolkata,20.986122,94.002977,700086,1.0,63.2,123.6,0.0873,0.298,23.33
KOL-ZN03141,Kolkata,15.612277,71.038875,700048,1.0,1.1,171.3,0.0159,0.389,15.84
KOL-ZN03142,Kolkata,16.233937,78.005047,700129,1.0,4.4,171.7,0.0393,0.428,15.55
BEN-ZN03143,Bengaluru,25.388257,90.955016,560095,0.043,66.7,135.5,0.0044,0.392,19.36
KOL-ZN03144,Kolkata,29.12361,78.704205,700023,0.047,70.7,30.0,0.1752,0.507,17.93
DEL-ZN03145,Delhi,32.2215,95.028776,110060,0.583,12.5,126.6,0.0151,0.525,10.23
MUM-ZN03146,Mumbai,15.374424,82.673462,400055,1.0,21.0,30.0,0.0345,0.178,19.59
MUM-ZN03147,Mumbai,25.485272,91.506951,400104,0.336,36.9,107.6,0.0875,0.673,58.99
AHM-ZN03148,Ahmedabad,15.149385,79.373131,380021,0.303,36.2,159.4,0.0285,0.304,16.48
BEN-ZN03149,Bengaluru,17.061293,73.034959,560061,0.735,20.5,175.0,0.0326,0.444,13.53
PUN-ZN03150,Pune,8.070489,91.247783,411019,0.987,2.2,99.8,0.0151,0.468,63.56
DEL-ZN03151,Delhi,17.018795,75.584357,110035,0.781,20.9,413.6,0.0531,0.1,13.4
BEN-ZN03152,Bengaluru,20.624586,71.595252,560046,0.926,10.0,66.6,0.0874,0.291,28.79
KOL-ZN03153,Kolkata,12.492752,78.243431,700099,1.0,39.7,186.0,0.2036,0.121,27.93
CHE-ZN03154,Chennai,12.157973,95.395065,600040,1.0,84.0,122.4,0.0,0.323,12.29
CHE-ZN03155,Chennai,23.467511,95.226767,600093,0.99,29.6,38.4,0.0,0.308,4.99
DEL-ZN03156,Delhi,32.43151,84.693545,110046,0.549,14.4,53.3,0.054,0.218,18.33
BEN-ZN03157,Bengaluru,33.251258,86.224453,560099,0.887,14.6,53.6,0.0735,0.466,13.48
AHM-ZN03158,Ahmedabad,17.838785,78.66594,380058,0.325,14.0,135.3,0.0344,0.212,59.31
MUM-ZN03159,Mumbai,22.806057,75.942241,400068,0.669,0.0,45.6,0.02,0.221,20.0
MUM-ZN03160,Mumbai,20.719452,81.653578,400020,0.609,25.7,75.1,0.0097,0.274,30.12
CHE-ZN03161,Chennai,13.960139,68.945954,600048,0.463,21.7,117.9,0.021,0.437,27.29
CHE-ZN03162,Chennai,22.172673,95.152642,600064,0.356,112.8,100.6,0.0742,0.28,15.16
PUN-ZN03163,Pune,21.626005,81.087758,411016,0.411,32.5,116.2,0.0118,0.213,11.68
PUN-ZN03164,Pune,11.635852,80.967547,411047,0.153,34.7,95.2,0.0,0.033,40.2
AHM-ZN03165,Ahmedabad,16.451192,93.580563,380022,0.275,6.9,89.5,0.1354,0.367,19.1
DEL-ZN03166,Delhi,24.838389,92.491187,110050,0.582,25.1,118.5,0.1198,0.27,14.63
AHM-ZN03167,Ahmedabad,26.564792,81.276329,380019,0.3,30.9,83.3,0.0373,0.453,9.77
BEN-ZN03168,Bengaluru,36.293295,76.396334,560078,0.965,12.0,77.0,0.0347,0.606,26.22
CHE-ZN03169,Chennai,30.833593,73.836365,600126,1.0,26.6,96.4,0.0264,0.391,13.47
AHM-ZN03170,Ahmedabad,12.55251,93.12365,380047,0.156,32.7,94.5,0.0172,0.287,23.95
PUN-ZN03171,Pune,22.634377,88.570186,411039,0.206,0.0,89.7,0.0497,0.911,22.81
HYD-ZN03172,Hyderabad,14.667384,86.824921,500057,0.64,39.9,93.2,0.0781,0.167,13.77
CHE-ZN03173,Chennai,30.134438,68.920709,600020,0.063,28.3,78.4,0.0085,0.276,24.28
DEL-ZN03174,Delhi,34.156303,88.625991,110027,0.262,12.0,273.4,0.1386,0.281,18.98
AHM-ZN03175,Ahmedabad,21.055351,68.4296,380016,0.147,8.2,71.9,0.0993,0.445,15.16
MUM-ZN03176,Mumbai,34.539031,84.082766,400069,0.506,15.9,139.6,0.0637,0.385,43.25
CHE-ZN03177,Chennai,13.791462,86.971369,600025,0.764,5.0,80.9,0.015,0.139,15.39
MUM-ZN03178,Mumbai,11.056605,79.681631,400070,0.894,38.9,63.4,0.0164,0.22,22.35
BEN-ZN03179,Bengaluru,15.236395,71.919987,560008,0.872,20.2,84.4,0.095,0.555,18.2
CHE-ZN03180,Chennai,22.52126,92.259923,600094,0.473,42.8,87.2,0.0416,0.56,16.4
DEL-ZN03181,Delhi,11.200111,76.004911,110086,0.604,41.3,68.2,0.0138,0.113,14.64
AHM-ZN03182,Ahmedabad,23.781147,70.73317,380032,0.252,14.6,137.9,0.0479,0.179,25.64
KOL-ZN03183,Kolkata,31.464468,92.947399,700149,0.823,18.7,87.7,0.0041,0.073,29.53
MUM-ZN03184,Mumbai,27.538751,90.472102,400002,1.0,48.6,30.0,0.0654,0.563,18.99
PUN-ZN03185,Pune,32.534925,74.834735,411025,0.393,19.1,101.9,0.0106,0.217,36.35
MUM-ZN03186,Mumbai,16.401409,69.09833,400019,0.66,56.0,65.0,0.0561,0.336,10.25
BEN-ZN03187,Bengaluru,31.482434,77.017239,560064,0.628,97.3,61.9,0.113,0.195,17.78
BEN-ZN03188,Bengaluru,12.193615,94.785317,560044,0.033,0.0,63.6,0.0094,0.188,35.67
BEN-ZN03189,Bengaluru,33.195927,93.918954,560083,0.643,30.1,84.5,0.0179,0.265,35.08
CHE-ZN03190,Chennai,17.783173,95.708576,600033,0.888,34.5,98.5,0.11,0.173,18.74
MUM-ZN03191,Mumbai,23.351619,68.961809,400042,0.958,121.7,179.7,0.0685,0.215,43.08
AHM-ZN03192,Ahmedabad,34.77365,68.512184,380009,0.796,0.0,95.7,0.0054,0.352,18.89
DEL-ZN03193,Delhi,9.077937,96.966134,110062,0.496,37.6,446.1,0.1352,0.563,20.56
HYD-ZN03194,Hyderabad,13.334129,95.724458,500068,0.277,73.5,50.0,0.0382,0.24,13.4
PUN-ZN03195,Pune,35.050579,69.43891,411035,0.746,21.9,97.8,0.0292,0.169,16.46
PUN-ZN03196,Pune,24.018002,90.121207,411036,0.335,41.3,76.7,0.0449,0.195,23.31
BEN-ZN03197,Bengaluru,11.297609,69.217193,560029,0.082,18.6,89.2,0.0057,0.531,44.69
CHE-ZN03198,Chennai,9.56359,87.891205,600117,1.0,16.6,61.7,0.1706,0.176,25.8
KOL-ZN03199,Kolkata,29.878411,84.778354,700050,0.63,40.2,141.5,0.0423,0.192,27.71
MUM-ZN03200,Mumbai,25.480385,95.667451,400004,0.9,185.5,90.5,0.0299,0.166,39.99
HYD-ZN03201,Hyderabad,32.520052,89.429014,500051,0.306,3.9,91.9,0.0202,0.413,10.16
PUN-ZN03202,Pune,31.08665,81.988899,411041,0.059,14.6,96.7,0.0033,0.399,36.76
KOL-ZN03203,Kolkata,22.280693,82.896311,700084,0.576,20.1,255.7,0.1541,0.227,26.74
AHM-ZN03204,Ahmedabad,26.087338,88.771751,380054,0.238,27.0,102.3,0.0371,0.149,13.34
BEN-ZN03205,Bengaluru,9.830219,72.878909,560030,0.45,17.8,67.1,0.0524,0.406,26.39
DEL-ZN03206,Delhi,33.802981,95.239266,110020,0.612,35.3,312.5,0.0135,0.345,17.77
CHE-ZN03207,Chennai,13.014701,84.672009,600045,0.238,14.3,95.2,0.0213,0.501,21.29
KOL-ZN03208,Kolkata,9.078007,76.604736,700064,0.555,20.9,145.0,0.0516,0.526,23.13
KOL-ZN03209,Kolkata,22.189784,93.616715,700075,0.403,21.4,243.2,0.0239,0.148,18.32
DEL-ZN03210,Delhi,22.669938,79.652733,110040,0.201,24.6,98.2,0.089,0.328,17.6
KOL-ZN03211,Kolkata,21.181131,69.51125,700122,0.12,102.7,59.9,0.0301,0.176,15.96
BEN-ZN03212,Bengaluru,29.356922,75.818294,560055,0.929,46.9,108.6,0.2951,0.145,30.63
PUN-ZN03213,Pune,19.921638,85.36094,411034,0.947,68.5,116.8,0.0427,0.415,14.89
AHM-ZN03214,Ahmedabad,32.42585,78.424799,380041,0.44,26.2,147.0,0.0411,0.152,38.62
HYD-ZN03215,Hyderabad,26.801395,76.124139,500044,0.939,43.2,81.9,0.0325,0.084,19.35
CHE-ZN03216,Chennai,23.650213,78.465236,600004,0.281,59.0,175.8,0.0222,0.064,32.64
AHM-ZN03217,Ahmedabad,29.682634,96.109882,380040,0.052,29.2,30.0,0.0078,0.235,14.49
MUM-ZN03218,Mumbai,29.220627,71.351517,400102,1.0,120.7,30.0,0.0144,0.309,18.12
DEL-ZN03219,Delhi,26.27433,70.256289,110030,0.799,2.6,156.0,0.0304,0.684,16.55
MUM-ZN03220,Mumbai,16.199837,74.074856,400015,1.0,60.5,162.9,0.0061,0.226,15.91
PUN-ZN03221,Pune,24.839909,75.67462,411008,0.45,40.7,154.9,0.0062,0.309,4.27
DEL-ZN03222,Delhi,17.059089,68.898834,110080,0.466,23.5,332.1,0.0197,0.072,28.41
CHE-ZN03223,Chennai,36.680528,94.63934,600084,0.423,15.7,136.9,0.031,0.271,25.59
MUM-ZN03224,Mumbai,32.627016,80.608586,400023,1.0,116.6,50.0,0.1111,0.452,32.02
MUM-ZN03225,Mumbai,27.910691,74.004956,400050,1.0,12.0,72.0,0.1208,0.512,11.12
KOL-ZN03226,Kolkata,11.783133,79.203549,700059,1.0,35.9,181.5,0.0186,0.44,33.11
DEL-ZN03227,Delhi,18.995065,76.492214,110071,0.94,9.6,91.6,0.082,0.391,37.06
CHE-ZN03228,Chennai,11.05671,69.850391,600022,0.973,19.1,146.1,0.0055,0.226,45.63
AHM-ZN03229,Ahmedabad,11.511202,91.024557,380019,0.475,22.3,115.7,0.0279,0.357,8.41
AHM-ZN03230,Ahmedabad,34.715978,75.251412,380022,0.04,15.6,110.3,0.0203,0.06,19.85
HYD-ZN03231,Hyderabad,8.836399,70.134481,500091,0.554,26.7,127.1,0.0572,0.334,12.02
MUM-ZN03232,Mumbai,32.403648,89.955471,400043,1.0,2.0,60.5,0.0223,0.653,29.47
AHM-ZN03233,Ahmedabad,31.13982,74.749759,380023,0.546,0.9,142.7,0.0,0.355,25.24
PUN-ZN03234,Pune,36.934595,78.579246,411024,0.437,31.3,159.5,0.0255,0.635,13.21
AHM-ZN03235,Ahmedabad,31.193467,74.920304,380012,0.911,2.1,117.0,0.3171,0.793,26.67
DEL-ZN03236,Delhi,14.954435,95.41175,110020,0.98,15.8,482.4,0.0,0.531,26.0
BEN-ZN03237,Bengaluru,31.382292,96.206626,560101,0.91,22.6,132.3,0.0294,0.029,8.16
AHM-ZN03238,Ahmedabad,36.83318,69.575352,380027,0.966,19.6,87.0,0.026,0.573,12.13
PUN-ZN03239,Pune,8.629361,76.55073,411011,0.863,50.5,161.8,0.0199,0.307,22.83
HYD-ZN03240,Hyderabad,33.625003,80.768711,500037,0.157,40.9,94.1,0.0402,0.655,21.46
KOL-ZN03241,Kolkata,24.819318,78.649043,700022,0.358,21.7,159.4,0.0302,0.545,32.73
HYD-ZN03242,Hyderabad,13.557646,71.726648,500064,0.297,11.5,105.3,0.0389,0.243,30.65
AHM-ZN03243,Ahmedabad,28.128848,87.652998,380023,0.213,25.5,78.2,0.0136,0.146,36.88
PUN-ZN03244,Pune,36.565843,77.161345,411030,0.978,21.8,72.7,0.0046,0.539,12.25
DEL-ZN03245,Delhi,19.630282,89.132194,110032,0.724,16.2,452.0,0.0916,0.144,11.21
AHM-ZN03246,Ahmedabad,36.153331,77.200205,380062,0.555,6.3,173.1,0.0572,0.439,10.22
DEL-ZN03247,Delhi,9.934047,72.711976,110034,0.223,12.6,256.5,0.029,0.616,30.43
BEN-ZN03248,Bengaluru,16.490117,91.373019,560040,0.409,59.9,100.3,0.1499,0.648,13.37
KOL-ZN03249,Kolkata,36.018438,80.748412,700020,0.783,23.1,188.4,0.4196,0.743,30.36
CHE-ZN03250,Chennai,20.866405,94.769584,600121,1.0,36.9,103.0,0.0032,0.353,16.28
KOL-ZN03251,Kolkata,10.679836,93.849302,700001,0.915,128.0,190.4,0.1397,0.103,67.42
PUN-ZN03252,Pune,19.666331,77.314117,411058,0.26,53.8,80.2,0.0021,0.045,9.53
MUM-ZN03253,Mumbai,23.739711,81.791993,400001,1.0,24.3,159.7,0.0844,0.142,15.11
KOL-ZN03254,Kolkata,8.215753,71.545134,700024,1.0,13.9,104.5,0.0036,0.348,29.25
PUN-ZN03255,Pune,33.605053,70.590723,411002,0.726,43.7,137.2,0.0129,0.547,9.41
DEL-ZN03256,Delhi,13.982596,93.428306,110015,0.675,7.4,319.8,0.0817,0.503,36.62
BEN-ZN03257,Bengaluru,21.10611,83.435476,560012,0.01,23.5,128.7,0.0961,0.235,18.17
DEL-ZN03258,Delhi,21.197235,68.85879,110032,0.786,11.5,101.2,0.0265,0.266,8.95
AHM-ZN03259,Ahmedabad,25.026808,78.372026,380054,0.201,15.3,72.5,0.1556,0.363,43.36
KOL-ZN03260,Kolkata,8.354246,69.845889,700017,1.0,6.9,113.9,0.0191,0.188,24.13
HYD-ZN03261,Hyderabad,16.432315,71.766526,500052,0.608,66.2,109.0,0.0271,0.548,16.36
MUM-ZN03262,Mumbai,28.578621,93.32131,400071,0.98,97.8,133.7,0.041,0.592,21.26
KOL-ZN03263,Kolkata,10.1785,80.213227,700072,1.0,0.0,36.6,0.0371,0.199,24.76
KOL-ZN03264,Kolkata,30.10675,73.00331,700018,0.4,20.6,92.0,0.0949,0.089,19.07
KOL-ZN03265,Kolkata,33.477497,81.717771,700075,0.287,33.9,159.2,0.053,0.42,10.39
PUN-ZN03266,Pune,35.336237,72.190322,411059,0.363,57.9,67.3,0.0848,0.222,18.37
BEN-ZN03267,Bengaluru,11.680956,95.617623,560008,0.218,21.9,49.4,0.0166,0.127,14.11
PUN-ZN03268,Pune,33.942117,93.586921,411009,0.885,23.1,66.7,0.0164,0.174,6.38
DEL-ZN03269,Delhi,31.10124,80.259147,110066,0.592,10.0,130.7,0.0,0.323,22.09
PUN-ZN03270,Pune,9.58961,83.037063,411061,0.875,0.0,197.8,0.161,0.103,43.73
HYD-ZN03271,Hyderabad,10.836096,88.349105,500079,0.528,32.1,126.6,0.0,0.386,38.54
CHE-ZN03272,Chennai,16.093252,87.993894,600101,0.621,8.3,106.9,0.0342,0.229,12.44
BEN-ZN03273,Bengaluru,9.874259,89.853387,560037,0.388,52.0,83.2,0.0276,0.336,19.93
KOL-ZN03274,Kolkata,17.417801,90.076246,700060,0.453,64.0,181.5,0.1836,0.095,15.3
PUN-ZN03275,Pune,29.809827,75.83976,411051,0.556,34.0,128.6,0.0706,0.185,11.32
MUM-ZN03276,Mumbai,20.474296,90.594716,400083,0.988,32.3,117.9,0.0203,0.449,16.24
DEL-ZN03277,Delhi,10.787725,93.567884,110061,0.947,0.0,342.1,0.0,0.379,33.2
DEL-ZN03278,Delhi,35.009102,86.61396,110038,0.903,57.9,268.3,0.0458,0.266,14.68
PUN-ZN03279,Pune,29.542072,90.902906,411041,0.352,8.7,106.8,0.0263,0.351,21.81
MUM-ZN03280,Mumbai,35.447894,83.756335,400088,0.736,63.0,119.9,0.0755,0.359,11.12
AHM-ZN03281,Ahmedabad,23.530333,84.721476,380044,0.474,13.5,105.3,0.0039,0.201,16.63
HYD-ZN03282,Hyderabad,21.133204,78.896486,500015,0.331,51.3,131.2,0.1602,0.424,41.92
CHE-ZN03283,Chennai,36.53386,75.954395,600083,0.811,12.1,45.3,0.0607,0.13,25.04
KOL-ZN03284,Kolkata,26.523047,82.165158,700128,0.724,12.4,166.4,0.044,0.214,24.27
CHE-ZN03285,Chennai,15.756476,74.463999,600121,0.92,0.0,167.7,0.0236,0.46,12.46
PUN-ZN03286,Pune,30.012637,81.85665,411007,0.905,52.8,87.5,0.0,0.312,22.16
PUN-ZN03287,Pune,22.55693,78.447275,411054,0.935,14.0,163.8,0.0043,0.597,18.55
CHE-ZN03288,Chennai,10.218592,91.450868,600124,1.0,12.9,108.3,0.0429,0.657,17.45
MUM-ZN03289,Mumbai,15.369279,68.118814,400073,0.645,56.6,98.2,0.1584,0.146,16.07
AHM-ZN03290,Ahmedabad,8.537696,94.446163,380008,0.384,13.3,72.8,0.0,0.605,15.08
HYD-ZN03291,Hyderabad,26.01998,84.153256,500090,0.351,14.0,120.8,0.1544,0.39,24.34
KOL-ZN03292,Kolkata,26.683647,89.394796,700092,0.461,0.0,178.4,0.0102,0.158,20.46
MUM-ZN03293,Mumbai,17.498959,90.847427,400046,0.541,49.2,165.5,0.0465,0.407,31.22
HYD-ZN03294,Hyderabad,22.009686,84.545002,500065,0.929,38.8,70.7,0.0177,0.278,12.3
KOL-ZN03295,Kolkata,20.960465,72.446253,700102,1.0,46.8,136.8,0.0445,0.354,23.83
MUM-ZN03296,Mumbai,19.505117,73.959203,400078,1.0,108.1,175.8,0.0035,0.323,15.98
BEN-ZN03297,Bengaluru,16.352583,80.354602,560082,0.051,52.1,113.4,0.0181,0.2,7.97
DEL-ZN03298,Delhi,25.307985,92.993235,110005,0.374,20.8,279.1,0.1265,0.388,21.7
PUN-ZN03299,Pune,13.147552,82.151064,411042,0.557,14.8,155.7,0.0148,0.347,11.66
MUM-ZN03300,Mumbai,22.805152,83.449486,400095,0.512,180.0,128.6,0.0066,0.407,21.28
MUM-ZN03301,Mumbai,19.418829,91.172723,400012,0.428,46.1,186.9,0.2591,0.234,11.36
BEN-ZN03302,Bengaluru,35.840773,91.828718,560059,0.161,52.4,137.8,0.0217,0.438,14.89
HYD-ZN03303,Hyderabad,25.477597,93.467712,500020,0.586,48.1,81.5,0.0496,0.146,11.23
CHE-ZN03304,Chennai,15.001087,70.358013,600085,0.665,39.1,50.3,0.0,0.238,26.31
AHM-ZN03305,Ahmedabad,22.452706,78.040271,380053,0.832,59.9,150.1,0.099,0.279,25.38
CHE-ZN03306,Chennai,23.053995,77.976987,600110,0.473,37.2,106.7,0.0582,0.679,25.84
PUN-ZN03307,Pune,13.071031,81.354316,411008,0.196,19.1,80.7,0.0578,0.119,9.23
DEL-ZN03308,Delhi,13.494907,90.943564,110064,0.885,2.1,383.0,0.0238,0.242,22.12
AHM-ZN03309,Ahmedabad,13.47024,73.844954,380042,0.074,10.3,87.1,0.0,0.367,18.13
CHE-ZN03310,Chennai,28.286593,93.024617,600047,0.289,3.2,146.8,0.1222,0.331,11.59
KOL-ZN03311,Kolkata,28.95045,68.344097,700065,0.287,6.3,30.6,0.0082,0.393,23.02
MUM-ZN03312,Mumbai,20.739324,74.915336,400062,0.623,39.1,76.2,0.0921,0.334,12.3
DEL-ZN03313,Delhi,18.718862,82.737364,110009,0.491,15.5,199.5,0.0167,0.177,14.17
KOL-ZN03314,Kolkata,12.160746,69.462015,700085,1.0,35.4,30.0,0.1463,0.272,14.37
BEN-ZN03315,Bengaluru,27.229576,92.560539,560043,0.622,121.4,129.5,0.0274,0.428,19.86
MUM-ZN03316,Mumbai,33.041947,84.665657,400046,0.878,93.3,109.2,0.0248,0.309,17.66
AHM-ZN03317,Ahmedabad,22.336738,91.221072,380046,0.552,15.9,131.2,0.0209,0.341,13.47
CHE-ZN03318,Chennai,19.466054,87.470772,600047,1.0,9.0,138.6,0.064,0.454,21.8
CHE-ZN03319,Chennai,21.349635,78.098839,600039,0.139,53.1,103.1,0.0759,0.168,15.46
DEL-ZN03320,Delhi,20.24599,87.749442,110010,0.701,5.5,108.8,0.0102,0.335,9.9
BEN-ZN03321,Bengaluru,10.466951,77.297967,560014,0.075,8.8,47.8,0.0274,0.365,9.35
DEL-ZN03322,Delhi,14.942014,74.016839,110014,0.028,4.2,238.8,0.004,0.328,40.67
AHM-ZN03323,Ahmedabad,17.517024,78.815715,380049,0.837,16.7,128.5,0.1687,0.408,18.96
MUM-ZN03324,Mumbai,13.165482,75.543882,400074,0.089,65.6,194.3,0.028,0.42,13.18
KOL-ZN03325,Kolkata,28.632513,93.428848,700044,0.379,17.9,190.9,0.0519,0.208,24.37
BEN-ZN03326,Bengaluru,31.860502,71.656959,560030,0.08,53.0,126.7,0.0535,0.14,32.18
MUM-ZN03327,Mumbai,24.173761,90.775212,400068,0.613,34.7,76.0,0.0509,0.176,19.69
AHM-ZN03328,Ahmedabad,9.7178,90.275939,380049,0.383,17.4,124.5,0.0403,0.341,16.67
KOL-ZN03329,Kolkata,14.008787,92.098024,700027,0.146,39.9,164.7,0.0213,0.624,21.33
AHM-ZN03330,Ahmedabad,8.346186,83.276957,380023,0.274,0.0,83.3,0.0859,0.186,22.96
AHM-ZN03331,Ahmedabad,35.8049,73.947954,380040,0.196,9.7,119.5,0.0026,0.252,32.48
DEL-ZN03332,Delhi,14.530543,96.635696,110055,0.364,15.1,366.6,0.1018,0.082,21.62
BEN-ZN03333,Bengaluru,12.076206,86.835566,560067,0.536,28.7,72.8,0.0354,0.471,9.91
CHE-ZN03334,Chennai,20.944825,78.798916,600060,0.473,38.8,108.0,0.114,0.182,19.65
AHM-ZN03335,Ahmedabad,32.431052,76.746287,380046,0.067,14.0,53.2,0.1709,0.071,20.65
CHE-ZN03336,Chennai,23.669056,73.722928,600072,0.515,39.3,98.0,0.0,0.393,18.33
AHM-ZN03337,Ahmedabad,33.749015,91.314528,380035,0.504,0.0,67.4,0.0549,0.447,19.66
DEL-ZN03338,Delhi,14.47663,74.057091,110008,0.778,29.1,343.8,0.0,0.435,16.06
KOL-ZN03339,Kolkata,24.671024,79.474967,700079,1.0,70.5,151.1,0.0062,0.304,18.15
HYD-ZN03340,Hyderabad,16.949005,80.749015,500063,0.308,85.0,155.8,0.0235,0.125,48.7
MUM-ZN03341,Mumbai,17.305318,74.746496,400046,0.304,56.8,160.8,0.0244,0.35,7.59
BEN-ZN03342,Bengaluru,32.76763,94.599364,560071,0.697,59.1,91.2,0.0104,0.226,11.12
DEL-ZN03343,Delhi,27.346947,90.592585,110004,0.502,4.3,466.9,0.0991,0.367,45.71
BEN-ZN03344,Bengaluru,24.374872,89.634922,560067,0.696,21.9,70.8,0.0047,0.067,46.15
MUM-ZN03345,Mumbai,31.373191,71.952162,400069,1.0,74.9,120.2,0.0467,0.129,17.59
AHM-ZN03346,Ahmedabad,21.956099,96.283305,380049,0.533,11.5,105.8,0.0441,0.323,15.35
HYD-ZN03347,Hyderabad,22.947911,89.353312,500029,0.794,27.7,114.5,0.1053,0.179,19.37
DEL-ZN03348,Delhi,36.771014,80.35889,110038,0.423,42.0,428.9,0.1285,0.279,35.01
HYD-ZN03349,Hyderabad,33.643305,91.398956,500031,0.153,14.7,121.9,0.0331,0.404,21.83
MUM-ZN03350,Mumbai,20.941198,68.467971,400053,1.0,51.2,110.0,0.147,0.173,60.7
AHM-ZN03351,Ahmedabad,9.764764,93.814839,380045,0.542,3.0,156.2,0.055,0.195,27.91
CHE-ZN03352,Chennai,30.200968,74.754911,600026,1.0,4.2,102.9,0.0632,0.329,50.09
DEL-ZN03353,Delhi,28.840375,88.211893,110014,0.305,9.1,344.9,0.0976,0.15,19.4
HYD-ZN03354,Hyderabad,17.771823,74.386339,500077,0.284,125.2,105.0,0.0,0.593,12.86
AHM-ZN03355,Ahmedabad,13.961287,71.308578,380013,0.885,18.3,77.2,0.0091,0.447,33.98
MUM-ZN03356,Mumbai,14.680608,82.293942,400010,1.0,0.0,118.4,0.0153,0.146,16.18
MUM-ZN03357,Mumbai,30.444754,74.232372,400074,0.607,12.0,140.7,0.0133,0.182,15.88
CHE-ZN03358,Chennai,8.796965,70.828156,600036,0.872,93.5,88.4,0.1296,0.164,7.04
MUM-ZN03359,Mumbai,16.317076,94.666712,400067,0.188,24.7,96.8,0.0363,0.227,25.18
MUM-ZN03360,Mumbai,21.827723,91.387077,400051,0.857,62.4,143.7,0.0504,0.25,51.85
KOL-ZN03361,Kolkata,21.014211,88.090406,700033,0.967,13.9,91.4,0.0112,0.761,33.41
PUN-ZN03362,Pune,24.207536,95.018652,411016,0.215,22.7,82.5,0.0078,0.406,12.14
HYD-ZN03363,Hyderabad,33.493267,94.708492,500008,0.297,62.8,67.4,0.0023,0.073,24.32
HYD-ZN03364,Hyderabad,32.199862,84.690468,500078,0.431,44.5,75.9,0.0056,0.289,30.66
HYD-ZN03365,Hyderabad,28.778627,74.346456,500057,0.811,20.6,73.2,0.1386,0.036,14.53
DEL-ZN03366,Delhi,11.752183,91.618903,110021,0.253,15.8,451.9,0.0726,0.311,24.63
MUM-ZN03367,Mumbai,26.020551,81.823892,400085,0.661,61.0,33.0,0.0,0.139,16.97
MUM-ZN03368,Mumbai,32.566076,77.099515,400090,0.937,92.0,132.0,0.0181,0.571,27.12
MUM-ZN03369,Mumbai,34.691402,83.576176,400073,0.067,112.2,102.8,0.0652,0.084,13.75
PUN-ZN03370,Pune,23.648603,91.221236,411060,0.415,63.1,161.8,0.0159,0.678,12.13
KOL-ZN03371,Kolkata,16.0527,80.627625,700115,1.0,38.2,165.1,0.0111,0.443,20.73
DEL-ZN03372,Delhi,31.906778,80.970618,110038,0.411,31.9,162.4,0.0551,0.027,58.06
MUM-ZN03373,Mumbai,36.122254,75.5487,400082,0.927,147.7,182.3,0.091,0.196,25.35
DEL-ZN03374,Delhi,36.238603,94.715308,110089,0.574,72.8,412.8,0.026,0.681,24.65
HYD-ZN03375,Hyderabad,20.17499,91.12937,500036,0.374,44.6,124.3,0.0553,0.36,19.82
BEN-ZN03376,Bengaluru,9.406594,89.151012,560083,0.349,30.6,88.1,0.0579,0.336,14.78
HYD-ZN03377,Hyderabad,25.44113,85.305825,500032,0.978,42.8,168.7,0.0772,0.182,12.94
MUM-ZN03378,Mumbai,10.075075,93.643653,400081,0.352,18.7,142.1,0.0189,0.302,35.21
KOL-ZN03379,Kolkata,33.320682,78.124323,700138,0.415,10.4,98.8,0.0459,0.182,13.84
PUN-ZN03380,Pune,26.272272,68.554041,411005,0.593,28.9,101.4,0.1307,0.285,25.4
KOL-ZN03381,Kolkata,35.64956,78.421166,700133,0.292,49.3,103.7,0.0431,0.189,19.97
MUM-ZN03382,Mumbai,36.311922,68.392993,400038,0.599,42.7,47.2,0.117,0.545,35.86
MUM-ZN03383,Mumbai,16.493774,79.957971,400046,0.671,92.8,104.4,0.0725,0.28,20.52
AHM-ZN03384,Ahmedabad,19.166275,90.96611,380019,0.521,27.7,32.1,0.0238,0.112,23.4
AHM-ZN03385,Ahmedabad,18.179198,78.477165,380002,0.525,37.5,91.1,0.0,0.217,13.65
BEN-ZN03386,Bengaluru,32.930645,79.493147,560018,0.715,19.2,87.7,0.139,0.005,8.14
AHM-ZN03387,Ahmedabad,20.239503,70.411511,380013,0.702,0.0,123.9,0.0144,0.408,18.1
MUM-ZN03388,Mumbai,28.203731,85.470706,400095,1.0,26.0,71.3,0.1163,0.238,7.83
DEL-ZN03389,Delhi,36.644472,71.251055,110086,0.58,32.5,244.0,0.0529,0.233,9.73
PUN-ZN03390,Pune,18.234215,87.756655,411024,0.499,23.3,121.0,0.0186,0.228,29.51
DEL-ZN03391,Delhi,18.675931,77.567132,110003,0.307,11.9,96.7,0.0301,0.177,15.69
CHE-ZN03392,Chennai,11.156635,95.262415,600113,1.0,13.9,144.9,0.0535,0.149,18.83
AHM-ZN03393,Ahmedabad,15.444961,86.326653,380044,0.514,0.0,108.9,0.0099,0.152,10.88
AHM-ZN03394,Ahmedabad,35.53276,82.041593,380050,0.267,19.2,83.9,0.0378,0.257,18.3
PUN-ZN03395,Pune,33.464734,91.738197,411054,0.128,20.0,74.7,0.0095,0.406,22.79
MUM-ZN03396,Mumbai,28.032656,93.888692,400100,1.0,13.7,91.1,0.2078,0.217,11.67
CHE-ZN03397,Chennai,11.527552,81.298431,600121,0.579,30.1,95.8,0.0997,0.429,43.51
BEN-ZN03398,Bengaluru,18.504424,95.938858,560013,0.981,15.5,149.3,0.1148,0.309,29.05
KOL-ZN03399,Kolkata,34.698279,76.063847,700152,0.917,35.7,238.4,0.0058,0.015,13.65
KOL-ZN03400,Kolkata,18.598737,95.502265,700130,0.98,58.7,221.9,0.0116,0.144,14.87
BEN-ZN03401,Bengaluru,15.287561,76.941013,560086,0.212,77.5,56.2,0.0787,0.078,36.65
CHE-ZN03402,Chennai,13.37139,93.947226,600018,0.457,0.0,158.7,0.0049,0.18,40.04
CHE-ZN03403,Chennai,33.054451,86.348738,600070,0.658,81.5,117.9,0.0266,0.523,20.17
KOL-ZN03404,Kolkata,30.25529,95.072591,700153,0.677,17.4,71.2,0.0147,0.408,13.64
BEN-ZN03405,Bengaluru,30.65307,81.269196,560092,0.724,19.1,93.4,0.0196,0.089,7.67
DEL-ZN03406,Delhi,28.80997,75.718487,110039,0.796,12.1,51.4,0.0,0.28,20.37
KOL-ZN03407,Kolkata,8.58044,68.144021,700080,0.007,19.8,226.9,0.0605,0.068,37.8
HYD-ZN03408,Hyderabad,32.671334,93.0541,500033,0.743,23.7,143.9,0.021,0.245,58.75
CHE-ZN03409,Chennai,33.57711,91.071176,600040,0.836,48.7,97.1,0.0334,0.535,18.93
KOL-ZN03410,Kolkata,24.250147,92.447019,700129,0.976,32.3,197.5,0.078,0.338,27.27
MUM-ZN03411,Mumbai,26.676574,81.821134,400032,0.003,121.1,126.9,0.0079,0.289,20.7
PUN-ZN03412,Pune,27.316301,87.533626,411031,0.516,96.6,86.0,0.0527,0.325,40.57
KOL-ZN03413,Kolkata,32.757317,81.630617,700053,0.329,24.5,223.3,0.0179,0.121,21.2
MUM-ZN03414,Mumbai,17.327242,75.951393,400019,0.269,29.4,159.8,0.0463,0.006,33.92
DEL-ZN03415,Delhi,24.324181,92.795082,110059,0.474,10.7,431.0,0.0075,0.326,8.0
PUN-ZN03416,Pune,11.677103,83.608636,411029,0.997,41.9,50.8,0.0494,0.157,38.37
AHM-ZN03417,Ahmedabad,20.621295,81.274198,380028,0.313,7.7,45.3,0.0319,0.227,28.68
PUN-ZN03418,Pune,29.852936,88.070095,411006,0.229,77.0,84.9,0.0741,0.154,23.32
DEL-ZN03419,Delhi,25.44026,93.92971,110021,0.373,0.0,89.7,0.1823,0.145,13.65
KOL-ZN03420,Kolkata,11.659208,84.729109,700157,0.625,30.2,138.8,0.0322,0.556,28.76
DEL-ZN03421,Delhi,21.001409,93.075466,110064,0.796,1.9,471.3,0.0656,0.28,25.27
HYD-ZN03422,Hyderabad,20.193348,92.863205,500041,0.021,1.5,132.7,0.0869,0.096,38.18
DEL-ZN03423,Delhi,8.75858,78.86827,110084,0.753,18.1,122.6,0.0846,0.404,21.34
CHE-ZN03424,Chennai,31.098603,89.276875,600107,0.611,12.0,54.1,0.006,0.349,21.78
MUM-ZN03425,Mumbai,27.185644,92.815916,400101,0.641,58.9,95.9,0.0115,0.445,15.55
AHM-ZN03426,Ahmedabad,36.013203,94.58436,380008,0.139,35.0,116.9,0.0805,0.401,39.54
MUM-ZN03427,Mumbai,18.307689,81.058161,400060,1.0,18.6,139.5,0.0081,0.241,38.05
BEN-ZN03428,Bengaluru,36.108636,96.88464,560096,0.919,13.1,162.5,0.1128,0.151,28.87
DEL-ZN03429,Delhi,18.439283,95.918622,110033,0.881,51.7,159.8,0.0179,0.376,24.11
KOL-ZN03430,Kolkata,9.037652,92.090989,700159,0.543,60.6,177.8,0.034,0.187,19.41
HYD-ZN03431,Hyderabad,21.290437,77.389308,500048,0.686,57.8,133.7,0.0229,0.035,39.31
CHE-ZN03432,Chennai,22.227733,95.543551,600069,1.0,0.0,114.5,0.0,0.152,15.66
KOL-ZN03433,Kolkata,18.351162,89.244323,700122,0.783,48.5,163.1,0.0347,0.285,32.38
PUN-ZN03434,Pune,14.105129,92.014188,411045,0.097,8.2,133.4,0.0171,0.245,27.94
BEN-ZN03435,Bengaluru,8.093498,94.235784,560043,0.046,55.9,67.7,0.0554,0.0,25.28
HYD-ZN03436,Hyderabad,35.608414,90.630062,500088,0.429,63.8,111.2,0.0326,0.228,22.99
BEN-ZN03437,Bengaluru,21.642205,89.278188,560017,0.042,40.4,116.3,0.0684,0.128,22.81
BEN-ZN03438,Bengaluru,21.769278,84.581753,560087,0.72,42.3,30.0,0.0042,0.149,46.64
AHM-ZN03439,Ahmedabad,9.745546,88.80427,380038,0.778,21.8,104.7,0.0435,0.422,15.05
BEN-ZN03440,Bengaluru,29.326051,86.708307,560055,0.017,133.8,74.7,0.0189,0.518,38.45
MUM-ZN03441,Mumbai,14.807903,94.828628,400104,1.0,187.9,45.4,0.0388,0.585,28.14
MUM-ZN03442,Mumbai,30.850815,73.434614,400060,1.0,53.8,202.7,0.1031,0.14,8.54
KOL-ZN03443,Kolkata,15.661883,73.001902,700154,1.0,11.9,208.4,0.0412,0.421,13.25
CHE-ZN03444,Chennai,28.066952,69.339315,600124,0.054,28.8,141.8,0.1379,0.109,17.42
PUN-ZN03445,Pune,31.25707,80.53821,411015,0.2,30.0,87.9,0.1009,0.712,19.39
AHM-ZN03446,Ahmedabad,33.249429,81.543999,380034,0.893,26.8,107.8,0.1112,0.106,20.92
BEN-ZN03447,Bengaluru,16.067611,71.078957,560037,0.703,27.6,131.2,0.0,0.252,48.84
DEL-ZN03448,Delhi,25.00615,79.298144,110088,0.513,16.2,96.2,0.0975,0.202,46.13
HYD-ZN03449,Hyderabad,8.629499,92.254286,500061,0.042,17.1,151.1,0.0406,0.323,13.63
HYD-ZN03450,Hyderabad,25.614156,77.983786,500013,0.184,44.9,137.3,0.0135,0.221,24.45
DEL-ZN03451,Delhi,18.111812,85.778422,110068,0.757,8.5,459.3,0.0052,0.015,18.96
AHM-ZN03452,Ahmedabad,26.121589,72.11579,380004,0.152,5.5,99.1,0.0224,0.322,26.83
MUM-ZN03453,Mumbai,8.612909,69.836054,400028,1.0,31.2,123.9,0.0624,0.215,22.3
KOL-ZN03454,Kolkata,31.919995,84.806,700037,0.37,7.6,90.4,0.1227,0.518,35.81
AHM-ZN03455,Ahmedabad,16.6899,73.157649,380028,0.805,0.0,93.9,0.0099,0.035,9.67
BEN-ZN03456,Bengaluru,29.978921,76.082539,560037,0.733,14.5,179.3,0.0637,0.444,11.44
MUM-ZN03457,Mumbai,10.618321,79.000708,400074,1.0,96.1,132.7,0.0148,0.644,23.25
HYD-ZN03458,Hyderabad,34.32117,85.782008,500016,0.866,57.4,109.5,0.0101,0.532,21.77
BEN-ZN03459,Bengaluru,24.598529,76.715291,560034,0.927,36.4,106.8,0.023,0.134,11.96
CHE-ZN03460,Chennai,9.976968,71.102385,600040,0.639,46.2,52.8,0.0042,0.096,17.41
AHM-ZN03461,Ahmedabad,36.8114,94.264719,380017,0.404,23.0,108.3,0.0045,0.542,9.36
HYD-ZN03462,Hyderabad,25.113581,70.780758,500011,0.431,0.0,91.4,0.0159,0.301,24.85
BEN-ZN03463,Bengaluru,8.797344,73.468407,560030,0.34,72.4,56.1,0.0395,0.15,20.77
MUM-ZN03464,Mumbai,36.790579,85.47939,400050,0.686,11.3,30.0,0.0376,0.25,33.11
PUN-ZN03465,Pune,26.742799,75.360432,411014,0.515,80.7,59.3,0.0317,0.729,27.71
KOL-ZN03466,Kolkata,31.985667,84.171108,700054,0.057,47.7,110.9,0.0675,0.022,25.07
AHM-ZN03467,Ahmedabad,18.360157,92.991568,380048,0.316,3.8,82.5,0.0143,0.29,14.22
BEN-ZN03468,Bengaluru,23.367134,76.697379,560032,0.109,3.8,30.0,0.0345,0.139,14.41
AHM-ZN03469,Ahmedabad,14.998317,86.206441,380041,0.469,37.0,95.1,0.0008,0.371,18.95
MUM-ZN03470,Mumbai,29.318241,68.282131,400094,0.881,36.0,115.5,0.0382,0.452,27.07
AHM-ZN03471,Ahmedabad,21.772046,71.962611,380051,0.856,7.3,129.5,0.0236,0.583,18.45
AHM-ZN03472,Ahmedabad,24.688192,91.606615,380026,0.549,0.0,98.6,0.0068,0.128,6.68
HYD-ZN03473,Hyderabad,9.350908,92.401608,500046,0.806,53.0,127.4,0.0551,0.682,27.18
BEN-ZN03474,Bengaluru,20.311039,85.904287,560019,0.425,11.8,121.9,0.0074,0.147,6.6
KOL-ZN03475,Kolkata,27.591633,88.385644,700063,0.657,61.8,119.4,0.0412,0.285,30.2
AHM-ZN03476,Ahmedabad,12.163907,95.670908,380046,0.972,26.9,58.4,0.0,0.267,31.19
AHM-ZN03477,Ahmedabad,25.086328,74.977182,380033,0.152,20.0,152.8,0.0301,0.026,14.54
KOL-ZN03478,Kolkata,32.957823,70.298487,700044,0.566,32.6,117.3,0.0054,0.485,70.7
PUN-ZN03479,Pune,20.830857,82.686338,411031,0.14,31.3,75.4,0.0365,0.277,45.86
AHM-ZN03480,Ahmedabad,30.865128,79.122947,380040,0.303,25.0,103.8,0.021,0.156,19.13
MUM-ZN03481,Mumbai,16.542358,80.850293,400091,1.0,67.0,166.5,0.0402,0.113,14.84
PUN-ZN03482,Pune,33.119802,95.758734,411025,0.059,22.4,45.3,0.0002,0.173,12.45
BEN-ZN03483,Bengaluru,32.210667,76.169258,560096,0.87,28.2,89.1,0.0423,0.38,26.38
AHM-ZN03484,Ahmedabad,14.391649,87.305892,380004,0.99,8.2,97.0,0.1388,0.506,16.85
MUM-ZN03485,Mumbai,16.28417,75.652303,400091,0.96,31.6,113.1,0.0523,0.027,14.28
AHM-ZN03486,Ahmedabad,31.36453,84.436586,380009,0.918,12.4,97.0,0.0821,0.394,21.04
KOL-ZN03487,Kolkata,15.231213,87.965815,700117,0.307,24.7,88.3,0.1286,0.406,29.61
BEN-ZN03488,Bengaluru,20.247664,80.69628,560013,0.115,15.4,90.9,0.0067,0.531,25.78
PUN-ZN03489,Pune,14.438508,78.370531,411002,0.038,65.4,65.7,0.0096,0.6,5.8
CHE-ZN03490,Chennai,18.730915,94.176548,600021,0.905,33.4,52.0,0.0,0.281,4.89
DEL-ZN03491,Delhi,28.859003,82.823563,110048,0.519,0.0,115.6,0.0047,0.274,29.5
AHM-ZN03492,Ahmedabad,32.456988,95.677365,380006,0.014,31.4,90.1,0.0646,0.097,45.08
AHM-ZN03493,Ahmedabad,9.668568,69.343324,380045,0.439,5.4,104.9,0.0287,0.342,20.08
DEL-ZN03494,Delhi,36.625928,88.098584,110036,0.939,20.3,391.8,0.0182,0.102,21.36
CHE-ZN03495,Chennai,10.67599,95.581576,600093,0.043,21.0,84.6,0.0231,0.614,24.55
MUM-ZN03496,Mumbai,31.255381,96.968851,400001,0.449,68.1,114.9,0.1441,0.562,21.07
DEL-ZN03497,Delhi,28.463654,88.305748,110057,0.91,0.0,120.7,0.1338,0.187,21.47
AHM-ZN03498,Ahmedabad,14.179162,92.18072,380031,0.25,20.2,128.5,0.0347,0.206,28.52
MUM-ZN03499,Mumbai,10.419394,93.683658,400001,1.0,22.2,147.7,0.0095,0.307,16.72
KOL-ZN03500,Kolkata,24.404741,79.998212,700020,0.082,43.6,158.8,0.0255,0.217,19.65
BEN-ZN03501,Bengaluru,34.660837,72.619453,560093,0.177,9.8,94.3,0.0409,0.089,14.22
KOL-ZN03502,Kolkata,8.450965,68.002503,700020,0.268,18.4,181.2,0.0319,0.193,24.53
PUN-ZN03503,Pune,17.704543,92.547801,411038,0.983,13.2,115.0,0.0147,0.157,25.06
PUN-ZN03504,Pune,9.537068,94.550945,411021,0.982,74.6,131.5,0.0,0.077,10.97
KOL-ZN03505,Kolkata,15.236986,83.732077,700011,1.0,31.0,177.8,0.037,0.025,79.88
AHM-ZN03506,Ahmedabad,10.420352,92.071459,380046,0.582,34.6,143.7,0.072,0.263,19.86
MUM-ZN03507,Mumbai,35.748773,77.829892,400011,0.892,15.7,131.3,0.0005,0.293,33.36
CHE-ZN03508,Chennai,34.758995,88.524217,600084,0.027,17.3,70.3,0.0018,0.13,10.51
PUN-ZN03509,Pune,9.685425,95.959625,411031,0.633,21.7,101.4,0.017,0.523,13.36
CHE-ZN03510,Chennai,31.166289,88.380703,600071,1.0,90.2,68.4,0.0371,0.095,16.03
AHM-ZN03511,Ahmedabad,25.601595,80.097038,380055,0.986,20.2,100.6,0.0358,0.541,5.88
KOL-ZN03512,Kolkata,34.470264,92.437707,700086,0.702,5.9,81.2,0.022,0.298,15.93
BEN-ZN03513,Bengaluru,17.187903,78.148188,560035,0.998,0.0,162.1,0.0284,0.673,17.07
BEN-ZN03514,Bengaluru,16.978843,93.082511,560097,0.71,31.1,162.2,0.0,0.259,17.76
PUN-ZN03515,Pune,25.129225,75.640106,411048,0.098,53.9,88.8,0.0216,0.312,10.66
PUN-ZN03516,Pune,29.949268,90.630451,411049,0.399,23.4,67.6,0.1033,0.217,24.33
HYD-ZN03517,Hyderabad,32.729277,93.514489,500095,0.791,0.0,108.5,0.0068,0.334,19.81
BEN-ZN03518,Bengaluru,22.460644,82.470969,560102,0.676,0.0,93.6,0.0248,0.166,22.97
KOL-ZN03519,Kolkata,24.290951,91.992782,700025,0.211,49.1,139.3,0.0212,0.221,18.77
MUM-ZN03520,Mumbai,18.703726,84.133819,400010,0.928,10.2,103.9,0.0409,0.522,16.33
AHM-ZN03521,Ahmedabad,27.463765,93.021468,380023,0.227,7.8,109.4,0.0779,0.235,33.87
MUM-ZN03522,Mumbai,24.143077,79.643311,400095,1.0,33.5,165.2,0.2298,0.139,43.61
PUN-ZN03523,Pune,32.658057,77.456872,411003,0.16,31.6,81.1,0.0952,0.452,11.65
KOL-ZN03524,Kolkata,29.289533,70.650848,700077,1.0,0.6,140.6,0.013,0.378,18.9
BEN-ZN03525,Bengaluru,26.099804,94.806458,560099,0.374,16.3,67.9,0.0735,0.4,17.7
PUN-ZN03526,Pune,22.31687,86.245523,411034,0.878,26.2,122.7,0.0522,0.489,23.24
MUM-ZN03527,Mumbai,28.299354,92.593421,400009,0.35,70.2,85.7,0.0037,0.168,24.36
DEL-ZN03528,Delhi,14.592588,87.403368,110085,0.642,3.5,77.2,0.0312,0.134,7.03
BEN-ZN03529,Bengaluru,19.910504,75.309927,560080,0.055,63.5,84.6,0.0265,0.273,12.64
MUM-ZN03530,Mumbai,16.506112,75.388811,400053,1.0,100.1,69.0,0.0347,0.439,14.41
DEL-ZN03531,Delhi,16.549577,93.348829,110001,0.147,20.3,113.9,0.0668,0.181,20.78
PUN-ZN03532,Pune,27.124497,70.279289,411042,0.533,36.7,64.4,0.0822,0.486,15.05
MUM-ZN03533,Mumbai,20.446036,70.25646,400034,0.926,100.0,111.0,0.0319,0.226,14.77
PUN-ZN03534,Pune,18.438471,81.699826,411043,0.433,49.0,173.7,0.167,0.123,15.55
AHM-ZN03535,Ahmedabad,19.351583,89.378762,380044,0.108,5.8,88.8,0.104,0.266,30.49
HYD-ZN03536,Hyderabad,15.295685,93.10085,500011,0.923,30.8,100.3,0.0,0.085,50.28
MUM-ZN03537,Mumbai,8.849587,82.335106,400002,0.918,51.1,114.7,0.0231,0.199,14.57
AHM-ZN03538,Ahmedabad,18.088035,95.884585,380046,0.328,36.2,112.5,0.0601,0.509,30.12
MUM-ZN03539,Mumbai,8.157885,81.014552,400061,0.81,14.1,169.3,0.0749,0.595,10.8
KOL-ZN03540,Kolkata,13.191562,76.234504,700095,1.0,53.1,170.9,0.0437,0.36,21.86
AHM-ZN03541,Ahmedabad,20.667225,83.35475,380028,0.426,19.5,65.4,0.0776,0.172,39.01
AHM-ZN03542,Ahmedabad,31.175259,80.57059,380032,0.202,15.6,88.1,0.0312,0.462,13.92
DEL-ZN03543,Delhi,25.519254,72.620337,110023,0.267,7.1,115.7,0.0757,0.41,18.84
CHE-ZN03544,Chennai,16.682394,93.059908,600067,0.405,21.2,124.5,0.0198,0.367,10.19
MUM-ZN03545,Mumbai,35.569726,85.16423,400020,0.311,79.0,202.6,0.0119,0.317,20.9
HYD-ZN03546,Hyderabad,12.594769,95.609584,500096,0.543,4.2,134.2,0.0517,0.272,9.68
AHM-ZN03547,Ahmedabad,23.50735,73.692092,380062,0.666,11.6,65.3,0.1019,0.111,18.21
KOL-ZN03548,Kolkata,30.769223,69.577165,700135,0.245,24.6,167.3,0.0,0.162,22.12
DEL-ZN03549,Delhi,12.946762,90.340438,110045,0.169,6.9,422.4,0.1109,0.087,30.45
KOL-ZN03550,Kolkata,31.43587,87.954139,700101,0.015,29.7,160.3,0.1424,0.373,17.99
MUM-ZN03551,Mumbai,10.62752,87.464017,400022,0.71,84.2,52.9,0.0622,0.268,71.44
PUN-ZN03552,Pune,31.130322,69.764016,411014,0.036,0.0,42.4,0.0435,0.539,15.78
DEL-ZN03553,Delhi,29.546656,92.931202,110070,0.232,37.7,417.0,0.0239,0.252,28.57
BEN-ZN03554,Bengaluru,18.372609,91.890273,560005,0.438,11.2,30.0,0.0191,0.286,9.13
PUN-ZN03555,Pune,33.374844,72.883673,411004,0.671,0.0,63.1,0.1498,0.247,18.93
PUN-ZN03556,Pune,28.829826,81.27269,411015,0.977,52.5,30.0,0.0443,0.362,16.27
HYD-ZN03557,Hyderabad,25.952594,93.664951,500080,0.081,53.2,86.5,0.0179,0.523,12.91
HYD-ZN03558,Hyderabad,11.574242,80.705235,500049,0.357,45.1,85.8,0.0165,0.209,25.22
PUN-ZN03559,Pune,28.453177,72.39853,411037,0.923,39.1,71.6,0.0065,0.461,35.46
HYD-ZN03560,Hyderabad,23.708939,79.500459,500096,0.149,17.1,95.7,0.098,0.304,36.25
PUN-ZN03561,Pune,32.820544,69.576174,411050,0.315,30.9,131.3,0.0428,0.152,39.53
CHE-ZN03562,Chennai,36.443703,78.895783,600125,0.56,23.9,183.1,0.0207,0.378,57.23
BEN-ZN03563,Bengaluru,31.472158,85.946052,560023,0.281,115.3,82.1,0.0325,0.521,23.29
KOL-ZN03564,Kolkata,18.428018,91.347094,700006,0.316,75.8,151.9,0.0474,0.316,13.5
KOL-ZN03565,Kolkata,8.531899,80.736607,700119,1.0,27.6,193.7,0.0975,0.199,10.68
AHM-ZN03566,Ahmedabad,34.429535,91.699492,380035,0.299,21.9,126.8,0.0204,0.291,32.7
KOL-ZN03567,Kolkata,33.86899,89.885407,700014,1.0,43.5,191.8,0.0139,0.378,30.3
MUM-ZN03568,Mumbai,20.673511,77.355784,400038,0.739,64.5,128.8,0.0303,0.338,18.29
KOL-ZN03569,Kolkata,36.776746,96.062109,700062,0.948,82.4,157.9,0.0085,0.225,13.2
CHE-ZN03570,Chennai,35.68501,89.937558,600071,0.625,28.2,105.4,0.0339,0.611,23.77
MUM-ZN03571,Mumbai,14.529208,91.545932,400084,1.0,4.4,142.3,0.134,0.205,12.59
PUN-ZN03572,Pune,8.038044,83.476778,411045,0.92,6.2,99.9,0.0283,0.276,25.11
AHM-ZN03573,Ahmedabad,33.73994,79.130578,380037,0.72,5.8,137.4,0.0288,0.108,31.79
CHE-ZN03574,Chennai,21.639007,86.090745,600002,0.7,79.4,57.1,0.0537,0.339,19.24
KOL-ZN03575,Kolkata,21.556877,85.707432,700014,1.0,0.0,121.7,0.0088,0.263,15.12
HYD-ZN03576,Hyderabad,29.67972,91.821624,500008,0.012,47.6,63.4,0.0699,0.2,19.61
AHM-ZN03577,Ahmedabad,8.42793,82.168628,380034,0.416,32.3,72.3,0.1432,0.082,7.08
MUM-ZN03578,Mumbai,12.634369,81.207908,400034,1.0,8.6,153.3,0.0673,0.248,42.21
DEL-ZN03579,Delhi,36.935835,68.127109,110007,0.793,0.0,93.6,0.0,0.289,27.16
MUM-ZN03580,Mumbai,34.016061,71.429784,400080,0.283,8.3,142.8,0.0278,0.559,12.78
HYD-ZN03581,Hyderabad,34.551152,77.523695,500062,0.368,25.2,172.5,0.0823,0.067,17.08
MUM-ZN03582,Mumbai,23.716238,73.218539,400040,1.0,46.6,110.8,0.0435,0.077,17.15
PUN-ZN03583,Pune,12.637492,72.77369,411021,0.018,0.0,59.5,0.0079,0.52,41.0
AHM-ZN03584,Ahmedabad,12.750099,77.127279,380012,0.77,38.8,108.8,0.0281,0.238,24.97
HYD-ZN03585,Hyderabad,28.11058,95.899629,500047,0.123,65.0,83.9,0.0365,0.402,18.18
HYD-ZN03586,Hyderabad,32.424141,94.052572,500015,0.723,28.5,58.1,0.0169,0.097,23.91
HYD-ZN03587,Hyderabad,12.553032,81.575336,500012,0.389,39.3,84.5,0.0325,0.341,12.89
AHM-ZN03588,Ahmedabad,27.502118,96.428576,380023,0.145,3.7,140.0,0.0237,0.253,40.57
HYD-ZN03589,Hyderabad,11.54046,96.518193,500080,0.45,120.5,107.6,0.0457,0.112,24.19
DEL-ZN03590,Delhi,33.439977,86.417989,110012,0.699,10.6,88.8,0.0206,0.273,15.24
MUM-ZN03591,Mumbai,18.406831,70.685055,400038,0.579,91.2,80.3,0.0343,0.083,15.48
BEN-ZN03592,Bengaluru,8.639907,88.682363,560001,0.742,56.5,67.2,0.0424,0.073,67.6
KOL-ZN03593,Kolkata,26.326559,69.209725,700071,0.517,12.0,96.1,0.0144,0.226,9.42
HYD-ZN03594,Hyderabad,9.964619,80.406798,500078,0.113,21.5,112.9,0.0883,0.396,24.51
CHE-ZN03595,Chennai,31.264327,72.466719,600105,1.0,53.6,173.0,0.0131,0.347,26.46
BEN-ZN03596,Bengaluru,30.753223,79.097549,560074,0.465,62.6,100.5,0.1022,0.181,42.31
KOL-ZN03597,Kolkata,20.994131,82.816922,700157,0.423,46.9,274.2,0.0629,0.23,17.06
MUM-ZN03598,Mumbai,24.453181,72.374757,400048,1.0,57.5,91.8,0.0885,0.065,15.48
CHE-ZN03599,Chennai,25.47918,78.888742,600014,1.0,130.7,91.1,0.0,0.147,28.5
PUN-ZN03600,Pune,13.76215,91.524758,411029,0.235,59.7,112.5,0.0264,0.195,15.62
BEN-ZN03601,Bengaluru,16.748415,91.577484,560016,0.247,27.9,61.1,0.0431,0.16,6.1
AHM-ZN03602,Ahmedabad,13.950312,92.514227,380040,0.626,27.4,126.5,0.0785,0.311,12.03
BEN-ZN03603,Bengaluru,26.710233,83.520865,560009,0.79,26.9,107.9,0.0828,0.522,10.51
CHE-ZN03604,Chennai,33.91401,79.291765,600074,0.298,46.9,132.9,0.0966,0.404,14.68
PUN-ZN03605,Pune,16.626931,96.069711,411023,0.777,32.1,30.0,0.0247,0.114,14.33
CHE-ZN03606,Chennai,10.437104,76.88077,600081,0.027,9.1,133.1,0.029,0.062,21.32
KOL-ZN03607,Kolkata,18.812146,80.200674,700031,1.0,42.5,146.5,0.0215,0.327,18.42
MUM-ZN03608,Mumbai,29.87028,84.92612,400014,0.352,55.5,200.3,0.0,0.274,19.98
PUN-ZN03609,Pune,28.33597,90.903435,411060,0.645,9.6,122.0,0.0027,0.215,9.87
AHM-ZN03610,Ahmedabad,25.903711,84.7892,380057,0.557,4.8,94.6,0.0102,0.174,16.56
CHE-ZN03611,Chennai,14.95575,87.539867,600012,1.0,30.2,47.0,0.0313,0.296,23.22
CHE-ZN03612,Chennai,8.227209,72.513981,600054,0.652,37.8,147.5,0.0,0.12,11.3
CHE-ZN03613,Chennai,28.053554,83.229458,600062,0.432,26.5,104.1,0.0143,0.376,21.0
PUN-ZN03614,Pune,8.117953,72.210096,411002,0.205,98.7,43.6,0.1507,0.208,63.7
BEN-ZN03615,Bengaluru,22.374117,75.496664,560004,0.01,16.4,147.7,0.1933,0.232,23.22
CHE-ZN03616,Chennai,30.4687,83.841815,600112,0.868,0.0,61.3,0.0344,0.405,41.1
PUN-ZN03617,Pune,22.937821,81.55176,411052,0.121,59.5,156.5,0.0472,0.151,9.81
BEN-ZN03618,Bengaluru,19.272251,89.408441,560060,0.311,0.0,83.5,0.0404,0.198,5.03
AHM-ZN03619,Ahmedabad,29.277056,85.573276,380061,0.875,21.2,110.7,0.0399,0.097,31.29
CHE-ZN03620,Chennai,19.986461,68.839363,600053,0.038,47.5,97.8,0.0435,0.207,14.64
CHE-ZN03621,Chennai,23.367558,92.450921,600038,1.0,44.8,158.6,0.0113,0.324,20.13
CHE-ZN03622,Chennai,33.604907,69.251693,600118,0.29,43.7,104.5,0.0,0.247,18.35
DEL-ZN03623,Delhi,25.652469,96.801944,110070,0.308,0.0,87.8,0.0,0.306,25.54
KOL-ZN03624,Kolkata,21.460103,69.4609,700120,0.317,40.6,110.1,0.0106,0.405,24.88
DEL-ZN03625,Delhi,23.185504,94.743567,110018,0.969,17.2,287.3,0.034,0.263,16.6
MUM-ZN03626,Mumbai,24.33986,87.146622,400102,0.469,56.7,170.9,0.0453,0.69,20.08
PUN-ZN03627,Pune,32.345367,79.709185,411034,0.809,21.0,138.1,0.0142,0.4,18.53
BEN-ZN03628,Bengaluru,22.659105,86.854966,560055,0.25,43.9,99.8,0.0678,0.192,23.96
PUN-ZN03629,Pune,8.326926,78.973645,411057,0.008,27.0,106.1,0.0006,0.457,17.62
DEL-ZN03630,Delhi,33.382066,72.629247,110076,0.606,23.3,384.2,0.1038,0.26,20.45
KOL-ZN03631,Kolkata,29.080453,72.739485,700044,1.0,6.5,140.8,0.04,0.207,5.56
KOL-ZN03632,Kolkata,18.945549,82.603834,700006,0.498,29.8,168.5,0.031,0.574,15.72
DEL-ZN03633,Delhi,27.650843,85.306701,110021,0.703,13.1,397.5,0.0687,0.243,18.58
KOL-ZN03634,Kolkata,10.925028,85.723244,700117,0.296,73.1,150.3,0.0392,0.161,17.17
AHM-ZN03635,Ahmedabad,8.243254,71.576026,380036,0.598,6.8,76.2,0.0368,0.353,22.39
CHE-ZN03636,Chennai,15.66771,89.021536,600089,1.0,16.2,74.8,0.0097,0.291,17.04
KOL-ZN03637,Kolkata,15.464939,83.390517,700117,1.0,5.7,141.0,0.0215,0.397,26.6
MUM-ZN03638,Mumbai,35.379565,91.151763,400035,0.719,104.2,38.2,0.0671,0.309,23.01
CHE-ZN03639,Chennai,13.579528,80.07784,600082,0.154,34.7,126.1,0.1687,0.337,16.88
PUN-ZN03640,Pune,34.620195,81.278215,411048,0.338,36.3,161.3,0.1484,0.209,22.7
BEN-ZN03641,Bengaluru,19.219802,73.301142,560028,0.341,53.4,79.0,0.0,0.305,14.13
MUM-ZN03642,Mumbai,20.248353,80.252427,400094,0.577,4.4,81.6,0.0139,0.219,41.81
KOL-ZN03643,Kolkata,9.627262,94.7351,700156,1.0,25.8,121.7,0.0098,0.266,30.6
AHM-ZN03644,Ahmedabad,26.427009,76.807091,380041,0.051,50.7,87.9,0.2175,0.02,14.21
AHM-ZN03645,Ahmedabad,29.019171,68.249812,380045,0.757,62.3,86.8,0.0237,0.218,8.34
AHM-ZN03646,Ahmedabad,23.197102,94.74804,380042,0.851,29.5,71.3,0.0,0.404,10.61
CHE-ZN03647,Chennai,20.72564,71.674972,600128,0.584,7.4,77.9,0.0968,0.349,7.03
KOL-ZN03648,Kolkata,36.795665,70.328573,700082,0.561,7.8,116.2,0.1204,0.457,13.13
DEL-ZN03649,Delhi,14.813111,89.285932,110026,0.054,30.2,228.5,0.2233,0.076,12.22
DEL-ZN03650,Delhi,16.227454,72.845566,110016,0.906,3.9,98.0,0.1305,0.382,44.17
HYD-ZN03651,Hyderabad,19.243229,71.988236,500062,0.32,41.6,126.3,0.0318,0.208,17.45
KOL-ZN03652,Kolkata,35.998859,75.308904,700051,0.359,29.2,142.1,0.0274,0.079,16.66
AHM-ZN03653,Ahmedabad,36.304937,72.612448,380015,0.47,3.3,168.6,0.0271,0.604,18.19
MUM-ZN03654,Mumbai,18.203851,93.056622,400062,0.09,78.1,109.1,0.0564,0.158,27.59
PUN-ZN03655,Pune,11.911011,83.308432,411053,0.26,32.7,87.8,0.027,0.633,21.73
AHM-ZN03656,Ahmedabad,23.104755,88.734498,380026,0.834,12.0,108.6,0.0033,0.227,40.99
MUM-ZN03657,Mumbai,30.155233,77.629539,400058,0.895,115.3,93.7,0.0137,0.552,33.84
PUN-ZN03658,Pune,36.145205,72.02852,411039,0.703,29.5,145.8,0.1598,0.168,36.12
AHM-ZN03659,Ahmedabad,22.818941,77.181732,380028,0.432,6.7,30.0,0.063,0.305,89.01
BEN-ZN03660,Bengaluru,17.166772,77.964484,560039,0.951,70.4,106.0,0.0108,0.284,22.71
KOL-ZN03661,Kolkata,17.68891,90.859203,700103,0.812,70.2,171.7,0.0421,0.17,9.24
BEN-ZN03662,Bengaluru,25.69384,84.60406,560008,0.293,22.6,157.4,0.0183,0.071,9.72
BEN-ZN03663,Bengaluru,11.922853,88.839888,560061,0.236,50.2,94.5,0.0272,0.174,4.95
KOL-ZN03664,Kolkata,9.26647,87.320009,700026,0.381,32.0,113.7,0.0427,0.282,22.11
KOL-ZN03665,Kolkata,11.022191,82.986157,700113,0.64,25.6,190.3,0.005,0.55,15.04
CHE-ZN03666,Chennai,24.15585,87.45667,600056,1.0,40.7,99.5,0.0238,0.128,27.52
BEN-ZN03667,Bengaluru,31.301059,92.195167,560086,0.065,19.9,98.4,0.0435,0.254,15.57
PUN-ZN03668,Pune,11.996974,78.386394,411057,0.567,21.4,56.6,0.0705,0.514,35.8
PUN-ZN03669,Pune,26.826319,89.44958,411012,0.431,0.0,143.6,0.0474,0.848,32.94
PUN-ZN03670,Pune,33.909758,96.505737,411004,0.042,8.2,112.0,0.0,0.422,22.47
HYD-ZN03671,Hyderabad,19.641879,82.419891,500083,0.609,34.5,30.0,0.0492,0.129,26.22
MUM-ZN03672,Mumbai,24.22725,77.052532,400063,0.247,94.0,176.1,0.0149,0.427,55.23
DEL-ZN03673,Delhi,28.474967,92.140555,110075,0.861,0.0,51.9,0.0127,0.129,31.77
PUN-ZN03674,Pune,12.224097,74.722619,411024,0.325,45.6,111.5,0.2258,0.282,9.7
PUN-ZN03675,Pune,8.912184,89.162613,411010,0.228,30.6,145.0,0.0141,0.23,8.07
PUN-ZN03676,Pune,32.991462,92.805215,411041,0.453,54.0,55.6,0.1449,0.207,26.62
PUN-ZN03677,Pune,10.188602,85.541183,411003,0.382,27.3,92.2,0.0517,0.162,15.19
DEL-ZN03678,Delhi,8.184291,85.321462,110056,0.271,0.0,116.1,0.0847,0.214,53.4
HYD-ZN03679,Hyderabad,32.2014,85.193463,500042,0.209,16.6,47.0,0.052,0.292,15.88
HYD-ZN03680,Hyderabad,35.340258,95.129268,500032,0.614,44.8,91.7,0.0622,0.402,24.93
MUM-ZN03681,Mumbai,10.786496,93.667478,400035,0.465,73.1,79.5,0.0487,0.326,32.86
BEN-ZN03682,Bengaluru,26.981216,93.206337,560094,0.538,64.9,151.7,0.0308,0.696,17.39
BEN-ZN03683,Bengaluru,31.32744,68.123202,560083,0.542,47.8,142.5,0.0252,0.504,10.65
BEN-ZN03684,Bengaluru,31.818988,71.785477,560086,0.795,124.4,93.9,0.0406,0.15,22.08
AHM-ZN03685,Ahmedabad,27.909034,91.911371,380004,0.435,33.3,116.5,0.0363,0.254,24.29
CHE-ZN03686,Chennai,12.57753,79.938322,600102,0.227,0.0,88.9,0.1998,0.309,14.44
PUN-ZN03687,Pune,24.516959,71.07364,411048,0.809,13.3,151.7,0.0043,0.135,13.87
MUM-ZN03688,Mumbai,26.188748,87.683912,400052,1.0,67.3,176.7,0.0204,0.342,7.66
DEL-ZN03689,Delhi,31.599171,70.702989,110086,0.962,14.8,137.1,0.0735,0.18,24.05
MUM-ZN03690,Mumbai,26.540579,78.37039,400003,0.102,30.3,48.2,0.0,0.51,62.97
KOL-ZN03691,Kolkata,13.108167,96.383624,700108,1.0,60.0,86.7,0.0218,0.499,24.15
CHE-ZN03692,Chennai,16.993233,84.683945,600079,0.032,32.0,87.6,0.0183,0.233,9.85
PUN-ZN03693,Pune,17.814515,94.610796,411044,0.03,23.6,57.8,0.0274,0.275,12.38
HYD-ZN03694,Hyderabad,9.765295,77.276543,500025,0.09,31.3,131.6,0.1058,0.694,17.07
AHM-ZN03695,Ahmedabad,33.77417,87.485425,380017,0.831,23.5,97.1,0.0085,0.29,24.29
DEL-ZN03696,Delhi,36.883085,68.431341,110066,0.13,20.6,65.8,0.0707,0.358,7.06
HYD-ZN03697,Hyderabad,13.575131,92.316102,500071,0.192,72.4,126.6,0.0557,0.498,9.85
AHM-ZN03698,Ahmedabad,17.957492,85.385663,380058,0.29,10.6,67.0,0.003,0.086,16.39
AHM-ZN03699,Ahmedabad,34.768117,84.349621,380048,0.37,15.2,72.3,0.1954,0.419,13.26
MUM-ZN03700,Mumbai,15.549553,70.022826,400045,1.0,42.9,63.9,0.0727,0.247,39.27
BEN-ZN03701,Bengaluru,35.905559,95.968419,560095,0.33,47.6,88.0,0.0002,0.386,5.84
CHE-ZN03702,Chennai,9.442282,93.004706,600103,0.933,21.8,108.0,0.0831,0.11,30.31
CHE-ZN03703,Chennai,8.593646,87.107182,600035,0.092,52.5,104.2,0.0249,0.105,22.86
AHM-ZN03704,Ahmedabad,21.281553,76.098271,380042,0.104,18.1,140.1,0.2342,0.494,23.67
CHE-ZN03705,Chennai,14.609138,88.809266,600038,0.812,69.0,131.9,0.0764,0.052,37.84
KOL-ZN03706,Kolkata,18.006478,81.239927,700110,0.677,28.0,120.7,0.0,0.377,36.91
KOL-ZN03707,Kolkata,33.466492,69.559984,700121,0.601,50.2,61.6,0.0378,0.388,23.99
BEN-ZN03708,Bengaluru,15.593015,86.457272,560051,0.202,24.3,42.2,0.024,0.355,51.75
KOL-ZN03709,Kolkata,34.49182,81.943971,700131,0.712,23.7,190.9,0.0517,0.28,19.69
KOL-ZN03710,Kolkata,10.98046,91.057539,700105,0.1,18.5,104.0,0.0232,0.318,15.6
DEL-ZN03711,Delhi,8.631713,85.296661,110057,0.169,5.8,105.1,0.0622,0.309,14.18
KOL-ZN03712,Kolkata,16.455449,73.038501,700131,1.0,51.4,241.5,0.0015,0.122,19.83
CHE-ZN03713,Chennai,9.914812,86.445588,600034,0.082,42.4,90.8,0.0549,0.262,18.36
BEN-ZN03714,Bengaluru,22.580126,80.28646,560065,0.942,41.2,90.4,0.0457,0.343,15.85
AHM-ZN03715,Ahmedabad,36.118708,69.459068,380059,0.663,40.5,122.0,0.0489,0.29,20.23
KOL-ZN03716,Kolkata,22.955825,70.071727,700088,0.771,18.9,151.1,0.0331,0.07,23.56
HYD-ZN03717,Hyderabad,21.617601,84.616312,500012,0.761,13.5,58.0,0.0,0.367,19.62
KOL-ZN03718,Kolkata,14.629248,87.677854,700090,0.443,50.7,166.5,0.019,0.1,17.14
HYD-ZN03719,Hyderabad,35.876496,86.869031,500029,0.208,18.6,168.2,0.0367,0.368,18.62
CHE-ZN03720,Chennai,34.654626,75.981754,600120,0.129,17.2,93.5,0.0199,0.483,43.61
MUM-ZN03721,Mumbai,22.909261,68.583111,400084,0.22,41.9,86.8,0.0021,0.322,26.75
DEL-ZN03722,Delhi,35.2597,74.940869,110043,0.543,15.7,266.4,0.0117,0.241,13.79
KOL-ZN03723,Kolkata,14.92085,95.055752,700139,0.859,58.3,195.4,0.0668,0.205,15.17
KOL-ZN03724,Kolkata,32.849599,85.961948,700121,0.264,73.2,212.3,0.0169,0.689,16.57
DEL-ZN03725,Delhi,12.525357,72.742604,110082,0.141,17.4,282.7,0.0995,0.261,5.14
DEL-ZN03726,Delhi,13.292156,76.948454,110020,0.262,39.6,273.7,0.0717,0.499,20.7
DEL-ZN03727,Delhi,17.260743,75.614699,110064,0.29,9.9,77.9,0.0327,0.196,15.26
CHE-ZN03728,Chennai,30.24923,86.433764,600117,0.279,20.1,47.1,0.0572,0.369,9.16
AHM-ZN03729,Ahmedabad,9.688949,92.816283,380029,0.722,31.4,123.1,0.0152,0.689,25.18
HYD-ZN03730,Hyderabad,35.463056,88.92446,500082,0.107,1.4,138.9,0.0114,0.037,13.38
BEN-ZN03731,Bengaluru,19.16007,74.302073,560057,0.602,3.2,122.7,0.026,0.135,26.69
BEN-ZN03732,Bengaluru,35.018572,88.700039,560098,0.554,3.2,47.1,0.0775,0.432,34.61
BEN-ZN03733,Bengaluru,20.394964,81.137116,560001,0.795,4.0,105.6,0.0,0.613,24.75
MUM-ZN03734,Mumbai,15.404696,82.24157,400062,0.817,4.7,112.0,0.0387,0.341,19.78
CHE-ZN03735,Chennai,20.786944,94.813684,600128,1.0,42.4,136.5,0.032,0.161,27.85
HYD-ZN03736,Hyderabad,12.729383,96.145176,500025,0.713,56.8,188.6,0.0568,0.726,68.38
PUN-ZN03737,Pune,32.23828,73.659767,411037,0.651,34.2,93.3,0.0299,0.166,21.51
KOL-ZN03738,Kolkata,18.49651,75.763474,700151,0.662,14.8,245.3,0.1147,0.22,6.21
CHE-ZN03739,Chennai,36.472211,94.519933,600116,0.826,17.4,57.1,0.0204,0.311,32.34
BEN-ZN03740,Bengaluru,23.291928,79.593344,560019,0.836,67.3,93.2,0.0184,0.201,15.7
MUM-ZN03741,Mumbai,10.917655,91.294894,400046,0.82,50.8,105.8,0.0114,0.339,29.95
HYD-ZN03742,Hyderabad,25.495043,84.741396,500022,0.026,6.8,49.1,0.0111,0.0,38.09
KOL-ZN03743,Kolkata,20.943662,91.227747,700127,0.057,65.5,126.1,0.0083,0.183,11.6
HYD-ZN03744,Hyderabad,26.640636,89.302658,500025,0.318,29.0,94.4,0.0267,0.176,21.47
DEL-ZN03745,Delhi,36.304543,80.93315,110030,0.705,38.5,267.5,0.039,0.039,15.79
CHE-ZN03746,Chennai,26.593242,91.701193,600085,1.0,51.9,30.0,0.0385,0.178,18.91
DEL-ZN03747,Delhi,25.871562,80.267617,110013,0.23,1.3,105.1,0.076,0.485,29.92
PUN-ZN03748,Pune,18.462482,69.467039,411008,0.687,28.5,111.1,0.0506,0.12,13.9
MUM-ZN03749,Mumbai,30.790977,72.974366,400068,1.0,52.0,206.5,0.0,0.192,31.27
KOL-ZN03750,Kolkata,27.224442,90.36224,700092,1.0,7.2,110.9,0.2094,0.287,21.8
AHM-ZN03751,Ahmedabad,9.635633,68.144961,380008,0.148,42.0,63.7,0.0029,0.063,15.67
BEN-ZN03752,Bengaluru,35.326629,74.591839,560084,0.062,21.3,90.3,0.0139,0.481,21.88
PUN-ZN03753,Pune,13.605151,85.807928,411001,0.38,54.2,85.8,0.0041,0.197,15.43
CHE-ZN03754,Chennai,33.726558,92.205864,600099,0.571,20.5,144.6,0.0803,0.035,79.85
CHE-ZN03755,Chennai,12.947533,84.13237,600043,0.678,23.7,110.2,0.062,0.064,13.58
AHM-ZN03756,Ahmedabad,16.32255,92.433781,380025,0.522,21.2,71.1,0.101,0.403,27.23
BEN-ZN03757,Bengaluru,19.461444,82.952878,560079,0.37,0.0,71.0,0.0073,0.356,56.18
HYD-ZN03758,Hyderabad,13.638609,70.224617,500045,0.604,11.0,83.4,0.0621,0.358,12.77
KOL-ZN03759,Kolkata,30.029931,73.985771,700126,0.702,14.8,89.8,0.0041,0.119,29.44
MUM-ZN03760,Mumbai,20.889717,80.935915,400025,0.431,29.3,90.9,0.0054,0.103,14.54
DEL-ZN03761,Delhi,17.003951,86.879206,110033,0.335,8.5,345.3,0.1313,0.03,35.25
KOL-ZN03762,Kolkata,31.467157,91.179395,700152,0.417,57.4,129.0,0.0386,0.057,14.25
PUN-ZN03763,Pune,27.133027,77.151643,411044,0.481,9.0,44.1,0.1165,0.36,28.48
PUN-ZN03764,Pune,13.098512,75.618323,411013,0.041,19.3,119.9,0.0853,0.374,35.04
KOL-ZN03765,Kolkata,8.183929,84.666282,700037,0.66,19.4,201.6,0.0111,0.276,24.01
AHM-ZN03766,Ahmedabad,35.296343,70.159415,380023,0.378,2.3,117.3,0.068,0.273,42.38
CHE-ZN03767,Chennai,27.307149,80.006837,600085,0.748,52.9,115.0,0.0347,0.314,10.33
AHM-ZN03768,Ahmedabad,9.704971,87.543282,380058,0.788,9.9,107.3,0.0159,0.547,21.74
BEN-ZN03769,Bengaluru,18.137667,86.743086,560016,0.553,34.5,40.4,0.0,0.323,25.74
CHE-ZN03770,Chennai,10.599765,83.406343,600116,0.003,10.9,88.4,0.0401,0.309,61.13
MUM-ZN03771,Mumbai,21.828998,84.79251,400036,0.313,40.8,89.7,0.0163,0.439,20.2
HYD-ZN03772,Hyderabad,20.013273,95.58667,500010,0.718,25.4,107.5,0.0274,0.32,32.65
PUN-ZN03773,Pune,31.374581,89.117744,411044,0.891,0.0,121.5,0.0326,0.492,15.78
MUM-ZN03774,Mumbai,36.090261,88.877693,400007,1.0,25.6,208.9,0.0,0.458,21.49
KOL-ZN03775,Kolkata,14.803127,96.849373,700021,1.0,68.6,220.4,0.0331,0.225,15.76
BEN-ZN03776,Bengaluru,19.37413,78.789142,560059,0.957,14.4,138.4,0.0378,0.386,71.82
KOL-ZN03777,Kolkata,21.381699,80.158343,700102,1.0,12.0,160.4,0.0833,0.316,48.13
AHM-ZN03778,Ahmedabad,33.589746,89.028407,380038,0.19,12.4,74.6,0.0,0.574,38.04
AHM-ZN03779,Ahmedabad,21.911132,76.724955,380049,0.806,18.9,94.4,0.0302,0.497,12.62
HYD-ZN03780,Hyderabad,8.078729,83.06991,500079,0.532,75.8,117.3,0.0479,0.265,21.36
BEN-ZN03781,Bengaluru,14.997784,69.580947,560101,0.912,8.0,35.5,0.0996,0.426,21.47
PUN-ZN03782,Pune,30.061949,73.388752,411020,0.83,20.9,130.2,0.0215,0.056,21.23
AHM-ZN03783,Ahmedabad,26.457569,93.050619,380054,0.466,67.7,60.7,0.0706,0.03,14.44
PUN-ZN03784,Pune,35.572413,77.698033,411055,0.07,7.1,69.7,0.0396,0.433,9.01
CHE-ZN03785,Chennai,32.254454,90.925084,600083,0.26,64.6,116.4,0.0762,0.421,13.18
KOL-ZN03786,Kolkata,12.782549,85.295918,700126,0.403,24.9,107.0,0.0,0.227,24.01
DEL-ZN03787,Delhi,26.413412,92.132006,110020,0.936,7.0,420.7,0.0705,0.201,16.02
CHE-ZN03788,Chennai,9.8099,84.689527,600097,1.0,1.0,101.5,0.13,0.142,26.27
HYD-ZN03789,Hyderabad,33.162015,81.891083,500007,0.708,10.9,33.4,0.0921,0.088,59.01
PUN-ZN03790,Pune,11.530964,85.513119,411015,0.885,0.0,86.4,0.0991,0.338,14.96
AHM-ZN03791,Ahmedabad,9.672705,84.70922,380018,0.092,7.0,82.3,0.0598,0.411,16.07
DEL-ZN03792,Delhi,21.343514,92.35574,110082,0.294,0.0,370.8,0.1628,0.381,24.8
AHM-ZN03793,Ahmedabad,20.848888,80.49151,380013,0.673,16.0,49.6,0.0466,0.277,11.53
KOL-ZN03794,Kolkata,19.959848,68.936105,700160,1.0,93.1,159.6,0.0496,0.097,9.94
MUM-ZN03795,Mumbai,23.935621,75.863208,400054,0.559,52.4,158.3,0.0383,0.054,37.43
BEN-ZN03796,Bengaluru,12.33766,93.021778,560066,0.468,23.8,57.9,0.0052,0.256,25.34
MUM-ZN03797,Mumbai,22.88035,89.777819,400070,1.0,41.9,107.9,0.0649,0.163,9.2
KOL-ZN03798,Kolkata,28.652339,81.117239,700145,1.0,0.0,199.6,0.0168,0.329,32.37
BEN-ZN03799,Bengaluru,15.422991,74.28709,560045,0.063,11.9,58.3,0.0484,0.342,36.37
PUN-ZN03800,Pune,36.600077,89.48355,411035,0.662,0.0,114.1,0.0194,0.411,41.22
PUN-ZN03801,Pune,36.890747,80.962756,411017,0.93,93.5,176.2,0.1756,0.288,16.69
BEN-ZN03802,Bengaluru,35.225563,74.795631,560100,0.007,10.8,158.2,0.009,0.357,24.14
AHM-ZN03803,Ahmedabad,9.879275,77.409145,380032,0.883,8.0,79.1,0.0258,0.397,26.99
HYD-ZN03804,Hyderabad,8.462705,91.559964,500025,0.15,30.4,115.0,0.0521,0.297,11.12
PUN-ZN03805,Pune,21.117503,72.390237,411043,0.017,106.0,88.0,0.0626,0.258,37.0
DEL-ZN03806,Delhi,32.223408,79.073882,110094,0.342,7.5,79.0,0.0337,0.332,8.95
DEL-ZN03807,Delhi,16.033678,83.535345,110069,0.477,28.8,72.5,0.0083,0.163,18.68
KOL-ZN03808,Kolkata,29.817826,79.765728,700156,0.564,24.8,170.1,0.0536,0.229,48.5
DEL-ZN03809,Delhi,26.580664,81.03203,110054,0.436,27.9,110.2,0.0042,0.751,13.06
MUM-ZN03810,Mumbai,24.469065,87.433128,400022,0.787,69.9,86.6,0.0237,0.069,10.02
CHE-ZN03811,Chennai,27.159215,78.837306,600105,1.0,61.7,106.5,0.1632,0.259,18.97
CHE-ZN03812,Chennai,21.606322,83.621847,600058,1.0,37.9,58.1,0.0282,0.166,11.76
DEL-ZN03813,Delhi,18.572768,82.867065,110010,0.835,5.4,500.0,0.0321,0.01,30.92
CHE-ZN03814,Chennai,19.05501,84.826228,600006,0.569,22.8,114.1,0.0253,0.011,13.93
KOL-ZN03815,Kolkata,34.178423,85.2301,700078,0.045,10.3,123.7,0.0227,0.277,22.71
KOL-ZN03816,Kolkata,16.161242,75.589863,700089,0.502,7.5,137.5,0.0187,0.343,23.49
DEL-ZN03817,Delhi,17.529674,85.540594,110029,0.493,26.7,350.7,0.0075,0.214,32.61
KOL-ZN03818,Kolkata,34.325767,82.340901,700145,1.0,21.2,113.9,0.0494,0.209,32.64
DEL-ZN03819,Delhi,26.045248,87.884827,110056,0.11,12.0,53.7,0.0062,0.416,22.37
MUM-ZN03820,Mumbai,8.612152,82.515452,400055,0.585,44.5,191.4,0.0116,0.416,4.7
MUM-ZN03821,Mumbai,26.57427,91.979088,400067,1.0,73.1,103.1,0.0243,0.539,28.15
KOL-ZN03822,Kolkata,16.94072,70.340887,700110,1.0,36.7,166.9,0.0,0.691,13.15
PUN-ZN03823,Pune,10.784496,81.830312,411030,0.497,50.4,85.6,0.0211,0.103,16.84
BEN-ZN03824,Bengaluru,32.22253,76.070874,560001,0.736,133.5,61.5,0.0659,0.469,11.68
AHM-ZN03825,Ahmedabad,9.454436,96.103059,380022,0.258,22.1,117.9,0.0508,0.344,34.87
HYD-ZN03826,Hyderabad,24.076765,76.123786,500087,0.363,1.7,137.0,0.0246,0.192,19.89
KOL-ZN03827,Kolkata,26.069209,81.90897,700151,0.939,39.8,30.3,0.0258,0.38,5.35
HYD-ZN03828,Hyderabad,28.348281,73.122546,500001,0.035,52.2,128.3,0.0769,0.221,16.18
CHE-ZN03829,Chennai,9.702875,70.421873,600017,0.785,20.8,110.1,0.033,0.192,5.13
PUN-ZN03830,Pune,10.678556,78.078924,411036,0.665,32.9,106.4,0.0456,0.402,22.21
PUN-ZN03831,Pune,13.164126,72.417597,411020,0.643,15.7,67.5,0.0557,0.307,19.52
KOL-ZN03832,Kolkata,26.376364,81.579142,700068,0.416,42.2,30.0,0.1966,0.474,11.08
DEL-ZN03833,Delhi,25.690622,85.104083,110045,0.821,47.2,42.8,0.0053,0.212,27.83
CHE-ZN03834,Chennai,13.253342,78.524007,600010,0.214,12.7,61.4,0.1782,0.207,29.33
MUM-ZN03835,Mumbai,11.952281,92.974862,400052,0.958,42.7,130.8,0.0634,0.232,46.25
CHE-ZN03836,Chennai,15.608367,86.06014,600035,0.356,73.4,129.4,0.001,0.459,38.36
AHM-ZN03837,Ahmedabad,34.660982,82.103483,380049,0.867,1.8,36.5,0.0225,0.703,16.7
MUM-ZN03838,Mumbai,23.41361,84.740402,400087,0.618,72.3,85.8,0.0333,0.184,26.18
PUN-ZN03839,Pune,22.67847,74.808855,411043,0.783,12.4,62.5,0.0214,0.661,21.55
HYD-ZN03840,Hyderabad,29.500453,75.653661,500089,0.872,54.3,128.2,0.0226,0.466,45.85
KOL-ZN03841,Kolkata,23.608045,73.273231,700062,0.072,12.2,92.9,0.0,0.647,36.7
MUM-ZN03842,Mumbai,11.398484,77.087136,400044,0.366,103.2,43.2,0.0784,0.362,19.61
PUN-ZN03843,Pune,25.458591,90.581628,411044,0.155,21.6,82.6,0.0684,0.206,12.01
DEL-ZN03844,Delhi,14.110911,83.824334,110047,0.567,0.0,147.4,0.0072,0.405,23.4
CHE-ZN03845,Chennai,12.55573,95.117727,600121,0.532,93.8,86.3,0.1296,0.275,19.65
MUM-ZN03846,Mumbai,22.622967,74.255536,400064,1.0,96.5,151.8,0.0946,0.301,22.48
DEL-ZN03847,Delhi,21.42252,94.019618,110041,0.642,12.0,126.2,0.2007,0.331,9.42
CHE-ZN03848,Chennai,12.269011,74.807097,600038,1.0,1.3,155.5,0.2551,0.45,9.27
CHE-ZN03849,Chennai,24.499208,91.13274,600124,1.0,53.4,83.9,0.0528,0.709,28.88
PUN-ZN03850,Pune,17.450984,80.678076,411036,0.691,15.6,94.4,0.0496,0.174,19.26
AHM-ZN03851,Ahmedabad,13.721068,74.458036,380002,0.811,55.9,72.0,0.0116,0.178,25.05
PUN-ZN03852,Pune,28.574271,92.843885,411021,0.322,27.2,86.4,0.0148,0.381,28.33
MUM-ZN03853,Mumbai,36.971507,76.839773,400067,0.675,4.0,120.4,0.013,0.423,6.5
KOL-ZN03854,Kolkata,9.208347,92.879657,700139,0.421,77.3,207.5,0.0703,0.461,18.86
PUN-ZN03855,Pune,13.428276,89.305462,411034,0.778,26.8,103.9,0.0132,0.484,17.86
BEN-ZN03856,Bengaluru,24.719664,93.151434,560096,0.562,13.8,30.0,0.0474,0.089,47.72
MUM-ZN03857,Mumbai,30.218425,93.422836,400021,0.338,19.6,200.9,0.0,0.23,32.42
HYD-ZN03858,Hyderabad,33.199079,95.600635,500093,0.638,8.3,94.8,0.0114,0.196,59.89
PUN-ZN03859,Pune,8.564614,69.754135,411023,0.918,2.6,100.6,0.0229,0.093,11.13
BEN-ZN03860,Bengaluru,31.966179,71.940605,560019,0.746,43.1,54.7,0.1309,0.277,19.82
DEL-ZN03861,Delhi,36.186838,96.814892,110048,0.965,50.9,348.0,0.1082,0.112,29.75
DEL-ZN03862,Delhi,10.446357,73.741025,110018,0.117,32.1,390.2,0.0507,0.415,33.42
AHM-ZN03863,Ahmedabad,29.670685,96.65795,380014,0.669,24.9,103.3,0.0966,0.467,24.75
DEL-ZN03864,Delhi,32.053507,93.357937,110057,0.579,21.5,109.8,0.0569,0.516,16.4
HYD-ZN03865,Hyderabad,29.956472,92.684335,500070,0.052,10.2,139.4,0.1664,0.195,12.23
PUN-ZN03866,Pune,14.134776,82.139055,411016,0.24,77.2,96.3,0.0354,0.108,17.42
AHM-ZN03867,Ahmedabad,8.229142,68.899713,380052,0.502,9.8,79.7,0.0429,0.138,5.3
HYD-ZN03868,Hyderabad,15.197016,73.345022,500075,0.648,39.4,69.0,0.0303,0.126,15.46
DEL-ZN03869,Delhi,31.144735,88.429185,110084,0.23,32.3,149.0,0.0229,0.137,38.85
PUN-ZN03870,Pune,31.230508,77.572754,411045,0.148,31.1,109.4,0.1722,0.154,49.06
HYD-ZN03871,Hyderabad,32.506095,90.024535,500063,0.412,44.5,72.9,0.0,0.133,36.73
KOL-ZN03872,Kolkata,31.386643,77.633082,700041,0.518,47.5,181.3,0.0,0.483,21.15
HYD-ZN03873,Hyderabad,34.876084,72.485927,500022,0.408,35.4,79.8,0.0634,0.577,16.42
MUM-ZN03874,Mumbai,23.707915,93.426387,400027,0.33,67.8,171.6,0.0095,0.0,20.33
PUN-ZN03875,Pune,32.102519,87.621609,411052,0.658,11.7,64.6,0.1109,0.153,28.23
PUN-ZN03876,Pune,11.538693,83.016397,411029,0.683,23.7,110.7,0.0353,0.119,15.89
PUN-ZN03877,Pune,9.286575,89.137881,411037,0.689,3.2,122.8,0.0196,0.338,19.2
CHE-ZN03878,Chennai,25.551167,75.626801,600020,1.0,64.4,127.0,0.0,0.123,13.11
PUN-ZN03879,Pune,27.082675,83.349142,411034,0.527,85.2,137.2,0.0081,0.388,17.01
BEN-ZN03880,Bengaluru,25.874233,70.047494,560019,0.024,0.0,86.4,0.0238,0.226,30.21
PUN-ZN03881,Pune,8.42658,88.12648,411032,0.148,29.1,113.9,0.0438,0.083,31.59
HYD-ZN03882,Hyderabad,28.33186,91.054784,500014,0.893,22.6,88.9,0.0536,0.103,7.96
CHE-ZN03883,Chennai,20.223768,73.528875,600004,0.57,3.4,35.9,0.0,0.019,24.81
PUN-ZN03884,Pune,25.356408,86.888899,411042,0.919,33.4,30.0,0.2316,0.317,17.37
BEN-ZN03885,Bengaluru,17.163376,69.002298,560075,0.935,11.1,114.1,0.0177,0.297,6.45
KOL-ZN03886,Kolkata,10.126227,74.213465,700044,0.258,21.4,152.0,0.0084,0.659,10.64
MUM-ZN03887,Mumbai,27.643468,95.354078,400066,0.013,101.2,76.1,0.1019,0.275,28.27
PUN-ZN03888,Pune,30.113273,83.233261,411006,0.431,0.0,62.6,0.0251,0.195,10.28
AHM-ZN03889,Ahmedabad,10.884405,85.279339,380012,0.685,15.1,108.4,0.0422,0.224,18.89
PUN-ZN03890,Pune,8.744346,90.618749,411027,0.613,22.5,66.1,0.0192,0.23,36.87
MUM-ZN03891,Mumbai,22.720209,77.677125,400072,1.0,44.0,91.5,0.0696,0.325,22.09
KOL-ZN03892,Kolkata,15.571059,90.326313,700054,0.27,14.1,133.1,0.0302,0.213,18.11
BEN-ZN03893,Bengaluru,30.607573,92.37198,560023,0.592,32.7,105.2,0.0167,0.298,28.09
AHM-ZN03894,Ahmedabad,36.813833,92.756669,380014,0.005,26.0,111.3,0.0,0.272,50.97
CHE-ZN03895,Chennai,30.497526,70.107043,600020,0.524,45.5,67.7,0.0844,0.467,13.65
MUM-ZN03896,Mumbai,31.229924,74.755116,400039,1.0,13.7,143.9,0.0052,0.075,48.27
CHE-ZN03897,Chennai,9.353057,85.146914,600121,1.0,40.4,135.1,0.0666,0.286,22.8
AHM-ZN03898,Ahmedabad,17.554053,90.369413,380033,0.177,41.7,60.1,0.0536,0.569,24.34
KOL-ZN03899,Kolkata,13.120719,84.104395,700143,0.695,30.7,128.3,0.0294,0.322,5.45
DEL-ZN03900,Delhi,31.511317,92.598627,110061,0.075,18.9,64.8,0.0663,0.096,32.95
AHM-ZN03901,Ahmedabad,12.817818,70.653386,380062,0.524,26.2,62.1,0.0592,0.211,31.82
CHE-ZN03902,Chennai,11.03911,72.625184,600099,0.328,60.9,77.6,0.0218,0.167,18.18
AHM-ZN03903,Ahmedabad,16.965915,68.213733,380004,0.1,11.9,155.5,0.1515,0.349,21.63
CHE-ZN03904,Chennai,11.099757,70.092825,600030,0.993,38.8,110.6,0.0231,0.341,32.51
MUM-ZN03905,Mumbai,16.944181,88.394269,400018,0.165,33.8,100.2,0.0138,0.373,10.87
HYD-ZN03906,Hyderabad,23.250602,83.990785,500011,0.777,39.5,130.0,0.1839,0.621,20.94
HYD-ZN03907,Hyderabad,25.719965,72.835962,500054,0.386,51.4,170.4,0.0342,0.117,9.23
MUM-ZN03908,Mumbai,32.854028,71.374108,400045,0.626,91.4,143.7,0.0435,0.215,31.97
AHM-ZN03909,Ahmedabad,12.856471,79.491048,380036,0.956,28.9,125.0,0.0402,0.347,18.8
DEL-ZN03910,Delhi,8.280836,77.97961,110013,0.552,0.0,432.2,0.0254,0.132,13.61
MUM-ZN03911,Mumbai,36.23361,91.942194,400059,0.026,109.4,153.0,0.0,0.407,19.53
BEN-ZN03912,Bengaluru,29.974388,69.868632,560051,0.898,33.1,105.3,0.0358,0.488,21.23
BEN-ZN03913,Bengaluru,12.526931,83.75334,560003,0.721,40.2,121.2,0.0985,0.094,10.41
CHE-ZN03914,Chennai,27.212628,95.694706,600046,0.671,0.0,98.1,0.0074,0.348,17.14
DEL-ZN03915,Delhi,32.143095,77.040347,110010,0.501,0.0,87.0,0.0607,0.162,15.98
PUN-ZN03916,Pune,25.86779,70.388592,411046,0.596,33.1,193.7,0.013,0.296,30.67
PUN-ZN03917,Pune,9.039787,81.497308,411010,0.88,4.8,122.7,0.103,0.116,34.33
BEN-ZN03918,Bengaluru,9.053475,89.54675,560047,0.712,4.4,131.5,0.0005,0.17,35.06
MUM-ZN03919,Mumbai,20.583244,92.432111,400027,0.296,37.9,79.7,0.0428,0.428,13.77
HYD-ZN03920,Hyderabad,14.63202,95.857141,500047,0.204,22.0,88.5,0.0523,0.515,25.92
DEL-ZN03921,Delhi,35.686828,88.597452,110054,0.551,48.2,81.5,0.0405,0.141,56.7
HYD-ZN03922,Hyderabad,36.249881,69.034353,500074,0.718,17.4,117.9,0.0997,0.132,12.69
PUN-ZN03923,Pune,35.212479,82.075137,411003,0.654,64.5,131.8,0.0929,0.449,24.24
DEL-ZN03924,Delhi,31.493943,95.480683,110013,0.64,9.8,141.1,0.0815,0.324,17.55
CHE-ZN03925,Chennai,27.068268,68.850229,600102,0.241,22.8,44.3,0.0443,0.316,5.93
CHE-ZN03926,Chennai,9.598196,93.07918,600039,1.0,41.0,124.3,0.0138,0.509,30.94
MUM-ZN03927,Mumbai,21.855007,70.707539,400026,0.515,91.2,92.8,0.0548,0.11,16.23
PUN-ZN03928,Pune,20.031322,74.92693,411037,0.286,49.9,38.7,0.0173,0.266,16.31
CHE-ZN03929,Chennai,31.065354,74.533346,600093,1.0,0.0,78.3,0.1495,0.201,46.59
KOL-ZN03930,Kolkata,13.817767,85.545345,700151,0.758,55.8,122.7,0.0931,0.546,8.83
MUM-ZN03931,Mumbai,28.374554,68.802271,400071,0.612,5.6,156.0,0.008,0.423,23.46
DEL-ZN03932,Delhi,19.363601,87.768275,110063,0.832,23.4,74.9,0.0321,0.28,12.78
MUM-ZN03933,Mumbai,10.683162,76.992323,400067,0.655,46.7,115.3,0.0741,0.284,23.72
DEL-ZN03934,Delhi,15.77171,78.518966,110003,0.483,13.5,67.0,0.0137,0.13,31.36
KOL-ZN03935,Kolkata,30.287605,94.216642,700095,0.107,92.1,257.3,0.0813,0.057,45.18
KOL-ZN03936,Kolkata,19.266793,89.543799,700042,0.27,38.8,166.6,0.1173,0.324,12.99
DEL-ZN03937,Delhi,22.558131,90.120534,110077,0.729,9.8,351.3,0.1084,0.116,19.54
BEN-ZN03938,Bengaluru,14.194658,68.063528,560049,0.075,18.1,81.7,0.0,0.469,25.17
DEL-ZN03939,Delhi,25.40136,83.878871,110078,0.034,3.5,203.0,0.0362,0.459,25.24
PUN-ZN03940,Pune,29.579754,92.449155,411008,0.186,36.0,61.9,0.0277,0.024,27.11
HYD-ZN03941,Hyderabad,8.937969,96.102036,500016,0.829,12.6,87.0,0.0398,0.192,17.18
BEN-ZN03942,Bengaluru,19.306604,94.204591,560061,0.619,32.0,141.2,0.0401,0.232,30.38
HYD-ZN03943,Hyderabad,31.269991,76.136348,500013,0.906,34.4,48.4,0.0182,0.127,8.45
BEN-ZN03944,Bengaluru,27.194421,87.535542,560066,0.301,21.8,142.9,0.058,0.386,20.21
KOL-ZN03945,Kolkata,36.756518,89.267688,700111,0.914,13.6,82.8,0.1256,0.171,40.97
PUN-ZN03946,Pune,23.600007,89.5607,411041,0.869,29.3,30.0,0.0098,0.605,14.75
AHM-ZN03947,Ahmedabad,30.752934,72.775363,380010,0.903,27.9,80.2,0.0932,0.25,16.42
KOL-ZN03948,Kolkata,32.514178,95.425319,700125,0.62,11.8,100.5,0.0561,0.207,2.91
MUM-ZN03949,Mumbai,32.023741,79.120153,400087,0.945,45.3,175.3,0.0143,0.153,27.35
CHE-ZN03950,Chennai,16.244855,78.921246,600076,0.773,55.8,98.6,0.0,0.104,8.34
KOL-ZN03951,Kolkata,16.452634,72.13703,700121,1.0,25.0,122.6,0.0,0.418,13.77
AHM-ZN03952,Ahmedabad,35.192201,77.776357,380005,0.205,46.1,132.1,0.0252,0.452,13.25
HYD-ZN03953,Hyderabad,24.833575,78.29878,500072,0.919,63.5,92.3,0.0011,0.19,10.82
MUM-ZN03954,Mumbai,12.209273,85.89915,400003,1.0,3.2,80.5,0.069,0.175,49.53
HYD-ZN03955,Hyderabad,16.845294,73.678182,500041,0.173,44.5,75.8,0.0559,0.451,17.72
KOL-ZN03956,Kolkata,11.921704,81.023276,700036,1.0,5.3,104.3,0.0277,0.357,23.93
KOL-ZN03957,Kolkata,13.890726,86.246448,700010,0.464,32.0,147.3,0.0829,0.113,34.86
MUM-ZN03958,Mumbai,24.399291,95.271944,400034,1.0,67.1,99.1,0.1235,0.239,13.13
MUM-ZN03959,Mumbai,26.704345,71.376404,400091,1.0,49.8,51.1,0.0398,0.269,20.72
KOL-ZN03960,Kolkata,20.816637,72.375189,700051,1.0,25.7,90.4,0.0419,0.301,22.15
MUM-ZN03961,Mumbai,20.751018,71.258026,400008,0.373,41.2,119.8,0.0037,0.301,49.12
MUM-ZN03962,Mumbai,12.854848,78.527157,400043,0.356,90.2,119.1,0.0389,0.402,5.92
CHE-ZN03963,Chennai,27.161517,70.327578,600066,0.179,15.8,88.1,0.0031,0.609,32.02
DEL-ZN03964,Delhi,21.053096,73.40778,110024,0.375,17.5,139.1,0.0915,0.109,30.94
MUM-ZN03965,Mumbai,34.316944,78.046413,400009,0.956,83.7,115.7,0.0225,0.204,20.07
HYD-ZN03966,Hyderabad,15.7112,68.915827,500050,0.95,21.1,129.8,0.0005,0.372,55.27
AHM-ZN03967,Ahmedabad,25.807719,78.178865,380036,0.15,5.4,69.9,0.0188,0.438,11.3
BEN-ZN03968,Bengaluru,24.057576,80.922729,560079,0.958,17.1,106.1,0.0351,0.117,40.15
CHE-ZN03969,Chennai,29.899134,85.718435,600104,0.0,20.4,83.8,0.0894,0.295,23.7
DEL-ZN03970,Delhi,8.762706,94.597529,110070,0.854,0.0,137.1,0.0116,0.087,46.63
PUN-ZN03971,Pune,26.899984,96.292425,411028,0.909,35.9,30.0,0.1023,0.143,10.75
BEN-ZN03972,Bengaluru,31.553407,90.661793,560049,0.492,0.0,115.6,0.0252,0.45,10.4
PUN-ZN03973,Pune,16.055515,79.855003,411061,0.383,95.7,30.0,0.0559,0.269,16.54
PUN-ZN03974,Pune,15.531691,84.095109,411023,0.807,10.4,110.4,0.0411,0.093,17.45
BEN-ZN03975,Bengaluru,17.595922,69.38439,560034,0.28,9.7,105.6,0.0,0.347,19.67
MUM-ZN03976,Mumbai,29.595688,70.254992,400040,0.293,9.3,131.7,0.0021,0.149,17.74
BEN-ZN03977,Bengaluru,18.329283,93.60082,560075,0.952,3.0,139.5,0.0247,0.081,31.07
BEN-ZN03978,Bengaluru,22.924603,71.474375,560019,0.29,34.0,30.0,0.1033,0.468,21.36
HYD-ZN03979,Hyderabad,26.230648,90.176589,500014,0.625,23.8,115.8,0.0098,0.183,24.61
CHE-ZN03980,Chennai,23.332668,92.891331,600083,0.693,44.6,55.4,0.0571,0.663,15.61
HYD-ZN03981,Hyderabad,12.087702,75.137333,500087,0.265,7.7,155.1,0.0392,0.318,22.18
PUN-ZN03982,Pune,17.783079,84.368155,411035,0.246,36.4,40.2,0.0362,0.566,21.74
MUM-ZN03983,Mumbai,30.589615,73.384615,400027,1.0,25.6,153.5,0.0202,0.324,14.13
MUM-ZN03984,Mumbai,32.655829,77.827006,400002,1.0,53.9,118.4,0.0167,0.116,8.38
AHM-ZN03985,Ahmedabad,14.3601,68.434126,380043,0.235,36.0,58.0,0.0257,0.381,22.45
CHE-ZN03986,Chennai,31.543808,74.582914,600075,1.0,4.2,164.0,0.0325,0.09,14.82
DEL-ZN03987,Delhi,29.391038,86.483052,110060,0.356,15.5,196.2,0.0461,0.247,11.24
BEN-ZN03988,Bengaluru,28.185529,93.258685,560075,0.33,34.1,52.0,0.0142,0.523,30.14
DEL-ZN03989,Delhi,29.299185,77.523071,110063,0.276,21.2,464.0,0.0545,0.134,25.39
AHM-ZN03990,Ahmedabad,9.01511,78.26587,380032,0.841,3.4,89.2,0.0014,0.309,28.58
KOL-ZN03991,Kolkata,18.102142,88.493272,700007,0.837,62.0,170.4,0.0555,0.463,47.91
DEL-ZN03992,Delhi,33.799195,75.169777,110059,0.922,0.0,85.2,0.0042,0.346,20.2
AHM-ZN03993,Ahmedabad,14.01054,86.661975,380016,0.731,0.0,82.0,0.0921,0.412,6.17
HYD-ZN03994,Hyderabad,29.608205,78.807096,500064,0.965,66.5,42.7,0.0381,0.118,26.32
HYD-ZN03995,Hyderabad,25.384449,81.393412,500021,0.583,23.1,75.6,0.0096,0.287,23.96
PUN-ZN03996,Pune,13.221636,79.85918,411011,0.876,5.3,78.1,0.0318,0.215,10.55
AHM-ZN03997,Ahmedabad,14.334762,95.935404,380061,0.836,28.3,66.4,0.0411,0.279,40.01
AHM-ZN03998,Ahmedabad,29.925334,73.529,380056,0.807,7.7,121.2,0.1264,0.45,17.98
DEL-ZN03999,Delhi,24.558278,96.660488,110042,0.399,20.2,237.1,0.0093,0.489,50.97
PUN-ZN04000,Pune,30.178895,87.813876,411007,0.213,64.3,43.1,0.0717,0.139,13.82
DEL-ZN04001,Delhi,27.87161,76.937544,110003,0.842,21.4,143.6,0.1638,0.199,10.93
PUN-ZN04002,Pune,23.032538,92.821816,411010,0.578,27.1,47.9,0.0863,0.243,16.51
AHM-ZN04003,Ahmedabad,19.154857,88.159923,380006,0.772,0.0,164.6,0.0381,0.198,20.33
PUN-ZN04004,Pune,8.968407,78.272451,411047,0.95,9.5,68.2,0.038,0.078,14.73
DEL-ZN04005,Delhi,24.907381,81.652946,110001,0.911,10.9,123.9,0.0204,0.579,17.72
KOL-ZN04006,Kolkata,13.396481,74.894558,700062,1.0,49.6,151.0,0.0491,0.377,20.7
KOL-ZN04007,Kolkata,29.137703,74.235605,700064,1.0,58.5,161.6,0.0064,0.631,17.57
MUM-ZN04008,Mumbai,9.954094,96.12966,400068,1.0,85.9,57.2,0.0,0.429,31.76
CHE-ZN04009,Chennai,16.33004,73.464824,600124,1.0,10.7,129.7,0.0475,0.276,14.22
DEL-ZN04010,Delhi,31.338992,89.738735,110019,0.613,29.5,50.0,0.0132,0.381,30.78
DEL-ZN04011,Delhi,9.896007,89.472949,110037,0.763,9.6,147.5,0.0522,0.143,16.17
PUN-ZN04012,Pune,34.830844,72.946686,411029,0.258,0.0,181.3,0.0037,0.21,13.61
KOL-ZN04013,Kolkata,21.376635,81.962802,700059,0.029,14.2,180.3,0.0351,0.513,29.1
HYD-ZN04014,Hyderabad,17.049039,76.136544,500042,0.342,26.6,86.9,0.0348,0.225,11.75
PUN-ZN04015,Pune,33.253822,81.109867,411060,0.262,8.5,81.0,0.0319,0.0,35.61
DEL-ZN04016,Delhi,26.905309,90.574756,110066,0.12,17.2,93.8,0.0416,0.361,21.93
HYD-ZN04017,Hyderabad,25.181151,79.731224,500030,0.253,9.3,105.1,0.1911,0.201,13.77
MUM-ZN04018,Mumbai,8.400032,93.177134,400067,0.562,43.1,30.0,0.0658,0.384,34.5
KOL-ZN04019,Kolkata,14.484199,73.635984,700032,0.942,18.7,109.6,0.0547,0.267,22.91
HYD-ZN04020,Hyderabad,21.743752,89.338205,500014,0.894,48.6,79.7,0.073,0.125,16.91
HYD-ZN04021,Hyderabad,34.157233,68.283434,500068,0.168,15.5,65.2,0.0425,0.025,23.56
KOL-ZN04022,Kolkata,34.014862,82.739407,700159,0.981,36.0,192.3,0.0027,0.285,12.63
BEN-ZN04023,Bengaluru,16.157749,95.492114,560092,0.436,10.5,95.6,0.09,0.433,69.9
BEN-ZN04024,Bengaluru,20.534679,81.551364,560034,0.706,40.7,104.7,0.0032,0.107,26.59
PUN-ZN04025,Pune,8.985544,95.241015,411035,0.267,14.3,129.8,0.0,0.119,15.49
CHE-ZN04026,Chennai,30.158927,80.583981,600052,0.893,74.9,68.8,0.0974,0.696,23.03
KOL-ZN04027,Kolkata,24.355257,87.996875,700133,0.632,23.8,30.0,0.0176,0.072,37.82
CHE-ZN04028,Chennai,21.091269,71.877197,600039,0.616,6.2,45.5,0.0353,0.554,5.92
CHE-ZN04029,Chennai,23.082842,96.873259,600079,1.0,16.1,74.9,0.0125,0.067,19.12
MUM-ZN04030,Mumbai,26.84808,68.095272,400083,0.185,35.8,219.2,0.0407,0.081,16.96
CHE-ZN04031,Chennai,16.038341,71.246401,600021,1.0,19.0,72.1,0.0207,0.161,17.87
KOL-ZN04032,Kolkata,22.212413,75.397081,700048,0.144,46.0,127.7,0.0085,0.41,8.03
AHM-ZN04033,Ahmedabad,13.730065,88.022687,380027,0.356,6.8,64.5,0.0171,0.245,9.85
DEL-ZN04034,Delhi,13.900481,74.782115,110094,0.349,46.5,73.7,0.0,0.301,10.83
BEN-ZN04035,Bengaluru,33.753501,72.679588,560063,0.753,0.0,87.3,0.0133,0.137,23.78
DEL-ZN04036,Delhi,24.189707,78.549582,110027,0.141,0.0,357.8,0.0216,0.379,34.28
BEN-ZN04037,Bengaluru,18.586266,82.61174,560032,0.596,10.4,55.2,0.0367,0.104,23.12
BEN-ZN04038,Bengaluru,10.562807,79.528232,560009,0.778,22.2,109.6,0.0539,0.267,31.48
MUM-ZN04039,Mumbai,26.898243,75.08618,400040,0.714,74.0,103.7,0.0373,0.431,14.25
AHM-ZN04040,Ahmedabad,30.017559,81.197223,380001,0.711,17.0,146.9,0.0052,0.049,15.06
AHM-ZN04041,Ahmedabad,16.983362,96.828849,380031,0.28,15.7,127.8,0.0235,0.14,31.49
PUN-ZN04042,Pune,34.487253,87.885574,411034,0.074,32.9,93.5,0.0402,0.321,19.27
DEL-ZN04043,Delhi,8.110219,88.150198,110032,0.862,33.0,218.7,0.0164,0.504,9.41
DEL-ZN04044,Delhi,20.106016,83.573778,110023,0.886,0.0,108.8,0.0331,0.289,18.47
CHE-ZN04045,Chennai,20.882657,86.377398,600085,0.04,23.3,117.1,0.062,0.201,22.35
CHE-ZN04046,Chennai,35.311265,96.870669,600040,0.959,26.0,68.2,0.0262,0.172,31.96
AHM-ZN04047,Ahmedabad,26.741191,82.989884,380018,0.513,0.0,80.7,0.094,0.057,13.6
HYD-ZN04048,Hyderabad,15.2479,77.184351,500054,0.405,0.0,143.9,0.0196,0.375,21.68
BEN-ZN04049,Bengaluru,15.046188,96.028343,560023,0.257,7.7,85.8,0.013,0.317,7.25
AHM-ZN04050,Ahmedabad,12.854405,76.71485,380033,0.171,7.3,111.0,0.0059,0.391,24.96
DEL-ZN04051,Delhi,32.934571,70.479417,110056,0.26,0.0,320.0,0.0,0.083,18.78
BEN-ZN04052,Bengaluru,14.704769,69.507588,560089,0.384,50.1,39.4,0.1363,0.481,10.98
AHM-ZN04053,Ahmedabad,24.023677,69.871018,380037,0.705,12.1,36.6,0.0252,0.028,25.49
PUN-ZN04054,Pune,22.24518,96.854209,411018,0.095,34.9,148.6,0.0546,0.616,18.86
DEL-ZN04055,Delhi,32.614085,84.279432,110001,0.165,11.9,82.8,0.0507,0.379,12.96
KOL-ZN04056,Kolkata,20.688174,96.764717,700041,0.788,26.2,95.6,0.0855,0.347,7.86
CHE-ZN04057,Chennai,29.961159,71.716652,600115,0.217,28.6,76.7,0.0997,0.286,25.73
HYD-ZN04058,Hyderabad,19.678138,74.207938,500058,0.299,7.5,95.3,0.0033,0.547,11.38
PUN-ZN04059,Pune,28.376432,81.909771,411015,0.894,1.6,99.7,0.022,0.244,19.04
AHM-ZN04060,Ahmedabad,21.316566,79.809601,380046,0.563,35.0,101.2,0.0935,0.531,19.58
CHE-ZN04061,Chennai,25.725399,86.854643,600085,0.519,5.0,73.3,0.0028,0.293,16.31
DEL-ZN04062,Delhi,28.471035,79.821533,110073,0.223,49.6,350.4,0.0,0.174,14.23
MUM-ZN04063,Mumbai,20.372663,90.405539,400038,1.0,70.1,126.2,0.0205,0.309,22.17
PUN-ZN04064,Pune,25.216242,75.279227,411015,0.406,53.4,80.3,0.0193,0.323,18.2
PUN-ZN04065,Pune,35.013193,75.066818,411016,0.055,68.4,108.9,0.0355,0.117,34.84
HYD-ZN04066,Hyderabad,20.078087,70.483059,500065,0.741,10.4,97.9,0.0413,0.405,18.53
HYD-ZN04067,Hyderabad,14.421426,81.973715,500062,0.375,43.3,97.9,0.0268,0.082,23.97
AHM-ZN04068,Ahmedabad,33.786681,78.503556,380009,0.251,45.3,66.4,0.1392,0.029,31.61
KOL-ZN04069,Kolkata,35.97162,82.647943,700106,0.001,17.6,136.7,0.0717,0.167,7.79
CHE-ZN04070,Chennai,20.754538,77.049585,600043,1.0,0.0,133.0,0.2166,0.23,23.16
PUN-ZN04071,Pune,9.088416,71.785283,411018,0.951,50.3,90.6,0.0738,0.118,15.98
MUM-ZN04072,Mumbai,13.290039,92.145523,400050,0.339,31.9,122.0,0.0142,0.132,14.1
MUM-ZN04073,Mumbai,12.506766,96.596736,400104,0.355,66.1,116.4,0.0095,0.337,8.6
BEN-ZN04074,Bengaluru,25.917616,90.895,560076,0.727,28.0,40.9,0.0261,0.653,30.62
DEL-ZN04075,Delhi,34.48102,90.011694,110093,0.552,0.0,321.3,0.0435,0.051,23.81
CHE-ZN04076,Chennai,20.706594,79.92001,600042,0.146,4.8,150.0,0.0317,0.136,11.74
KOL-ZN04077,Kolkata,8.074065,92.18702,700131,0.001,7.4,163.5,0.192,0.415,21.84
MUM-ZN04078,Mumbai,16.816586,82.234556,400012,0.461,46.8,138.9,0.018,0.128,28.12
BEN-ZN04079,Bengaluru,20.674255,93.866093,560071,0.628,33.3,86.7,0.0147,0.12,35.74
PUN-ZN04080,Pune,17.2459,92.898919,411001,0.766,45.3,65.1,0.0042,0.546,31.21
PUN-ZN04081,Pune,30.524267,70.948525,411053,0.235,10.9,70.7,0.0491,0.259,15.05
AHM-ZN04082,Ahmedabad,34.620308,68.089352,380032,0.87,36.0,72.9,0.009,0.573,16.41
CHE-ZN04083,Chennai,26.114719,73.99212,600021,0.81,35.4,111.8,0.0447,0.362,17.59
BEN-ZN04084,Bengaluru,26.051974,68.93608,560087,0.255,14.3,105.5,0.1118,0.178,25.27
HYD-ZN04085,Hyderabad,25.053534,73.266714,500006,0.016,23.9,86.4,0.0,0.741,18.2
PUN-ZN04086,Pune,18.830926,78.568798,411021,0.575,27.3,125.4,0.0614,0.639,20.23
KOL-ZN04087,Kolkata,23.121389,74.153461,700039,1.0,16.1,161.9,0.1322,0.042,18.61
DEL-ZN04088,Delhi,36.203761,87.879094,110086,0.789,9.7,85.9,0.0184,0.425,18.81
MUM-ZN04089,Mumbai,30.742273,79.434535,400044,0.716,31.7,68.5,0.046,0.244,43.95
AHM-ZN04090,Ahmedabad,14.095241,88.795164,380049,0.559,36.2,68.1,0.0646,0.066,15.65
DEL-ZN04091,Delhi,9.473007,79.737073,110004,0.88,9.3,200.2,0.0411,0.212,19.16
PUN-ZN04092,Pune,34.915131,92.013392,411027,0.141,41.6,114.8,0.1138,0.303,20.42
DEL-ZN04093,Delhi,27.139749,73.616682,110011,0.54,20.0,73.6,0.0302,0.152,10.39
PUN-ZN04094,Pune,19.770375,91.330677,411011,0.282,5.1,72.6,0.0367,0.196,25.42
KOL-ZN04095,Kolkata,28.114956,78.921522,700119,0.116,73.1,173.8,0.0594,0.161,15.47
DEL-ZN04096,Delhi,22.797696,76.5072,110030,0.752,7.1,319.3,0.0334,0.397,28.13
PUN-ZN04097,Pune,33.137457,96.278344,411022,0.382,44.9,55.6,0.0,0.339,54.58
HYD-ZN04098,Hyderabad,32.561756,78.496229,500051,0.783,46.3,77.9,0.0688,0.265,23.98
PUN-ZN04099,Pune,24.141237,75.781333,411012,0.075,16.7,97.9,0.0532,0.577,24.57
MUM-ZN04100,Mumbai,18.808934,74.828543,400068,0.814,75.6,144.7,0.0349,0.518,18.32
BEN-ZN04101,Bengaluru,31.573261,76.998573,560091,0.323,59.2,88.9,0.0094,0.458,16.54
PUN-ZN04102,Pune,25.063182,78.937833,411004,0.081,23.5,122.7,0.0522,0.427,15.31
DEL-ZN04103,Delhi,22.902911,89.976154,110067,0.077,40.0,58.9,0.0546,0.211,19.28
MUM-ZN04104,Mumbai,16.364982,76.384657,400003,0.216,79.4,51.4,0.018,0.381,9.08
PUN-ZN04105,Pune,36.452726,95.192639,411034,0.397,2.0,106.7,0.0337,0.125,9.57
KOL-ZN04106,Kolkata,17.675685,72.005294,700100,0.332,43.0,115.0,0.0163,0.468,19.27
CHE-ZN04107,Chennai,33.130786,85.761497,600043,0.562,25.0,129.7,0.0406,0.02,7.95
CHE-ZN04108,Chennai,33.496042,85.419155,600075,1.0,41.5,109.3,0.0185,0.206,31.32
CHE-ZN04109,Chennai,35.368849,70.034503,600042,1.0,47.7,109.0,0.0076,0.078,21.7
CHE-ZN04110,Chennai,15.965661,92.646017,600083,1.0,7.0,85.3,0.0412,0.216,32.37
AHM-ZN04111,Ahmedabad,25.593105,85.300446,380059,0.141,26.5,78.1,0.036,0.242,14.17
AHM-ZN04112,Ahmedabad,13.380626,79.631183,380051,0.187,13.0,108.8,0.0228,0.396,28.26
AHM-ZN04113,Ahmedabad,11.80248,75.236698,380025,0.511,40.1,153.0,0.1031,0.213,26.83
CHE-ZN04114,Chennai,35.293357,78.105283,600051,1.0,14.4,127.8,0.0754,0.273,24.14
DEL-ZN04115,Delhi,26.773176,78.738403,110007,0.976,11.6,43.2,0.0248,0.429,29.14
DEL-ZN04116,Delhi,14.848156,82.084775,110062,0.368,11.3,135.5,0.0,0.092,16.26
AHM-ZN04117,Ahmedabad,25.579972,91.331732,380043,0.772,9.1,159.3,0.1052,0.284,15.08
CHE-ZN04118,Chennai,29.558088,88.865885,600034,0.68,49.9,177.7,0.0456,0.051,22.16
PUN-ZN04119,Pune,21.90376,81.569522,411038,0.207,14.5,136.0,0.0513,0.257,29.27
AHM-ZN04120,Ahmedabad,17.094625,90.604454,380038,0.997,31.9,105.8,0.0426,0.298,19.25
BEN-ZN04121,Bengaluru,8.873128,85.538949,560043,0.597,30.7,125.2,0.0019,0.123,20.35
MUM-ZN04122,Mumbai,34.754865,83.604701,400080,1.0,19.9,116.3,0.0,0.074,32.64
KOL-ZN04123,Kolkata,34.162556,73.897952,700136,1.0,17.6,194.0,0.0326,0.228,41.86
PUN-ZN04124,Pune,32.373196,80.959284,411037,0.468,22.2,146.3,0.0135,0.306,23.28
DEL-ZN04125,Delhi,14.830862,79.270934,110063,0.179,52.0,100.0,0.0817,0.499,50.17
PUN-ZN04126,Pune,32.39419,85.525716,411038,0.273,0.0,121.9,0.0242,0.356,19.63
MUM-ZN04127,Mumbai,23.061504,81.888949,400055,1.0,7.8,104.6,0.0287,0.079,30.52
DEL-ZN04128,Delhi,36.62015,76.613523,110070,0.285,30.2,433.2,0.0225,0.022,15.65
CHE-ZN04129,Chennai,17.383011,69.106951,600074,1.0,26.5,128.2,0.0235,0.02,16.12
MUM-ZN04130,Mumbai,27.922962,90.908655,400034,0.449,15.9,98.5,0.0939,0.256,27.02
KOL-ZN04131,Kolkata,13.401472,69.545589,700036,1.0,41.7,82.0,0.0465,0.376,13.66
KOL-ZN04132,Kolkata,15.908137,89.063928,700123,0.488,0.0,217.6,0.0052,0.148,33.24
PUN-ZN04133,Pune,9.848569,85.445514,411017,0.158,23.3,137.0,0.0188,0.567,54.08
BEN-ZN04134,Bengaluru,23.93861,76.040706,560008,0.987,27.2,105.3,0.022,0.13,22.1
HYD-ZN04135,Hyderabad,36.424138,93.290434,500032,0.396,29.0,96.5,0.1008,0.52,25.11
DEL-ZN04136,Delhi,35.01578,79.073064,110001,0.289,35.4,111.9,0.0099,0.117,32.6
AHM-ZN04137,Ahmedabad,23.838011,96.465873,380061,0.997,22.5,76.8,0.0346,0.249,14.04
CHE-ZN04138,Chennai,17.110238,83.172638,600030,0.049,64.6,82.3,0.0017,0.309,43.39
MUM-ZN04139,Mumbai,24.23504,86.755138,400069,0.405,70.7,63.7,0.1317,0.056,11.9
AHM-ZN04140,Ahmedabad,21.312477,93.828745,380031,0.629,4.4,76.3,0.009,0.221,10.7
MUM-ZN04141,Mumbai,11.083047,84.695861,400087,1.0,26.4,197.1,0.0,0.295,65.55
CHE-ZN04142,Chennai,32.303126,85.41828,600045,0.63,5.9,130.3,0.031,0.767,11.71
PUN-ZN04143,Pune,36.083871,81.103654,411040,0.454,22.4,121.2,0.1132,0.164,32.24
KOL-ZN04144,Kolkata,30.422732,91.487392,700063,0.621,0.0,39.5,0.0155,0.4,37.75
AHM-ZN04145,Ahmedabad,30.553497,69.944411,380026,0.772,0.0,104.5,0.0147,0.266,10.05
PUN-ZN04146,Pune,19.785192,80.749595,411049,0.903,4.9,93.4,0.1338,0.218,20.98
PUN-ZN04147,Pune,10.03005,94.15906,411051,0.27,34.3,69.8,0.0,0.212,13.3
PUN-ZN04148,Pune,14.021263,83.490069,411016,0.186,22.6,116.6,0.0745,0.323,10.24
CHE-ZN04149,Chennai,12.129994,91.181801,600034,0.633,69.8,47.3,0.192,0.396,7.93
PUN-ZN04150,Pune,16.791611,85.691211,411026,0.689,49.6,110.5,0.0,0.175,14.23
HYD-ZN04151,Hyderabad,31.46565,76.027351,500063,0.354,18.3,100.2,0.0196,0.288,30.76
MUM-ZN04152,Mumbai,30.554231,74.524939,400039,1.0,23.3,136.8,0.0833,0.147,16.08
CHE-ZN04153,Chennai,31.696648,96.008439,600087,0.916,8.8,101.8,0.0216,0.103,9.68
DEL-ZN04154,Delhi,11.826725,86.92992,110049,0.111,8.4,60.1,0.0116,0.158,38.04
MUM-ZN04155,Mumbai,34.246575,86.912334,400010,0.331,37.2,187.5,0.0047,0.192,15.83
BEN-ZN04156,Bengaluru,33.057069,85.856545,560033,0.99,0.0,106.3,0.0322,0.191,28.61
BEN-ZN04157,Bengaluru,23.446425,94.596568,560102,0.015,48.1,55.4,0.0,0.438,18.78
BEN-ZN04158,Bengaluru,31.861742,78.305162,560050,0.347,31.9,100.4,0.1668,0.097,12.46
MUM-ZN04159,Mumbai,16.376225,78.291952,400068,0.232,78.6,83.5,0.0,0.478,82.93
PUN-ZN04160,Pune,25.361383,69.112085,411006,0.1,60.8,121.0,0.0226,0.248,16.85
BEN-ZN04161,Bengaluru,33.420082,73.456168,560101,0.901,31.7,79.1,0.0055,0.309,27.11
BEN-ZN04162,Bengaluru,31.378259,68.422845,560035,0.923,18.9,89.4,0.0363,0.246,32.14
HYD-ZN04163,Hyderabad,26.480664,77.484571,500089,0.634,10.1,144.9,0.0646,0.174,5.88
BEN-ZN04164,Bengaluru,21.402917,83.000818,560012,0.826,95.2,85.0,0.0319,0.498,53.88
BEN-ZN04165,Bengaluru,21.930871,91.611001,560094,0.437,4.2,86.6,0.0546,0.546,30.02
CHE-ZN04166,Chennai,31.325505,74.559805,600085,0.153,14.5,83.1,0.0063,0.309,24.41
KOL-ZN04167,Kolkata,34.230684,68.577774,700142,0.875,54.9,146.7,0.0145,0.414,25.35
KOL-ZN04168,Kolkata,31.099204,80.984676,700097,0.736,7.0,220.4,0.0052,0.094,11.72
PUN-ZN04169,Pune,33.195418,88.80135,411061,0.382,54.6,45.8,0.0156,0.262,14.87
HYD-ZN04170,Hyderabad,9.538433,80.018123,500009,0.608,52.6,105.5,0.0078,0.654,30.64
CHE-ZN04171,Chennai,10.256582,76.900693,600125,0.141,11.5,92.6,0.0383,0.436,26.29
BEN-ZN04172,Bengaluru,26.514777,78.689455,560018,0.811,53.2,61.4,0.0877,0.199,26.71
KOL-ZN04173,Kolkata,26.401593,80.412772,700093,1.0,19.2,157.1,0.0812,0.346,11.09
PUN-ZN04174,Pune,29.685287,71.696759,411043,0.535,11.7,109.6,0.1428,0.172,34.57
CHE-ZN04175,Chennai,30.064467,83.707649,600106,0.442,6.6,146.3,0.1652,0.384,10.13
BEN-ZN04176,Bengaluru,20.632204,76.778731,560007,0.426,52.9,37.6,0.0159,0.556,18.45
BEN-ZN04177,Bengaluru,28.455463,82.793923,560078,0.808,48.2,89.2,0.1031,0.384,12.09
KOL-ZN04178,Kolkata,27.709784,91.993286,700055,0.628,13.2,171.1,0.0386,0.542,11.06
KOL-ZN04179,Kolkata,31.940992,77.942694,700111,1.0,44.3,85.6,0.0398,0.492,12.48
PUN-ZN04180,Pune,31.377005,86.749063,411032,0.67,27.4,105.6,0.0414,0.423,17.84
DEL-ZN04181,Delhi,32.234966,75.193729,110065,0.009,20.6,52.4,0.0747,0.202,19.7
AHM-ZN04182,Ahmedabad,31.057585,92.557584,380016,0.806,9.8,68.3,0.0501,0.27,11.49
KOL-ZN04183,Kolkata,30.463939,81.43276,700070,1.0,22.8,211.2,0.0013,0.246,7.05
DEL-ZN04184,Delhi,22.58673,89.321855,110003,0.99,27.3,114.6,0.003,0.108,14.09
BEN-ZN04185,Bengaluru,27.426421,69.501931,560045,0.053,25.6,93.8,0.0734,0.322,41.94
HYD-ZN04186,Hyderabad,30.29643,80.11237,500045,0.77,0.3,86.0,0.2579,0.058,10.46
BEN-ZN04187,Bengaluru,9.724236,85.887842,560085,0.492,30.3,55.6,0.055,0.618,10.33
PUN-ZN04188,Pune,11.150838,86.102845,411051,0.496,33.9,89.5,0.0,0.257,10.69
HYD-ZN04189,Hyderabad,30.367696,81.175663,500082,0.229,4.5,93.8,0.0187,0.421,29.94
BEN-ZN04190,Bengaluru,17.517685,90.929535,560030,0.238,19.6,142.0,0.1658,0.186,6.6
HYD-ZN04191,Hyderabad,23.519202,78.978954,500030,0.065,23.4,51.1,0.0072,0.221,43.29
KOL-ZN04192,Kolkata,15.872494,92.183841,700033,1.0,53.8,188.5,0.0281,0.501,7.62
MUM-ZN04193,Mumbai,27.950706,75.371082,400003,0.781,33.7,169.0,0.0385,0.252,8.68
BEN-ZN04194,Bengaluru,30.609181,89.208983,560027,0.698,43.5,71.0,0.0304,0.372,20.6
HYD-ZN04195,Hyderabad,35.088553,69.387105,500061,0.426,29.2,53.1,0.0064,0.278,20.8
AHM-ZN04196,Ahmedabad,15.045156,93.534959,380022,0.638,13.9,67.3,0.0191,0.282,11.5
CHE-ZN04197,Chennai,24.873044,92.624836,600062,0.33,4.9,51.2,0.0214,0.292,16.29
CHE-ZN04198,Chennai,35.422205,89.634268,600041,0.384,14.3,87.8,0.2448,0.348,13.14
BEN-ZN04199,Bengaluru,8.728137,77.593922,560047,0.539,22.5,36.4,0.1096,0.313,30.95
HYD-ZN04200,Hyderabad,28.498927,95.241144,500093,0.788,0.6,31.3,0.1047,0.264,33.43
BEN-ZN04201,Bengaluru,33.755275,76.744467,560064,0.722,24.0,65.4,0.0695,0.388,26.61
PUN-ZN04202,Pune,31.103079,89.263823,411029,0.765,14.5,66.7,0.0366,0.438,29.37
CHE-ZN04203,Chennai,32.194735,91.497684,600063,1.0,10.0,98.5,0.0305,0.332,23.22
KOL-ZN04204,Kolkata,14.018104,68.855046,700090,0.299,15.4,247.2,0.1381,0.463,13.09
HYD-ZN04205,Hyderabad,30.09392,83.861411,500068,0.233,63.7,165.4,0.0,0.099,31.61
MUM-ZN04206,Mumbai,27.686737,84.41011,400062,0.253,19.9,76.2,0.0137,0.419,36.55
CHE-ZN04207,Chennai,25.515971,83.034535,600004,0.084,45.2,102.0,0.0172,0.138,7.6
DEL-ZN04208,Delhi,24.264781,84.311179,110047,0.204,0.7,327.3,0.0216,0.106,15.77
KOL-ZN04209,Kolkata,19.722155,91.010618,700005,1.0,72.8,99.6,0.0015,0.316,18.48
KOL-ZN04210,Kolkata,17.902704,80.167094,700082,0.391,35.2,125.5,0.0632,0.101,34.47
PUN-ZN04211,Pune,26.569576,68.102783,411014,0.541,40.8,74.6,0.0465,0.736,13.91
AHM-ZN04212,Ahmedabad,10.882776,83.494428,380041,0.738,33.3,33.1,0.0456,0.325,36.5
AHM-ZN04213,Ahmedabad,18.343748,81.107965,380022,0.2,51.3,81.5,0.0041,0.091,23.09
MUM-ZN04214,Mumbai,27.271398,69.002133,400044,1.0,32.8,107.4,0.0128,0.412,99.73
BEN-ZN04215,Bengaluru,9.323725,79.61128,560075,0.537,13.8,74.1,0.0646,0.599,33.19
AHM-ZN04216,Ahmedabad,36.445296,74.036557,380002,0.95,7.6,105.4,0.0114,0.335,11.43
PUN-ZN04217,Pune,31.950595,94.668234,411017,0.839,3.5,142.8,0.0923,0.316,30.68
AHM-ZN04218,Ahmedabad,13.514157,72.864658,380010,0.273,36.7,68.8,0.0385,0.188,15.25
KOL-ZN04219,Kolkata,31.916123,90.592051,700004,0.378,64.9,195.3,0.0455,0.075,15.61
AHM-ZN04220,Ahmedabad,14.830284,70.936011,380031,0.903,23.2,121.6,0.0948,0.124,18.58
MUM-ZN04221,Mumbai,11.502986,73.245355,400097,0.93,88.2,132.9,0.0258,0.531,9.42
PUN-ZN04222,Pune,22.16062,73.214293,411044,0.691,58.3,120.4,0.0275,0.492,16.51
DEL-ZN04223,Delhi,29.314258,85.933165,110081,0.168,13.6,75.9,0.107,0.145,18.63
BEN-ZN04224,Bengaluru,33.903001,70.394073,560082,0.863,26.0,73.8,0.0092,0.482,16.31
PUN-ZN04225,Pune,27.20633,75.963016,411005,0.535,52.1,117.5,0.0883,0.026,21.9
AHM-ZN04226,Ahmedabad,28.136991,74.376376,380012,0.49,13.7,99.1,0.0218,0.624,10.6
HYD-ZN04227,Hyderabad,20.188701,71.920165,500090,0.337,17.3,84.1,0.0419,0.112,17.04
MUM-ZN04228,Mumbai,23.767533,71.085509,400088,0.158,16.5,77.7,0.0453,0.462,36.22
MUM-ZN04229,Mumbai,26.891168,70.181824,400050,0.894,38.0,153.2,0.0741,0.059,22.5
CHE-ZN04230,Chennai,13.175732,77.585368,600012,1.0,14.9,106.4,0.0395,0.197,9.5
AHM-ZN04231,Ahmedabad,16.560978,91.412816,380025,0.346,10.7,137.3,0.0801,0.497,19.11
KOL-ZN04232,Kolkata,14.113061,69.092826,700097,0.723,26.7,168.7,0.0,0.242,21.77
KOL-ZN04233,Kolkata,12.302653,92.862477,700061,0.276,50.6,291.2,0.0848,0.293,23.11
PUN-ZN04234,Pune,22.231323,74.155533,411055,0.526,14.5,72.0,0.0285,0.475,14.0
PUN-ZN04235,Pune,32.266507,75.311874,411018,0.44,44.9,52.4,0.0209,0.31,18.23
DEL-ZN04236,Delhi,9.105966,69.399082,110051,0.421,52.2,185.2,0.0685,0.161,23.44
PUN-ZN04237,Pune,21.172415,86.672969,411032,0.876,4.9,96.2,0.0519,0.236,14.56
BEN-ZN04238,Bengaluru,10.099592,71.545215,560016,0.156,22.6,140.2,0.0368,0.26,16.1
MUM-ZN04239,Mumbai,21.314819,91.383252,400004,0.108,28.1,86.5,0.0609,0.316,20.72
KOL-ZN04240,Kolkata,21.656794,91.488592,700137,0.086,0.0,183.2,0.1062,0.096,27.68
MUM-ZN04241,Mumbai,29.066035,87.003768,400059,1.0,26.1,101.6,0.0,0.345,13.26
HYD-ZN04242,Hyderabad,30.25448,75.87129,500082,0.447,21.3,62.5,0.0416,0.11,21.2
PUN-ZN04243,Pune,29.465767,83.641219,411024,0.762,27.2,100.7,0.0247,0.291,25.95
HYD-ZN04244,Hyderabad,21.045964,68.61736,500029,0.202,14.1,62.8,0.007,0.319,9.6
CHE-ZN04245,Chennai,19.555489,81.373876,600082,0.887,1.8,103.3,0.0131,0.34,18.75
KOL-ZN04246,Kolkata,30.278135,95.018315,700022,1.0,11.8,162.6,0.0415,0.155,13.02
CHE-ZN04247,Chennai,29.526251,95.305586,600073,0.377,89.2,119.1,0.173,0.148,34.2
PUN-ZN04248,Pune,17.120165,74.299157,411003,0.204,29.8,64.6,0.0085,0.336,14.54
MUM-ZN04249,Mumbai,16.381361,92.342862,400025,1.0,58.9,119.0,0.0409,0.2,14.67
CHE-ZN04250,Chennai,8.71933,85.744218,600045,1.0,11.6,102.7,0.033,0.202,20.24
AHM-ZN04251,Ahmedabad,32.611082,68.062197,380010,0.308,38.6,94.6,0.108,0.196,21.44
AHM-ZN04252,Ahmedabad,18.135903,75.594846,380023,0.608,18.1,153.5,0.023,0.135,5.4
PUN-ZN04253,Pune,31.34336,90.907163,411006,0.402,42.3,88.8,0.0446,0.419,27.72
CHE-ZN04254,Chennai,23.341104,77.903465,600027,0.612,31.9,103.9,0.0261,0.29,34.51
BEN-ZN04255,Bengaluru,31.785656,86.40501,560007,0.079,26.6,30.0,0.0269,0.536,40.64
HYD-ZN04256,Hyderabad,22.70176,70.602209,500023,0.509,81.4,152.5,0.0374,0.185,16.51
CHE-ZN04257,Chennai,27.869557,93.101683,600014,0.643,18.2,78.2,0.1172,0.011,9.31
KOL-ZN04258,Kolkata,24.048302,96.227736,700004,0.834,0.8,210.3,0.1309,0.458,20.32
PUN-ZN04259,Pune,33.535742,70.293158,411011,0.013,31.0,142.5,0.1062,0.404,36.58
MUM-ZN04260,Mumbai,16.774966,88.360542,400030,0.786,77.8,106.2,0.0051,0.527,28.1
PUN-ZN04261,Pune,36.465613,87.761133,411050,0.936,28.9,111.6,0.0,0.162,32.06
AHM-ZN04262,Ahmedabad,11.679243,70.897786,380029,0.257,25.3,84.5,0.0877,0.373,12.03
PUN-ZN04263,Pune,22.979438,68.022938,411034,0.061,105.1,138.1,0.0566,0.235,28.29
AHM-ZN04264,Ahmedabad,36.977966,94.108726,380063,0.67,10.6,83.4,0.0537,0.344,33.64
HYD-ZN04265,Hyderabad,11.732168,77.680948,500054,0.511,19.4,76.3,0.0814,0.47,9.31
CHE-ZN04266,Chennai,32.015574,81.096387,600019,1.0,42.7,116.3,0.0285,0.598,18.2
AHM-ZN04267,Ahmedabad,30.180059,95.143854,380035,0.616,19.3,42.7,0.0181,0.133,55.56
PUN-ZN04268,Pune,15.948683,96.770858,411054,0.548,15.1,92.2,0.0064,0.079,29.46
DEL-ZN04269,Delhi,16.433919,93.704796,110045,0.661,31.9,460.4,0.0079,0.413,10.83
KOL-ZN04270,Kolkata,20.404209,84.508879,700050,0.03,32.7,200.0,0.1298,0.225,37.79
AHM-ZN04271,Ahmedabad,16.462785,73.386227,380012,0.056,17.1,143.8,0.0353,0.49,24.94
AHM-ZN04272,Ahmedabad,20.883479,79.015099,380038,0.324,62.6,89.6,0.0873,0.243,26.65
AHM-ZN04273,Ahmedabad,28.806029,91.526015,380015,0.921,31.1,125.1,0.0049,0.214,19.08
HYD-ZN04274,Hyderabad,10.564681,86.168164,500050,0.235,23.0,107.2,0.1823,0.415,9.7
CHE-ZN04275,Chennai,29.029176,96.250772,600064,1.0,73.1,118.4,0.0108,0.165,14.46
AHM-ZN04276,Ahmedabad,29.448369,68.873838,380017,0.595,1.6,65.7,0.1061,0.126,45.75
MUM-ZN04277,Mumbai,33.57351,78.235201,400083,1.0,30.1,81.5,0.0149,0.151,12.49
AHM-ZN04278,Ahmedabad,31.084632,91.510821,380023,0.91,13.5,56.1,0.0898,0.528,28.99
DEL-ZN04279,Delhi,26.008565,95.433456,110094,0.782,17.6,288.1,0.0278,0.223,30.99
CHE-ZN04280,Chennai,12.084173,69.680682,600079,1.0,28.0,30.5,0.0,0.334,43.34
AHM-ZN04281,Ahmedabad,12.37747,88.814232,380027,0.792,5.4,109.7,0.0022,0.306,14.66
DEL-ZN04282,Delhi,18.480542,95.970532,110078,0.948,16.8,266.6,0.1335,0.211,25.0
HYD-ZN04283,Hyderabad,27.914246,86.239342,500030,0.159,10.5,138.8,0.0626,0.794,17.18
KOL-ZN04284,Kolkata,10.657157,71.645441,700149,0.311,28.2,177.6,0.0908,0.632,23.71
MUM-ZN04285,Mumbai,20.597852,83.878712,400098,0.26,55.9,160.5,0.0271,0.129,19.08
DEL-ZN04286,Delhi,17.306477,88.172129,110053,0.326,29.4,129.0,0.0365,0.222,29.35
MUM-ZN04287,Mumbai,27.187543,90.955547,400025,1.0,127.7,103.1,0.027,0.154,10.65
MUM-ZN04288,Mumbai,18.189415,70.431568,400067,1.0,93.2,177.3,0.0345,0.242,32.68
KOL-ZN04289,Kolkata,35.000671,75.949235,700146,0.2,22.2,137.7,0.067,0.488,35.29
PUN-ZN04290,Pune,15.24068,80.618439,411004,0.966,45.9,100.8,0.0707,0.508,31.01
AHM-ZN04291,Ahmedabad,20.844853,86.240879,380049,0.763,20.0,121.7,0.0999,0.224,20.4
KOL-ZN04292,Kolkata,22.130012,76.549009,700067,0.148,50.2,144.4,0.1162,0.264,27.71
PUN-ZN04293,Pune,21.449179,72.183124,411052,0.49,22.1,81.4,0.2077,0.178,12.58
AHM-ZN04294,Ahmedabad,29.610495,75.000981,380040,0.874,36.0,103.9,0.0721,0.477,21.97
KOL-ZN04295,Kolkata,22.49351,71.784006,700052,0.369,4.9,120.7,0.0133,0.342,13.7
PUN-ZN04296,Pune,23.319759,89.151668,411034,0.371,18.5,77.9,0.0464,0.219,35.22
MUM-ZN04297,Mumbai,25.517018,95.54624,400023,0.967,28.3,156.8,0.0851,0.232,16.8
HYD-ZN04298,Hyderabad,11.023191,87.488511,500072,0.993,48.0,156.7,0.0341,0.246,64.01
MUM-ZN04299,Mumbai,24.13815,78.105032,400068,1.0,92.6,193.1,0.0202,0.222,24.57
PUN-ZN04300,Pune,12.055816,81.826521,411014,0.703,3.5,39.6,0.0758,0.216,29.55
DEL-ZN04301,Delhi,32.984987,73.430125,110067,0.803,10.8,295.6,0.0243,0.199,24.4
BEN-ZN04302,Bengaluru,27.441716,95.578817,560072,0.198,40.8,53.4,0.052,0.43,32.34
PUN-ZN04303,Pune,36.501298,74.465289,411001,0.062,30.0,136.2,0.0082,0.059,42.26
DEL-ZN04304,Delhi,26.06342,96.267161,110096,0.068,23.1,50.5,0.0083,0.12,47.04
KOL-ZN04305,Kolkata,34.680815,81.560731,700088,1.0,15.0,225.4,0.1047,0.117,25.44
BEN-ZN04306,Bengaluru,32.643646,71.742662,560052,0.771,18.7,144.6,0.018,0.107,20.16
PUN-ZN04307,Pune,22.965275,77.601102,411049,0.294,0.0,82.7,0.0178,0.352,20.45
PUN-ZN04308,Pune,25.188829,69.929398,411024,0.952,24.2,128.5,0.0133,0.168,19.77
AHM-ZN04309,Ahmedabad,11.025051,78.775436,380043,0.65,17.3,55.2,0.0,0.414,20.82
KOL-ZN04310,Kolkata,17.503417,86.629511,700008,0.955,28.0,88.6,0.0189,0.43,16.79
HYD-ZN04311,Hyderabad,8.206049,68.667256,500057,0.446,64.9,120.2,0.0264,0.321,29.23
HYD-ZN04312,Hyderabad,28.567555,95.694921,500063,0.091,11.7,133.1,0.0376,0.268,27.29
PUN-ZN04313,Pune,17.059694,81.329226,411020,0.616,21.2,104.0,0.0,0.249,21.43
CHE-ZN04314,Chennai,23.823098,75.24203,600046,1.0,0.0,70.4,0.018,0.297,25.7
PUN-ZN04315,Pune,9.347418,83.537472,411016,0.965,13.8,115.6,0.0149,0.285,11.04
HYD-ZN04316,Hyderabad,25.592782,83.67909,500082,0.407,4.6,66.4,0.022,0.619,28.97
KOL-ZN04317,Kolkata,18.506928,76.321191,700139,0.826,27.1,104.9,0.0663,0.625,39.24
DEL-ZN04318,Delhi,19.220148,68.448511,110025,0.474,25.3,107.9,0.0,0.594,16.81
CHE-ZN04319,Chennai,16.967276,82.128882,600091,0.162,52.5,39.4,0.0,0.432,18.61
PUN-ZN04320,Pune,11.092339,75.599383,411007,0.538,34.0,125.4,0.062,0.218,28.96
DEL-ZN04321,Delhi,8.945487,70.894693,110087,0.072,15.1,94.1,0.1665,0.139,27.95
CHE-ZN04322,Chennai,24.477002,87.153231,600021,0.811,36.6,30.0,0.0479,0.345,20.09
BEN-ZN04323,Bengaluru,32.021113,82.686898,560084,0.621,44.2,118.5,0.0262,0.346,12.44
HYD-ZN04324,Hyderabad,23.073547,76.170195,500091,0.098,48.7,132.8,0.0448,0.151,49.43
DEL-ZN04325,Delhi,11.90539,81.76995,110018,0.456,33.4,95.9,0.0,0.221,13.01
AHM-ZN04326,Ahmedabad,28.221919,94.521308,380025,0.933,28.1,73.7,0.0,0.287,30.06
HYD-ZN04327,Hyderabad,13.644428,92.180234,500001,0.024,7.4,63.6,0.111,0.101,24.97
DEL-ZN04328,Delhi,27.75331,76.171738,110063,0.039,32.9,414.4,0.0435,0.241,26.99
KOL-ZN04329,Kolkata,8.406265,83.258665,700050,0.949,14.7,154.7,0.0173,0.371,14.6
BEN-ZN04330,Bengaluru,12.830656,86.421189,560052,0.8,97.1,35.9,0.0868,0.393,16.23
DEL-ZN04331,Delhi,25.545635,90.151485,110042,0.694,12.8,92.4,0.1575,0.181,27.15
KOL-ZN04332,Kolkata,8.95516,88.141516,700063,0.604,36.9,40.3,0.0374,0.281,34.36
PUN-ZN04333,Pune,15.303073,71.675689,411027,0.212,39.0,83.6,0.1094,0.269,10.19
HYD-ZN04334,Hyderabad,24.097823,96.018994,500068,0.1,22.5,160.3,0.036,0.192,19.87
BEN-ZN04335,Bengaluru,14.90208,93.478523,560041,0.334,34.2,30.0,0.017,0.557,55.84
BEN-ZN04336,Bengaluru,36.730059,69.268694,560002,0.823,47.9,62.1,0.1216,0.525,55.03
MUM-ZN04337,Mumbai,18.586619,83.768746,400086,0.813,93.4,146.8,0.0229,0.195,12.55
MUM-ZN04338,Mumbai,8.200879,75.175438,400001,0.1,34.1,114.1,0.054,0.256,26.78
CHE-ZN04339,Chennai,21.225874,72.459514,600102,0.143,26.5,91.5,0.1273,0.527,8.24
AHM-ZN04340,Ahmedabad,26.259235,90.793322,380042,0.71,34.8,115.3,0.1565,0.433,8.21
BEN-ZN04341,Bengaluru,9.482367,89.917018,560025,0.84,0.0,100.6,0.0185,0.081,22.54
AHM-ZN04342,Ahmedabad,10.045098,96.566337,380035,0.193,7.2,81.7,0.0791,0.225,18.92
PUN-ZN04343,Pune,24.561994,72.931604,411011,0.186,4.8,111.8,0.0373,0.211,13.13
AHM-ZN04344,Ahmedabad,18.97539,86.778607,380011,0.462,29.9,87.1,0.002,0.291,26.41
HYD-ZN04345,Hyderabad,15.804306,78.103513,500090,0.517,5.5,118.6,0.0146,0.397,17.18
MUM-ZN04346,Mumbai,20.914883,92.313332,400087,0.435,47.1,181.7,0.0078,0.152,22.69
AHM-ZN04347,Ahmedabad,29.281773,85.969865,380011,0.004,77.3,97.3,0.0562,0.273,19.55
KOL-ZN04348,Kolkata,32.617637,95.0328,700144,0.683,26.9,205.2,0.0716,0.414,13.84
CHE-ZN04349,Chennai,17.631845,90.298415,600061,0.034,30.2,72.0,0.0361,0.377,32.63
BEN-ZN04350,Bengaluru,28.401172,79.322841,560072,0.309,27.0,30.0,0.0264,0.212,26.74
AHM-ZN04351,Ahmedabad,26.701094,75.810586,380021,0.652,22.1,68.8,0.029,0.168,25.7
DEL-ZN04352,Delhi,9.537477,72.083072,110096,0.311,0.0,77.8,0.0668,0.418,20.33
CHE-ZN04353,Chennai,18.42424,92.626236,600130,1.0,4.2,133.3,0.0119,0.081,22.56
AHM-ZN04354,Ahmedabad,32.511752,72.306757,380033,0.702,96.9,115.4,0.0714,0.354,9.32
CHE-ZN04355,Chennai,15.613793,86.989044,600025,1.0,35.5,81.6,0.039,0.519,27.56
DEL-ZN04356,Delhi,27.215748,68.775588,110042,0.292,30.1,126.6,0.0255,0.653,13.17
AHM-ZN04357,Ahmedabad,18.604677,68.537973,380041,0.851,3.4,123.1,0.1306,0.555,62.67
PUN-ZN04358,Pune,10.502489,88.867675,411039,0.266,24.8,66.6,0.0035,0.565,4.25
MUM-ZN04359,Mumbai,36.440507,93.382153,400079,1.0,12.6,182.2,0.0035,0.27,43.06
DEL-ZN04360,Delhi,20.429284,84.422755,110081,0.904,28.1,412.3,0.0074,0.185,22.18
BEN-ZN04361,Bengaluru,26.910398,73.425966,560077,0.205,27.3,77.5,0.0857,0.278,11.97
DEL-ZN04362,Delhi,15.970317,92.673478,110070,0.731,1.6,470.2,0.1924,0.299,17.0
DEL-ZN04363,Delhi,24.310306,85.863299,110016,0.871,38.3,143.1,0.0224,0.174,28.11
BEN-ZN04364,Bengaluru,22.886369,77.778426,560067,0.631,6.4,150.8,0.0526,0.476,17.84
AHM-ZN04365,Ahmedabad,15.843041,75.466442,380054,0.001,7.3,82.9,0.1363,0.42,14.04
BEN-ZN04366,Bengaluru,20.205758,84.026187,560100,0.058,5.1,49.1,0.0654,0.19,13.09
PUN-ZN04367,Pune,18.051246,83.661916,411002,0.087,16.0,132.4,0.043,0.152,56.95
BEN-ZN04368,Bengaluru,36.631419,92.018758,560072,0.879,5.4,146.2,0.0234,0.509,53.18
MUM-ZN04369,Mumbai,18.309291,91.262811,400011,0.369,143.6,176.4,0.0536,0.212,14.64
AHM-ZN04370,Ahmedabad,16.271513,74.099321,380049,0.303,56.0,63.7,0.0405,0.183,11.6
HYD-ZN04371,Hyderabad,20.94454,87.882768,500085,0.206,32.8,97.9,0.0135,0.45,22.03
BEN-ZN04372,Bengaluru,17.5751,96.839285,560090,0.93,9.8,124.9,0.0238,0.071,17.26
PUN-ZN04373,Pune,22.506328,88.363874,411036,0.329,0.0,141.8,0.0493,0.158,12.7
PUN-ZN04374,Pune,31.720583,89.138654,411001,0.155,3.1,117.5,0.0006,0.09,23.02
HYD-ZN04375,Hyderabad,28.142291,84.301652,500017,0.12,25.5,84.0,0.0881,0.577,23.05
PUN-ZN04376,Pune,32.858479,75.922757,411012,0.824,27.6,37.4,0.0191,0.508,28.8
KOL-ZN04377,Kolkata,30.75694,87.673135,700002,1.0,44.7,179.0,0.0054,0.106,103.37
HYD-ZN04378,Hyderabad,11.366587,88.085955,500051,0.758,106.1,155.3,0.1467,0.321,17.01
AHM-ZN04379,Ahmedabad,34.220276,76.939692,380018,0.139,24.9,86.8,0.0369,0.479,6.06
MUM-ZN04380,Mumbai,26.02331,78.426648,400061,0.875,75.6,77.6,0.1236,0.115,28.32
AHM-ZN04381,Ahmedabad,34.02865,92.291489,380035,0.154,13.4,118.3,0.03,0.273,8.04
AHM-ZN04382,Ahmedabad,16.376509,79.203825,380061,0.567,11.3,55.9,0.0237,0.141,59.62
CHE-ZN04383,Chennai,17.665717,71.828904,600008,0.673,42.6,93.5,0.015,0.267,42.86
DEL-ZN04384,Delhi,32.900981,87.555325,110005,0.179,21.1,305.9,0.455,0.228,7.78
PUN-ZN04385,Pune,15.24553,86.587379,411020,0.031,28.2,86.6,0.0627,0.552,16.25
DEL-ZN04386,Delhi,22.64181,91.779188,110018,0.968,17.4,347.1,0.0337,0.414,20.77
BEN-ZN04387,Bengaluru,12.549776,68.446892,560100,0.622,41.3,147.6,0.2137,0.343,31.5
AHM-ZN04388,Ahmedabad,33.393344,81.243937,380014,0.167,14.6,132.8,0.0829,0.075,37.26
BEN-ZN04389,Bengaluru,34.992086,92.620224,560049,0.252,81.3,96.3,0.0011,0.07,19.89
AHM-ZN04390,Ahmedabad,18.43767,78.359668,380009,0.313,9.4,126.7,0.0964,0.395,27.29
PUN-ZN04391,Pune,24.166014,95.281114,411057,0.733,18.1,84.2,0.0456,0.227,10.58
HYD-ZN04392,Hyderabad,8.709631,95.738193,500098,0.207,42.1,76.3,0.0514,0.222,30.45
KOL-ZN04393,Kolkata,36.587079,82.527954,700135,1.0,45.6,148.9,0.1199,0.319,25.83
PUN-ZN04394,Pune,16.986516,96.223137,411031,0.223,42.6,73.0,0.0451,0.337,17.11
CHE-ZN04395,Chennai,9.303901,69.558772,600088,1.0,9.1,165.1,0.0346,0.21,17.15
KOL-ZN04396,Kolkata,19.751074,75.685559,700064,1.0,0.0,204.9,0.0835,0.285,33.82
KOL-ZN04397,Kolkata,20.896991,82.781742,700035,0.903,45.9,111.5,0.0901,0.479,24.7
KOL-ZN04398,Kolkata,26.427609,96.297523,700074,0.384,42.2,158.1,0.0146,0.0,24.67
AHM-ZN04399,Ahmedabad,8.175537,91.729529,380045,0.902,9.4,151.4,0.0007,0.036,18.66
KOL-ZN04400,Kolkata,18.784451,77.539281,700099,1.0,48.7,212.3,0.0597,0.57,28.42
CHE-ZN04401,Chennai,21.989092,80.394578,600086,1.0,9.7,89.3,0.0418,0.284,15.63
DEL-ZN04402,Delhi,32.729751,83.154684,110076,0.088,36.9,114.5,0.0768,0.224,13.97
DEL-ZN04403,Delhi,13.736883,86.703205,110047,0.59,13.3,436.6,0.1763,0.576,16.64
HYD-ZN04404,Hyderabad,17.445078,76.102859,500023,0.892,25.1,129.6,0.0021,0.172,21.38
DEL-ZN04405,Delhi,27.289972,75.138378,110083,0.667,33.5,102.4,0.0429,0.509,15.26
KOL-ZN04406,Kolkata,10.220152,87.364263,700118,0.919,83.1,215.4,0.1042,0.123,11.21
DEL-ZN04407,Delhi,10.348436,68.168452,110014,0.258,13.8,384.3,0.0301,0.291,39.94
PUN-ZN04408,Pune,20.80311,90.729453,411019,0.563,29.5,67.1,0.0476,0.053,19.71
PUN-ZN04409,Pune,9.496457,75.656274,411040,0.793,25.0,139.7,0.0392,0.316,44.25
HYD-ZN04410,Hyderabad,25.504829,80.71619,500034,0.71,39.2,94.0,0.2235,0.074,13.94
PUN-ZN04411,Pune,24.629814,75.867819,411017,0.091,23.6,157.8,0.0279,0.173,15.63
CHE-ZN04412,Chennai,36.10932,76.86723,600123,0.505,24.5,73.5,0.0323,0.346,27.11
CHE-ZN04413,Chennai,28.744547,80.119446,600101,0.945,13.0,69.1,0.1157,0.042,7.19
DEL-ZN04414,Delhi,28.31772,83.266885,110062,0.787,45.0,141.6,0.075,0.627,14.08
PUN-ZN04415,Pune,16.906701,89.088063,411034,0.426,12.4,106.8,0.0482,0.894,27.37
MUM-ZN04416,Mumbai,23.65034,73.482503,400102,0.715,52.5,173.8,0.0174,0.295,47.43
PUN-ZN04417,Pune,26.399904,72.714355,411005,0.947,19.5,85.6,0.1556,0.06,20.98
AHM-ZN04418,Ahmedabad,32.279599,89.345604,380041,0.33,17.6,92.5,0.0316,0.352,26.0
HYD-ZN04419,Hyderabad,13.617754,69.87881,500054,0.082,43.7,47.9,0.0223,0.033,16.37
HYD-ZN04420,Hyderabad,17.238101,92.530965,500039,0.196,0.0,57.6,0.0086,0.188,13.45
BEN-ZN04421,Bengaluru,34.293764,96.854511,560069,0.991,40.8,45.5,0.0293,0.203,22.79
HYD-ZN04422,Hyderabad,26.013967,83.594817,500057,0.313,65.7,61.2,0.0276,0.135,16.7
HYD-ZN04423,Hyderabad,18.855563,93.258075,500013,0.538,30.2,114.2,0.1306,0.526,15.04
BEN-ZN04424,Bengaluru,20.057056,70.623558,560005,0.792,10.0,88.8,0.0437,0.526,15.89
CHE-ZN04425,Chennai,21.079631,74.081432,600062,0.758,26.0,30.0,0.1073,0.291,36.82
KOL-ZN04426,Kolkata,11.164281,89.360736,700067,0.473,42.9,255.4,0.059,0.156,5.33
BEN-ZN04427,Bengaluru,13.852801,91.516293,560089,0.589,7.1,122.2,0.0145,0.526,13.67
MUM-ZN04428,Mumbai,35.974009,73.252617,400045,0.29,8.2,160.5,0.0988,0.137,5.04
AHM-ZN04429,Ahmedabad,10.249262,70.947103,380025,0.643,12.5,106.6,0.0768,0.402,41.34
AHM-ZN04430,Ahmedabad,15.829742,74.022177,380007,0.125,28.5,133.4,0.0157,0.348,56.72
BEN-ZN04431,Bengaluru,22.9154,79.937982,560018,0.09,0.0,116.1,0.0618,0.405,13.45
MUM-ZN04432,Mumbai,12.461898,70.88939,400033,0.587,30.9,122.4,0.0,0.193,14.15
MUM-ZN04433,Mumbai,11.761627,89.564697,400006,1.0,52.9,30.0,0.0449,0.108,53.29
MUM-ZN04434,Mumbai,30.654083,92.741645,400050,0.977,68.2,58.9,0.0125,0.135,24.7
KOL-ZN04435,Kolkata,15.940031,74.021204,700107,0.472,11.1,135.2,0.0435,0.173,10.95
BEN-ZN04436,Bengaluru,26.837028,96.026632,560096,0.757,36.8,55.2,0.0397,0.168,120.75
CHE-ZN04437,Chennai,15.123512,78.632568,600072,1.0,15.2,115.7,0.0307,0.469,19.76
PUN-ZN04438,Pune,26.511211,85.180132,411036,0.907,1.3,74.6,0.0128,0.052,23.33
AHM-ZN04439,Ahmedabad,9.094154,72.960602,380010,0.518,12.9,124.2,0.0141,0.37,25.14
HYD-ZN04440,Hyderabad,28.911712,93.399728,500035,0.665,20.8,98.9,0.0132,0.087,21.37
CHE-ZN04441,Chennai,35.466148,92.779426,600025,0.523,26.6,127.2,0.0772,0.116,33.09
BEN-ZN04442,Bengaluru,26.839003,87.387938,560065,0.494,48.1,66.3,0.1806,0.225,21.74
MUM-ZN04443,Mumbai,15.633902,89.588796,400085,0.325,81.2,30.0,0.1178,0.324,65.76
HYD-ZN04444,Hyderabad,12.914695,69.487453,500097,0.421,12.2,92.1,0.0133,0.0,13.21
CHE-ZN04445,Chennai,17.680244,86.999001,600040,0.57,43.6,76.8,0.0362,0.129,8.5
KOL-ZN04446,Kolkata,9.030413,77.267145,700093,1.0,37.5,129.3,0.0592,0.487,13.28
MUM-ZN04447,Mumbai,30.151457,93.951223,400015,0.487,52.1,145.0,0.0474,0.281,13.75
MUM-ZN04448,Mumbai,8.123769,78.601556,400068,0.729,54.2,116.4,0.0029,0.322,29.32
BEN-ZN04449,Bengaluru,21.724854,92.523622,560022,0.562,20.6,126.7,0.0856,0.276,15.86
KOL-ZN04450,Kolkata,9.493607,82.262627,700096,1.0,34.2,67.1,0.0287,0.213,32.82
CHE-ZN04451,Chennai,14.349089,78.613511,600092,1.0,0.0,63.8,0.0042,0.3,23.22
CHE-ZN04452,Chennai,22.764448,85.111918,600017,1.0,16.4,93.7,0.0297,0.326,31.71
BEN-ZN04453,Bengaluru,24.139774,93.605837,560079,0.695,17.9,89.6,0.1299,0.171,18.96
AHM-ZN04454,Ahmedabad,16.615555,90.916019,380038,0.731,7.9,105.0,0.045,0.342,14.41
MUM-ZN04455,Mumbai,9.27007,78.011847,400047,0.989,7.1,150.9,0.0296,0.221,52.32
CHE-ZN04456,Chennai,31.942833,92.386397,600001,1.0,0.3,88.6,0.0834,0.159,23.9
BEN-ZN04457,Bengaluru,19.775625,79.261095,560074,0.191,0.0,82.2,0.1127,0.191,75.72
KOL-ZN04458,Kolkata,8.291187,75.304189,700095,0.874,26.5,70.6,0.0848,0.33,16.73
DEL-ZN04459,Delhi,21.194443,77.124442,110043,0.774,36.0,104.2,0.2568,0.299,18.46
PUN-ZN04460,Pune,18.063289,77.373997,411039,0.764,0.0,61.3,0.0205,0.43,53.23
MUM-ZN04461,Mumbai,26.720247,77.369167,400051,0.345,52.9,198.9,0.0225,0.314,29.63
AHM-ZN04462,Ahmedabad,33.09504,89.713065,380046,0.965,31.2,167.7,0.019,0.314,10.44
BEN-ZN04463,Bengaluru,13.856713,76.394723,560006,0.789,16.3,88.1,0.0272,0.521,15.32
CHE-ZN04464,Chennai,8.526149,79.579595,600017,0.841,0.8,108.3,0.1114,0.473,20.58
DEL-ZN04465,Delhi,33.154702,91.971864,110073,0.795,20.4,123.7,0.039,0.499,27.56
DEL-ZN04466,Delhi,29.430658,75.141224,110031,0.897,45.9,65.1,0.0481,0.181,4.59
DEL-ZN04467,Delhi,30.091451,91.112125,110012,0.152,15.8,116.5,0.1319,0.608,16.84
BEN-ZN04468,Bengaluru,32.167414,96.301469,560020,0.214,20.9,47.2,0.0384,0.242,23.36
PUN-ZN04469,Pune,11.155512,91.656108,411014,0.473,21.9,57.4,0.0228,0.053,40.63
PUN-ZN04470,Pune,27.700452,94.569224,411049,0.442,15.9,95.8,0.3381,0.308,17.47
KOL-ZN04471,Kolkata,8.057387,90.372465,700074,0.521,24.4,95.3,0.0237,0.266,12.47
KOL-ZN04472,Kolkata,11.954576,75.576186,700153,0.886,8.5,152.4,0.0204,0.437,39.81
BEN-ZN04473,Bengaluru,16.330068,68.64842,560030,0.37,36.3,96.9,0.0355,0.109,16.23
BEN-ZN04474,Bengaluru,30.445932,69.616045,560004,0.021,10.3,119.2,0.0344,0.007,7.21
CHE-ZN04475,Chennai,11.752972,83.266366,600044,0.683,51.4,141.4,0.0006,0.098,26.12
BEN-ZN04476,Bengaluru,15.677959,74.838056,560008,0.626,61.1,125.2,0.0149,0.669,10.31
AHM-ZN04477,Ahmedabad,24.44806,88.710245,380015,0.84,27.5,118.9,0.0,0.367,36.8
CHE-ZN04478,Chennai,30.009043,85.520816,600098,1.0,61.6,118.2,0.1221,0.461,10.32
AHM-ZN04479,Ahmedabad,36.925222,73.330009,380018,0.23,30.2,56.7,0.1692,0.444,23.84
KOL-ZN04480,Kolkata,19.829064,82.157579,700097,0.143,21.0,100.1,0.0156,0.396,20.17
MUM-ZN04481,Mumbai,34.088756,83.583318,400077,1.0,19.4,88.5,0.0215,0.241,60.51
AHM-ZN04482,Ahmedabad,24.820626,78.524132,380025,0.826,19.6,99.4,0.1295,0.172,14.19
KOL-ZN04483,Kolkata,8.100807,73.487357,700120,1.0,16.9,103.3,0.0037,0.06,12.8
MUM-ZN04484,Mumbai,19.371223,93.987565,400031,0.831,91.6,106.3,0.0256,0.048,35.46
MUM-ZN04485,Mumbai,11.736947,95.504016,400016,0.891,36.3,86.0,0.0237,0.352,39.31
HYD-ZN04486,Hyderabad,20.269086,92.345912,500021,0.558,7.5,159.5,0.1465,0.352,16.58
DEL-ZN04487,Delhi,22.206611,95.043096,110026,0.548,8.7,99.3,0.0723,0.167,27.76
BEN-ZN04488,Bengaluru,25.0433,76.452889,560077,0.64,34.3,68.4,0.2287,0.191,21.7
AHM-ZN04489,Ahmedabad,28.523111,93.083778,380013,0.842,7.6,118.4,0.091,0.282,33.71
BEN-ZN04490,Bengaluru,28.045067,73.633103,560065,0.898,35.7,104.9,0.0727,0.324,19.27
DEL-ZN04491,Delhi,16.101534,72.819121,110021,0.296,19.5,102.8,0.0629,0.408,16.7
BEN-ZN04492,Bengaluru,36.756704,95.438155,560029,0.37,13.3,144.3,0.0084,0.313,48.14
DEL-ZN04493,Delhi,13.708605,95.225509,110042,0.9,34.6,75.6,0.0785,0.428,25.51
BEN-ZN04494,Bengaluru,14.306648,85.440239,560004,0.541,41.5,134.2,0.0923,0.41,38.7
BEN-ZN04495,Bengaluru,22.075016,68.794788,560075,0.959,27.1,98.8,0.0498,0.602,19.6
KOL-ZN04496,Kolkata,34.661755,91.727746,700011,1.0,43.7,159.0,0.0713,0.373,12.4
DEL-ZN04497,Delhi,36.961463,76.679536,110022,0.143,27.5,69.7,0.0333,0.228,10.55
HYD-ZN04498,Hyderabad,34.808819,73.380223,500020,0.414,26.0,118.2,0.0416,0.1,49.95
HYD-ZN04499,Hyderabad,19.248244,87.585178,500067,0.434,2.8,81.5,0.0092,0.321,26.71
CHE-ZN04500,Chennai,24.683179,74.574137,600090,0.596,13.3,79.1,0.0131,0.601,13.05
KOL-ZN04501,Kolkata,20.034512,72.531776,700158,1.0,5.3,222.8,0.0065,0.389,14.39
CHE-ZN04502,Chennai,13.701861,95.679206,600072,1.0,38.4,132.6,0.0172,0.565,5.07
HYD-ZN04503,Hyderabad,34.771199,92.912967,500071,0.679,33.7,103.1,0.0629,0.295,27.54
CHE-ZN04504,Chennai,14.009464,83.146346,600094,1.0,41.6,117.1,0.0366,0.379,34.38
DEL-ZN04505,Delhi,29.209585,91.39225,110079,0.161,3.8,310.7,0.0176,0.469,39.85
HYD-ZN04506,Hyderabad,15.026967,68.935811,500082,0.458,11.1,42.5,0.0374,0.333,25.51
KOL-ZN04507,Kolkata,17.868053,81.984328,700147,0.223,0.0,300.7,0.0671,0.272,4.96
MUM-ZN04508,Mumbai,22.75424,96.747687,400045,1.0,40.3,182.7,0.0512,0.373,30.52
BEN-ZN04509,Bengaluru,14.524856,89.490673,560088,0.673,12.4,101.8,0.0097,0.107,21.91
MUM-ZN04510,Mumbai,8.164645,68.129876,400054,0.486,77.8,80.5,0.014,0.206,12.96
PUN-ZN04511,Pune,25.487128,76.801521,411053,0.303,21.5,137.5,0.0185,0.179,12.64
PUN-ZN04512,Pune,27.756869,76.26873,411047,0.563,41.2,108.9,0.0155,0.231,22.26
HYD-ZN04513,Hyderabad,12.877441,85.973374,500035,0.706,0.0,133.6,0.0637,0.498,27.28
CHE-ZN04514,Chennai,29.458447,95.670048,600098,0.526,41.1,132.8,0.0395,0.471,22.34
MUM-ZN04515,Mumbai,24.123964,90.362117,400074,1.0,39.1,151.1,0.0,0.16,39.28
BEN-ZN04516,Bengaluru,21.284159,95.222724,560085,0.291,30.7,128.6,0.0,0.267,11.51
BEN-ZN04517,Bengaluru,17.655251,71.77544,560088,0.804,10.0,83.7,0.0072,0.273,12.8
KOL-ZN04518,Kolkata,33.877007,70.9958,700029,1.0,26.6,236.7,0.0128,0.0,39.28
MUM-ZN04519,Mumbai,33.872597,93.353175,400046,0.448,69.8,91.5,0.0105,0.598,17.6
PUN-ZN04520,Pune,13.160241,76.795163,411005,0.029,0.0,115.5,0.0086,0.041,17.91
PUN-ZN04521,Pune,27.131697,80.925232,411058,0.189,68.8,68.8,0.0052,0.217,10.61
MUM-ZN04522,Mumbai,30.7926,95.074252,400034,1.0,59.0,142.0,0.1225,0.258,15.46
HYD-ZN04523,Hyderabad,24.484301,76.764297,500005,0.705,27.5,116.1,0.0,0.215,38.81
CHE-ZN04524,Chennai,20.304579,75.732458,600074,1.0,66.6,65.9,0.045,0.255,34.33
CHE-ZN04525,Chennai,36.373974,72.520599,600111,0.373,46.4,84.0,0.0936,0.222,12.62
KOL-ZN04526,Kolkata,32.660032,89.242597,700036,0.165,15.6,132.4,0.0107,0.377,11.03
DEL-ZN04527,Delhi,16.553023,74.399018,110008,0.61,17.1,340.4,0.0409,0.151,12.94
CHE-ZN04528,Chennai,21.875213,78.01167,600069,0.828,18.3,111.1,0.0226,0.088,26.28
DEL-ZN04529,Delhi,9.247309,69.883798,110087,0.781,14.4,163.4,0.1122,0.303,23.48
CHE-ZN04530,Chennai,26.865819,68.874718,600094,1.0,86.1,109.8,0.0907,0.165,14.91
DEL-ZN04531,Delhi,29.675765,73.403718,110047,0.488,6.8,85.0,0.0458,0.22,37.53
PUN-ZN04532,Pune,15.993422,80.882259,411029,0.298,81.7,153.2,0.0662,0.248,10.9
AHM-ZN04533,Ahmedabad,9.790412,80.711196,380041,0.416,16.5,73.7,0.0942,0.364,34.53
PUN-ZN04534,Pune,16.423681,72.736445,411027,0.388,37.9,92.8,0.0043,0.25,10.2
CHE-ZN04535,Chennai,9.0734,96.497272,600008,0.056,40.0,129.9,0.0686,0.245,13.25
DEL-ZN04536,Delhi,29.301689,89.220368,110094,0.57,23.4,341.6,0.0264,0.226,26.78
DEL-ZN04537,Delhi,11.921001,96.986734,110038,0.434,6.7,138.6,0.019,0.598,36.7
MUM-ZN04538,Mumbai,18.785666,85.574035,400039,0.365,80.3,130.1,0.0314,0.051,14.69
DEL-ZN04539,Delhi,11.261644,82.768749,110040,0.722,2.7,296.8,0.0215,0.494,33.5
MUM-ZN04540,Mumbai,8.740038,75.429134,400009,0.031,156.8,154.2,0.025,0.596,25.79
MUM-ZN04541,Mumbai,20.740316,88.260328,400089,1.0,57.8,70.6,0.0428,0.398,27.0
KOL-ZN04542,Kolkata,34.607948,73.01666,700008,0.331,45.8,76.0,0.1138,0.188,22.72
CHE-ZN04543,Chennai,8.472012,95.770914,600075,1.0,98.7,121.9,0.0199,0.121,47.97
KOL-ZN04544,Kolkata,10.482357,70.128151,700118,0.569,41.6,100.1,0.0131,0.067,41.86
KOL-ZN04545,Kolkata,27.86668,74.001384,700008,0.76,54.4,113.9,0.123,0.314,34.67
HYD-ZN04546,Hyderabad,30.789538,74.293779,500047,0.276,15.4,112.9,0.1822,0.246,30.83
AHM-ZN04547,Ahmedabad,23.939393,69.128007,380027,0.165,1.6,107.4,0.0131,0.313,32.6
PUN-ZN04548,Pune,20.901294,91.48587,411042,0.253,5.2,65.3,0.0394,0.763,16.79
KOL-ZN04549,Kolkata,11.364456,83.149209,700089,0.082,31.1,207.6,0.1765,0.635,31.26
HYD-ZN04550,Hyderabad,19.690993,84.437423,500016,0.461,30.5,101.7,0.0165,0.384,24.53
BEN-ZN04551,Bengaluru,35.008627,81.749741,560088,0.678,11.1,30.0,0.0,0.259,19.93
DEL-ZN04552,Delhi,17.94008,74.679689,110050,0.084,46.0,402.1,0.0,0.303,23.98
DEL-ZN04553,Delhi,35.973831,71.542775,110011,0.188,21.6,179.5,0.0634,0.591,49.41
PUN-ZN04554,Pune,13.050813,89.022327,411055,0.831,32.7,51.0,0.0679,0.053,11.91
KOL-ZN04555,Kolkata,14.026377,78.723762,700050,0.673,23.2,209.0,0.1466,0.251,19.62
DEL-ZN04556,Delhi,9.03708,71.046116,110054,0.291,20.6,64.4,0.0306,0.164,15.87
MUM-ZN04557,Mumbai,26.322317,95.65954,400064,0.115,91.2,101.5,0.0083,0.329,9.69
HYD-ZN04558,Hyderabad,18.085126,71.523103,500090,0.175,52.8,92.9,0.0843,0.289,24.75
AHM-ZN04559,Ahmedabad,13.80198,94.003979,380012,0.173,35.4,83.0,0.0887,0.279,22.35
MUM-ZN04560,Mumbai,20.722636,77.335323,400005,0.87,145.9,57.3,0.0396,0.122,12.88
KOL-ZN04561,Kolkata,17.305546,89.013642,700046,1.0,36.6,197.7,0.0266,0.421,20.48
MUM-ZN04562,Mumbai,23.915015,80.671716,400102,0.439,82.7,189.0,0.0991,0.184,16.88
PUN-ZN04563,Pune,27.553346,71.721537,411050,0.629,22.1,53.8,0.2221,0.18,38.81
CHE-ZN04564,Chennai,19.817775,70.874899,600004,0.951,18.4,95.4,0.065,0.585,32.57
CHE-ZN04565,Chennai,30.682049,92.16137,600026,1.0,20.2,87.4,0.0577,0.269,13.16
KOL-ZN04566,Kolkata,30.405191,68.746468,700153,0.033,15.0,52.5,0.054,0.191,15.69
DEL-ZN04567,Delhi,12.777485,88.84663,110080,0.158,11.0,81.8,0.0287,0.602,19.88
DEL-ZN04568,Delhi,36.824274,85.029709,110085,0.585,13.8,380.3,0.0092,0.336,27.89
BEN-ZN04569,Bengaluru,22.974093,80.976466,560040,0.524,23.8,107.8,0.0327,0.205,39.64
DEL-ZN04570,Delhi,17.727498,85.143553,110033,0.304,34.4,322.5,0.0375,0.147,13.67
BEN-ZN04571,Bengaluru,31.215137,75.675966,560025,0.56,23.4,81.4,0.0652,0.102,31.22
HYD-ZN04572,Hyderabad,31.804021,72.310826,500055,0.73,9.3,164.8,0.0404,0.448,17.54
BEN-ZN04573,Bengaluru,21.896903,83.443844,560091,0.152,51.9,116.5,0.0,0.288,18.0
PUN-ZN04574,Pune,32.355559,93.932827,411036,0.494,17.2,59.1,0.0304,0.19,18.3
DEL-ZN04575,Delhi,9.088243,70.032031,110022,0.229,3.8,412.6,0.0536,0.211,35.47
BEN-ZN04576,Bengaluru,28.266328,81.58149,560035,0.964,21.3,118.7,0.0,0.18,15.53
MUM-ZN04577,Mumbai,29.341902,82.288564,400064,0.69,22.1,88.0,0.0898,0.116,16.79
CHE-ZN04578,Chennai,27.233429,81.209986,600130,0.33,34.7,95.3,0.104,0.356,15.22
MUM-ZN04579,Mumbai,22.301909,82.809736,400018,0.424,28.0,67.2,0.0311,0.558,32.93
MUM-ZN04580,Mumbai,22.596193,90.979053,400082,0.687,25.1,118.7,0.0601,0.169,14.99
DEL-ZN04581,Delhi,28.759893,92.975901,110029,0.524,0.0,133.9,0.0489,0.254,16.08
DEL-ZN04582,Delhi,36.807592,81.177751,110023,0.993,1.3,350.7,0.118,0.457,31.42
BEN-ZN04583,Bengaluru,27.483168,90.952141,560050,0.905,41.6,144.0,0.1012,0.348,24.76
PUN-ZN04584,Pune,26.645028,68.468394,411029,0.288,7.4,56.5,0.0339,0.34,18.77
HYD-ZN04585,Hyderabad,29.27145,87.697062,500049,0.323,34.1,96.0,0.0027,0.181,10.11
PUN-ZN04586,Pune,9.680427,87.777372,411059,0.07,82.0,83.6,0.0106,0.114,9.57
PUN-ZN04587,Pune,30.500661,96.349006,411055,0.821,50.3,66.7,0.0053,0.065,8.07
KOL-ZN04588,Kolkata,8.047721,74.941689,700007,1.0,48.2,84.5,0.0607,0.051,16.36
BEN-ZN04589,Bengaluru,27.090382,87.476672,560062,0.466,37.7,165.5,0.0536,0.459,41.61
AHM-ZN04590,Ahmedabad,14.274249,79.947679,380050,0.844,15.7,98.6,0.0,0.247,23.01
PUN-ZN04591,Pune,14.627268,91.324675,411014,0.698,39.1,70.0,0.0139,0.325,10.04
HYD-ZN04592,Hyderabad,9.277268,79.340263,500052,0.26,14.5,132.9,0.0326,0.261,27.85
AHM-ZN04593,Ahmedabad,20.418047,90.969301,380022,0.527,10.8,131.9,0.0565,0.306,17.82
MUM-ZN04594,Mumbai,23.257653,68.768763,400005,1.0,261.5,179.6,0.0289,0.348,16.02
MUM-ZN04595,Mumbai,27.684524,69.546833,400028,0.954,4.5,95.1,0.0414,0.28,31.33
PUN-ZN04596,Pune,26.146272,73.417745,411004,0.685,60.2,85.8,0.0124,0.272,18.42
MUM-ZN04597,Mumbai,18.193057,96.306806,400048,0.092,28.3,149.0,0.0829,0.246,6.46
KOL-ZN04598,Kolkata,17.037252,70.257133,700147,1.0,47.1,201.7,0.0216,0.078,10.61
KOL-ZN04599,Kolkata,30.470255,92.482475,700067,1.0,25.2,259.1,0.0458,0.082,11.17
PUN-ZN04600,Pune,9.909139,69.396995,411001,0.945,28.9,101.6,0.0551,0.262,44.23
BEN-ZN04601,Bengaluru,25.290547,89.796153,560075,0.784,41.3,97.6,0.0299,0.203,6.75
MUM-ZN04602,Mumbai,20.76632,70.674155,400016,0.305,34.2,75.8,0.0032,0.473,14.53
DEL-ZN04603,Delhi,29.517286,94.103351,110079,0.717,12.1,30.0,0.0237,0.407,32.5
CHE-ZN04604,Chennai,19.97866,83.134429,600004,0.034,59.1,81.5,0.0143,0.234,15.17
BEN-ZN04605,Bengaluru,32.289974,70.716551,560057,0.843,10.6,93.5,0.0111,0.179,14.35
DEL-ZN04606,Delhi,36.248414,90.237914,110056,0.078,20.1,65.8,0.0,0.327,9.25
HYD-ZN04607,Hyderabad,18.769142,96.102293,500086,0.543,30.9,145.6,0.2033,0.246,29.37
KOL-ZN04608,Kolkata,13.459979,82.317494,700051,0.276,26.8,114.9,0.0458,0.221,28.89
DEL-ZN04609,Delhi,17.639728,80.927481,110083,0.629,57.3,500.0,0.0381,0.395,17.98
BEN-ZN04610,Bengaluru,33.900862,86.003042,560007,0.448,44.1,99.3,0.0269,0.069,10.33
CHE-ZN04611,Chennai,31.874035,79.416212,600051,1.0,22.9,123.9,0.0616,0.27,12.57
MUM-ZN04612,Mumbai,14.174349,82.375363,400072,1.0,111.3,66.3,0.023,0.49,7.17
AHM-ZN04613,Ahmedabad,32.659414,93.592192,380031,0.123,0.0,160.0,0.0639,0.267,27.38
CHE-ZN04614,Chennai,30.388628,77.424732,600020,0.603,55.1,103.0,0.0562,0.182,15.49
CHE-ZN04615,Chennai,15.502624,88.262926,600127,0.276,0.7,71.7,0.0285,0.156,33.19
CHE-ZN04616,Chennai,25.355246,71.962259,600001,1.0,16.6,149.2,0.0346,0.053,17.23
DEL-ZN04617,Delhi,12.952628,81.287621,110006,0.703,38.3,358.1,0.0931,0.398,26.53
MUM-ZN04618,Mumbai,14.017164,83.653427,400001,0.959,20.1,185.4,0.1621,0.103,28.26
MUM-ZN04619,Mumbai,15.223263,72.155898,400001,0.985,36.5,76.3,0.0125,0.31,15.04
BEN-ZN04620,Bengaluru,32.565192,75.455404,560013,0.983,0.0,62.7,0.035,0.301,8.49
MUM-ZN04621,Mumbai,25.321099,85.821019,400074,0.666,11.7,126.1,0.0551,0.389,23.1
HYD-ZN04622,Hyderabad,22.182899,83.087406,500046,0.492,0.0,160.1,0.0259,0.524,17.55
PUN-ZN04623,Pune,19.558991,84.312699,411032,0.421,44.3,87.4,0.0085,0.21,10.97
KOL-ZN04624,Kolkata,17.06047,93.978071,700013,0.815,16.1,167.0,0.103,0.154,16.9
CHE-ZN04625,Chennai,30.738225,76.378958,600103,0.673,22.6,116.9,0.0878,0.177,64.18
DEL-ZN04626,Delhi,20.590937,86.758823,110017,0.385,36.3,356.4,0.0508,0.078,30.04
BEN-ZN04627,Bengaluru,36.570531,88.004718,560057,0.225,31.5,69.3,0.0284,0.332,31.58
PUN-ZN04628,Pune,11.034989,77.87384,411050,0.542,34.7,123.2,0.0322,0.596,11.83
MUM-ZN04629,Mumbai,12.911824,79.065384,400096,1.0,0.0,97.3,0.029,0.233,68.37
KOL-ZN04630,Kolkata,32.691343,79.955809,700085,0.449,7.1,208.4,0.0197,0.128,34.69
BEN-ZN04631,Bengaluru,34.182292,88.511428,560076,0.865,13.8,94.0,0.0459,0.498,23.84
PUN-ZN04632,Pune,23.686953,91.440742,411058,0.719,34.1,104.3,0.0091,0.432,11.85
CHE-ZN04633,Chennai,32.64451,87.391587,600116,0.244,15.1,84.9,0.009,0.533,38.33
HYD-ZN04634,Hyderabad,13.515597,85.588193,500009,0.678,13.9,128.8,0.0296,0.598,31.48
MUM-ZN04635,Mumbai,13.110535,83.691771,400072,0.062,26.1,100.1,0.0068,0.116,46.06
PUN-ZN04636,Pune,10.443499,86.530975,411020,0.416,34.8,71.7,0.0229,0.068,53.05
CHE-ZN04637,Chennai,29.225618,92.569513,600113,1.0,21.5,108.1,0.1395,0.424,11.73
PUN-ZN04638,Pune,30.362972,86.732646,411040,0.705,38.4,119.4,0.025,0.446,16.92
HYD-ZN04639,Hyderabad,20.712343,74.459007,500095,0.814,66.8,79.7,0.0613,0.469,19.68
KOL-ZN04640,Kolkata,20.840828,89.858858,700027,1.0,13.2,49.4,0.004,0.089,34.95
CHE-ZN04641,Chennai,26.963814,73.211926,600005,0.103,0.0,107.1,0.0,0.343,15.27
BEN-ZN04642,Bengaluru,16.279815,85.215528,560083,0.851,60.0,132.9,0.0,0.563,14.21
HYD-ZN04643,Hyderabad,12.555025,73.877213,500052,0.423,28.6,98.5,0.278,0.458,38.51
DEL-ZN04644,Delhi,17.202997,90.895291,110021,0.629,0.0,443.9,0.0159,0.619,12.12
PUN-ZN04645,Pune,22.266239,89.319321,411053,0.512,16.4,131.2,0.02,0.124,29.87
PUN-ZN04646,Pune,9.282515,68.572219,411061,0.78,0.0,154.6,0.0107,0.349,22.45
HYD-ZN04647,Hyderabad,22.66456,86.028792,500065,0.567,14.2,132.5,0.0298,0.474,10.6
BEN-ZN04648,Bengaluru,28.464745,71.753605,560048,0.172,34.8,129.8,0.2664,0.415,16.88
HYD-ZN04649,Hyderabad,24.018567,89.908367,500028,0.587,43.6,86.7,0.0317,0.231,17.68
HYD-ZN04650,Hyderabad,15.265746,86.519918,500006,0.401,58.9,126.6,0.0649,0.557,46.02
KOL-ZN04651,Kolkata,28.935071,86.154198,700005,0.12,7.0,185.8,0.0623,0.29,40.84
CHE-ZN04652,Chennai,33.556899,83.965508,600050,0.33,25.0,122.5,0.003,0.298,14.1
CHE-ZN04653,Chennai,29.648592,78.933311,600100,1.0,55.0,103.8,0.0,0.47,12.88
MUM-ZN04654,Mumbai,23.172078,96.969649,400038,1.0,33.8,137.5,0.0,0.063,36.49
PUN-ZN04655,Pune,36.896538,71.985934,411046,0.726,26.9,106.2,0.0012,0.075,14.49
HYD-ZN04656,Hyderabad,36.658208,73.315941,500072,0.336,4.7,57.6,0.0725,0.641,26.57
CHE-ZN04657,Chennai,33.107842,77.992046,600052,0.553,8.4,59.9,0.0551,0.446,29.35
AHM-ZN04658,Ahmedabad,8.482979,93.868843,380052,0.891,8.3,36.6,0.0,0.208,32.04
MUM-ZN04659,Mumbai,31.081934,88.458482,400090,0.88,25.5,119.5,0.0222,0.315,30.72
PUN-ZN04660,Pune,35.370577,70.195379,411004,0.278,55.4,62.9,0.0285,0.517,22.76
CHE-ZN04661,Chennai,34.448805,74.923688,600071,1.0,29.1,97.5,0.0396,0.262,17.93
DEL-ZN04662,Delhi,13.201108,83.306591,110078,0.985,3.8,364.8,0.0,0.436,64.05
KOL-ZN04663,Kolkata,18.06481,89.853596,700131,0.859,69.8,180.4,0.0182,0.209,5.91
CHE-ZN04664,Chennai,30.583448,84.241969,600028,0.595,19.4,92.0,0.0357,0.264,10.9
AHM-ZN04665,Ahmedabad,29.830128,88.545976,380010,0.736,15.7,57.3,0.0443,0.398,17.02
MUM-ZN04666,Mumbai,21.27783,94.531491,400029,1.0,145.0,112.3,0.0285,0.212,20.69
BEN-ZN04667,Bengaluru,9.328889,73.799982,560046,0.412,66.6,92.1,0.0314,0.424,39.48
MUM-ZN04668,Mumbai,26.860587,91.273395,400057,0.881,53.7,103.1,0.0429,0.479,6.82
PUN-ZN04669,Pune,20.969894,93.147742,411022,0.449,0.0,86.6,0.0,0.145,15.31
MUM-ZN04670,Mumbai,30.54174,73.513197,400096,0.598,20.8,162.7,0.0,0.584,28.78
AHM-ZN04671,Ahmedabad,31.067388,92.658548,380041,0.894,17.8,121.5,0.0088,0.052,19.57
MUM-ZN04672,Mumbai,26.916999,79.381362,400058,0.212,122.3,147.9,0.0582,0.137,24.45
CHE-ZN04673,Chennai,36.925597,69.970903,600047,0.267,9.2,68.8,0.0395,0.264,18.3
AHM-ZN04674,Ahmedabad,16.144384,96.857686,380049,0.607,9.8,138.0,0.134,0.058,31.65
PUN-ZN04675,Pune,29.302943,72.345103,411021,0.196,0.0,93.2,0.0344,0.604,11.35
PUN-ZN04676,Pune,28.554706,86.596676,411033,0.482,29.0,107.6,0.071,0.456,32.81
BEN-ZN04677,Bengaluru,35.861446,75.668379,560031,0.74,22.1,127.4,0.0685,0.463,13.67
KOL-ZN04678,Kolkata,23.824635,70.180614,700136,1.0,0.0,197.6,0.0157,0.141,24.26
AHM-ZN04679,Ahmedabad,27.754504,89.592823,380031,0.376,31.8,113.9,0.0209,0.386,65.13
MUM-ZN04680,Mumbai,30.111708,69.98114,400051,0.995,99.1,57.7,0.0141,0.381,9.03
DEL-ZN04681,Delhi,22.285424,75.392571,110012,0.432,23.2,319.8,0.0088,0.675,27.64
PUN-ZN04682,Pune,16.890646,94.046473,411004,0.891,9.4,120.8,0.1001,0.124,9.37
BEN-ZN04683,Bengaluru,17.494711,87.621483,560102,0.346,0.0,108.9,0.0537,0.509,17.52
HYD-ZN04684,Hyderabad,34.889308,86.988487,500055,0.355,0.0,99.2,0.0751,0.552,24.06
AHM-ZN04685,Ahmedabad,23.088297,86.150265,380062,0.989,0.0,70.6,0.1272,0.199,40.67
AHM-ZN04686,Ahmedabad,21.849788,79.090339,380017,0.273,11.5,82.6,0.0557,0.588,53.48
BEN-ZN04687,Bengaluru,14.507931,95.228073,560061,0.498,27.7,145.9,0.0349,0.766,21.24
KOL-ZN04688,Kolkata,17.991959,93.692496,700116,0.146,29.9,77.1,0.0986,0.035,14.71
MUM-ZN04689,Mumbai,30.607108,83.419371,400101,1.0,8.1,128.7,0.0417,0.432,55.94
PUN-ZN04690,Pune,31.735048,91.131423,411042,0.846,51.3,90.1,0.0369,0.517,34.86
HYD-ZN04691,Hyderabad,13.24434,74.4598,500086,0.065,71.1,165.5,0.0421,0.078,7.43
AHM-ZN04692,Ahmedabad,18.496406,73.183619,380024,0.467,30.7,52.5,0.108,0.126,17.61
HYD-ZN04693,Hyderabad,27.552079,75.495278,500030,0.475,11.3,66.6,0.0757,0.339,14.26
CHE-ZN04694,Chennai,25.546636,78.476214,600092,0.293,17.7,130.8,0.0,0.145,13.4
CHE-ZN04695,Chennai,19.579997,76.653562,600044,0.911,47.6,101.6,0.2009,0.25,13.58
MUM-ZN04696,Mumbai,32.825101,75.598107,400005,0.286,22.4,160.0,0.0251,0.066,14.94
KOL-ZN04697,Kolkata,33.677754,82.351397,700102,1.0,33.2,160.1,0.1121,0.331,16.23
CHE-ZN04698,Chennai,25.699686,96.374619,600003,0.222,0.0,118.2,0.0196,0.604,21.57
AHM-ZN04699,Ahmedabad,19.167616,88.045782,380039,0.176,19.3,124.3,0.0576,0.0,27.18
AHM-ZN04700,Ahmedabad,9.810667,92.871139,380033,0.967,3.5,83.5,0.0046,0.24,11.55
HYD-ZN04701,Hyderabad,34.236311,72.255598,500067,0.777,8.3,101.2,0.0207,0.387,18.7
DEL-ZN04702,Delhi,32.687379,78.242359,110089,0.419,10.5,61.1,0.0123,0.225,16.43
CHE-ZN04703,Chennai,15.871162,96.199689,600069,1.0,12.4,93.5,0.0956,0.165,12.63
MUM-ZN04704,Mumbai,11.812159,84.907081,400089,1.0,44.0,81.1,0.1293,0.214,17.67
AHM-ZN04705,Ahmedabad,34.059077,74.961792,380021,0.24,23.1,103.1,0.008,0.091,15.6
KOL-ZN04706,Kolkata,33.312638,73.125442,700072,0.57,27.1,30.0,0.0196,0.518,15.92
BEN-ZN04707,Bengaluru,25.843429,96.868251,560034,0.366,26.1,41.0,0.0283,0.132,17.19
MUM-ZN04708,Mumbai,16.744756,80.305028,400068,0.07,152.1,77.1,0.0,0.134,11.18
MUM-ZN04709,Mumbai,23.638621,81.089997,400026,1.0,37.5,114.0,0.0492,0.218,11.94
BEN-ZN04710,Bengaluru,22.141555,76.912923,560060,0.81,26.2,83.6,0.0416,0.158,25.03
DEL-ZN04711,Delhi,18.17763,83.94625,110025,0.839,40.5,87.4,0.0166,0.541,10.29
DEL-ZN04712,Delhi,17.899942,79.792457,110052,0.355,1.8,126.8,0.1099,0.248,22.71
DEL-ZN04713,Delhi,29.476079,74.137202,110061,0.808,5.5,364.8,0.0721,0.043,9.83
CHE-ZN04714,Chennai,29.519525,88.952378,600051,1.0,3.9,107.6,0.0808,0.3,8.6
KOL-ZN04715,Kolkata,8.581523,86.55443,700056,0.521,29.0,133.5,0.0,0.709,30.6
DEL-ZN04716,Delhi,19.536249,80.046349,110092,0.329,15.7,500.0,0.0791,0.26,7.57
PUN-ZN04717,Pune,12.918866,89.655235,411043,0.927,73.9,92.4,0.0568,0.189,22.51
PUN-ZN04718,Pune,21.906041,94.753476,411012,0.941,28.4,82.9,0.0,0.346,34.98
DEL-ZN04719,Delhi,22.564044,73.22455,110060,0.604,47.7,360.3,0.1403,0.583,25.54
BEN-ZN04720,Bengaluru,11.652803,82.327021,560084,0.218,25.0,138.4,0.0782,0.198,18.16
PUN-ZN04721,Pune,20.758848,96.620151,411030,0.405,37.1,145.9,0.0601,0.057,18.76
PUN-ZN04722,Pune,32.420987,70.668066,411018,0.865,56.1,65.3,0.0156,0.333,23.46
HYD-ZN04723,Hyderabad,21.347366,72.087349,500059,0.904,11.4,113.6,0.0205,0.272,16.59
HYD-ZN04724,Hyderabad,28.063825,73.57616,500041,0.545,87.3,84.8,0.0474,0.351,28.06
MUM-ZN04725,Mumbai,36.451499,68.750891,400080,0.46,72.5,167.5,0.0,0.667,33.43
KOL-ZN04726,Kolkata,29.995491,74.458441,700114,0.406,53.5,201.2,0.0667,0.526,29.39
KOL-ZN04727,Kolkata,17.892429,71.72872,700074,1.0,56.3,170.5,0.0222,0.421,37.83
DEL-ZN04728,Delhi,35.958047,78.029989,110041,0.613,26.9,141.4,0.0285,0.513,16.18
BEN-ZN04729,Bengaluru,32.867343,95.510319,560072,0.89,6.3,113.1,0.0,0.215,29.79
HYD-ZN04730,Hyderabad,10.443109,70.670289,500078,0.522,21.3,147.2,0.0217,0.125,11.52
AHM-ZN04731,Ahmedabad,31.862251,80.608759,380031,0.319,39.7,107.1,0.0173,0.567,31.72
PUN-ZN04732,Pune,36.279156,85.565926,411053,0.359,32.2,139.2,0.0313,0.156,9.75
CHE-ZN04733,Chennai,10.818545,92.585998,600077,0.245,24.6,48.7,0.0348,0.225,5.37
CHE-ZN04734,Chennai,24.052563,73.601744,600076,0.721,20.5,63.7,0.0,0.332,35.55
HYD-ZN04735,Hyderabad,17.349421,68.235397,500029,0.792,32.8,68.8,0.0535,0.226,18.22
CHE-ZN04736,Chennai,15.049135,94.629484,600045,0.489,22.1,140.0,0.1635,0.426,47.89
DEL-ZN04737,Delhi,8.958862,72.654392,110039,0.56,5.0,384.3,0.1294,0.691,14.36
PUN-ZN04738,Pune,21.083453,90.308724,411039,0.552,34.7,56.6,0.1794,0.194,35.24
KOL-ZN04739,Kolkata,24.80039,87.387243,700092,0.249,27.1,85.0,0.013,0.164,12.29
AHM-ZN04740,Ahmedabad,21.665554,74.741707,380045,0.859,0.0,103.2,0.0412,0.599,27.96
MUM-ZN04741,Mumbai,18.450889,83.452912,400093,1.0,77.5,135.3,0.0522,0.102,31.12
HYD-ZN04742,Hyderabad,24.003902,73.411703,500009,0.255,48.2,85.2,0.0,0.617,50.66
CHE-ZN04743,Chennai,17.562784,78.755979,600050,0.645,56.5,78.0,0.0442,0.311,23.66
AHM-ZN04744,Ahmedabad,25.866259,82.952902,380052,0.568,11.2,128.8,0.0,0.164,5.26
PUN-ZN04745,Pune,22.516019,74.822912,411041,0.777,32.5,115.5,0.001,0.168,22.98
KOL-ZN04746,Kolkata,28.86133,94.034953,700130,0.772,106.6,163.5,0.0824,0.271,57.94
MUM-ZN04747,Mumbai,27.189223,94.994975,400025,1.0,46.3,78.7,0.0464,0.117,27.42
PUN-ZN04748,Pune,32.923623,90.079374,411037,0.507,11.6,83.3,0.0199,0.224,31.71
MUM-ZN04749,Mumbai,18.933207,88.581309,400003,0.608,78.1,30.0,0.0345,0.295,19.01
BEN-ZN04750,Bengaluru,33.158904,84.836369,560019,0.438,30.4,92.7,0.0041,0.192,16.22
BEN-ZN04751,Bengaluru,29.934075,70.597818,560023,0.47,34.6,121.1,0.011,0.173,19.5
AHM-ZN04752,Ahmedabad,15.616684,74.161878,380049,0.159,20.0,56.3,0.0792,0.114,11.93
HYD-ZN04753,Hyderabad,9.453895,85.459483,500062,0.428,7.9,139.2,0.0811,0.359,17.82
BEN-ZN04754,Bengaluru,9.73285,84.791767,560027,0.907,24.2,131.4,0.0,0.068,19.2
AHM-ZN04755,Ahmedabad,11.897314,71.441336,380009,0.107,2.5,91.7,0.0688,0.046,14.94
CHE-ZN04756,Chennai,22.836445,88.975571,600130,0.081,52.1,162.6,0.021,0.22,32.51
MUM-ZN04757,Mumbai,11.040778,93.774357,400100,0.877,18.0,126.2,0.0236,0.255,25.92
HYD-ZN04758,Hyderabad,26.028681,95.266758,500063,0.357,12.9,158.7,0.0022,0.286,30.86
DEL-ZN04759,Delhi,20.602719,96.640853,110008,0.919,12.8,371.0,0.0297,0.042,11.99
PUN-ZN04760,Pune,22.87288,95.550601,411003,0.687,21.0,122.8,0.0369,0.559,39.91
MUM-ZN04761,Mumbai,8.177832,96.200199,400088,0.162,132.6,85.0,0.2106,0.143,19.94
KOL-ZN04762,Kolkata,33.234968,83.103501,700021,0.593,26.3,132.2,0.047,0.191,16.23
CHE-ZN04763,Chennai,11.436658,93.206242,600071,0.255,20.0,34.9,0.1849,0.09,48.81
CHE-ZN04764,Chennai,20.072329,94.555803,600127,0.448,33.5,79.7,0.0273,0.059,23.26
CHE-ZN04765,Chennai,13.387185,89.325648,600028,0.992,42.0,60.3,0.0128,0.123,17.32
HYD-ZN04766,Hyderabad,15.715869,77.638824,500081,0.713,13.5,58.1,0.0131,0.256,41.24
BEN-ZN04767,Bengaluru,24.759835,89.998749,560061,0.929,24.8,75.3,0.0084,0.66,26.23
DEL-ZN04768,Delhi,25.293134,92.431069,110080,0.934,34.9,347.2,0.0152,0.334,9.59
MUM-ZN04769,Mumbai,25.46576,69.927345,400049,0.185,68.8,166.9,0.0215,0.1,18.68
DEL-ZN04770,Delhi,22.213044,80.072624,110090,0.655,8.4,383.0,0.0234,0.226,6.95
BEN-ZN04771,Bengaluru,8.523994,92.38687,560048,0.182,25.0,136.1,0.0517,0.85,34.42
KOL-ZN04772,Kolkata,23.718964,73.915561,700102,0.597,16.1,142.7,0.0702,0.493,16.24
MUM-ZN04773,Mumbai,33.805752,96.624459,400054,0.877,70.3,123.8,0.1021,0.076,17.79
MUM-ZN04774,Mumbai,11.115027,70.381785,400085,1.0,51.8,77.1,0.0045,0.175,19.78
PUN-ZN04775,Pune,8.523291,79.165038,411014,0.774,26.0,138.0,0.0075,0.526,14.45
KOL-ZN04776,Kolkata,18.553643,92.494286,700051,0.086,2.8,163.1,0.0307,0.351,17.66
KOL-ZN04777,Kolkata,33.950925,82.294138,700033,0.728,52.5,225.3,0.0161,0.079,23.95
MUM-ZN04778,Mumbai,32.657313,80.007541,400015,0.896,124.3,88.6,0.0214,0.268,12.15
CHE-ZN04779,Chennai,17.708299,91.318735,600008,1.0,57.5,165.9,0.0096,0.319,18.69
CHE-ZN04780,Chennai,13.192941,90.361249,600111,0.089,21.3,45.0,0.0379,0.227,14.41
BEN-ZN04781,Bengaluru,34.884928,87.63761,560072,0.067,28.1,75.1,0.1079,0.092,8.71
MUM-ZN04782,Mumbai,33.060443,76.712513,400077,1.0,99.4,92.2,0.156,0.273,11.07
MUM-ZN04783,Mumbai,15.67713,76.011983,400090,0.652,75.8,151.1,0.0212,0.473,9.58
HYD-ZN04784,Hyderabad,18.332039,96.731864,500088,0.832,18.3,35.4,0.0682,0.264,44.19
CHE-ZN04785,Chennai,12.726519,76.201624,600086,0.425,22.1,77.5,0.1218,0.184,8.7
AHM-ZN04786,Ahmedabad,29.944852,87.494294,380051,0.435,15.3,175.4,0.1064,0.638,26.8
DEL-ZN04787,Delhi,10.336003,86.565667,110027,0.492,35.3,126.5,0.0868,0.313,27.04
CHE-ZN04788,Chennai,24.437387,86.176243,600061,1.0,8.8,111.8,0.0711,0.27,19.61
DEL-ZN04789,Delhi,28.114749,91.615375,110052,0.46,8.0,91.7,0.1099,0.028,26.87
AHM-ZN04790,Ahmedabad,27.929428,86.109636,380044,0.057,13.2,56.1,0.1067,0.198,44.72
BEN-ZN04791,Bengaluru,10.102651,82.713456,560043,0.729,25.8,97.4,0.0243,0.336,19.2
PUN-ZN04792,Pune,23.38866,88.768206,411017,0.477,66.3,81.9,0.09,0.511,23.77
CHE-ZN04793,Chennai,25.577107,72.187712,600004,0.78,26.3,94.6,0.0507,0.25,15.79
BEN-ZN04794,Bengaluru,17.470306,94.437667,560070,0.009,44.3,141.1,0.0076,0.705,17.05
HYD-ZN04795,Hyderabad,22.037989,90.93226,500078,0.087,30.9,114.1,0.2404,0.466,15.07
MUM-ZN04796,Mumbai,13.560123,68.687506,400058,0.097,117.7,110.0,0.0434,0.394,26.87
CHE-ZN04797,Chennai,29.794175,72.448726,600095,0.744,27.4,114.8,0.0406,0.476,15.11
PUN-ZN04798,Pune,24.439273,87.945543,411034,0.27,28.8,88.8,0.0037,0.25,43.39
CHE-ZN04799,Chennai,28.065244,81.250475,600118,1.0,65.1,125.2,0.0599,0.446,20.64
DEL-ZN04800,Delhi,31.309657,75.434003,110003,0.19,32.9,426.7,0.0875,0.384,13.43
HYD-ZN04801,Hyderabad,28.049481,71.410174,500036,0.789,51.7,100.8,0.0071,0.252,9.26
HYD-ZN04802,Hyderabad,9.661523,70.085004,500013,0.626,6.5,141.2,0.1506,0.423,15.84
PUN-ZN04803,Pune,10.17399,93.480587,411001,0.336,8.7,131.3,0.0328,0.74,15.06
KOL-ZN04804,Kolkata,22.926458,78.376628,700028,0.192,0.0,194.3,0.1943,0.597,21.51
BEN-ZN04805,Bengaluru,27.778539,87.297799,560065,0.415,31.7,53.8,0.0834,0.062,25.67
MUM-ZN04806,Mumbai,33.365914,84.897283,400087,1.0,34.5,146.3,0.0535,0.223,10.95
BEN-ZN04807,Bengaluru,17.231466,93.638518,560090,0.872,39.3,59.1,0.0544,0.128,41.31
PUN-ZN04808,Pune,12.237128,92.414177,411028,0.204,75.6,81.5,0.0879,0.81,33.9
KOL-ZN04809,Kolkata,15.798973,95.166266,700145,0.78,65.7,212.1,0.0104,0.213,22.48
AHM-ZN04810,Ahmedabad,9.776123,94.431058,380004,0.57,30.0,96.6,0.0287,0.193,58.75
CHE-ZN04811,Chennai,27.178853,71.513565,600038,0.964,10.2,105.9,0.0556,0.556,19.42
KOL-ZN04812,Kolkata,11.128284,91.382972,700029,0.11,46.6,90.7,0.0127,0.354,31.6
DEL-ZN04813,Delhi,33.659822,76.929209,110030,0.217,25.3,42.2,0.1734,0.324,22.42
KOL-ZN04814,Kolkata,29.75391,69.095736,700104,1.0,16.8,44.4,0.04,0.194,13.35
HYD-ZN04815,Hyderabad,34.914278,71.930211,500087,0.37,43.8,98.6,0.1754,0.136,24.66
DEL-ZN04816,Delhi,11.819726,79.252258,110053,0.155,20.4,329.8,0.0177,0.111,23.1
KOL-ZN04817,Kolkata,22.971679,94.589185,700016,0.746,24.7,145.4,0.1251,0.183,35.48
DEL-ZN04818,Delhi,9.86414,88.578627,110029,0.007,11.5,187.6,0.0,0.224,8.2
MUM-ZN04819,Mumbai,11.55431,81.187941,400049,1.0,55.3,89.8,0.0302,0.286,13.27
HYD-ZN04820,Hyderabad,26.143717,79.3157,500060,0.639,28.8,105.8,0.0033,0.492,15.15
BEN-ZN04821,Bengaluru,14.420529,89.082407,560103,0.438,23.0,117.9,0.0,0.096,8.21
PUN-ZN04822,Pune,22.643293,70.883785,411016,0.588,41.6,87.9,0.0627,0.484,37.02
KOL-ZN04823,Kolkata,19.399365,72.926119,700130,0.705,3.8,52.7,0.0542,0.449,17.42
AHM-ZN04824,Ahmedabad,15.651332,85.479765,380004,0.469,8.5,92.7,0.0411,0.326,40.96
CHE-ZN04825,Chennai,22.860724,96.87822,600004,0.809,11.4,112.9,0.0008,0.26,26.48
HYD-ZN04826,Hyderabad,8.214839,90.135643,500094,0.358,1.1,95.6,0.0312,0.589,35.12
BEN-ZN04827,Bengaluru,23.216549,69.991939,560070,0.365,45.8,67.3,0.0538,0.293,7.3
PUN-ZN04828,Pune,12.419731,95.626117,411032,0.478,6.3,84.9,0.0078,0.159,36.42
DEL-ZN04829,Delhi,8.762096,82.555819,110024,0.579,25.5,106.8,0.0401,0.197,28.96
KOL-ZN04830,Kolkata,35.65138,71.547065,700013,0.211,41.2,175.0,0.0392,0.087,14.38
DEL-ZN04831,Delhi,34.574394,94.484013,110095,0.094,48.6,69.1,0.0,0.157,25.65
DEL-ZN04832,Delhi,18.820654,77.748395,110071,0.073,5.1,62.3,0.0207,0.297,20.21
HYD-ZN04833,Hyderabad,28.827306,90.911601,500022,0.658,43.0,91.3,0.1026,0.119,21.27
PUN-ZN04834,Pune,15.423578,86.180656,411009,0.67,39.3,97.7,0.0702,0.208,11.73
DEL-ZN04835,Delhi,22.033499,71.718234,110040,0.563,21.3,122.8,0.1005,0.067,31.98
KOL-ZN04836,Kolkata,30.529661,81.906817,700044,0.446,1.0,136.5,0.0,0.447,47.67
MUM-ZN04837,Mumbai,27.231483,68.652348,400020,0.149,137.9,136.5,0.0457,0.428,9.05
DEL-ZN04838,Delhi,26.663001,81.30972,110023,0.347,8.7,103.0,0.105,0.571,28.31
HYD-ZN04839,Hyderabad,30.473054,86.959368,500032,0.769,38.7,134.1,0.005,0.181,25.29
KOL-ZN04840,Kolkata,12.222673,77.058682,700086,0.744,45.4,144.8,0.1077,0.196,24.76
DEL-ZN04841,Delhi,36.638595,75.082526,110038,0.365,0.2,96.6,0.0561,0.283,28.92
PUN-ZN04842,Pune,11.978396,78.813437,411004,0.128,15.0,109.1,0.1303,0.181,23.42
MUM-ZN04843,Mumbai,33.627612,76.1382,400009,0.289,42.3,100.6,0.0,0.441,26.98
MUM-ZN04844,Mumbai,8.441033,71.280517,400009,0.443,8.2,132.1,0.0256,0.482,27.12
PUN-ZN04845,Pune,16.768656,76.915485,411006,0.509,20.5,113.6,0.012,0.197,16.72
CHE-ZN04846,Chennai,21.484201,81.865743,600008,0.268,59.3,63.6,0.118,0.492,13.17
HYD-ZN04847,Hyderabad,27.24993,85.897828,500095,0.01,61.3,139.0,0.0222,0.603,16.96
AHM-ZN04848,Ahmedabad,36.007586,68.682578,380043,0.147,14.7,75.5,0.0,0.175,34.89
PUN-ZN04849,Pune,9.539146,76.867495,411030,0.766,36.9,132.2,0.1626,0.433,18.11
AHM-ZN04850,Ahmedabad,25.76468,89.344897,380034,0.334,30.3,108.8,0.1118,0.06,18.1
BEN-ZN04851,Bengaluru,18.19457,87.483828,560056,0.023,18.9,97.4,0.005,0.664,23.27
KOL-ZN04852,Kolkata,10.257828,74.139038,700004,0.357,10.0,134.5,0.1473,0.089,23.26
PUN-ZN04853,Pune,30.801572,85.925696,411025,0.1,0.8,48.6,0.0279,0.243,4.94
BEN-ZN04854,Bengaluru,28.316832,88.489858,560025,0.051,7.9,100.8,0.0537,0.225,32.26
PUN-ZN04855,Pune,22.674858,95.421559,411029,0.866,18.6,70.9,0.076,0.22,16.05
DEL-ZN04856,Delhi,25.862727,76.197678,110041,0.038,0.8,404.2,0.0121,0.315,53.6
HYD-ZN04857,Hyderabad,26.414936,71.715966,500013,0.409,39.8,98.9,0.0359,0.38,24.72
BEN-ZN04858,Bengaluru,33.646417,90.859574,560062,0.653,54.6,103.0,0.031,0.168,30.19
KOL-ZN04859,Kolkata,12.129282,95.730435,700095,0.254,38.0,183.4,0.0,0.145,33.83
CHE-ZN04860,Chennai,14.828619,88.814334,600036,0.636,14.1,64.4,0.0263,0.147,18.02
DEL-ZN04861,Delhi,31.4377,74.736678,110015,0.35,24.0,77.4,0.1574,0.533,16.11
DEL-ZN04862,Delhi,20.510041,79.777407,110080,0.59,13.0,302.2,0.1152,0.153,34.37
AHM-ZN04863,Ahmedabad,16.914671,76.914485,380057,0.256,7.6,106.6,0.0437,0.145,32.6
AHM-ZN04864,Ahmedabad,9.150382,71.31978,380039,0.373,41.8,43.5,0.0311,0.341,13.88
HYD-ZN04865,Hyderabad,34.028038,90.962402,500016,0.354,31.0,133.2,0.1425,0.582,39.18
AHM-ZN04866,Ahmedabad,23.809427,81.155936,380016,0.59,2.0,125.7,0.0189,0.33,35.39
MUM-ZN04867,Mumbai,34.491625,82.346856,400042,0.998,20.4,65.4,0.0,0.185,19.14
HYD-ZN04868,Hyderabad,35.137656,82.957632,500002,0.32,87.6,110.4,0.0815,0.071,18.35
PUN-ZN04869,Pune,16.741315,74.096779,411056,0.679,29.2,125.4,0.1004,0.194,18.89
KOL-ZN04870,Kolkata,17.828629,82.774986,700074,1.0,11.8,199.6,0.0,0.161,28.04
PUN-ZN04871,Pune,29.482257,92.669602,411029,0.744,20.7,151.5,0.0047,0.08,18.57
KOL-ZN04872,Kolkata,21.388906,83.991259,700089,0.498,14.1,169.9,0.0,0.342,10.81
MUM-ZN04873,Mumbai,18.352304,88.117664,400081,0.424,59.4,107.2,0.0286,0.649,8.63
DEL-ZN04874,Delhi,33.780181,91.75514,110064,0.487,0.0,94.2,0.0773,0.135,9.08
KOL-ZN04875,Kolkata,26.331836,76.093709,700016,0.959,34.8,83.9,0.0042,0.462,19.91
AHM-ZN04876,Ahmedabad,31.933694,90.442124,380039,0.419,9.4,140.2,0.0428,0.34,25.2
BEN-ZN04877,Bengaluru,16.009272,95.178445,560057,0.917,38.3,79.3,0.092,0.155,13.23
CHE-ZN04878,Chennai,19.774401,80.405191,600014,0.75,37.7,87.9,0.0568,0.518,7.12
KOL-ZN04879,Kolkata,23.623256,79.519965,700118,0.385,5.2,167.3,0.0724,0.122,8.34
DEL-ZN04880,Delhi,23.618416,70.204617,110009,0.631,27.5,113.9,0.0169,0.213,16.76
BEN-ZN04881,Bengaluru,29.454977,88.788577,560083,0.404,63.4,73.8,0.0109,0.157,22.59
KOL-ZN04882,Kolkata,31.885249,81.44587,700151,0.038,34.4,218.7,0.0551,0.375,21.79
AHM-ZN04883,Ahmedabad,36.199131,89.484786,380024,0.042,30.7,113.5,0.0188,0.409,14.76
BEN-ZN04884,Bengaluru,21.421566,74.816649,560032,0.439,32.2,72.0,0.0375,0.39,17.16
DEL-ZN04885,Delhi,26.577045,92.05639,110067,0.869,6.8,202.4,0.022,0.197,14.05
HYD-ZN04886,Hyderabad,20.046439,77.48567,500037,0.179,2.8,31.4,0.0,0.429,41.5
CHE-ZN04887,Chennai,30.943061,76.041285,600091,0.973,58.6,126.3,0.0,0.3,27.38
AHM-ZN04888,Ahmedabad,25.317998,86.46645,380002,0.927,31.8,170.0,0.077,0.408,18.18
AHM-ZN04889,Ahmedabad,25.432713,88.856315,380031,0.03,25.8,150.1,0.1576,0.309,23.25
MUM-ZN04890,Mumbai,32.1403,86.296467,400048,0.924,95.1,85.9,0.0323,0.33,33.48
CHE-ZN04891,Chennai,8.77722,68.571534,600125,0.577,35.9,98.5,0.0248,0.423,11.89
DEL-ZN04892,Delhi,30.510472,75.603502,110020,0.148,16.3,95.6,0.0682,0.241,11.2
BEN-ZN04893,Bengaluru,35.884616,85.044768,560014,0.797,0.0,70.8,0.032,0.283,18.75
BEN-ZN04894,Bengaluru,24.666291,84.072428,560049,0.263,14.0,118.3,0.0321,0.289,17.86
BEN-ZN04895,Bengaluru,15.491651,78.635128,560044,0.539,15.1,49.6,0.0442,0.501,17.3
BEN-ZN04896,Bengaluru,17.468955,92.307048,560064,0.236,30.5,178.4,0.0204,0.239,39.49
KOL-ZN04897,Kolkata,26.404979,78.301311,700083,0.543,8.9,191.7,0.2207,0.116,26.43
PUN-ZN04898,Pune,16.932989,72.515258,411057,0.585,70.9,74.3,0.0,0.194,19.7
KOL-ZN04899,Kolkata,14.264763,76.926323,700130,0.172,62.1,166.4,0.1363,0.245,54.41
BEN-ZN04900,Bengaluru,30.681135,68.686459,560017,0.215,15.1,152.8,0.0196,0.37,12.09
KOL-ZN04901,Kolkata,10.112482,80.133273,700147,0.065,24.5,101.7,0.0265,0.091,22.66
MUM-ZN04902,Mumbai,21.270673,78.903747,400021,0.798,68.0,204.7,0.1006,0.197,11.34
MUM-ZN04903,Mumbai,35.664978,93.40768,400014,0.775,90.2,74.5,0.0859,0.522,22.6
KOL-ZN04904,Kolkata,22.89289,80.161824,700160,1.0,30.1,144.0,0.0901,0.336,21.98
AHM-ZN04905,Ahmedabad,35.567295,80.734511,380024,0.191,50.5,108.5,0.0312,0.26,11.91
MUM-ZN04906,Mumbai,24.633754,96.748157,400016,1.0,34.2,188.8,0.033,0.272,19.39
HYD-ZN04907,Hyderabad,19.301976,92.344314,500080,0.365,0.0,124.8,0.0043,0.331,18.03
BEN-ZN04908,Bengaluru,9.71706,89.241592,560055,0.185,53.6,88.1,0.0069,0.366,13.03
HYD-ZN04909,Hyderabad,9.208616,93.913995,500050,0.747,78.7,144.8,0.0109,0.286,30.5
DEL-ZN04910,Delhi,27.517773,90.273577,110043,0.954,12.6,128.8,0.0073,0.477,17.94
KOL-ZN04911,Kolkata,15.903383,78.185889,700056,0.6,40.2,42.4,0.0363,0.388,32.24
KOL-ZN04912,Kolkata,24.830835,75.667225,700027,0.138,0.0,62.4,0.0298,0.132,24.24
MUM-ZN04913,Mumbai,31.211089,91.048089,400087,1.0,58.4,117.5,0.0127,0.064,27.65
MUM-ZN04914,Mumbai,23.595297,78.883623,400052,0.415,105.0,130.6,0.0094,0.236,13.52
MUM-ZN04915,Mumbai,16.626801,95.481662,400053,0.925,91.3,164.3,0.0743,0.019,16.42
CHE-ZN04916,Chennai,35.421901,70.801147,600093,1.0,50.9,132.7,0.0907,0.315,22.71
AHM-ZN04917,Ahmedabad,17.136317,85.466597,380031,0.432,6.3,81.9,0.0023,0.042,31.56
BEN-ZN04918,Bengaluru,33.826643,79.824586,560044,0.03,27.2,124.2,0.031,0.286,6.7
PUN-ZN04919,Pune,18.255721,70.337837,411018,0.954,52.2,172.3,0.0634,0.438,23.4
CHE-ZN04920,Chennai,15.844006,73.165976,600009,0.662,3.6,104.3,0.0887,0.209,27.21
MUM-ZN04921,Mumbai,34.160402,74.292663,400102,1.0,31.8,97.8,0.1099,0.44,23.66
MUM-ZN04922,Mumbai,35.021338,81.264979,400022,1.0,47.6,113.9,0.0247,0.129,22.69
AHM-ZN04923,Ahmedabad,15.360141,95.004109,380039,0.012,12.9,139.7,0.0188,0.075,9.61
CHE-ZN04924,Chennai,29.282299,82.112509,600076,1.0,0.0,108.0,0.0372,0.452,16.66
PUN-ZN04925,Pune,8.956372,82.09823,411026,0.518,72.0,90.7,0.0,0.621,35.78
AHM-ZN04926,Ahmedabad,27.362707,83.363883,380062,0.939,14.0,86.4,0.0781,0.237,23.2
MUM-ZN04927,Mumbai,11.424447,69.84846,400027,0.763,28.6,69.6,0.1386,0.25,3.99
HYD-ZN04928,Hyderabad,12.991603,95.093255,500020,0.453,31.9,172.7,0.0399,0.061,16.68
CHE-ZN04929,Chennai,18.559186,95.986517,600038,1.0,70.7,126.0,0.0517,0.1,8.47
AHM-ZN04930,Ahmedabad,22.320106,69.282843,380019,0.709,8.3,108.0,0.0133,0.499,37.62
MUM-ZN04931,Mumbai,19.528456,75.022472,400024,1.0,26.1,133.7,0.2775,0.533,22.36
KOL-ZN04932,Kolkata,23.957524,85.674336,700141,0.156,35.0,197.8,0.1246,0.095,15.73
PUN-ZN04933,Pune,9.004659,92.482904,411060,0.287,22.8,123.6,0.0062,0.471,21.55
BEN-ZN04934,Bengaluru,20.125502,79.484482,560096,0.086,51.3,79.2,0.0033,0.089,8.41
HYD-ZN04935,Hyderabad,26.299032,71.764109,500075,0.588,0.0,83.8,0.1029,0.622,18.39
CHE-ZN04936,Chennai,27.101975,84.553354,600015,1.0,0.0,105.7,0.0267,0.11,21.16
DEL-ZN04937,Delhi,33.750299,76.637205,110049,0.051,20.9,277.5,0.0722,0.186,11.92
PUN-ZN04938,Pune,25.767053,89.583776,411003,0.884,43.9,91.3,0.0393,0.324,10.18
AHM-ZN04939,Ahmedabad,27.412383,70.112952,380010,0.52,9.9,66.9,0.0587,0.46,26.93
PUN-ZN04940,Pune,27.197885,86.806237,411024,0.666,62.8,92.7,0.0225,0.231,19.32
KOL-ZN04941,Kolkata,10.393758,89.698695,700068,0.68,21.9,215.9,0.023,0.212,29.74
AHM-ZN04942,Ahmedabad,21.482638,68.960497,380040,0.392,27.0,91.9,0.0384,0.244,23.67
PUN-ZN04943,Pune,21.293659,93.482807,411022,0.277,39.0,110.0,0.0538,0.144,24.57
CHE-ZN04944,Chennai,17.320215,90.576961,600044,1.0,26.6,111.5,0.0828,0.268,33.06
AHM-ZN04945,Ahmedabad,31.708128,96.430489,380018,0.297,25.3,75.7,0.0907,0.483,16.54
KOL-ZN04946,Kolkata,30.377028,96.482703,700102,0.482,15.9,166.2,0.0215,0.437,21.47
KOL-ZN04947,Kolkata,23.581484,94.019022,700092,0.476,52.8,131.2,0.0851,0.226,25.6
DEL-ZN04948,Delhi,24.969297,68.909763,110052,0.601,20.2,78.4,0.0242,0.208,50.5
PUN-ZN04949,Pune,29.229415,73.102305,411012,0.945,30.5,132.0,0.1168,0.453,45.14
PUN-ZN04950,Pune,22.071334,70.067197,411008,0.543,26.9,85.5,0.0,0.151,31.89
AHM-ZN04951,Ahmedabad,22.751725,71.307556,380023,0.383,20.5,149.7,0.0489,0.462,9.84
BEN-ZN04952,Bengaluru,27.765529,73.177836,560075,0.087,41.5,83.3,0.122,0.148,15.71
PUN-ZN04953,Pune,25.308775,95.379862,411049,0.227,22.0,67.4,0.027,0.341,15.93
BEN-ZN04954,Bengaluru,33.529802,85.600907,560045,0.815,26.7,149.7,0.0093,0.551,37.0
KOL-ZN04955,Kolkata,10.04998,80.849321,700123,0.101,25.7,189.6,0.0449,0.313,16.58
DEL-ZN04956,Delhi,22.208822,78.856636,110063,0.523,13.5,39.0,0.022,0.193,6.42
BEN-ZN04957,Bengaluru,27.426779,93.022065,560047,0.114,36.9,86.1,0.0355,0.385,10.88
CHE-ZN04958,Chennai,20.643927,68.407764,600056,0.743,26.2,55.3,0.0,0.155,11.33
KOL-ZN04959,Kolkata,9.381881,73.829654,700050,0.4,59.3,237.3,0.0119,0.114,20.92
CHE-ZN04960,Chennai,19.378595,86.42978,600091,0.072,31.9,74.8,0.1004,0.147,13.88
BEN-ZN04961,Bengaluru,32.705086,80.024793,560052,0.749,34.2,123.0,0.0857,0.311,32.72
MUM-ZN04962,Mumbai,23.720736,68.641774,400076,0.169,108.9,120.9,0.1896,0.354,25.98
PUN-ZN04963,Pune,17.741144,69.474688,411004,0.157,37.2,111.0,0.0443,0.15,52.67
BEN-ZN04964,Bengaluru,22.051602,78.573275,560079,0.748,52.1,99.5,0.039,0.114,29.24
PUN-ZN04965,Pune,27.111394,68.456939,411031,0.741,29.6,172.3,0.0458,0.219,22.37
BEN-ZN04966,Bengaluru,24.24912,74.811011,560029,0.73,34.8,98.6,0.0214,0.36,47.2
DEL-ZN04967,Delhi,15.681071,87.784234,110028,0.183,15.5,59.2,0.0509,0.521,22.47
KOL-ZN04968,Kolkata,21.037661,73.11979,700146,0.802,51.3,86.5,0.0014,0.309,15.41
BEN-ZN04969,Bengaluru,26.294925,87.87192,560093,0.069,45.8,127.7,0.0253,0.657,11.01
KOL-ZN04970,Kolkata,33.34701,77.504123,700041,0.251,9.1,196.9,0.0,0.493,29.97
PUN-ZN04971,Pune,29.501384,71.65289,411016,0.934,39.7,128.9,0.0025,0.249,23.89
CHE-ZN04972,Chennai,35.256766,89.197914,600055,1.0,19.8,117.5,0.0099,0.395,13.56
KOL-ZN04973,Kolkata,8.863593,81.66854,700132,0.765,27.9,63.1,0.0,0.27,42.27
HYD-ZN04974,Hyderabad,25.739828,71.039687,500086,0.139,30.8,57.1,0.0345,0.272,12.25
DEL-ZN04975,Delhi,27.27901,68.738204,110065,0.378,25.9,330.1,0.0086,0.366,22.33
MUM-ZN04976,Mumbai,15.62043,86.124156,400030,1.0,108.7,111.3,0.0843,0.35,24.28
BEN-ZN04977,Bengaluru,20.690152,96.863044,560100,0.459,5.1,78.2,0.0,0.217,24.0
HYD-ZN04978,Hyderabad,32.04282,73.384674,500047,0.827,14.9,139.9,0.0436,0.296,14.25
KOL-ZN04979,Kolkata,11.946486,82.167253,700035,0.846,43.6,121.8,0.0491,0.249,23.55
AHM-ZN04980,Ahmedabad,13.204024,93.973877,380007,0.246,0.0,99.2,0.0347,0.175,13.21
HYD-ZN04981,Hyderabad,14.905266,77.282493,500013,0.655,28.9,93.8,0.0259,0.233,23.7
CHE-ZN04982,Chennai,30.54215,73.391253,600114,1.0,60.6,116.8,0.0426,0.017,19.03
HYD-ZN04983,Hyderabad,10.801477,88.434024,500051,0.517,25.9,139.3,0.0168,0.0,10.84
DEL-ZN04984,Delhi,20.240406,83.852734,110023,0.208,49.9,153.0,0.0926,0.128,26.88
HYD-ZN04985,Hyderabad,33.483636,74.517403,500075,0.305,11.4,123.6,0.0188,0.161,37.1
PUN-ZN04986,Pune,31.587052,68.134942,411048,0.2,28.9,121.4,0.1263,0.121,83.9
AHM-ZN04987,Ahmedabad,17.38751,72.319285,380037,0.849,25.7,119.1,0.0803,0.272,45.72
PUN-ZN04988,Pune,29.572255,94.296053,411031,0.051,19.9,104.2,0.0493,0.476,27.31
DEL-ZN04989,Delhi,22.849052,74.153706,110018,0.46,12.9,289.6,0.0821,0.316,22.05
MUM-ZN04990,Mumbai,21.15076,73.605947,400074,0.184,80.3,90.0,0.0091,0.671,22.31
DEL-ZN04991,Delhi,23.582799,96.22792,110043,0.629,25.6,85.2,0.0101,0.027,48.92
MUM-ZN04992,Mumbai,30.48311,95.180586,400056,0.05,125.7,102.2,0.0215,0.181,22.74
HYD-ZN04993,Hyderabad,36.909979,90.845278,500049,0.995,52.0,121.7,0.0779,0.414,15.58
PUN-ZN04994,Pune,26.815341,78.459326,411040,0.709,0.0,116.5,0.0376,0.345,22.51
DEL-ZN04995,Delhi,35.304811,85.311421,110053,0.497,2.8,326.6,0.0615,0.173,16.22
AHM-ZN04996,Ahmedabad,19.773218,89.478556,380009,0.369,12.5,34.7,0.0245,0.15,19.72
PUN-ZN04997,Pune,15.967426,76.884087,411046,0.671,10.6,78.0,0.0205,0.31,22.16
HYD-ZN04998,Hyderabad,27.902188,92.578842,500031,0.022,5.5,85.6,0.0045,0.159,20.53
MUM-ZN04999,Mumbai,29.400618,73.715963,400088,0.584,33.7,132.2,0.0433,0.192,24.51
